{"finalScore":0.6168107464666416,"metaInfo":{"model":{"coreVersion":"10.3.0.39"}},"sumScore":7.4017289575996985,"tagsCounter":12.0,"taggedText":"\u003chtml\u003e\u003chead\u003e\u003cmeta content\u003d\"text/html; charset\u003dUTF-8\" http-equiv\u003d\"content-type\"\u003e\u003c/meta\u003e\u003cmeta content\u003d\"ABBYY FineReader 11\" name\u003d\"generator\"\u003e\u003c/meta\u003e\u003clink href\u003d\"3c59d216-9a81-4f6c-abb5-e13edb7c5e2a.css\" rel\u003d\"stylesheet\" type\u003d\"text/css\"\u003e\u003c/link\u003e \u003c/head\u003e\u003cbody\u003e\u003ca name\u003d\"caption1\"\u003e\u003c/a\u003e\u003ch1 style\u003d\"text-align:justify;padding:0pt 0pt 12pt 205pt;\"\u003e\u003ca name\u003d\"bookmark0\"\u003e\u003c/a\u003e\u003cspan class\u003d\"font4\" style\u003d\"color:#21254B;\"\u003e^ \u0026nbsp;\u0026nbsp;\u0026nbsp;\u003c/span\u003e\u003cspan class\u003d\"font4\"\u003eSALES INVOICE\u003c/span\u003e\u003c/h1\u003e\n\u003ch1 style\u003d\"padding:12pt 0pt 0pt 92pt;\"\u003e\u003ca name\u003d\"bookmark1\"\u003e\u003c/a\u003e\u003cspan class\u003d\"font4\"\u003e\u003csupplier_name appendorder\u003d\"2\" class\u003d\"extraction-tag\" confidence\u003d\"1/1\" data-original-title\u003d\"Vendor Name\" data-toggle\u003d\"tooltip\" data-value\u003d\"JENKINS-HAMPTON\" fold-name\u003d\"fold1\" score\u003d\"0.4789611444522132\" style\u003d\"background-color: rgb(88, 50, 166);  color: rgb(255, 255, 255);   border: 2px solid rgb(125, 157, 1); \" tagorder\u003d\"1\"\u003eJENKINS-HAMPTON\u003c/supplier_name\u003e \u003c/span\u003e\u003cspan class\u003d\"font7\" style\u003d\"color:#21254B;\"\u003eORIGINAL\u003c/span\u003e\u003c/h1\u003e\n \u003cp style\u003d\"text-align:right;padding:0pt 14pt 0pt 0pt;\"\u003e\u003cspan class\u003d\"font3\"\u003ePage 1 of 1\u003c/span\u003e\u003c/p\u003e \n \u003ctable cellpadding\u003d\"50pt\" style\u003d\"user-select: auto;\"\u003e \u003ctbody\u003e\u003ctr\u003e \u003ctd valign\u003d\"top\" width\u003d\"50%\"\u003e \u003cp style\u003d\"padding:0pt 0pt 5pt 0pt;\"\u003e\u003cspan class\u003d\"font3\"\u003eEXXONMOBIL OIL CORPORATION\u003c/span\u003e\u003c/p\u003e \n \u003cp style\u003d\"padding:5pt 0pt 0pt 0pt;\"\u003e\u003cspan class\u003d\"font1\"\u003e22777 SPRINGWOODS VILLAGE PARKWAY SPRING, TX 77389\u0026nbsp;United States\u003c/span\u003e\u003c/p\u003e \n\u003c/td\u003e   \u003ctd valign\u003d\"top\" width\u003d\"50%\"\u003e\u003ch2 style\u003d\"padding:0pt 49pt 0pt 47pt;\"\u003e\u003ca name\u003d\"bookmark2\"\u003e\u003c/a\u003e\u003cspan class\u003d\"font2\" style\u003d\"font-weight:bold;\"\u003eInvoice Number: \u003cinvoice_number appendorder\u003d\"4\" class\u003d\"extraction-tag\" confidence\u003d\"1/1\" data-original-title\u003d\"invoice_number\" data-toggle\u003d\"tooltip\" data-value\u003d\"67080072\" fold-name\u003d\"fold1\" score\u003d\"0.785579266450053\" style\u003d\"background-color: rgb(0, 83, 98);  color: rgb(255, 255, 255);   border: 2px solid rgb(125, 157, 1); \" tagorder\u003d\"222\"\u003e67080072\u003c/invoice_number\u003e Date: \u003c/span\u003e\u003cspan class\u003d\"font1\"\u003e\u003cinvoice_date appendorder\u003d\"5\" class\u003d\"extraction-tag\" confidence\u003d\"1/1\" data-original-title\u003d\"date\" data-toggle\u003d\"tooltip\" data-value\u003d\"01/09/2003\" fold-name\u003d\"fold1\" score\u003d\"0.8370252797970789\" style\u003d\"background-color: rgb(17, 18, 43);  color: rgb(255, 255, 255);   border: 2px solid rgb(125, 157, 1); \" tagorder\u003d\"333\"\u003e01/09/2003\u003c/invoice_date\u003e\u003c/span\u003e\u003c/h2\u003e\n \u003cp style\u003d\"text-align:right;\"\u003e\u003cspan class\u003d\"font2\" style\u003d\"font-weight:bold;\"\u003eRemit To: \u003c/span\u003e\u003cspan class\u003d\"font1\"\u003eSee Wire Instructions Below\u003c/span\u003e\u003c/p\u003e \n\u003c/td\u003e  \u003c/tr\u003e \n\u003c/tbody\u003e\u003c/table\u003e\n\u003chr\u003e\u003c/hr\u003e \u003cp style\u003d\"padding:0pt 433pt 0pt 29pt;\"\u003e\u003cspan class\u003d\"font2\" style\u003d\"font-weight:bold;\"\u003eContact: \u003c/span\u003e\u003cspan class\u003d\"font1\" style\u003d\"text-decoration:underline;\"\u003e\u003ca href\u003d\"mailto:credit@iqulfoil.com\"\u003e\u003cemail appendorder\u003d\"6\" class\u003d\"extraction-tag\" confidence\u003d\"1/1\" data-original-title\u003d\"email\" data-toggle\u003d\"tooltip\" data-value\u003d\"credit@iqulfoil.com\" fold-name\u003d\"fold1\" score\u003d\"0.9115342027191069\" style\u003d\"background-color: rgb(4, 0, 38);  color: rgb(255, 255, 255);   border: 2px solid rgb(125, 157, 1); \" tagorder\u003d\"444\"\u003e\u003cprice class\u003d\"extraction-tag\" data-value\u003d\"credit@iqulfoil.com\" fold-name\u003d\"fold5\" ml-tagorder\u003d\"448\" score\u003d\"0.5476974018498683\" tagorder\u003d\"448\"\u003ecredit@iqulfoil.com\u003c/price\u003e\u003c/email\u003e\u003c/a\u003e \u003c/span\u003e\u003cspan class\u003d\"font2\" style\u003d\"font-weight:bold;\"\u003ePhone: \u003c/span\u003e\u003cspan class\u003d\"font1\"\u003e800-446-GULF (4853)\u003c/span\u003e\u003c/p\u003e \n \u003cp style\u003d\"text-align:justify;padding:0pt 0pt 11pt 40pt;\"\u003e\u003cspan class\u003d\"font2\" style\u003d\"font-weight:bold;\"\u003eFax: \u003c/span\u003e\u003cspan class\u003d\"font1\"\u003e617-663-6016 \u0026nbsp;\u0026nbsp;\u0026nbsp;\u003c/span\u003e\u003cspan class\u003d\"font2\" style\u003d\"font-weight:bold;\"\u003eGulf Supply Federal ID: \u003c/span\u003e\u003cspan class\u003d\"font1\"\u003e043024830, EPA #: 5207\u003c/span\u003e\u003c/p\u003e \n \u003cp style\u003d\"text-align:justify;padding:11pt 0pt 0pt 67pt;\"\u003e\u003cspan class\u003d\"font2\" style\u003d\"font-weight:bold;\"\u003eOrigin: \u003c/span\u003e\u003cspan class\u003d\"font1\"\u003eLINDEN, NJ \u0026nbsp;\u0026nbsp;\u0026nbsp;\u003c/span\u003e\u003cspan class\u003d\"font2\" style\u003d\"font-weight:bold;\"\u003eContract Reference: \u003c/span\u003e\u003cspan class\u003d\"font1\"\u003eEXF16(TS)0013\u003c/span\u003e\u003c/p\u003e \n \u003cp style\u003d\"text-align:justify;padding:0pt 0pt 0pt 46pt;\"\u003e\u003cspan class\u003d\"font2\" style\u003d\"font-weight:bold;\"\u003eDestination: \u003c/span\u003e\u003cspan class\u003d\"font1\"\u003eLINDER NJ \u0026nbsp;\u0026nbsp;\u0026nbsp;\u003c/span\u003e\u003cspan class\u003d\"font2\" style\u003d\"font-weight:bold;\"\u003eCustomer Contact: \u003c/span\u003e\u003cspan class\u003d\"font1\"\u003eACCOUNTS RECEIVABLE\u003c/span\u003e\u003c/p\u003e \n \u003ctable style\u003d\"user-select: auto;\"\u003e \u003ctbody\u003e\u003ctr\u003e\u003ctd\u003e \u003cp style\u003d\"text-align:justify;padding:0pt 0pt 0pt 16pt;\"\u003e\u003cspan class\u003d\"font2\" style\u003d\"font-weight:bold;\"\u003e\u003csup\u003ePOB\u003c/sup\u003e \u0026nbsp;\u0026nbsp;\u0026nbsp;Customer Reference:\u003c/span\u003e\u003c/p\u003e \n \u003cp\u003e\u003cspan class\u003d\"font2\" style\u003d\"font-weight:bold;\"\u003eCarrier:\u003c/span\u003e\u003c/p\u003e \n\u003c/td\u003e  \u003c/tr\u003e \n \u003ctr\u003e\u003ctd\u003e \u003ctable border\u003d\"1\" style\u003d\"user-select: auto;\"\u003e \u003ctbody\u003e\u003ctr\u003e\u003ctd style\u003d\"vertical-align:middle;\"\u003e \u003cp\u003e\u003cspan class\u003d\"font2\" style\u003d\"font-weight:bold;\"\u003eLoad Date\u003c/span\u003e\u003c/p\u003e \n\u003c/td\u003e  \u003ctd style\u003d\"vertical-align:middle;\"\u003e \u003cp style\u003d\"text-align:center;padding:0pt 0pt 3pt 7pt;\"\u003e\u003cspan class\u003d\"font2\" style\u003d\"font-weight:bold;\"\u003eMovement\u003c/span\u003e\u003c/p\u003e \n \u003cp style\u003d\"text-align:center;padding:3pt 0pt 0pt 7pt;\"\u003e\u003cspan class\u003d\"font2\" style\u003d\"font-weight:bold;\"\u003eDocument\u003c/span\u003e\u003c/p\u003e \n\u003c/td\u003e  \u003ctd style\u003d\"vertical-align:middle;\"\u003e \u003cp style\u003d\"padding:0pt 0pt 4pt 9pt;\"\u003e\u003cspan class\u003d\"font2\" style\u003d\"font-weight:bold;\"\u003eDelivery\u003c/span\u003e\u003c/p\u003e \n \u003cp style\u003d\"padding:4pt 0pt 0pt 9pt;\"\u003e\u003cspan class\u003d\"font2\" style\u003d\"font-weight:bold;\"\u003eMethod\u003c/span\u003e\u003c/p\u003e \n\u003c/td\u003e  \u003ctd style\u003d\"vertical-align:middle;\"\u003e \u003cp style\u003d\"text-align:center;padding:0pt 0pt 0pt 6pt;\"\u003e\u003cspan class\u003d\"font2\" style\u003d\"font-weight:bold;\"\u003eDescription\u003c/span\u003e\u003c/p\u003e \n\u003c/td\u003e  \u003ctd style\u003d\"vertical-align:middle;\"\u003e \u003cp style\u003d\"padding:0pt 0pt 0pt 15pt;\"\u003e\u003cspan class\u003d\"font2\" style\u003d\"font-weight:bold;\"\u003eQuantity\u003c/span\u003e\u003c/p\u003e \n\u003c/td\u003e  \u003ctd style\u003d\"vertical-align:middle;\"\u003e \u003cp style\u003d\"text-align:center;padding:0pt 0pt 0pt 1pt;\"\u003e\u003cspan class\u003d\"font2\" style\u003d\"font-weight:bold;\"\u003ePrice\u003c/span\u003e\u003c/p\u003e \n\u003c/td\u003e  \u003ctd style\u003d\"vertical-align:middle;\"\u003e \u003cp style\u003d\"text-align:center;padding:0pt 8pt 0pt 0pt;\"\u003e\u003cspan class\u003d\"font2\" style\u003d\"font-weight:bold;\"\u003eUS Dollars\u003c/span\u003e\u003c/p\u003e \n\u003c/td\u003e  \u003c/tr\u003e \n \u003ctr\u003e\u003ctd style\u003d\"vertical-align:middle;\"\u003e \u003cp\u003e\u003cspan class\u003d\"font1\"\u003e6/11/2016\u003c/span\u003e\u003c/p\u003e \n\u003c/td\u003e  \u003ctd style\u003d\"vertical-align:middle;\"\u003e \u003cp\u003e\u003cspan class\u003d\"font1\"\u003eT XOM EXCH / XOM #536\u003c/span\u003e\u003c/p\u003e \n\u003c/td\u003e  \u003ctd style\u003d\"vertical-align:middle;\"\u003e \u003cp style\u003d\"text-align:center;\"\u003e\u003cspan class\u003d\"font1\"\u003eCar\u003c/span\u003e\u003c/p\u003e \n\u003c/td\u003e  \u003ctd style\u003d\"vertical-align:middle;\"\u003e \u003cp style\u003d\"text-align:center;padding:0pt 0pt 0pt 6pt;\"\u003e\u003cspan class\u003d\"font1\"\u003eQUAM ACCUSANTIUM MINUS\u003c/span\u003e\u003c/p\u003e \n\u003c/td\u003e  \u003ctd style\u003d\"vertical-align:middle;\"\u003e \u003cp style\u003d\"text-align:center;padding:0pt 1pt 0pt 0pt;\"\u003e\u003cspan class\u003d\"font1\"\u003e91,936 gal\u003c/span\u003e\u003c/p\u003e \n\u003c/td\u003e  \u003ctd style\u003d\"vertical-align:middle;\"\u003e \u003cp style\u003d\"text-align:right;padding:0pt 12pt 0pt 0pt;\"\u003e\u003cspan class\u003d\"font1\"\u003e2.98897/gal\u003c/span\u003e\u003c/p\u003e \n\u003c/td\u003e  \u003ctd style\u003d\"vertical-align:middle;\"\u003e \u003cp style\u003d\"text-align:center;padding:0pt 8pt 0pt 0pt;\"\u003e\u003cspan class\u003d\"font1\"\u003e678,500.46\u003c/span\u003e\u003c/p\u003e \n\u003c/td\u003e  \u003c/tr\u003e \n \u003ctr\u003e\u003ctd colspan\u003d\"7\" style\u003d\"vertical-align:bottom;\"\u003e \u003cp style\u003d\"padding:0pt 0pt 0pt 517pt;\"\u003e\u003cspan class\u003d\"font1\"\u003e678,500.46\u003c/span\u003e\u003c/p\u003e \n\u003c/td\u003e  \u003c/tr\u003e \n \u003ctr\u003e\u003ctd colspan\u003d\"7\"\u003e \u003cp style\u003d\"padding:0pt 0pt 0pt 225pt;\"\u003e\u003cspan class\u003d\"font2\" style\u003d\"font-style:italic;\"\u003eglp-xom-glp\u003c/span\u003e\u003c/p\u003e \n\u003c/td\u003e  \u003c/tr\u003e \n \u003ctr\u003e\u003ctd style\u003d\"vertical-align:middle;\"\u003e \u003cp style\u003d\"padding:0pt 0pt 0pt 9pt;\"\u003e\u003cspan class\u003d\"font2\" style\u003d\"font-weight:bold;\"\u003eInvoice\u003c/span\u003e\u003c/p\u003e \n\u003c/td\u003e  \u003ctd style\u003d\"vertical-align:middle;\"\u003e \u003cp style\u003d\"text-align:center;padding:0pt 0pt 0pt 7pt;\"\u003e\u003cspan class\u003d\"font2\" style\u003d\"font-weight:bold;\"\u003eTerms\u003c/span\u003e\u003c/p\u003e \n\u003c/td\u003e  \u003ctd\u003e \u003cp style\u003d\"padding:0pt 0pt 0pt 9pt;\"\u003e\u003c/p\u003e \n\u003c/td\u003e  \u003ctd\u003e \u003cp style\u003d\"padding:0pt 0pt 0pt 7pt;\"\u003e\u003c/p\u003e \n\u003c/td\u003e  \u003ctd\u003e \u003cp style\u003d\"padding:0pt 0pt 0pt 15pt;\"\u003e\u003c/p\u003e \n\u003c/td\u003e  \u003ctd\u003e \u003cp style\u003d\"padding:0pt 0pt 0pt 20pt;\"\u003e\u003c/p\u003e \n\u003c/td\u003e  \u003ctd style\u003d\"vertical-align:middle;\"\u003e \u003cp style\u003d\"padding:0pt 0pt 0pt 12pt;\"\u003e\u003cspan class\u003d\"font2\" style\u003d\"font-weight:bold;\"\u003eInvoice Total\u003c/span\u003e\u003c/p\u003e \n\u003c/td\u003e  \u003c/tr\u003e \n \u003ctr\u003e\u003ctd\u003e \u003cp style\u003d\"padding:0pt 0pt 0pt 9pt;\"\u003e\u003cspan class\u003d\"font1\"\u003e67080072\u003c/span\u003e\u003c/p\u003e \n\u003c/td\u003e  \u003ctd colspan\u003d\"3\"\u003e \u003cp style\u003d\"padding:0pt 0pt 0pt 37pt;\"\u003e\u003cspan class\u003d\"font1\"\u003eDue on the same day as the Movement date\u003c/span\u003e\u003c/p\u003e \n\u003c/td\u003e  \u003ctd\u003e \u003cp style\u003d\"padding:0pt 0pt 0pt 15pt;\"\u003e\u003c/p\u003e \n\u003c/td\u003e  \u003ctd\u003e \u003cp style\u003d\"padding:0pt 0pt 0pt 20pt;\"\u003e\u003c/p\u003e \n\u003c/td\u003e  \u003ctd\u003e \u003cp style\u003d\"text-align:center;padding:0pt 8pt 0pt 0pt;\"\u003e\u003cspan class\u003d\"font2\" style\u003d\"font-weight:bold;\"\u003e678,500.46\u003c/span\u003e\u003c/p\u003e \n\u003c/td\u003e  \u003c/tr\u003e \n \u003c/tbody\u003e\u003c/table\u003e\n\u003c/td\u003e  \u003c/tr\u003e \n \u003ctr\u003e\u003ctd\u003e \u003cp\u003e\u003cspan class\u003d\"font2\" style\u003d\"font-weight:bold;\"\u003eWIRE INSTRUCTIONS:\u003c/span\u003e\u003c/p\u003e \n \u003cp\u003e\u003cspan class\u003d\"font2\" style\u003d\"font-weight:bold;\"\u003eBank of Montreal\u003c/span\u003e\u003c/p\u003e \n \u003cp\u003e\u003cspan class\u003d\"font2\" style\u003d\"font-weight:bold;\"\u003e111 W. Monroe, 9 Center\u003c/span\u003e\u003c/p\u003e \n\u003c/td\u003e  \u003c/tr\u003e \n \u003c/tbody\u003e\u003c/table\u003e\n\u003ch2 style\u003d\"padding:0pt 491pt 0pt 8pt;\"\u003e\u003ca name\u003d\"bookmark3\"\u003e\u003c/a\u003e\u003cspan class\u003d\"font2\" style\u003d\"font-weight:bold;\"\u003eChicago, IL 60603 ABA # 248939198\u003c/span\u003e\u003c/h2\u003e\n \u003cp style\u003d\"text-align:justify;padding:0pt 0pt 6pt 8pt;\"\u003e\u003cspan class\u003d\"font2\" style\u003d\"font-weight:bold;text-decoration:underline;\"\u003eBeneficiary: JENKINS-HAMPTON A/C # 2104614\u003c/span\u003e\u003cspan class\u003d\"font2\" style\u003d\"font-weight:bold;\"\u003e_\u003c/span\u003e\u003c/p\u003e \n \u003cp style\u003d\"text-align:center;padding:6pt 0pt 11pt 12pt;\"\u003e\u003cspan class\u003d\"font2\" style\u003d\"font-weight:bold;\"\u003eFor questions regarding this invoice, please contact Nalee Yang by calling or faxing (617)663-6016.\u003c/span\u003e\u003c/p\u003e \n \u003cp style\u003d\"padding:11pt 0pt 6pt 0pt;\"\u003e\u003cspan class\u003d\"font1\"\u003eNOTES:\u003c/span\u003e\u003c/p\u003e \n \u003cp style\u003d\"padding:6pt 0pt 11pt 0pt;\"\u003e\u003cspan class\u003d\"font1\"\u003eREFORMULATED DETERGENT ADDITIZED GASOLINE COMPLEX II MODEL, VOC CONTROLLER BENZENE CONTENT - 1.3% VOL MAX. THIS PRODUCT MAY CONTAIN UP TO 10% VOL ETHANOL\u003c/span\u003e\u003c/p\u003e \n \u003cp style\u003d\"padding:11pt 0pt 204pt 0pt;\"\u003e\u003cspan class\u003d\"font1\"\u003eCOST PER GAL DELIVERED: B F2 RBOB REG 2 VOC \u003ctotal_amount class\u003d\"extraction-tag\" data-value\u003d\"1.4943000\" fold-name\u003d\"fold1\" ml-tagorder\u003d\"449\" score\u003d\"0.5707619305079089\" tagorder\u003d\"449\"\u003e1.4943000\u003c/total_amount\u003e\u003c/span\u003e\u003c/p\u003e \n \u003cp style\u003d\"text-align:center;padding:204pt 0pt 0pt 12pt;\"\u003e\u003cspan class\u003d\"font1\"\u003eSend Correspondence only to: JENKINS-HAMPTON - 80 WILLIAMS STREET - WELLESLEY, MA 02181 - United States\u003c/span\u003e\u003c/p\u003e \n\u003ch1 style\u003d\"text-align:justify;padding:0pt 0pt 11pt 80pt;\"\u003e\u003ca name\u003d\"bookmark4\"\u003e\u003c/a\u003e\u003cspan class\u003d\"font5\" style\u003d\"font-style:italic;\"\u003em r\\\u003c/span\u003e\u003cspan class\u003d\"font6\"\u003e \u0026nbsp;\u0026nbsp;\u0026nbsp;\u003csup\u003e1\u0026nbsp;\u0026nbsp;\u0026nbsp;\u0026nbsp;\u003c/sup\u003e\u003c/span\u003e\u003cspan class\u003d\"font5\" style\u003d\"font-style:italic;\"\u003e1\u003c/span\u003e\u003cspan class\u003d\"font6\"\u003e\u0026nbsp;\u0026nbsp;\u0026nbsp;\u0026nbsp;7^W]\u003c/span\u003e\u003c/h1\u003e\n \u003cp style\u003d\"text-align:justify;padding:11pt 0pt 0pt 147pt;\"\u003e\u003cspan class\u003d\"font1\"\u003e^ \u0026nbsp;\u0026nbsp;\u0026nbsp;Dale:\u0026nbsp;\u0026nbsp;\u0026nbsp;\u0026nbsp;06/06/16\u003c/span\u003e\u003c/p\u003e \n \u003ctable border\u003d\"1\" style\u003d\"user-select: auto;\"\u003e \u003ctbody\u003e\u003ctr\u003e\u003ctd style\u003d\"vertical-align:bottom;\"\u003e \u003cp style\u003d\"padding:0pt 0pt 3pt 0pt;\"\u003e\u003cspan class\u003d\"font1\" style\u003d\"font-style:italic;\"\u003ef\u003c/span\u003e\u003c/p\u003e \n \u003cp style\u003d\"padding:3pt 0pt 0pt 19pt;\"\u003e\u003cspan class\u003d\"font1\"\u003eClient(s):\u003c/span\u003e\u003c/p\u003e \n \u003cp style\u003d\"padding:0pt 0pt 0pt 19pt;\"\u003e\u003cspan class\u003d\"font1\"\u003eGulf\u003c/span\u003e\u003c/p\u003e \n \u003cp style\u003d\"padding:0pt 0pt 3pt 19pt;\"\u003e\u003cspan class\u003d\"font1\"\u003eNEP\u003c/span\u003e\u003c/p\u003e \n \u003cp style\u003d\"padding:3pt 0pt 0pt 0pt;\"\u003e\u003cspan class\u003d\"font1\"\u003eV\u003c/span\u003e\u003c/p\u003e \n\u003c/td\u003e  \u003ctd colspan\u003d\"2\" style\u003d\"vertical-align:middle;\"\u003e \u003cp style\u003d\"padding:0pt 0pt 0pt 84pt;\"\u003e\u003cspan class\u003d\"font1\"\u003eAttn:\u003c/span\u003e\u003c/p\u003e \n \u003cp style\u003d\"padding:0pt 0pt 0pt 84pt;\"\u003e\u003cspan class\u003d\"font1\"\u003echuck Cormay\u003c/span\u003e\u003c/p\u003e \n \u003cp style\u003d\"padding:0pt 0pt 0pt 84pt;\"\u003e\u003cspan class\u003d\"font1\"\u003eJohn Connolly\u003c/span\u003e\u003c/p\u003e \n\u003c/td\u003e  \u003ctd\u003e \u003cp style\u003d\"padding:0pt 0pt 0pt 13pt;\"\u003e\u003c/p\u003e \n\u003c/td\u003e  \u003ctd style\u003d\"vertical-align:middle;\"\u003e \u003cp style\u003d\"padding:0pt 0pt 0pt 16pt;\"\u003e\u003cspan class\u003d\"font1\"\u003eReference No:\u003c/span\u003e\u003c/p\u003e \n \u003cp style\u003d\"padding:0pt 0pt 0pt 16pt;\"\u003e\u003cspan class\u003d\"font1\"\u003eTBD\u003c/span\u003e\u003c/p\u003e \n \u003cp style\u003d\"padding:0pt 0pt 0pt 16pt;\"\u003e\u003cspan class\u003d\"font1\"\u003eTBD\u003c/span\u003e\u003c/p\u003e \n\u003c/td\u003e  \u003ctd style\u003d\"vertical-align:bottom;\"\u003e \u003cp style\u003d\"text-align:right;\"\u003e\u003cspan class\u003d\"font1\"\u003ey\u003c/span\u003e\u003c/p\u003e \n\u003c/td\u003e  \u003c/tr\u003e \n \u003ctr\u003e\u003ctd style\u003d\"vertical-align:bottom;\"\u003e \u003cp\u003e\u003cspan class\u003d\"font1\"\u003eMovement:\u003c/span\u003e\u003c/p\u003e \n\u003c/td\u003e  \u003ctd style\u003d\"vertical-align:bottom;\"\u003e \u003cp style\u003d\"padding:0pt 0pt 0pt 20pt;\"\u003e\u003cspan class\u003d\"font1\"\u003eDischarge\u003c/span\u003e\u003c/p\u003e \n\u003c/td\u003e  \u003ctd style\u003d\"vertical-align:bottom;\"\u003e \u003cp style\u003d\"padding:0pt 0pt 0pt 31pt;\"\u003e\u003cspan class\u003d\"font1\"\u003eProduct(s):\u003c/span\u003e\u003c/p\u003e \n\u003c/td\u003e  \u003ctd style\u003d\"vertical-align:bottom;\"\u003e \u003cp style\u003d\"text-align:center;padding:0pt 0pt 0pt 2pt;\"\u003e\u003cspan class\u003d\"font1\"\u003eRBOB F2\u003c/span\u003e\u003c/p\u003e \n\u003c/td\u003e  \u003ctd\u003e \u003cp style\u003d\"padding:0pt 0pt 0pt 16pt;\"\u003e\u003c/p\u003e \n\u003c/td\u003e  \u003ctd\u003e \u003cp style\u003d\"padding:0pt 0pt 0pt 12pt;\"\u003e\u003c/p\u003e \n\u003c/td\u003e  \u003c/tr\u003e \n \u003ctr\u003e\u003ctd\u003e \u003cp\u003e\u003cspan class\u003d\"font1\"\u003eBarge / Vessel\u003c/span\u003e\u003c/p\u003e \n\u003c/td\u003e  \u003ctd\u003e \u003cp style\u003d\"padding:0pt 0pt 0pt 20pt;\"\u003e\u003cspan class\u003d\"font1\"\u003eB 210\u003c/span\u003e\u003c/p\u003e \n\u003c/td\u003e  \u003ctd\u003e \u003cp style\u003d\"padding:0pt 0pt 0pt 31pt;\"\u003e\u003c/p\u003e \n\u003c/td\u003e  \u003ctd\u003e \u003cp style\u003d\"padding:0pt 0pt 0pt 13pt;\"\u003e\u003c/p\u003e \n\u003c/td\u003e  \u003ctd\u003e \u003cp style\u003d\"padding:0pt 0pt 0pt 16pt;\"\u003e\u003c/p\u003e \n\u003c/td\u003e  \u003ctd\u003e \u003cp style\u003d\"padding:0pt 0pt 0pt 12pt;\"\u003e\u003c/p\u003e \n\u003c/td\u003e  \u003c/tr\u003e \n \u003ctr\u003e\u003ctd\u003e \u003cp\u003e\u003cspan class\u003d\"font1\"\u003eTerminal\u003c/span\u003e\u003c/p\u003e \n\u003c/td\u003e  \u003ctd\u003e \u003cp style\u003d\"padding:0pt 0pt 0pt 20pt;\"\u003e\u003cspan class\u003d\"font1\"\u003eGulf Chelsea MA\u003c/span\u003e\u003c/p\u003e \n\u003c/td\u003e  \u003ctd\u003e \u003cp style\u003d\"padding:0pt 0pt 0pt 31pt;\"\u003e\u003c/p\u003e \n\u003c/td\u003e  \u003ctd\u003e \u003cp style\u003d\"padding:0pt 0pt 0pt 13pt;\"\u003e\u003c/p\u003e \n\u003c/td\u003e  \u003ctd\u003e \u003cp style\u003d\"padding:0pt 0pt 0pt 16pt;\"\u003e\u003c/p\u003e \n\u003c/td\u003e  \u003ctd\u003e \u003cp style\u003d\"padding:0pt 0pt 0pt 12pt;\"\u003e\u003c/p\u003e \n\u003c/td\u003e  \u003c/tr\u003e \n \u003c/tbody\u003e\u003c/table\u003e\n \u003ctable style\u003d\"user-select: auto;\"\u003e \u003ctbody\u003e\u003ctr\u003e\u003ctd\u003e \u003cp\u003e\u003cspan class\u003d\"font1\" style\u003d\"text-decoration:underline;\"\u003eTotal Quantity\u003c/span\u003e\u003c/p\u003e \n\u003c/td\u003e  \u003c/tr\u003e \n \u003ctr\u003e\u003ctd\u003e \u003ctable border\u003d\"1\" style\u003d\"user-select: auto;\"\u003e \u003ctbody\u003e\u003ctr\u003e\u003ctd style\u003d\"vertical-align:bottom;\"\u003e \u003cp style\u003d\"text-align:justify;\"\u003e\u003cspan class\u003d\"font1\"\u003eProduct(s):\u003c/span\u003e\u003c/p\u003e \n \u003cp style\u003d\"text-align:right;padding:0pt 12pt 0pt 0pt;\"\u003e\u003cspan class\u003d\"font1\"\u003eShore Volume\u003c/span\u003e\u003c/p\u003e \n \u003cp style\u003d\"text-align:right;padding:0pt 12pt 0pt 0pt;\"\u003e\u003cspan class\u003d\"font1\"\u003eVessel Volume\u003c/span\u003e\u003c/p\u003e \n \u003cp style\u003d\"text-align:right;padding:0pt 12pt 0pt 0pt;\"\u003e\u003cspan class\u003d\"font1\"\u003eV.E.F.\u003c/span\u003e\u003c/p\u003e \n \u003cp style\u003d\"text-align:right;padding:0pt 12pt 9pt 0pt;\"\u003e\u003cspan class\u003d\"font1\"\u003eVessel with V.E.F.\u003c/span\u003e\u003c/p\u003e \n \u003cp style\u003d\"text-align:justify;padding:9pt 0pt 0pt 0pt;\"\u003e\u003cspan class\u003d\"font1\"\u003eShore Quantity\u003c/span\u003e\u003c/p\u003e \n\u003c/td\u003e  \u003ctd\u003e \u003cp style\u003d\"text-align:right;padding:0pt 43pt 0pt 0pt;\"\u003e\u003cspan class\u003d\"font1\"\u003eRBOB F2\u003c/span\u003e\u003c/p\u003e \n \u003cp style\u003d\"padding:0pt 0pt 0pt 11pt;\"\u003e\u003cspan class\u003d\"font1\"\u003e29,534.13 bbls 29,604.38 bbls\u0026nbsp;1.0009\u003c/span\u003e\u003c/p\u003e \n \u003cp style\u003d\"padding:0pt 0pt 0pt 11pt;\"\u003e\u003cspan class\u003d\"font1\"\u003e29,577.76 bbls\u003c/span\u003e\u003c/p\u003e \n\u003c/td\u003e  \u003ctd style\u003d\"vertical-align:middle;\"\u003e \u003cp style\u003d\"padding:0pt 0pt 0pt 22pt;\"\u003e\u003cspan class\u003d\"font1\" style\u003d\"font-style:italic;\"\u003e\u0026laquo;\u0026laquo;\u0026lt; For reference only\u003c/span\u003e\u003c/p\u003e \n\u003c/td\u003e  \u003c/tr\u003e \n \u003ctr\u003e\u003ctd style\u003d\"vertical-align:middle;\"\u003e \u003cp style\u003d\"text-align:justify;\"\u003e\u003cspan class\u003d\"font1\"\u003eProduct(s):\u003c/span\u003e\u003c/p\u003e \n\u003c/td\u003e  \u003ctd style\u003d\"vertical-align:middle;\"\u003e \u003cp style\u003d\"text-align:right;padding:0pt 43pt 0pt 0pt;\"\u003e\u003cspan class\u003d\"font1\"\u003eRBO8 F2\u003c/span\u003e\u003c/p\u003e \n\u003c/td\u003e  \u003ctd\u003e \u003cp style\u003d\"padding:0pt 0pt 0pt 22pt;\"\u003e\u003c/p\u003e \n\u003c/td\u003e  \u003c/tr\u003e \n \u003ctr\u003e\u003ctd style\u003d\"vertical-align:bottom;\"\u003e \u003cp style\u003d\"text-align:justify;\"\u003e\u003cspan class\u003d\"font1\"\u003eShore Tank(s): \u0026nbsp;\u0026nbsp;\u0026nbsp;■\u003c/span\u003e\u003c/p\u003e \n\u003c/td\u003e  \u003ctd style\u003d\"vertical-align:bottom;\"\u003e \u003cp style\u003d\"text-align:right;padding:0pt 43pt 0pt 0pt;\"\u003e\u003cspan class\u003d\"font1\"\u003eTank 128\u003c/span\u003e\u003c/p\u003e \n\u003c/td\u003e  \u003ctd\u003e \u003cp style\u003d\"padding:0pt 0pt 0pt 22pt;\"\u003e\u003c/p\u003e \n\u003c/td\u003e  \u003c/tr\u003e \n \u003ctr\u003e\u003ctd style\u003d\"vertical-align:bottom;\"\u003e \u003cp style\u003d\"text-align:right;padding:0pt 12pt 0pt 0pt;\"\u003e\u003cspan class\u003d\"font1\"\u003eOpen\u003c/span\u003e\u003c/p\u003e \n\u003c/td\u003e  \u003ctd style\u003d\"vertical-align:bottom;\"\u003e \u003cp style\u003d\"padding:0pt 0pt 0pt 20pt;\"\u003e\u003cspan class\u003d\"font1\"\u003e191,880\u003c/span\u003e\u003c/p\u003e \n\u003c/td\u003e  \u003ctd\u003e \u003cp style\u003d\"padding:0pt 0pt 0pt 22pt;\"\u003e\u003c/p\u003e \n\u003c/td\u003e  \u003c/tr\u003e \n \u003ctr\u003e\u003ctd\u003e \u003cp style\u003d\"text-align:right;padding:0pt 12pt 0pt 0pt;\"\u003e\u003cspan class\u003d\"font1\"\u003eClose\u003c/span\u003e\u003c/p\u003e \n\u003c/td\u003e  \u003ctd\u003e \u003cp style\u003d\"padding:0pt 0pt 0pt 11pt;\"\u003e\u003cspan class\u003d\"font1\"\u003e1,432,313\u003c/span\u003e\u003c/p\u003e \n\u003c/td\u003e  \u003ctd\u003e \u003cp style\u003d\"padding:0pt 0pt 0pt 22pt;\"\u003e\u003c/p\u003e \n\u003c/td\u003e  \u003c/tr\u003e \n \u003ctr\u003e\u003ctd\u003e \u003cp style\u003d\"text-align:right;padding:0pt 12pt 0pt 0pt;\"\u003e\u003cspan class\u003d\"font1\"\u003eDifference\u003c/span\u003e\u003c/p\u003e \n\u003c/td\u003e  \u003ctd\u003e \u003cp style\u003d\"padding:0pt 0pt 0pt 11pt;\"\u003e\u003cspan class\u003d\"font1\"\u003e1,240,433\u003c/span\u003e\u003c/p\u003e \n\u003c/td\u003e  \u003ctd\u003e \u003cp style\u003d\"padding:0pt 0pt 0pt 22pt;\"\u003e\u003c/p\u003e \n\u003c/td\u003e  \u003c/tr\u003e \n \u003c/tbody\u003e\u003c/table\u003e\n\u003c/td\u003e  \u003c/tr\u003e \n \u003c/tbody\u003e\u003c/table\u003e\n \u003ctable border\u003d\"1\" style\u003d\"user-select: auto;\"\u003e \u003ctbody\u003e\u003ctr\u003e\u003ctd\u003e \u003cp style\u003d\"text-align:right;padding:0pt 10pt 0pt 0pt;\"\u003e\u003cspan class\u003d\"font1\"\u003eTruck(s)\u003c/span\u003e\u003c/p\u003e \n \u003cp style\u003d\"text-align:right;padding:0pt 10pt 0pt 0pt;\"\u003e\u003cspan class\u003d\"font1\"\u003eLine(s)\u003c/span\u003e\u003c/p\u003e \n \u003cp style\u003d\"text-align:center;padding:0pt 8pt 9pt 0pt;\"\u003e\u003cspan class\u003d\"font1\"\u003eTotal Tank Volume\u003c/span\u003e\u003c/p\u003e \n \u003cp style\u003d\"text-align:right;padding:9pt 10pt 43pt 0pt;\"\u003e\u003cspan class\u003d\"font1\"\u003eTotal Shore Volume\u003c/span\u003e\u003c/p\u003e \n \u003cp style\u003d\"padding:43pt 0pt 0pt 0pt;\"\u003e\u003cspan class\u003d\"font1\"\u003eVessel Quantity\u003c/span\u003e\u003c/p\u003e \n\u003c/td\u003e  \u003ctd style\u003d\"vertical-align:middle;\"\u003e \u003cp style\u003d\"text-align:right;padding:0pt 0pt 15pt 0pt;\"\u003e\u003cspan class\u003d\"font1\"\u003e1,240,433\u003c/span\u003e\u003c/p\u003e \n \u003cp style\u003d\"text-align:right;padding:15pt 0pt 0pt 0pt;\"\u003e\u003cspan class\u003d\"font1\"\u003e29,534.13\u003c/span\u003e\u003c/p\u003e \n \u003cp style\u003d\"text-align:right;\"\u003e\u003cspan class\u003d\"font1\"\u003e1,240,433\u003c/span\u003e\u003c/p\u003e \n \u003cp style\u003d\"text-align:right;\"\u003e\u003cspan class\u003d\"font1\"\u003e3,426.0821\u003c/span\u003e\u003c/p\u003e \n \u003cp style\u003d\"text-align:right;\"\u003e\u003cspan class\u003d\"font1\"\u003e3,837.2111\u003c/span\u003e\u003c/p\u003e \n \u003cp style\u003d\"text-align:right;\"\u003e\u003cspan class\u003d\"font1\"\u003e3,481.0601\u003c/span\u003e\u003c/p\u003e \n\u003c/td\u003e  \u003ctd style\u003d\"vertical-align:bottom;\"\u003e \u003cp style\u003d\"padding:0pt 210pt 0pt 0pt;\"\u003e\u003cspan class\u003d\"font1\"\u003ebbls gals \u003c/span\u003e\u003cspan class\u003d\"font1\" style\u003d\"font-style:italic;\"\u003e/\u003c/span\u003e\u003c/p\u003e \n \u003cp\u003e\u003cspan class\u003d\"font1\"\u003eLong Tons\u003c/span\u003e\u003c/p\u003e \n \u003cp\u003e\u003cspan class\u003d\"font1\"\u003eShort Tons\u003c/span\u003e\u003c/p\u003e \n \u003cp\u003e\u003cspan class\u003d\"font1\"\u003eMetric Tons\u003c/span\u003e\u003c/p\u003e \n\u003c/td\u003e  \u003c/tr\u003e \n \u003ctr\u003e\u003ctd style\u003d\"vertical-align:middle;\"\u003e \u003cp\u003e\u003cspan class\u003d\"font1\"\u003eProduct(s):\u003c/span\u003e\u003c/p\u003e \n\u003c/td\u003e  \u003ctd style\u003d\"vertical-align:middle;\"\u003e \u003cp style\u003d\"text-align:right;\"\u003e\u003cspan class\u003d\"font1\"\u003eRBOB F2\u003c/span\u003e\u003c/p\u003e \n\u003c/td\u003e  \u003ctd\u003e \u003cp\u003e\u003c/p\u003e \n\u003c/td\u003e  \u003c/tr\u003e \n \u003ctr\u003e\u003ctd style\u003d\"vertical-align:bottom;\"\u003e \u003cp style\u003d\"text-align:right;padding:0pt 10pt 0pt 0pt;\"\u003e\u003cspan class\u003d\"font1\"\u003eArrival Volume\u003c/span\u003e\u003c/p\u003e \n\u003c/td\u003e  \u003ctd style\u003d\"vertical-align:bottom;\"\u003e \u003cp style\u003d\"text-align:right;\"\u003e\u003cspan class\u003d\"font1\"\u003e29,604.38\u003c/span\u003e\u003c/p\u003e \n\u003c/td\u003e  \u003ctd\u003e \u003cp\u003e\u003c/p\u003e \n\u003c/td\u003e  \u003c/tr\u003e \n \u003ctr\u003e\u003ctd style\u003d\"vertical-align:bottom;\"\u003e \u003cp style\u003d\"text-align:center;padding:0pt 8pt 0pt 0pt;\"\u003e\u003cspan class\u003d\"font1\"\u003eSailing Volume (ROB)\u003c/span\u003e\u003c/p\u003e \n\u003c/td\u003e  \u003ctd style\u003d\"vertical-align:middle;\"\u003e \u003cp style\u003d\"padding:0pt 0pt 0pt 38pt;\"\u003e\u003cspan class\u003d\"font1\"\u003e-\u003c/span\u003e\u003c/p\u003e \n\u003c/td\u003e  \u003ctd\u003e \u003cp\u003e\u003c/p\u003e \n\u003c/td\u003e  \u003c/tr\u003e \n \u003ctr\u003e\u003ctd\u003e \u003cp style\u003d\"text-align:right;padding:0pt 10pt 0pt 0pt;\"\u003e\u003cspan class\u003d\"font1\"\u003eTotal Volume \u003cquantity class\u003d\"extraction-tag\" data-value\u003d\"Delv\" fold-name\u003d\"fold1\" ml-tagorder\u003d\"450\" score\u003d\"0.5088089668605871\" tagorder\u003d\"450\"\u003eDelv\u003c/quantity\u003e\u0026rsquo;d\u003c/span\u003e\u003c/p\u003e \n\u003c/td\u003e  \u003ctd\u003e \u003cp style\u003d\"text-align:right;\"\u003e\u003cspan class\u003d\"font1\"\u003e29,604.38\u003c/span\u003e\u003c/p\u003e \n\u003c/td\u003e  \u003ctd\u003e \u003cp\u003e\u003cspan class\u003d\"font1\"\u003e\u003cquantity class\u003d\"extraction-tag\" data-value\u003d\"bbls\" fold-name\u003d\"fold1\" ml-tagorder\u003d\"451\" score\u003d\"0.6054976779616885\" tagorder\u003d\"451\"\u003ebbls\u003c/quantity\u003e\u003c/span\u003e\u003c/p\u003e \n\u003c/td\u003e  \u003c/tr\u003e \n \u003ctr\u003e\u003ctd\u003e \u003cp\u003e\u003c/p\u003e \n\u003c/td\u003e  \u003ctd\u003e \u003cp style\u003d\"text-align:right;\"\u003e\u003cspan class\u003d\"font1\"\u003e\u003cquantity class\u003d\"extraction-tag\" data-value\u003d\"1,243,384\" fold-name\u003d\"fold1\" ml-tagorder\u003d\"452\" score\u003d\"0.4152696752972977\" tagorder\u003d\"452\"\u003e1,243,384\u003c/quantity\u003e\u003c/span\u003e\u003c/p\u003e \n\u003c/td\u003e  \u003ctd\u003e \u003cp\u003e\u003cspan class\u003d\"font1\"\u003egals\u003c/span\u003e\u003c/p\u003e \n\u003c/td\u003e  \u003c/tr\u003e \n \u003ctr\u003e\u003ctd\u003e \u003cp\u003e\u003c/p\u003e \n\u003c/td\u003e  \u003ctd style\u003d\"vertical-align:bottom;\"\u003e \u003cp style\u003d\"text-align:right;\"\u003e\u003cspan class\u003d\"font1\"\u003e3,434.2319\u003c/span\u003e\u003c/p\u003e \n\u003c/td\u003e  \u003ctd style\u003d\"vertical-align:bottom;\"\u003e \u003cp\u003e\u003cspan class\u003d\"font1\"\u003eLong Tons\u003c/span\u003e\u003c/p\u003e \n\u003c/td\u003e  \u003c/tr\u003e \n \u003ctr\u003e\u003ctd\u003e \u003cp\u003e\u003c/p\u003e \n\u003c/td\u003e  \u003ctd\u003e \u003cp style\u003d\"text-align:right;\"\u003e\u003cspan class\u003d\"font1\"\u003e3,846.3398\u003c/span\u003e\u003c/p\u003e \n\u003c/td\u003e  \u003ctd\u003e \u003cp\u003e\u003cspan class\u003d\"font1\"\u003eShort Tons\u003c/span\u003e\u003c/p\u003e \n\u003c/td\u003e  \u003c/tr\u003e \n \u003ctr\u003e\u003ctd style\u003d\"vertical-align:bottom;\"\u003e \u003cp\u003e\u003cspan class\u003d\"font1\"\u003eTime Log\u003c/span\u003e\u003c/p\u003e \n\u003c/td\u003e  \u003ctd\u003e \u003cp style\u003d\"text-align:right;\"\u003e\u003cspan class\u003d\"font1\"\u003e3,489.3407\u003c/span\u003e\u003c/p\u003e \n\u003c/td\u003e  \u003ctd\u003e \u003cp\u003e\u003cspan class\u003d\"font1\"\u003eMetric Tons\u003c/span\u003e\u003c/p\u003e \n\u003c/td\u003e  \u003c/tr\u003e \n \u003c/tbody\u003e\u003c/table\u003e\n \u003ctable cellpadding\u003d\"9pt\" style\u003d\"user-select: auto;\"\u003e \u003ctbody\u003e\u003ctr\u003e \u003ctd valign\u003d\"top\" width\u003d\"46%\"\u003e \u003ctable border\u003d\"1\" style\u003d\"user-select: auto;\"\u003e \u003ctbody\u003e\u003ctr\u003e\u003ctd\u003e \u003cp style\u003d\"padding:0pt 0pt 0pt 10pt;\"\u003e\u003cspan class\u003d\"font1\"\u003eDate\u003c/span\u003e\u003c/p\u003e \n\u003c/td\u003e  \u003ctd\u003e \u003cp style\u003d\"text-align:right;\"\u003e\u003cspan class\u003d\"font1\"\u003eTime\u003c/span\u003e\u003c/p\u003e \n\u003c/td\u003e  \u003c/tr\u003e \n \u003ctr\u003e\u003ctd\u003e \u003cp\u003e\u003cspan class\u003d\"font1\"\u003e06/06/16\u003c/span\u003e\u003c/p\u003e \n\u003c/td\u003e  \u003ctd\u003e \u003cp style\u003d\"text-align:right;\"\u003e\u003cspan class\u003d\"font1\"\u003e0:25\u003c/span\u003e\u003c/p\u003e \n\u003c/td\u003e  \u003c/tr\u003e \n \u003ctr\u003e\u003ctd style\u003d\"vertical-align:middle;\"\u003e \u003cp\u003e\u003cspan class\u003d\"font1\"\u003e06/06/16\u003c/span\u003e\u003c/p\u003e \n\u003c/td\u003e  \u003ctd style\u003d\"vertical-align:middle;\"\u003e \u003cp style\u003d\"text-align:right;\"\u003e\u003cspan class\u003d\"font1\"\u003e1:05\u003c/span\u003e\u003c/p\u003e \n\u003c/td\u003e  \u003c/tr\u003e \n \u003ctr\u003e\u003ctd style\u003d\"vertical-align:middle;\"\u003e \u003cp\u003e\u003cspan class\u003d\"font1\"\u003e06/06/16\u003c/span\u003e\u003c/p\u003e \n\u003c/td\u003e  \u003ctd style\u003d\"vertical-align:middle;\"\u003e \u003cp style\u003d\"text-align:right;\"\u003e\u003cspan class\u003d\"font1\"\u003e1:45\u003c/span\u003e\u003c/p\u003e \n\u003c/td\u003e  \u003c/tr\u003e \n \u003ctr\u003e\u003ctd style\u003d\"vertical-align:bottom;\"\u003e \u003cp\u003e\u003cspan class\u003d\"font1\"\u003e06/06/16\u003c/span\u003e\u003c/p\u003e \n\u003c/td\u003e  \u003ctd style\u003d\"vertical-align:bottom;\"\u003e \u003cp style\u003d\"text-align:right;\"\u003e\u003cspan class\u003d\"font1\"\u003e7:30\u003c/span\u003e\u003c/p\u003e \n\u003c/td\u003e  \u003c/tr\u003e \n \u003ctr\u003e\u003ctd style\u003d\"vertical-align:middle;\"\u003e \u003cp\u003e\u003cspan class\u003d\"font1\"\u003e06/06/16\u003c/span\u003e\u003c/p\u003e \n\u003c/td\u003e  \u003ctd style\u003d\"vertical-align:middle;\"\u003e \u003cp style\u003d\"text-align:right;\"\u003e\u003cspan class\u003d\"font1\"\u003e8:30\u003c/span\u003e\u003c/p\u003e \n\u003c/td\u003e  \u003c/tr\u003e \n \u003ctr\u003e\u003ctd\u003e \u003cp\u003e\u003cspan class\u003d\"font1\"\u003e06/06/16\u003c/span\u003e\u003c/p\u003e \n\u003c/td\u003e  \u003ctd\u003e \u003cp style\u003d\"text-align:right;\"\u003e\u003cspan class\u003d\"font1\"\u003e9:00\u003c/span\u003e\u003c/p\u003e \n\u003c/td\u003e  \u003c/tr\u003e \n \u003c/tbody\u003e\u003c/table\u003e\n\u003c/td\u003e   \u003ctd valign\u003d\"top\" width\u003d\"53%\"\u003e \u003cp\u003e\u003cspan class\u003d\"font1\" style\u003d\"text-decoration:underline;\"\u003eAc\u003c/span\u003e\u003cspan class\u003d\"font1\"\u003et\u003c/span\u003e\u003cspan class\u003d\"font1\" style\u003d\"text-decoration:underline;\"\u003eivi\u003c/span\u003e\u003cspan class\u003d\"font1\"\u003et\u003c/span\u003e\u003cspan class\u003d\"font1\" style\u003d\"text-decoration:underline;\"\u003ey\u003c/span\u003e\u003c/p\u003e \n \u003cp\u003e\u003cspan class\u003d\"font1\"\u003eBarge Arrived / All Fast Hose Connected\u0026nbsp;Commenced Discharge\u0026nbsp;Completed Discharge\u0026nbsp;Hose Disconnected\u0026nbsp;Barge Released \u003c/span\u003e\u003cspan class\u003d\"font1\" style\u003d\"font-style:italic;\"\u003eS\u003c/span\u003e\u003c/p\u003e \n\u003c/td\u003e  \u003c/tr\u003e \n\u003c/tbody\u003e\u003c/table\u003e\n\u003chr\u003e\u003c/hr\u003e \u003cp style\u003d\"padding:0pt 0pt 13pt 93pt;\"\u003e\u003cspan class\u003d\"font1\"\u003eReports on File: Shore Measurement Vessel Measurement ROB/OBO. Time Log\u003c/span\u003e\u003c/p\u003e \n \u003cp style\u003d\"text-align:center;padding:13pt 0pt 0pt 84pt;\"\u003e\u003cspan class\u003d\"font1\"\u003eAmSpec Services 30 Commercial SL Everett MA 02149\u0026nbsp;Phone: 617-389-7272 Fax: 617-389-7274\u0026nbsp;email: \u003ca href\u003d\"mailto:Boston@amspecllc.com\"\u003eBoston@amspecllc.com\u003c/a\u003e\u003c/span\u003e\u003c/p\u003e \n \u003cp style\u003d\"background-color:#FDFDFD;\"\u003e\u003cspan class\u003d\"font0\" style\u003d\"color:#000000;\"\u003eVtoilon conKnon\u0026rsquo;^ommon\u0027.Op^iatioos\u00272Ol6i4l-l6-OOM5 \u003cquantity class\u003d\"extraction-tag\" data-value\u003d\"-8\" fold-name\u003d\"fold1\" ml-tagorder\u003d\"453\" score\u003d\"0.49743510177949624\" tagorder\u003d\"453\"\u003e-8\u003c/quantity\u003e \u003cquantity class\u003d\"extraction-tag\" data-value\u003d\"210\" fold-name\u003d\"fold1\" ml-tagorder\u003d\"454\" score\u003d\"0.6289301134130406\" tagorder\u003d\"454\"\u003e210\u003c/quantity\u003e 8 SunocoUMe-KIK5- B \u003cquantity class\u003d\"extraction-tag\" data-value\u003d\"210\" fold-name\u003d\"fold1\" ml-tagorder\u003d\"455\" score\u003d\"0.61422819651136\" tagorder\u003d\"455\"\u003e210\u003c/quantity\u003e -Qcchxge Sunoco EiU 8oiMn - Find Rcpotl\u003c/span\u003e\u003c/p\u003e \n\u003c/body\u003e\u003c/html\u003e","tags":[{"begin":20,"end":35,"text":"JENKINS-HAMPTON","tag":"supplier_name","fieldType":"COMPANY_NAME","score":0.4789611444522132,"estimatedAccuracy":0.0},{"begin":177,"end":185,"text":"67080072","tag":"invoice_number","fieldType":"TEXT","score":0.785579266450053,"estimatedAccuracy":0.0},{"begin":192,"end":202,"text":"01/09/2003","tag":"invoice_date","fieldType":"DATE","score":0.8370252797970789,"estimatedAccuracy":0.0},{"begin":258,"end":277,"text":"credit@iqulfoil.com","tag":"email","fieldType":"EMAIL","score":0.9115342027191069,"estimatedAccuracy":0.0},{"begin":258,"end":277,"text":"credit@iqulfoil.com","tag":"price","fieldType":"NUMBER","score":0.5476974018498683,"estimatedAccuracy":0.0},{"begin":1446,"end":1455,"text":"1.4943000","tag":"total_amount","fieldType":"NUMBER","score":0.5707619305079089,"estimatedAccuracy":0.0},{"begin":2665,"end":2669,"text":"Delv","tag":"quantity","fieldType":"NUMBER","score":0.5088089668605871,"estimatedAccuracy":0.0},{"begin":2690,"end":2694,"text":"bbls","tag":"quantity","fieldType":"NUMBER","score":0.6054976779616885,"estimatedAccuracy":0.0},{"begin":2707,"end":2716,"text":"1,243,384","tag":"quantity","fieldType":"NUMBER","score":0.4152696752972977,"estimatedAccuracy":0.0},{"begin":3412,"end":3414,"text":"-8","tag":"quantity","fieldType":"NUMBER","score":0.49743510177949624,"estimatedAccuracy":0.0},{"begin":3415,"end":3418,"text":"210","tag":"quantity","fieldType":"NUMBER","score":0.6289301134130406,"estimatedAccuracy":0.0},{"begin":3439,"end":3442,"text":"210","tag":"quantity","fieldType":"NUMBER","score":0.61422819651136,"estimatedAccuracy":0.0}],"group":"email|invoice_date|invoice_number|price|quantity|supplier_name|total_amount","limeExplanation":{},"liblinearFeatureImportance":{}}