{"finalScore":0.6889660104280545,"metaInfo":{"model":{"coreVersion":"10.3.0.39"}},"sumScore":2.755864041712218,"tagsCounter":4.0,"taggedText":"\u003chtml\u003e\u003chead\u003e\u003c/head\u003e\u003cbody\u003e\u003cdocument languages\u003d\"\" producer\u003d\"Workfusion\" schemalocation\u003d\"http://ocr.crowdcomputingsystems.com/xml/schema-v1.xml\" version\u003d\"1.0\" xmlns\u003d\"http://ocr.crowdcomputingsystems.com/xml/schema-v1.xml\" xsi\u003d\"http://www.w3.org/2001/XMLSchema-instance\"\u003e \u003clink href\u003d\"https://s3.amazonaws.com/workfusion-resources/ocr/ocr-xml-viewer-0.3-scale-to-width.css\" rel\u003d\"stylesheet\" type\u003d\"text/css\"\u003e\u003c/link\u003e \u003cscript src\u003d\"https://s3.amazonaws.com/workfusion-resources/jquery/core/1.8.3/jquery.min.js\" type\u003d\"text/javascript\"\u003e\u003c/script\u003e\u003cscript src\u003d\"https://s3.amazonaws.com/workfusion-resources/ocr/ocr-xml-viewer-0.3-scale-to-width.js\"\u003e\u003c/script\u003e\u003cscript\u003e\u003c/script\u003e\u003cstyle\u003e\u003c/style\u003e\u003cpage data-pages\u003d\"1\" h\u003d\"4400\" resolution\u003d\"400\" style\u003d\"height: 977px;\" w\u003d\"3400\"\u003e \u003cblock b\u003d\"647\" blockname\u003d\"\" blocktype\u003d\"Text\" l\u003d\"646\" r\u003d\"1338\" style\u003d\"transform: translate(312px, 141px); position: absolute; width: 334.602px; height: 20.75px;\" t\u003d\"564\"\u003e \u003cregion\u003e \u003crect b\u003d\"647\" l\u003d\"646\" r\u003d\"1338\" t\u003d\"564\"\u003e\u003c/rect\u003e  \u003c/region\u003e  \u003ctext\u003e \u003cpar linespacing\u003d\"1210\"\u003e \u003cline b\u003d\"641\" baseline\u003d\"640\" l\u003d\"655\" r\u003d\"1331\" style\u003d\"transform: translate(4px, 2px); position: absolute;\" t\u003d\"573\"\u003e \u003cformatting lang\u003d\"EnglishUnitedStates\"\u003e INVOICE DETAIL \u003c/formatting\u003e  \u003c/line\u003e  \u003c/par\u003e  \u003c/text\u003e  \u003c/block\u003e  \u003cblock b\u003d\"761\" blockname\u003d\"\" blocktype\u003d\"Text\" l\u003d\"1735\" r\u003d\"2217\" style\u003d\"transform: translate(839px, 142px); position: absolute; width: 233.061px; height: 48.5px;\" t\u003d\"567\"\u003e \u003cregion\u003e \u003crect b\u003d\"761\" l\u003d\"1735\" r\u003d\"2217\" t\u003d\"567\"\u003e\u003c/rect\u003e  \u003c/region\u003e  \u003ctext\u003e \u003cpar linespacing\u003d\"846\"\u003e \u003cline b\u003d\"604\" baseline\u003d\"603\" l\u003d\"1744\" r\u003d\"2188\" style\u003d\"transform: translate(4px, 2px); position: absolute;\" t\u003d\"575\"\u003e \u003cformatting lang\u003d\"EnglishUnitedStates\"\u003e REMIT PAYMENT TO: \u003c/formatting\u003e  \u003c/line\u003e  \u003c/par\u003e  \u003cpar linespacing\u003d\"846\"\u003e \u003cline b\u003d\"651\" baseline\u003d\"651\" l\u003d\"1743\" r\u003d\"1960\" style\u003d\"transform: translate(4px, 14px); position: absolute;\" t\u003d\"622\"\u003e \u003cformatting lang\u003d\"EnglishUnitedStates\"\u003e \u003csupplier_name class\u003d\"extraction-tag\" confidence\u003d\"1/1\" data-toggle\u003d\"tooltip\" data-value\u003d\"REED PLC\" fold-name\u003d\"fold4\" score\u003d\"0.7337024550067497\" style\u003d\"background-color: rgb(88, 50, 166);  color: rgb(255, 255, 255);   border: 2px solid rgb(125, 157, 1); \" tagorder\u003d\"11\" title\u003d\"VENDOR\"\u003eREED PLC\u003c/supplier_name\u003e \u003c/formatting\u003e  \u003c/line\u003e  \u003cline b\u003d\"698\" baseline\u003d\"698\" l\u003d\"1745\" r\u003d\"2042\" style\u003d\"transform: translate(5px, 26px); position: absolute;\" t\u003d\"669\"\u003e \u003cformatting lang\u003d\"EnglishUnitedStates\"\u003e 7095 Mccoy Trail \u003c/formatting\u003e  \u003c/line\u003e  \u003cline b\u003d\"753\" baseline\u003d\"746\" l\u003d\"1743\" r\u003d\"2209\" style\u003d\"transform: translate(4px, 38px); position: absolute;\" t\u003d\"717\"\u003e \u003cformatting lang\u003d\"EnglishUnitedStates\"\u003e Lake Catherinestad, RI 07581 \u003c/formatting\u003e  \u003c/line\u003e  \u003c/par\u003e  \u003c/text\u003e  \u003c/block\u003e  \u003cblock b\u003d\"759\" blockname\u003d\"\" blocktype\u003d\"Text\" l\u003d\"2668\" r\u003d\"2869\" style\u003d\"transform: translate(1290px, 141px); position: absolute; width: 97.1894px; height: 49.25px;\" t\u003d\"562\"\u003e \u003cregion\u003e \u003crect b\u003d\"759\" l\u003d\"2668\" r\u003d\"2869\" t\u003d\"562\"\u003e\u003c/rect\u003e  \u003c/region\u003e  \u003ctext\u003e \u003cpar linespacing\u003d\"-1\"\u003e\u003c/par\u003e  \u003c/text\u003e  \u003c/block\u003e  \u003cblock b\u003d\"764\" blockname\u003d\"\" blocktype\u003d\"Text\" l\u003d\"2879\" r\u003d\"3099\" style\u003d\"transform: translate(1392px, 151px); position: absolute; width: 106.376px; height: 40.5px;\" t\u003d\"602\"\u003e \u003cregion\u003e \u003crect b\u003d\"764\" l\u003d\"2879\" r\u003d\"3099\" t\u003d\"602\"\u003e\u003c/rect\u003e  \u003c/region\u003e  \u003ctext\u003e \u003cpar linespacing\u003d\"936\"\u003e \u003cline b\u003d\"652\" baseline\u003d\"652\" l\u003d\"2887\" r\u003d\"3091\" style\u003d\"transform: translate(4px, 2px); position: absolute;\" t\u003d\"610\"\u003e \u003cformatting lang\u003d\"EnglishUnitedStates\"\u003e PEOPLE \u003c/formatting\u003e  \u003c/line\u003e  \u003cline b\u003d\"706\" baseline\u003d\"706\" l\u003d\"2887\" r\u003d\"3016\" style\u003d\"transform: translate(4px, 16px); position: absolute;\" t\u003d\"664\"\u003e \u003cformatting lang\u003d\"EnglishUnitedStates\"\u003e WHO \u003c/formatting\u003e  \u003c/line\u003e  \u003cline b\u003d\"756\" baseline\u003d\"756\" l\u003d\"2887\" r\u003d\"3045\" style\u003d\"transform: translate(4px, 29px); position: absolute;\" t\u003d\"718\"\u003e \u003cformatting lang\u003d\"EnglishUnitedStates\"\u003e GET IT \u003c/formatting\u003e  \u003c/line\u003e  \u003c/par\u003e  \u003c/text\u003e  \u003c/block\u003e  \u003cblock b\u003d\"1214\" blockname\u003d\"\" blocktype\u003d\"Text\" l\u003d\"650\" r\u003d\"1511\" style\u003d\"transform: translate(314px, 253px); position: absolute; width: 416.319px; height: 51px;\" t\u003d\"1010\"\u003e \u003cregion\u003e \u003crect b\u003d\"1214\" l\u003d\"650\" r\u003d\"1511\" t\u003d\"1010\"\u003e\u003c/rect\u003e  \u003c/region\u003e  \u003ctext\u003e \u003cpar align\u003d\"Justified\" linespacing\u003d\"1350\"\u003e \u003cline b\u003d\"1057\" baseline\u003d\"1055\" l\u003d\"658\" r\u003d\"1491\" style\u003d\"transform: translate(4px, 2px); position: absolute;\" t\u003d\"1018\"\u003e \u003cformatting lang\u003d\"EnglishUnitedStates\"\u003e THE CDW I NVOI CE # QET1063 \u003c/formatting\u003e  \u003c/line\u003e  \u003cline b\u003d\"1133\" baseline\u003d\"1130\" l\u003d\"658\" r\u003d\"1503\" style\u003d\"transform: translate(4px, 21px); position: absolute;\" t\u003d\"1093\"\u003e \u003cformatting lang\u003d\"EnglishUnitedStates\"\u003e YOU REQUESTED I S DETAI LED \u003c/formatting\u003e  \u003c/line\u003e  \u003cline b\u003d\"1206\" baseline\u003d\"1205\" l\u003d\"661\" r\u003d\"851\" style\u003d\"transform: translate(5px, 40px); position: absolute;\" t\u003d\"1168\"\u003e \u003cformatting lang\u003d\"EnglishUnitedStates\"\u003e BELOW \u003c/formatting\u003e  \u003c/line\u003e  \u003c/par\u003e  \u003c/text\u003e  \u003c/block\u003e  \u003cregion xmlns\u003d\"http://ocr.crowdcomputingsystems.com/xml/schema-v1.xml\"\u003e \u003crect b\u003d\"1178\" l\u003d\"1720\" r\u003d\"2913\" t\u003d\"865\"\u003e\u003c/rect\u003e  \u003c/region\u003e \u003ctable b\u003d\"1178\" blockname\u003d\"\" blocktype\u003d\"Table\" l\u003d\"1720\" r\u003d\"2913\" style\u003d\"transform: translate(832px, 216px); position: absolute;\" t\u003d\"865\" xmlns\u003d\"\"\u003e \u003ctbody\u003e\u003ctr\u003e \u003ctd h\u003d\"77\" w\u003d\"448\"\u003e \u003ctext xmlns\u003d\"http://ocr.crowdcomputingsystems.com/xml/schema-v1.xml\"\u003e \u003cpar linespacing\u003d\"500\"\u003e \u003cline b\u003d\"920\" baseline\u003d\"919\" l\u003d\"1750\" r\u003d\"2137\" t\u003d\"891\"\u003e \u003cformatting lang\u003d\"EnglishUnitedStates\"\u003e 1 NVOI CE NUMBER \u003c/formatting\u003e  \u003c/line\u003e  \u003c/par\u003e  \u003c/text\u003e  \u003c/td\u003e   \u003ctd h\u003d\"77\" w\u003d\"451\"\u003e \u003ctext xmlns\u003d\"http://ocr.crowdcomputingsystems.com/xml/schema-v1.xml\"\u003e \u003cpar align\u003d\"Center\" leftindent\u003d\"100\" linespacing\u003d\"500\"\u003e \u003cline b\u003d\"920\" baseline\u003d\"919\" l\u003d\"2234\" r\u003d\"2551\" t\u003d\"891\"\u003e \u003cformatting lang\u003d\"EnglishUnitedStates\"\u003e 1 NVOI CE DATE \u003c/formatting\u003e  \u003c/line\u003e  \u003c/par\u003e  \u003c/text\u003e  \u003c/td\u003e   \u003ctd h\u003d\"77\" rightborder\u003d\"White\" w\u003d\"294\"\u003e \u003ctext xmlns\u003d\"http://ocr.crowdcomputingsystems.com/xml/schema-v1.xml\"\u003e \u003cpar align\u003d\"Right\" linespacing\u003d\"500\"\u003e \u003cline b\u003d\"920\" baseline\u003d\"919\" l\u003d\"2627\" r\u003d\"2904\" t\u003d\"891\"\u003e \u003cformatting lang\u003d\"EnglishUnitedStates\"\u003e CUSTOMER N \u003c/formatting\u003e  \u003c/line\u003e  \u003c/par\u003e  \u003c/text\u003e  \u003c/td\u003e   \u003c/tr\u003e \n \u003ctr\u003e \u003ctd h\u003d\"77\" w\u003d\"448\"\u003e \u003ctext xmlns\u003d\"http://ocr.crowdcomputingsystems.com/xml/schema-v1.xml\"\u003e \u003cpar align\u003d\"Center\" linespacing\u003d\"500\"\u003e \u003cline b\u003d\"997\" baseline\u003d\"996\" l\u003d\"1858\" r\u003d\"2030\" t\u003d\"968\"\u003e \u003cformatting lang\u003d\"EnglishUnitedStates\"\u003e QET1063 \u003c/formatting\u003e  \u003c/line\u003e  \u003c/par\u003e  \u003c/text\u003e  \u003c/td\u003e   \u003ctd h\u003d\"77\" w\u003d\"451\"\u003e \u003ctext xmlns\u003d\"http://ocr.crowdcomputingsystems.com/xml/schema-v1.xml\"\u003e \u003cpar align\u003d\"Center\" leftindent\u003d\"100\" linespacing\u003d\"520\"\u003e \u003cline b\u003d\"997\" baseline\u003d\"997\" l\u003d\"2279\" r\u003d\"2505\" t\u003d\"968\"\u003e \u003cformatting lang\u003d\"EnglishUnitedStates\"\u003e \u003cinvoice_date class\u003d\"extraction-tag\" confidence\u003d\"1/1\" data-toggle\u003d\"tooltip\" data-value\u003d\"01/30/06\" fold-name\u003d\"fold4\" score\u003d\"0.6401900314376894\" style\u003d\"background-color: rgb(17, 18, 43);  color: rgb(255, 255, 255);   border: 2px solid rgb(125, 157, 1); \" tagorder\u003d\"13\" title\u003d\"INVOICE_DATE\"\u003e01/30/06\u003c/invoice_date\u003e \u003c/formatting\u003e  \u003c/line\u003e  \u003c/par\u003e  \u003c/text\u003e  \u003c/td\u003e   \u003ctd h\u003d\"77\" rightborder\u003d\"White\" w\u003d\"294\"\u003e \u003ctext xmlns\u003d\"http://ocr.crowdcomputingsystems.com/xml/schema-v1.xml\"\u003e \u003cpar linespacing\u003d\"500\"\u003e \u003cline b\u003d\"997\" baseline\u003d\"997\" l\u003d\"2624\" r\u003d\"2789\" t\u003d\"969\"\u003e \u003cformatting lang\u003d\"EnglishUnitedStates\"\u003e 4461572 \u003c/formatting\u003e  \u003c/line\u003e  \u003c/par\u003e  \u003c/text\u003e  \u003c/td\u003e   \u003c/tr\u003e \n \u003ctr\u003e \u003ctd h\u003d\"76\" w\u003d\"448\"\u003e \u003ctext xmlns\u003d\"http://ocr.crowdcomputingsystems.com/xml/schema-v1.xml\"\u003e \u003cpar align\u003d\"Center\" linespacing\u003d\"500\"\u003e \u003cline b\u003d\"1074\" baseline\u003d\"1073\" l\u003d\"1831\" r\u003d\"2058\" t\u003d\"1045\"\u003e \u003cformatting lang\u003d\"EnglishUnitedStates\"\u003e SUBTOTAL \u003c/formatting\u003e  \u003c/line\u003e  \u003c/par\u003e  \u003c/text\u003e  \u003c/td\u003e   \u003ctd h\u003d\"76\" w\u003d\"451\"\u003e \u003ctext xmlns\u003d\"http://ocr.crowdcomputingsystems.com/xml/schema-v1.xml\"\u003e \u003cpar align\u003d\"Center\" leftindent\u003d\"100\" linespacing\u003d\"500\"\u003e \u003cline b\u003d\"1074\" baseline\u003d\"1073\" l\u003d\"2282\" r\u003d\"2502\" t\u003d\"1045\"\u003e \u003cformatting lang\u003d\"EnglishUnitedStates\"\u003e SHI PPI NG \u003c/formatting\u003e  \u003c/line\u003e  \u003c/par\u003e  \u003c/text\u003e  \u003c/td\u003e   \u003ctd h\u003d\"76\" rightborder\u003d\"White\" w\u003d\"294\"\u003e \u003ctext xmlns\u003d\"http://ocr.crowdcomputingsystems.com/xml/schema-v1.xml\"\u003e \u003cpar align\u003d\"Right\" linespacing\u003d\"520\"\u003e \u003cline b\u003d\"1074\" baseline\u003d\"1074\" l\u003d\"2728\" r\u003d\"2896\" t\u003d\"1045\"\u003e \u003cformatting lang\u003d\"EnglishUnitedStates\"\u003e SALES T \u003c/formatting\u003e  \u003c/line\u003e  \u003c/par\u003e  \u003c/text\u003e  \u003c/td\u003e   \u003c/tr\u003e \n \u003ctr\u003e \u003ctd h\u003d\"83\" w\u003d\"448\"\u003e \u003ctext xmlns\u003d\"http://ocr.crowdcomputingsystems.com/xml/schema-v1.xml\"\u003e \u003cpar align\u003d\"Center\" linespacing\u003d\"540\"\u003e \u003cline b\u003d\"1155\" baseline\u003d\"1150\" l\u003d\"1834\" r\u003d\"2053\" t\u003d\"1120\"\u003e \u003cformatting lang\u003d\"EnglishUnitedStates\"\u003e $5756.03 \u003c/formatting\u003e  \u003c/line\u003e  \u003c/par\u003e  \u003c/text\u003e  \u003c/td\u003e   \u003ctd h\u003d\"83\" w\u003d\"451\"\u003e \u003ctext xmlns\u003d\"http://ocr.crowdcomputingsystems.com/xml/schema-v1.xml\"\u003e \u003cpar align\u003d\"Center\" leftindent\u003d\"100\" linespacing\u003d\"540\"\u003e \u003cline b\u003d\"1154\" baseline\u003d\"1150\" l\u003d\"2314\" r\u003d\"2469\" t\u003d\"1120\"\u003e \u003cformatting lang\u003d\"EnglishUnitedStates\"\u003e $7859.29 \u003c/formatting\u003e  \u003c/line\u003e  \u003c/par\u003e  \u003c/text\u003e  \u003c/td\u003e   \u003ctd h\u003d\"83\" rightborder\u003d\"White\" w\u003d\"294\"\u003e \u003ctext xmlns\u003d\"http://ocr.crowdcomputingsystems.com/xml/schema-v1.xml\"\u003e \u003cpar align\u003d\"Right\" linespacing\u003d\"540\"\u003e \u003cline b\u003d\"1154\" baseline\u003d\"1150\" l\u003d\"2791\" r\u003d\"2896\" t\u003d\"1120\"\u003e \u003cformatting lang\u003d\"EnglishUnitedStates\"\u003e $9593.15 \u003c/formatting\u003e  \u003c/line\u003e  \u003c/par\u003e  \u003c/text\u003e  \u003c/td\u003e   \u003c/tr\u003e \n \u003c/tbody\u003e\u003c/table\u003e\n \u003cblock b\u003d\"1241\" blockname\u003d\"\" blocktype\u003d\"Text\" l\u003d\"1940\" r\u003d\"2897\" style\u003d\"transform: translate(938px, 298px); position: absolute; width: 462.738px; height: 12px;\" t\u003d\"1193\"\u003e \u003cregion\u003e \u003crect b\u003d\"1241\" l\u003d\"1940\" r\u003d\"2897\" t\u003d\"1193\"\u003e\u003c/rect\u003e  \u003c/region\u003e  \u003ctext\u003e \u003cpar align\u003d\"Justified\" linespacing\u003d\"560\"\u003e \u003cline b\u003d\"1233\" baseline\u003d\"1232\" l\u003d\"1948\" r\u003d\"2889\" style\u003d\"transform: translate(4px, 2px); position: absolute;\" t\u003d\"1201\"\u003e \u003cformatting lang\u003d\"EnglishUnitedStates\"\u003e DUE DATE AMOUNT DUE \u003c/formatting\u003e  \u003c/line\u003e  \u003c/par\u003e  \u003c/text\u003e  \u003c/block\u003e  \u003cblock b\u003d\"1327\" blockname\u003d\"\" blocktype\u003d\"Text\" l\u003d\"1908\" r\u003d\"2867\" style\u003d\"transform: translate(923px, 318px); position: absolute; width: 463.705px; height: 13.75px;\" t\u003d\"1272\"\u003e \u003cregion\u003e \u003crect b\u003d\"1327\" l\u003d\"1908\" r\u003d\"2867\" t\u003d\"1272\"\u003e\u003c/rect\u003e  \u003c/region\u003e  \u003ctext\u003e \u003cpar align\u003d\"Justified\" leftindent\u003d\"25500\" linespacing\u003d\"590\"\u003e \u003cline b\u003d\"1319\" baseline\u003d\"1313\" l\u003d\"1916\" r\u003d\"2859\" style\u003d\"transform: translate(4px, 2px); position: absolute;\" t\u003d\"1280\"\u003e \u003cformatting lang\u003d\"EnglishUnitedStates\"\u003e 01/30/06 $6665.81 \u003c/formatting\u003e  \u003c/line\u003e  \u003c/par\u003e  \u003c/text\u003e  \u003c/block\u003e  \u003cregion xmlns\u003d\"http://ocr.crowdcomputingsystems.com/xml/schema-v1.xml\"\u003e \u003crect b\u003d\"1747\" l\u003d\"498\" r\u003d\"2913\" t\u003d\"1426\"\u003e\u003c/rect\u003e  \u003c/region\u003e \u003ctable b\u003d\"1747\" blockname\u003d\"\" blocktype\u003d\"Table\" l\u003d\"498\" r\u003d\"2913\" style\u003d\"transform: translate(241px, 357px); position: absolute;\" t\u003d\"1426\" xmlns\u003d\"\"\u003e \u003ctbody\u003e\u003ctr\u003e \u003ctd h\u003d\"78\" leftborder\u003d\"White\" w\u003d\"160\"\u003e \u003ctext xmlns\u003d\"http://ocr.crowdcomputingsystems.com/xml/schema-v1.xml\"\u003e \u003cpar linespacing\u003d\"500\"\u003e \u003cline b\u003d\"1481\" baseline\u003d\"1481\" l\u003d\"522\" r\u003d\"631\" t\u003d\"1453\"\u003e \u003cformatting lang\u003d\"EnglishUnitedStates\"\u003e DATE \u003c/formatting\u003e  \u003c/line\u003e  \u003c/par\u003e  \u003c/text\u003e  \u003c/td\u003e   \u003ctd h\u003d\"78\" w\u003d\"708\"\u003e \u003ctext xmlns\u003d\"http://ocr.crowdcomputingsystems.com/xml/schema-v1.xml\"\u003e \u003cpar align\u003d\"Center\" linespacing\u003d\"500\"\u003e \u003cline b\u003d\"1482\" baseline\u003d\"1481\" l\u003d\"910\" r\u003d\"1110\" t\u003d\"1453\"\u003e \u003cformatting lang\u003d\"EnglishUnitedStates\"\u003e SHI P VI A \u003c/formatting\u003e  \u003c/line\u003e  \u003c/par\u003e  \u003c/text\u003e  \u003c/td\u003e   \u003ctd h\u003d\"78\" w\u003d\"329\"\u003e \u003ctext xmlns\u003d\"http://ocr.crowdcomputingsystems.com/xml/schema-v1.xml\"\u003e \u003cpar align\u003d\"Center\" leftindent\u003d\"100\" linespacing\u003d\"500\"\u003e \u003cline b\u003d\"1482\" baseline\u003d\"1481\" l\u003d\"1433\" r\u003d\"1619\" t\u003d\"1453\"\u003e \u003cformatting lang\u003d\"EnglishUnitedStates\"\u003e ORDER # \u003c/formatting\u003e  \u003c/line\u003e  \u003c/par\u003e  \u003c/text\u003e  \u003c/td\u003e   \u003ctd h\u003d\"78\" w\u003d\"667\"\u003e \u003ctext xmlns\u003d\"http://ocr.crowdcomputingsystems.com/xml/schema-v1.xml\"\u003e \u003cpar align\u003d\"Center\" leftindent\u003d\"100\" linespacing\u003d\"520\"\u003e \u003cline b\u003d\"1482\" baseline\u003d\"1482\" l\u003d\"1977\" r\u003d\"2071\" t\u003d\"1453\"\u003e \u003cformatting lang\u003d\"EnglishUnitedStates\"\u003e PO # \u003c/formatting\u003e  \u003c/line\u003e  \u003c/par\u003e  \u003c/text\u003e  \u003c/td\u003e   \u003ctd h\u003d\"78\" rightborder\u003d\"White\" w\u003d\"551\"\u003e \u003ctext xmlns\u003d\"http://ocr.crowdcomputingsystems.com/xml/schema-v1.xml\"\u003e \u003cpar align\u003d\"Right\" linespacing\u003d\"500\"\u003e \u003cline b\u003d\"1482\" baseline\u003d\"1481\" l\u003d\"2533\" r\u003d\"2896\" t\u003d\"1453\"\u003e \u003cformatting lang\u003d\"EnglishUnitedStates\"\u003e PAYMENT TERMS \u003c/formatting\u003e  \u003c/line\u003e  \u003c/par\u003e  \u003c/text\u003e  \u003c/td\u003e   \u003c/tr\u003e \n \u003ctr\u003e \u003ctd h\u003d\"76\" leftborder\u003d\"White\" w\u003d\"160\"\u003e \u003ctext xmlns\u003d\"http://ocr.crowdcomputingsystems.com/xml/schema-v1.xml\"\u003e \u003cpar linespacing\u003d\"500\"\u003e \u003cline b\u003d\"1558\" baseline\u003d\"1558\" l\u003d\"511\" r\u003d\"605\" t\u003d\"1530\"\u003e \u003cformatting lang\u003d\"EnglishUnitedStates\"\u003e 2016 \u003c/formatting\u003e  \u003c/line\u003e  \u003c/par\u003e  \u003c/text\u003e  \u003c/td\u003e   \u003ctd h\u003d\"76\" w\u003d\"708\"\u003e \u003ctext xmlns\u003d\"http://ocr.crowdcomputingsystems.com/xml/schema-v1.xml\"\u003e \u003cpar align\u003d\"Center\" linespacing\u003d\"500\"\u003e \u003cline b\u003d\"1565\" baseline\u003d\"1557\" l\u003d\"782\" r\u003d\"1241\" t\u003d\"1529\"\u003e \u003cformatting lang\u003d\"EnglishUnitedStates\"\u003e UPS Next Day Air Saver \u003c/formatting\u003e  \u003c/line\u003e  \u003c/par\u003e  \u003c/text\u003e  \u003c/td\u003e   \u003ctd h\u003d\"76\" w\u003d\"329\"\u003e \u003ctext xmlns\u003d\"http://ocr.crowdcomputingsystems.com/xml/schema-v1.xml\"\u003e \u003cpar align\u003d\"Center\" leftindent\u003d\"100\" linespacing\u003d\"500\"\u003e \u003cline b\u003d\"1559\" baseline\u003d\"1557\" l\u003d\"1439\" r\u003d\"1615\" t\u003d\"1529\"\u003e \u003cformatting lang\u003d\"EnglishUnitedStates\"\u003e GZCQ671 \u003c/formatting\u003e  \u003c/line\u003e  \u003c/par\u003e  \u003c/text\u003e  \u003c/td\u003e   \u003ctd h\u003d\"76\" w\u003d\"667\"\u003e \u003ctext xmlns\u003d\"http://ocr.crowdcomputingsystems.com/xml/schema-v1.xml\"\u003e \u003cpar align\u003d\"Center\" leftindent\u003d\"100\" linespacing\u003d\"520\"\u003e \u003cline b\u003d\"1558\" baseline\u003d\"1558\" l\u003d\"1784\" r\u003d\"2275\" t\u003d\"1529\"\u003e \u003cformatting lang\u003d\"EnglishUnitedStates\"\u003e DRIVES FOR BUD REBILL \u003c/formatting\u003e  \u003c/line\u003e  \u003c/par\u003e  \u003c/text\u003e  \u003c/td\u003e   \u003ctd h\u003d\"76\" rightborder\u003d\"White\" w\u003d\"551\"\u003e \u003ctext xmlns\u003d\"http://ocr.crowdcomputingsystems.com/xml/schema-v1.xml\"\u003e \u003cpar align\u003d\"Right\" linespacing\u003d\"520\"\u003e \u003cline b\u003d\"1565\" baseline\u003d\"1558\" l\u003d\"2524\" r\u003d\"2906\" t\u003d\"1529\"\u003e \u003cformatting lang\u003d\"EnglishUnitedStates\"\u003e NET 45 Days Verbal \u003c/formatting\u003e  \u003c/line\u003e  \u003c/par\u003e  \u003c/text\u003e  \u003c/td\u003e   \u003c/tr\u003e \n \u003ctr\u003e \u003ctd h\u003d\"79\" rightborder\u003d\"White\" w\u003d\"160\"\u003e \u003ctext xmlns\u003d\"http://ocr.crowdcomputingsystems.com/xml/schema-v1.xml\"\u003e \u003cpar leftindent\u003d\"1000\" linespacing\u003d\"500\"\u003e \u003cline b\u003d\"1721\" baseline\u003d\"1721\" l\u003d\"552\" r\u003d\"655\" t\u003d\"1693\"\u003e \u003cformatting lang\u003d\"EnglishUnitedStates\"\u003e ITEM \u003c/formatting\u003e  \u003c/line\u003e  \u003c/par\u003e  \u003c/text\u003e  \u003c/td\u003e   \u003ctd h\u003d\"79\" leftborder\u003d\"White\" rightborder\u003d\"White\" w\u003d\"708\"\u003e \u003ctext xmlns\u003d\"http://ocr.crowdcomputingsystems.com/xml/schema-v1.xml\"\u003e \u003cpar leftindent\u003d\"2200\" linespacing\u003d\"-1\"\u003e\u003c/par\u003e  \u003c/text\u003e  \u003c/td\u003e   \u003ctd colspan\u003d\"2\" h\u003d\"79\" leftborder\u003d\"White\" rightborder\u003d\"White\" w\u003d\"996\"\u003e \u003ctext xmlns\u003d\"http://ocr.crowdcomputingsystems.com/xml/schema-v1.xml\"\u003e \u003cpar align\u003d\"Center\" linespacing\u003d\"500\" rightindent\u003d\"100\"\u003e \u003cline b\u003d\"1723\" baseline\u003d\"1721\" l\u003d\"1465\" r\u003d\"2271\" t\u003d\"1693\"\u003e \u003cformatting lang\u003d\"EnglishUnitedStates\"\u003e ORDER QTY SHI P QTY OPEN QTY \u003c/formatting\u003e  \u003c/line\u003e  \u003c/par\u003e  \u003c/text\u003e  \u003c/td\u003e   \u003ctd h\u003d\"79\" leftborder\u003d\"White\" w\u003d\"551\"\u003e \u003ctext xmlns\u003d\"http://ocr.crowdcomputingsystems.com/xml/schema-v1.xml\"\u003e \u003cpar align\u003d\"Justified\" linespacing\u003d\"500\"\u003e \u003cline b\u003d\"1722\" baseline\u003d\"1721\" l\u003d\"2370\" r\u003d\"2851\" t\u003d\"1693\"\u003e \u003cformatting lang\u003d\"EnglishUnitedStates\"\u003e CDW# UNIT PRICE \u003c/formatting\u003e  \u003c/line\u003e  \u003c/par\u003e  \u003c/text\u003e  \u003c/td\u003e   \u003c/tr\u003e \n \u003c/tbody\u003e\u003c/table\u003e\n \u003cblock b\u003d\"1890\" blockname\u003d\"\" blocktype\u003d\"Text\" l\u003d\"545\" r\u003d\"2854\" style\u003d\"transform: translate(264px, 448px); position: absolute; width: 1116.47px; height: 25px;\" t\u003d\"1790\"\u003e \u003cregion\u003e \u003crect b\u003d\"1890\" l\u003d\"545\" r\u003d\"2854\" t\u003d\"1790\"\u003e\u003c/rect\u003e  \u003c/region\u003e  \u003ctext\u003e \u003cpar align\u003d\"Justified\" leftindent\u003d\"1100\" linespacing\u003d\"846\"\u003e \u003cline b\u003d\"1832\" baseline\u003d\"1827\" l\u003d\"553\" r\u003d\"2846\" style\u003d\"transform: translate(4px, 2px); position: absolute;\" t\u003d\"1798\"\u003e \u003cformatting lang\u003d\"EnglishUnitedStates\"\u003e HP 600GB 12G SAS 15K 2.51 N ENT HDD 0 22 0 3526579 $678.34 \u003c/formatting\u003e  \u003c/line\u003e  \u003c/par\u003e  \u003cpar align\u003d\"Justified\" leftindent\u003d\"1100\" linespacing\u003d\"846\"\u003e \u003cline b\u003d\"1882\" baseline\u003d\"1874\" l\u003d\"553\" r\u003d\"1068\" style\u003d\"transform: translate(4px, 14px); position: absolute;\" t\u003d\"1846\"\u003e \u003cformatting lang\u003d\"EnglishUnitedStates\"\u003e Mfg. Part# : 62949 88L14 \u003c/formatting\u003e  \u003c/line\u003e  \u003c/par\u003e  \u003c/text\u003e  \u003c/block\u003e  \u003cregion xmlns\u003d\"http://ocr.crowdcomputingsystems.com/xml/schema-v1.xml\"\u003e \u003crect b\u003d\"2306\" l\u003d\"504\" r\u003d\"2896\" t\u003d\"1936\"\u003e\u003c/rect\u003e  \u003c/region\u003e \u003ctable b\u003d\"2306\" blockname\u003d\"\" blocktype\u003d\"Table\" l\u003d\"504\" r\u003d\"2896\" style\u003d\"transform: translate(244px, 484px); position: absolute;\" t\u003d\"1936\" xmlns\u003d\"\"\u003e \u003ctbody\u003e\u003ctr\u003e \u003ctd h\u003d\"82\" w\u003d\"723\"\u003e \u003ctext xmlns\u003d\"http://ocr.crowdcomputingsystems.com/xml/schema-v1.xml\"\u003e \u003cpar leftindent\u003d\"900\" linespacing\u003d\"560\"\u003e \u003cline b\u003d\"1996\" baseline\u003d\"1995\" l\u003d\"553\" r\u003d\"1179\" t\u003d\"1964\"\u003e \u003cformatting lang\u003d\"EnglishUnitedStates\"\u003e PURCHASER Bl LLI NG 1 NFO \u003c/formatting\u003e  \u003c/line\u003e  \u003c/par\u003e  \u003c/text\u003e  \u003c/td\u003e   \u003ctd h\u003d\"82\" w\u003d\"720\"\u003e \u003ctext xmlns\u003d\"http://ocr.crowdcomputingsystems.com/xml/schema-v1.xml\"\u003e \u003cpar leftindent\u003d\"800\" linespacing\u003d\"560\"\u003e \u003cline b\u003d\"1996\" baseline\u003d\"1995\" l\u003d\"1272\" r\u003d\"1548\" t\u003d\"1964\"\u003e \u003cformatting lang\u003d\"EnglishUnitedStates\"\u003e DELIVER TO \u003c/formatting\u003e  \u003c/line\u003e  \u003c/par\u003e  \u003c/text\u003e  \u003c/td\u003e   \u003ctd h\u003d\"82\" w\u003d\"504\"\u003e \u003ctext xmlns\u003d\"http://ocr.crowdcomputingsystems.com/xml/schema-v1.xml\"\u003e \u003cpar align\u003d\"Right\" linespacing\u003d\"580\"\u003e \u003cline b\u003d\"1996\" baseline\u003d\"1996\" l\u003d\"2267\" r\u003d\"2443\" t\u003d\"1964\"\u003e \u003cformatting lang\u003d\"EnglishUnitedStates\"\u003e Subtota \u003c/formatting\u003e  \u003c/line\u003e  \u003c/par\u003e  \u003c/text\u003e  \u003c/td\u003e   \u003ctd h\u003d\"82\" w\u003d\"445\"\u003e \u003ctext xmlns\u003d\"http://ocr.crowdcomputingsystems.com/xml/schema-v1.xml\"\u003e \u003cpar align\u003d\"Center\" linespacing\u003d\"590\" rightindent\u003d\"900\"\u003e \u003cline b\u003d\"2001\" baseline\u003d\"1996\" l\u003d\"2583\" r\u003d\"2818\" t\u003d\"1963\"\u003e \u003cformatting lang\u003d\"EnglishUnitedStates\"\u003e $5756.03 \u003c/formatting\u003e  \u003c/line\u003e  \u003c/par\u003e  \u003c/text\u003e  \u003c/td\u003e   \u003c/tr\u003e \n \u003ctr\u003e \u003ctd h\u003d\"288\" rowspan\u003d\"3\" w\u003d\"723\"\u003e \u003ctext xmlns\u003d\"http://ocr.crowdcomputingsystems.com/xml/schema-v1.xml\"\u003e \u003cpar leftindent\u003d\"900\" linespacing\u003d\"900\"\u003e \u003cline b\u003d\"2078\" baseline\u003d\"2072\" l\u003d\"553\" r\u003d\"887\" t\u003d\"2043\"\u003e \u003cformatting lang\u003d\"EnglishUnitedStates\"\u003e Billing Address: \u003c/formatting\u003e  \u003c/line\u003e  \u003c/par\u003e  \u003cpar leftindent\u003d\"900\" linespacing\u003d\"900\"\u003e \u003cline b\u003d\"2127\" baseline\u003d\"2121\" l\u003d\"553\" r\u003d\"898\" t\u003d\"2093\"\u003e \u003cformatting lang\u003d\"EnglishUnitedStates\"\u003e AVILA-MALDONADO. \u003c/formatting\u003e  \u003c/line\u003e  \u003c/par\u003e  \u003cpar leftindent\u003d\"900\" linespacing\u003d\"900\"\u003e \u003cline b\u003d\"2172\" baseline\u003d\"2172\" l\u003d\"551\" r\u003d\"955\" t\u003d\"2143\"\u003e \u003cformatting lang\u003d\"EnglishUnitedStates\"\u003e ACCOUNTS PAYABLE \u003c/formatting\u003e  \u003c/line\u003e  \u003c/par\u003e  \u003cpar leftindent\u003d\"900\" linespacing\u003d\"900\"\u003e \u003cline b\u003d\"2223\" baseline\u003d\"2221\" l\u003d\"554\" r\u003d\"1079\" t\u003d\"2193\"\u003e \u003cformatting lang\u003d\"EnglishUnitedStates\"\u003e 1091 LOGAN HOLLOW \u003c/formatting\u003e  \u003c/line\u003e  \u003c/par\u003e  \u003cpar leftindent\u003d\"900\" linespacing\u003d\"900\"\u003e \u003cline b\u003d\"2277\" baseline\u003d\"2271\" l\u003d\"554\" r\u003d\"1105\" t\u003d\"2243\"\u003e \u003cformatting lang\u003d\"EnglishUnitedStates\"\u003e FOSTERVIEW, PA 91419-9576 \u003c/formatting\u003e  \u003c/line\u003e  \u003c/par\u003e  \u003c/text\u003e  \u003c/td\u003e   \u003ctd h\u003d\"288\" rowspan\u003d\"3\" w\u003d\"720\"\u003e \u003ctext xmlns\u003d\"http://ocr.crowdcomputingsystems.com/xml/schema-v1.xml\"\u003e \u003cpar leftindent\u003d\"800\" linespacing\u003d\"900\"\u003e \u003cline b\u003d\"2078\" baseline\u003d\"2071\" l\u003d\"1270\" r\u003d\"1659\" t\u003d\"2043\"\u003e \u003cformatting lang\u003d\"EnglishUnitedStates\"\u003e Shipping Address: \u003c/formatting\u003e  \u003c/line\u003e  \u003c/par\u003e  \u003cpar leftindent\u003d\"800\" linespacing\u003d\"900\"\u003e \u003cline b\u003d\"2122\" baseline\u003d\"2121\" l\u003d\"1272\" r\u003d\"1507\" t\u003d\"2093\"\u003e \u003cformatting lang\u003d\"EnglishUnitedStates\"\u003e FARRELL, WASHINGTON AND RIGGS \u003c/formatting\u003e  \u003c/line\u003e  \u003c/par\u003e  \u003cpar leftindent\u003d\"800\" linespacing\u003d\"900\"\u003e \u003cline b\u003d\"2172\" baseline\u003d\"2171\" l\u003d\"1272\" r\u003d\"1580\" t\u003d\"2143\"\u003e \u003cformatting lang\u003d\"EnglishUnitedStates\"\u003e MICHAEL BONILLA \u003c/formatting\u003e  \u003c/line\u003e  \u003c/par\u003e  \u003cpar leftindent\u003d\"800\" linespacing\u003d\"900\"\u003e \u003cline b\u003d\"2222\" baseline\u003d\"2221\" l\u003d\"1270\" r\u003d\"1746\" t\u003d\"2193\"\u003e \u003cformatting lang\u003d\"EnglishUnitedStates\"\u003e 099 LAURA TRAIL APT. 573 \u003c/formatting\u003e  \u003c/line\u003e  \u003c/par\u003e  \u003cpar leftindent\u003d\"800\" linespacing\u003d\"900\"\u003e \u003cline b\u003d\"2277\" baseline\u003d\"2272\" l\u003d\"1271\" r\u003d\"1814\" t\u003d\"2243\"\u003e \u003cformatting lang\u003d\"EnglishUnitedStates\"\u003e NEW ROBERTSHIRE, IA 25464-4111 \u003c/formatting\u003e  \u003c/line\u003e  \u003c/par\u003e  \u003c/text\u003e  \u003c/td\u003e   \u003ctd h\u003d\"76\" w\u003d\"504\"\u003e \u003ctext xmlns\u003d\"http://ocr.crowdcomputingsystems.com/xml/schema-v1.xml\"\u003e \u003cpar align\u003d\"Right\" linespacing\u003d\"560\"\u003e \u003cline b\u003d\"2079\" baseline\u003d\"2070\" l\u003d\"2260\" r\u003d\"2446\" t\u003d\"2039\"\u003e \u003cformatting lang\u003d\"EnglishUnitedStates\"\u003e Shipping \u003c/formatting\u003e  \u003c/line\u003e  \u003c/par\u003e  \u003c/text\u003e  \u003c/td\u003e   \u003ctd h\u003d\"76\" w\u003d\"445\"\u003e \u003ctext xmlns\u003d\"http://ocr.crowdcomputingsystems.com/xml/schema-v1.xml\"\u003e \u003cpar align\u003d\"Center\" linespacing\u003d\"590\" rightindent\u003d\"900\"\u003e \u003cline b\u003d\"2075\" baseline\u003d\"2071\" l\u003d\"2617\" r\u003d\"2784\" t\u003d\"2038\"\u003e \u003cformatting lang\u003d\"EnglishUnitedStates\"\u003e $7859.29 \u003c/formatting\u003e  \u003c/line\u003e  \u003c/par\u003e  \u003c/text\u003e  \u003c/td\u003e   \u003c/tr\u003e \n \u003ctr\u003e \u003ctd h\u003d\"76\" w\u003d\"504\"\u003e \u003ctext xmlns\u003d\"http://ocr.crowdcomputingsystems.com/xml/schema-v1.xml\"\u003e \u003cpar align\u003d\"Right\" linespacing\u003d\"580\"\u003e \u003cline b\u003d\"2147\" baseline\u003d\"2147\" l\u003d\"2242\" r\u003d\"2447\" t\u003d\"2115\"\u003e \u003cformatting lang\u003d\"EnglishUnitedStates\"\u003e Sales Ta) \u003c/formatting\u003e  \u003c/line\u003e  \u003c/par\u003e  \u003c/text\u003e  \u003c/td\u003e   \u003ctd h\u003d\"76\" w\u003d\"445\"\u003e \u003ctext xmlns\u003d\"http://ocr.crowdcomputingsystems.com/xml/schema-v1.xml\"\u003e \u003cpar align\u003d\"Center\" linespacing\u003d\"590\" rightindent\u003d\"900\"\u003e \u003cline b\u003d\"2151\" baseline\u003d\"2147\" l\u003d\"2643\" r\u003d\"2757\" t\u003d\"2114\"\u003e \u003cformatting lang\u003d\"EnglishUnitedStates\"\u003e $9593.15 \u003c/formatting\u003e  \u003c/line\u003e  \u003c/par\u003e  \u003c/text\u003e  \u003c/td\u003e   \u003c/tr\u003e \n \u003ctr\u003e \u003ctd h\u003d\"136\" w\u003d\"504\"\u003e \u003ctext xmlns\u003d\"http://ocr.crowdcomputingsystems.com/xml/schema-v1.xml\"\u003e \u003cpar align\u003d\"Right\" linespacing\u003d\"560\"\u003e \u003cline b\u003d\"2252\" baseline\u003d\"2251\" l\u003d\"2148\" r\u003d\"2450\" t\u003d\"2220\"\u003e \u003cformatting lang\u003d\"EnglishUnitedStates\"\u003e AMOUNT DUE \u003c/formatting\u003e  \u003c/line\u003e  \u003c/par\u003e  \u003c/text\u003e  \u003c/td\u003e   \u003ctd h\u003d\"136\" w\u003d\"445\"\u003e \u003ctext xmlns\u003d\"http://ocr.crowdcomputingsystems.com/xml/schema-v1.xml\"\u003e \u003cpar align\u003d\"Center\" linespacing\u003d\"590\" rightindent\u003d\"900\"\u003e \u003cline b\u003d\"2258\" baseline\u003d\"2252\" l\u003d\"2568\" r\u003d\"2827\" t\u003d\"2219\"\u003e \u003cformatting lang\u003d\"EnglishUnitedStates\"\u003e $\u003ctotal_amount class\u003d\"extraction-tag\" confidence\u003d\"1/1\" data-toggle\u003d\"tooltip\" data-value\u003d\"6665.81\" fold-name\u003d\"fold4\" score\u003d\"0.6903926982783886\" style\u003d\"background-color: rgb(27, 182, 226);  color: rgb(0, 0, 0);   border: 2px solid rgb(125, 157, 1); \" tagorder\u003d\"1\" title\u003d\"INVOICE_AMOUNT\"\u003e6665.81\u003c/total_amount\u003e \u003c/formatting\u003e  \u003c/line\u003e  \u003c/par\u003e  \u003c/text\u003e  \u003c/td\u003e   \u003c/tr\u003e \n \u003c/tbody\u003e\u003c/table\u003e\n \u003cblock b\u003d\"2566\" blockname\u003d\"\" blocktype\u003d\"Text\" l\u003d\"560\" r\u003d\"2504\" style\u003d\"transform: translate(271px, 614px); position: absolute; width: 939.981px; height: 27.25px;\" t\u003d\"2457\"\u003e \u003cregion\u003e \u003crect b\u003d\"2566\" l\u003d\"560\" r\u003d\"2504\" t\u003d\"2457\"\u003e\u003c/rect\u003e  \u003c/region\u003e  \u003ctext\u003e \u003cpar leftindent\u003d\"1100\" linespacing\u003d\"1044\" rightindent\u003d\"7500\"\u003e \u003cline b\u003d\"2509\" baseline\u003d\"2501\" l\u003d\"568\" r\u003d\"2496\" style\u003d\"transform: translate(4px, 2px); position: absolute;\" t\u003d\"2465\"\u003e \u003cformatting lang\u003d\"EnglishUnitedStates\"\u003e 2 ways to GO GREEN with CDW! Paperless billing and electronic payment \u003c/formatting\u003e  \u003c/line\u003e  \u003cline b\u003d\"2558\" baseline\u003d\"2557\" l\u003d\"568\" r\u003d\"901\" style\u003d\"transform: translate(4px, 16px); position: absolute;\" t\u003d\"2522\"\u003e \u003cformatting lang\u003d\"EnglishUnitedStates\"\u003e transm ission \u003c/formatting\u003e  \u003c/line\u003e  \u003c/par\u003e  \u003c/text\u003e  \u003c/block\u003e  \u003cblock b\u003d\"3057\" blockname\u003d\"\" blocktype\u003d\"Text\" l\u003d\"653\" r\u003d\"2792\" style\u003d\"transform: translate(316px, 656px); position: absolute; width: 1034.27px; height: 108px;\" t\u003d\"2625\"\u003e \u003cregion\u003e \u003crect b\u003d\"3057\" l\u003d\"653\" r\u003d\"2792\" t\u003d\"2625\"\u003e\u003c/rect\u003e  \u003c/region\u003e  \u003ctext\u003e \u003cpar leftindent\u003d\"3000\" linespacing\u003d\"1062\"\u003e \u003cline b\u003d\"2669\" baseline\u003d\"2661\" l\u003d\"661\" r\u003d\"2725\" style\u003d\"transform: translate(4px, 2px); position: absolute;\" t\u003d\"2633\"\u003e \u003cformatting lang\u003d\"EnglishUnitedStates\"\u003e TRANSMI T PAYMENTS ELECTRONI CALLY \u0026mdash; Eliminate the hassle of paper checks by utilizing ACH for \u003c/formatting\u003e  \u003c/line\u003e  \u003cline b\u003d\"2727\" baseline\u003d\"2720\" l\u003d\"662\" r\u003d\"1009\" style\u003d\"transform: translate(4px, 17px); position: absolute;\" t\u003d\"2691\"\u003e \u003cformatting lang\u003d\"EnglishUnitedStates\"\u003e electronic bill pay. \u003c/formatting\u003e  \u003c/line\u003e  \u003c/par\u003e  \u003cpar leftindent\u003d\"3000\" linespacing\u003d\"1368\"\u003e \u003cline b\u003d\"2788\" baseline\u003d\"2788\" l\u003d\"663\" r\u003d\"1696\" style\u003d\"transform: translate(5px, 34px); position: absolute;\" t\u003d\"2759\"\u003e \u003cformatting lang\u003d\"EnglishUnitedStates\"\u003e EMAI L REMI TTANCE TO: \u003cemail appendorder\u003d\"6\" class\u003d\"extraction-tag\" confidence\u003d\"1/1\" data-original-title\u003d\"email\" data-toggle\u003d\"tooltip\" data-value\u003d\"fwood@hotmail.com\" fold-name\u003d\"fold4\" score\u003d\"0.6915788569893903\" style\u003d\"background-color: rgb(4, 0, 38);  color: rgb(255, 255, 255);   border: 2px solid rgb(125, 157, 1); \" tagorder\u003d\"444\"\u003efwood@hotmail.com\u003c/email\u003e \u003c/formatting\u003e  \u003c/line\u003e  \u003c/par\u003e  \u003cpar leftindent\u003d\"3000\" linespacing\u003d\"1368\"\u003e \u003cline b\u003d\"2871\" baseline\u003d\"2864\" l\u003d\"661\" r\u003d\"2313\" style\u003d\"transform: translate(4px, 53px); position: absolute;\" t\u003d\"2835\"\u003e \u003cformatting lang\u003d\"EnglishUnitedStates\"\u003e ACH I N FORM ATI ON: The Northern Trust, 50 South LaSalle St., Chicago, IL 60675 \u003c/formatting\u003e  \u003c/line\u003e  \u003c/par\u003e  \u003cpar leftindent\u003d\"3000\" linespacing\u003d\"1368\"\u003e \u003cline b\u003d\"2948\" baseline\u003d\"2941\" l\u003d\"663\" r\u003d\"2414\" style\u003d\"transform: translate(5px, 72px); position: absolute;\" t\u003d\"2912\"\u003e \u003cformatting lang\u003d\"EnglishUnitedStates\"\u003e ROUTI NG NO.: 071000152 | ACCOUNT NAME: CDW Direct | ACCOUNT NO.: 4791 0 \u003c/formatting\u003e  \u003c/line\u003e  \u003c/par\u003e  \u003c/text\u003e  \u003ctext\u003e \u003cpar linespacing\u003d\"500\"\u003e \u003cline b\u003d\"3049\" baseline\u003d\"3041\" l\u003d\"663\" r\u003d\"2784\" style\u003d\"transform: translate(5px, 97px); position: absolute;\" t\u003d\"3013\"\u003e \u003cformatting lang\u003d\"EnglishUnitedStates\"\u003e PAPERLESS Bl LLI NG NOW AVAI LABLE \u0026mdash; If you would like to start receiving your invoices as an emailed \u003c/formatting\u003e  \u003c/line\u003e  \u003c/par\u003e  \u003c/text\u003e  \u003c/block\u003e  \u003cregion xmlns\u003d\"http://ocr.crowdcomputingsystems.com/xml/schema-v1.xml\"\u003e \u003crect b\u003d\"3614\" l\u003d\"550\" r\u003d\"2894\" t\u003d\"3063\"\u003e\u003c/rect\u003e  \u003c/region\u003e \u003ctable b\u003d\"3614\" blockname\u003d\"\" blocktype\u003d\"Table\" l\u003d\"550\" r\u003d\"2894\" style\u003d\"transform: translate(266px, 766px); position: absolute;\" t\u003d\"3063\" xmlns\u003d\"\"\u003e \u003ctbody\u003e\u003ctr\u003e \u003ctd bottomborder\u003d\"White\" h\u003d\"165\" leftborder\u003d\"White\" rightborder\u003d\"White\" topborder\u003d\"White\" w\u003d\"1144\"\u003e \u003ctext xmlns\u003d\"http://ocr.crowdcomputingsystems.com/xml/schema-v1.xml\"\u003e \u003cpar align\u003d\"Right\" linespacing\u003d\"500\"\u003e \u003c/par\u003e  \u003cpar align\u003d\"Center\" leftindent\u003d\"700\" linespacing\u003d\"500\"\u003e \u003cline b\u003d\"3165\" baseline\u003d\"3157\" l\u003d\"663\" r\u003d\"1544\" t\u003d\"3129\"\u003e \u003cformatting lang\u003d\"EnglishUnitedStates\"\u003e number in your request for faster processing. \u003c/formatting\u003e  \u003c/line\u003e  \u003c/par\u003e  \u003c/text\u003e  \u003c/td\u003e   \u003ctd bottomborder\u003d\"White\" h\u003d\"165\" leftborder\u003d\"White\" rightborder\u003d\"White\" topborder\u003d\"White\" w\u003d\"1200\"\u003e \u003ctext xmlns\u003d\"http://ocr.crowdcomputingsystems.com/xml/schema-v1.xml\"\u003e \u003cpar linespacing\u003d\"500\"\u003e \u003cline b\u003d\"3107\" baseline\u003d\"3099\" l\u003d\"1714\" r\u003d\"2709\" t\u003d\"3071\"\u003e \u003cformatting lang\u003d\"EnglishUnitedStates\"\u003e Please include your customer number or an invoice \u003c/formatting\u003e  \u003c/line\u003e  \u003c/par\u003e  \u003c/text\u003e  \u003c/td\u003e   \u003c/tr\u003e \n \u003ctr\u003e \u003ctd colspan\u003d\"2\" h\u003d\"181\" leftborder\u003d\"White\" rightborder\u003d\"White\" topborder\u003d\"White\" w\u003d\"2344\"\u003e \u003ctext xmlns\u003d\"http://ocr.crowdcomputingsystems.com/xml/schema-v1.xml\"\u003e \u003cpar leftindent\u003d\"700\" linespacing\u003d\"790\"\u003e \u003cline b\u003d\"3376\" baseline\u003d\"3376\" l\u003d\"589\" r\u003d\"1303\" t\u003d\"3332\"\u003e \u003cformatting lang\u003d\"EnglishUnitedStates\"\u003e SALES CONTACT 1NFO \u003c/formatting\u003e  \u003c/line\u003e  \u003c/par\u003e  \u003c/text\u003e  \u003c/td\u003e   \u003c/tr\u003e \n \u003ctr\u003e \u003ctd bottomborder\u003d\"White\" h\u003d\"205\" leftborder\u003d\"White\" rightborder\u003d\"White\" w\u003d\"1144\"\u003e \u003ctext xmlns\u003d\"http://ocr.crowdcomputingsystems.com/xml/schema-v1.xml\"\u003e \u003cpar align\u003d\"Justified\" linespacing\u003d\"670\"\u003e \u003cline b\u003d\"3529\" baseline\u003d\"3518\" l\u003d\"588\" r\u003d\"1671\" t\u003d\"3481\"\u003e \u003cformatting lang\u003d\"EnglishUnitedStates\"\u003e JONATHAN HUNTER | (312) 705-4807 \u003c/formatting\u003e  \u003c/line\u003e  \u003c/par\u003e  \u003c/text\u003e  \u003c/td\u003e   \u003ctd bottomborder\u003d\"White\" h\u003d\"205\" leftborder\u003d\"White\" rightborder\u003d\"White\" w\u003d\"1200\"\u003e \u003ctext xmlns\u003d\"http://ocr.crowdcomputingsystems.com/xml/schema-v1.xml\"\u003e \u003cpar leftindent\u003d\"700\" linespacing\u003d\"670\"\u003e \u003cline b\u003d\"3520\" baseline\u003d\"3518\" l\u003d\"1734\" r\u003d\"2269\" t\u003d\"3481\"\u003e \u003cformatting lang\u003d\"EnglishUnitedStates\"\u003e 1 ionahunOcdw.com \u003c/formatting\u003e  \u003c/line\u003e  \u003c/par\u003e  \u003c/text\u003e  \u003c/td\u003e   \u003c/tr\u003e \n \u003c/tbody\u003e\u003c/table\u003e\n \u003cblock b\u003d\"3714\" blockname\u003d\"\" blocktype\u003d\"Text\" l\u003d\"562\" r\u003d\"2349\" style\u003d\"transform: translate(272px, 915px); position: absolute; width: 864.067px; height: 14px;\" t\u003d\"3658\"\u003e \u003cregion\u003e \u003crect b\u003d\"3714\" l\u003d\"562\" r\u003d\"2349\" t\u003d\"3658\"\u003e\u003c/rect\u003e  \u003c/region\u003e  \u003ctext\u003e \u003cpar linespacing\u003d\"580\"\u003e \u003cline b\u003d\"3706\" baseline\u003d\"3698\" l\u003d\"570\" r\u003d\"2341\" style\u003d\"transform: translate(4px, 2px); position: absolute;\" t\u003d\"3666\"\u003e \u003cformatting lang\u003d\"EnglishUnitedStates\"\u003e Help and I nform ation: Support | About Us | Privacy Policy | Terms and Conditions \u003c/formatting\u003e  \u003c/line\u003e  \u003c/par\u003e  \u003c/text\u003e  \u003c/block\u003e  \u003cblock b\u003d\"3904\" blockname\u003d\"\" blocktype\u003d\"Text\" l\u003d\"560\" r\u003d\"1807\" style\u003d\"transform: translate(271px, 948px); position: absolute; width: 602.961px; height: 28.5px;\" t\u003d\"3790\"\u003e \u003cregion\u003e \u003crect b\u003d\"3904\" l\u003d\"560\" r\u003d\"1807\" t\u003d\"3790\"\u003e\u003c/rect\u003e  \u003c/region\u003e  \u003c/block\u003e  \u003cblock b\u003d\"2306\" blockname\u003d\"\" blocktype\u003d\"SeparatorsBox\" class\u003d\"hidden\" l\u003d\"504\" r\u003d\"2896\" style\u003d\"transform: translate(244px, 417px); position: absolute;\" t\u003d\"1666\"\u003e \u003cregion\u003e \u003crect b\u003d\"1671\" l\u003d\"504\" r\u003d\"2896\" t\u003d\"1666\"\u003e\u003c/rect\u003e  \u003crect b\u003d\"2302\" l\u003d\"504\" r\u003d\"2896\" t\u003d\"1671\"\u003e\u003c/rect\u003e  \u003crect b\u003d\"2306\" l\u003d\"504\" r\u003d\"2896\" t\u003d\"2302\"\u003e\u003c/rect\u003e  \u003c/region\u003e  \u003cseparatorsbox\u003e \u003cseparator thickness\u003d\"5\" type\u003d\"Black\"\u003e \u003cstart x\u003d\"504\" y\u003d\"1668\"\u003e\u003c/start\u003e \u003cend x\u003d\"2896\" y\u003d\"1668\"\u003e\u003c/end\u003e \u003c/separator\u003e \u003cseparator thickness\u003d\"4\" type\u003d\"Black\"\u003e \u003cstart x\u003d\"504\" y\u003d\"2304\"\u003e\u003c/start\u003e \u003cend x\u003d\"2896\" y\u003d\"2304\"\u003e\u003c/end\u003e \u003c/separator\u003e \u003cseparator thickness\u003d\"4\" type\u003d\"Black\"\u003e \u003cstart x\u003d\"506\" y\u003d\"1666\"\u003e\u003c/start\u003e \u003cend x\u003d\"506\" y\u003d\"2306\"\u003e\u003c/end\u003e \u003c/separator\u003e \u003cseparator thickness\u003d\"5\" type\u003d\"Black\"\u003e \u003cstart x\u003d\"2893\" y\u003d\"1666\"\u003e\u003c/start\u003e \u003cend x\u003d\"2893\" y\u003d\"2306\"\u003e\u003c/end\u003e \u003c/separator\u003e \u003c/separatorsbox\u003e \u003c/block\u003e  \u003cblock b\u003d\"868\" blockname\u003d\"\" blocktype\u003d\"Separator\" l\u003d\"1720\" r\u003d\"2896\" style\u003d\"transform: translate(832px, 216px); position: absolute;\" t\u003d\"865\"\u003e \u003cregion\u003e \u003crect b\u003d\"868\" l\u003d\"1720\" r\u003d\"2896\" t\u003d\"865\"\u003e\u003c/rect\u003e  \u003c/region\u003e  \u003cseparator thickness\u003d\"3\" type\u003d\"Black\"\u003e \u003cstart x\u003d\"1720\" y\u003d\"866\"\u003e\u003c/start\u003e \u003cend x\u003d\"2896\" y\u003d\"866\"\u003e\u003c/end\u003e \u003c/separator\u003e \u003c/block\u003e  \u003cblock b\u003d\"944\" blockname\u003d\"\" blocktype\u003d\"Separator\" l\u003d\"1720\" r\u003d\"2896\" style\u003d\"transform: translate(832px, 235px); position: absolute;\" t\u003d\"940\"\u003e \u003cregion\u003e \u003crect b\u003d\"944\" l\u003d\"1720\" r\u003d\"2896\" t\u003d\"940\"\u003e\u003c/rect\u003e  \u003c/region\u003e  \u003cseparator thickness\u003d\"4\" type\u003d\"Black\"\u003e \u003cstart x\u003d\"1720\" y\u003d\"942\"\u003e\u003c/start\u003e \u003cend x\u003d\"2896\" y\u003d\"942\"\u003e\u003c/end\u003e \u003c/separator\u003e \u003c/block\u003e  \u003cblock b\u003d\"1021\" blockname\u003d\"\" blocktype\u003d\"Separator\" l\u003d\"1720\" r\u003d\"2896\" style\u003d\"transform: translate(832px, 254px); position: absolute;\" t\u003d\"1017\"\u003e \u003cregion\u003e \u003crect b\u003d\"1021\" l\u003d\"1720\" r\u003d\"2896\" t\u003d\"1017\"\u003e\u003c/rect\u003e  \u003c/region\u003e  \u003cseparator thickness\u003d\"4\" type\u003d\"Black\"\u003e \u003cstart x\u003d\"1720\" y\u003d\"1019\"\u003e\u003c/start\u003e \u003cend x\u003d\"2896\" y\u003d\"1019\"\u003e\u003c/end\u003e \u003c/separator\u003e \u003c/block\u003e  \u003cblock b\u003d\"1097\" blockname\u003d\"\" blocktype\u003d\"Separator\" l\u003d\"1720\" r\u003d\"2896\" style\u003d\"transform: translate(832px, 273px); position: absolute;\" t\u003d\"1093\"\u003e \u003cregion\u003e \u003crect b\u003d\"1097\" l\u003d\"1720\" r\u003d\"2896\" t\u003d\"1093\"\u003e\u003c/rect\u003e  \u003c/region\u003e  \u003cseparator thickness\u003d\"4\" type\u003d\"Black\"\u003e \u003cstart x\u003d\"1720\" y\u003d\"1095\"\u003e\u003c/start\u003e \u003cend x\u003d\"2896\" y\u003d\"1095\"\u003e\u003c/end\u003e \u003c/separator\u003e \u003c/block\u003e  \u003cblock b\u003d\"1178\" blockname\u003d\"\" blocktype\u003d\"Separator\" l\u003d\"1720\" r\u003d\"2896\" style\u003d\"transform: translate(832px, 293px); position: absolute;\" t\u003d\"1170\"\u003e \u003cregion\u003e \u003crect b\u003d\"1178\" l\u003d\"1720\" r\u003d\"2896\" t\u003d\"1170\"\u003e\u003c/rect\u003e  \u003c/region\u003e  \u003cseparator thickness\u003d\"8\" type\u003d\"Black\"\u003e \u003cstart x\u003d\"1720\" y\u003d\"1174\"\u003e\u003c/start\u003e \u003cend x\u003d\"2896\" y\u003d\"1174\"\u003e\u003c/end\u003e \u003c/separator\u003e \u003c/block\u003e  \u003cblock b\u003d\"1237\" blockname\u003d\"\" blocktype\u003d\"Separator\" l\u003d\"375\" r\u003d\"572\" style\u003d\"transform: translate(181px, 306px); position: absolute;\" t\u003d\"1224\"\u003e \u003cregion\u003e \u003crect b\u003d\"1225\" l\u003d\"375\" r\u003d\"572\" t\u003d\"1224\"\u003e\u003c/rect\u003e  \u003crect b\u003d\"1229\" l\u003d\"375\" r\u003d\"572\" t\u003d\"1225\"\u003e\u003c/rect\u003e  \u003crect b\u003d\"1233\" l\u003d\"379\" r\u003d\"572\" t\u003d\"1229\"\u003e\u003c/rect\u003e  \u003crect b\u003d\"1237\" l\u003d\"388\" r\u003d\"572\" t\u003d\"1233\"\u003e\u003c/rect\u003e  \u003c/region\u003e  \u003cseparator thickness\u003d\"12\" type\u003d\"Black\"\u003e \u003cstart x\u003d\"375\" y\u003d\"1230\"\u003e\u003c/start\u003e \u003cend x\u003d\"572\" y\u003d\"1230\"\u003e\u003c/end\u003e \u003c/separator\u003e \u003c/block\u003e  \u003cblock b\u003d\"1258\" blockname\u003d\"\" blocktype\u003d\"Separator\" l\u003d\"1720\" r\u003d\"2896\" style\u003d\"transform: translate(832px, 314px); position: absolute;\" t\u003d\"1254\"\u003e \u003cregion\u003e \u003crect b\u003d\"1258\" l\u003d\"1720\" r\u003d\"2896\" t\u003d\"1254\"\u003e\u003c/rect\u003e  \u003c/region\u003e  \u003cseparator thickness\u003d\"4\" type\u003d\"Black\"\u003e \u003cstart x\u003d\"1720\" y\u003d\"1256\"\u003e\u003c/start\u003e \u003cend x\u003d\"2896\" y\u003d\"1256\"\u003e\u003c/end\u003e \u003c/separator\u003e \u003c/block\u003e  \u003cblock b\u003d\"1342\" blockname\u003d\"\" blocktype\u003d\"Separator\" l\u003d\"1720\" r\u003d\"2896\" style\u003d\"transform: translate(832px, 334px); position: absolute;\" t\u003d\"1334\"\u003e \u003cregion\u003e \u003crect b\u003d\"1342\" l\u003d\"1720\" r\u003d\"2896\" t\u003d\"1334\"\u003e\u003c/rect\u003e  \u003c/region\u003e  \u003cseparator thickness\u003d\"8\" type\u003d\"Black\"\u003e \u003cstart x\u003d\"1720\" y\u003d\"1338\"\u003e\u003c/start\u003e \u003cend x\u003d\"2896\" y\u003d\"1338\"\u003e\u003c/end\u003e \u003c/separator\u003e \u003c/block\u003e  \u003cblock b\u003d\"1429\" blockname\u003d\"\" blocktype\u003d\"Separator\" l\u003d\"504\" r\u003d\"2896\" style\u003d\"transform: translate(244px, 357px); position: absolute;\" t\u003d\"1426\"\u003e \u003cregion\u003e \u003crect b\u003d\"1429\" l\u003d\"504\" r\u003d\"2896\" t\u003d\"1426\"\u003e\u003c/rect\u003e  \u003c/region\u003e  \u003cseparator thickness\u003d\"3\" type\u003d\"Black\"\u003e \u003cstart x\u003d\"504\" y\u003d\"1427\"\u003e\u003c/start\u003e \u003cend x\u003d\"2896\" y\u003d\"1427\"\u003e\u003c/end\u003e \u003c/separator\u003e \u003c/block\u003e  \u003cblock b\u003d\"1506\" blockname\u003d\"\" blocktype\u003d\"Separator\" l\u003d\"504\" r\u003d\"2896\" style\u003d\"transform: translate(244px, 376px); position: absolute;\" t\u003d\"1502\"\u003e \u003cregion\u003e \u003crect b\u003d\"1506\" l\u003d\"504\" r\u003d\"2896\" t\u003d\"1502\"\u003e\u003c/rect\u003e  \u003c/region\u003e  \u003cseparator thickness\u003d\"4\" type\u003d\"Black\"\u003e \u003cstart x\u003d\"504\" y\u003d\"1504\"\u003e\u003c/start\u003e \u003cend x\u003d\"2896\" y\u003d\"1504\"\u003e\u003c/end\u003e \u003c/separator\u003e \u003c/block\u003e  \u003cblock b\u003d\"1583\" blockname\u003d\"\" blocktype\u003d\"Separator\" l\u003d\"504\" r\u003d\"2896\" style\u003d\"transform: translate(244px, 395px); position: absolute;\" t\u003d\"1578\"\u003e \u003cregion\u003e \u003crect b\u003d\"1583\" l\u003d\"504\" r\u003d\"2896\" t\u003d\"1578\"\u003e\u003c/rect\u003e  \u003c/region\u003e  \u003cseparator thickness\u003d\"5\" type\u003d\"Black\"\u003e \u003cstart x\u003d\"504\" y\u003d\"1580\"\u003e\u003c/start\u003e \u003cend x\u003d\"2896\" y\u003d\"1580\"\u003e\u003c/end\u003e \u003c/separator\u003e \u003c/block\u003e  \u003cblock b\u003d\"1747\" blockname\u003d\"\" blocktype\u003d\"Separator\" l\u003d\"504\" r\u003d\"2896\" style\u003d\"transform: translate(244px, 436px); position: absolute;\" t\u003d\"1742\"\u003e \u003cregion\u003e \u003crect b\u003d\"1747\" l\u003d\"504\" r\u003d\"2896\" t\u003d\"1742\"\u003e\u003c/rect\u003e  \u003c/region\u003e  \u003cseparator thickness\u003d\"5\" type\u003d\"Black\"\u003e \u003cstart x\u003d\"504\" y\u003d\"1744\"\u003e\u003c/start\u003e \u003cend x\u003d\"2896\" y\u003d\"1744\"\u003e\u003c/end\u003e \u003c/separator\u003e \u003c/block\u003e  \u003cblock b\u003d\"1834\" blockname\u003d\"\" blocktype\u003d\"Separator\" class\u003d\"hidden\" l\u003d\"550\" r\u003d\"1413\" style\u003d\"transform: translate(266px, 457px); position: absolute;\" t\u003d\"1829\"\u003e \u003cregion\u003e \u003crect b\u003d\"1834\" l\u003d\"550\" r\u003d\"1413\" t\u003d\"1829\"\u003e\u003c/rect\u003e  \u003c/region\u003e  \u003cseparator thickness\u003d\"5\" type\u003d\"Black\"\u003e \u003cstart x\u003d\"550\" y\u003d\"1831\"\u003e\u003c/start\u003e \u003cend x\u003d\"1413\" y\u003d\"1831\"\u003e\u003c/end\u003e \u003c/separator\u003e \u003c/block\u003e  \u003cblock b\u003d\"1941\" blockname\u003d\"\" blocktype\u003d\"Separator\" l\u003d\"504\" r\u003d\"2896\" style\u003d\"transform: translate(244px, 484px); position: absolute;\" t\u003d\"1936\"\u003e \u003cregion\u003e \u003crect b\u003d\"1941\" l\u003d\"504\" r\u003d\"2896\" t\u003d\"1936\"\u003e\u003c/rect\u003e  \u003c/region\u003e  \u003cseparator thickness\u003d\"5\" type\u003d\"Black\"\u003e \u003cstart x\u003d\"504\" y\u003d\"1938\"\u003e\u003c/start\u003e \u003cend x\u003d\"2896\" y\u003d\"1938\"\u003e\u003c/end\u003e \u003c/separator\u003e \u003c/block\u003e  \u003cblock b\u003d\"2020\" blockname\u003d\"\" blocktype\u003d\"Separator\" l\u003d\"504\" r\u003d\"2896\" style\u003d\"transform: translate(244px, 504px); position: absolute;\" t\u003d\"2016\"\u003e \u003cregion\u003e \u003crect b\u003d\"2020\" l\u003d\"504\" r\u003d\"2896\" t\u003d\"2016\"\u003e\u003c/rect\u003e  \u003c/region\u003e  \u003cseparator thickness\u003d\"4\" type\u003d\"Black\"\u003e \u003cstart x\u003d\"504\" y\u003d\"2018\"\u003e\u003c/start\u003e \u003cend x\u003d\"2896\" y\u003d\"2018\"\u003e\u003c/end\u003e \u003c/separator\u003e \u003c/block\u003e  \u003cblock b\u003d\"2096\" blockname\u003d\"\" blocktype\u003d\"Separator\" l\u003d\"1945\" r\u003d\"2896\" style\u003d\"transform: translate(940px, 523px); position: absolute;\" t\u003d\"2092\"\u003e \u003cregion\u003e \u003crect b\u003d\"2096\" l\u003d\"1945\" r\u003d\"2896\" t\u003d\"2092\"\u003e\u003c/rect\u003e  \u003c/region\u003e  \u003cseparator thickness\u003d\"4\" type\u003d\"Black\"\u003e \u003cstart x\u003d\"1945\" y\u003d\"2094\"\u003e\u003c/start\u003e \u003cend x\u003d\"2896\" y\u003d\"2094\"\u003e\u003c/end\u003e \u003c/separator\u003e \u003c/block\u003e  \u003cblock b\u003d\"2172\" blockname\u003d\"\" blocktype\u003d\"Separator\" l\u003d\"1945\" r\u003d\"2896\" style\u003d\"transform: translate(940px, 542px); position: absolute;\" t\u003d\"2168\"\u003e \u003cregion\u003e \u003crect b\u003d\"2172\" l\u003d\"1945\" r\u003d\"2896\" t\u003d\"2168\"\u003e\u003c/rect\u003e  \u003c/region\u003e  \u003cseparator thickness\u003d\"4\" type\u003d\"Black\"\u003e \u003cstart x\u003d\"1945\" y\u003d\"2170\"\u003e\u003c/start\u003e \u003cend x\u003d\"2896\" y\u003d\"2170\"\u003e\u003c/end\u003e \u003c/separator\u003e \u003c/block\u003e  \u003cblock b\u003d\"2585\" blockname\u003d\"\" blocktype\u003d\"Separator\" l\u003d\"566\" r\u003d\"2834\" style\u003d\"transform: translate(274px, 645px); position: absolute;\" t\u003d\"2580\"\u003e \u003cregion\u003e \u003crect b\u003d\"2585\" l\u003d\"566\" r\u003d\"2834\" t\u003d\"2580\"\u003e\u003c/rect\u003e  \u003c/region\u003e  \u003cseparator thickness\u003d\"5\" type\u003d\"Black\"\u003e \u003cstart x\u003d\"566\" y\u003d\"2582\"\u003e\u003c/start\u003e \u003cend x\u003d\"2834\" y\u003d\"2582\"\u003e\u003c/end\u003e \u003c/separator\u003e \u003c/block\u003e  \u003cblock b\u003d\"2793\" blockname\u003d\"\" blocktype\u003d\"Separator\" l\u003d\"1214\" r\u003d\"1704\" style\u003d\"transform: translate(587px, 697px); position: absolute;\" t\u003d\"2789\"\u003e \u003cregion\u003e \u003crect b\u003d\"2793\" l\u003d\"1214\" r\u003d\"1704\" t\u003d\"2789\"\u003e\u003c/rect\u003e  \u003c/region\u003e  \u003cseparator thickness\u003d\"4\" type\u003d\"Black\"\u003e \u003cstart x\u003d\"1214\" y\u003d\"2791\"\u003e\u003c/start\u003e \u003cend x\u003d\"1704\" y\u003d\"2791\"\u003e\u003c/end\u003e \u003c/separator\u003e \u003c/block\u003e  \u003cblock b\u003d\"3106\" blockname\u003d\"\" blocktype\u003d\"Separator\" l\u003d\"1169\" r\u003d\"1682\" style\u003d\"transform: translate(565px, 775px); position: absolute;\" t\u003d\"3101\"\u003e \u003cregion\u003e \u003crect b\u003d\"3102\" l\u003d\"1480\" r\u003d\"1682\" t\u003d\"3101\"\u003e\u003c/rect\u003e  \u003crect b\u003d\"3105\" l\u003d\"1169\" r\u003d\"1682\" t\u003d\"3102\"\u003e\u003c/rect\u003e  \u003crect b\u003d\"3106\" l\u003d\"1169\" r\u003d\"1480\" t\u003d\"3105\"\u003e\u003c/rect\u003e  \u003c/region\u003e  \u003cseparator thickness\u003d\"4\" type\u003d\"Black\"\u003e \u003cstart x\u003d\"1169\" y\u003d\"3103\"\u003e\u003c/start\u003e \u003cend x\u003d\"1682\" y\u003d\"3103\"\u003e\u003c/end\u003e \u003c/separator\u003e \u003c/block\u003e  \u003cblock b\u003d\"3526\" blockname\u003d\"\" blocktype\u003d\"Separator\" l\u003d\"1804\" r\u003d\"2280\" style\u003d\"transform: translate(872px, 880px); position: absolute;\" t\u003d\"3521\"\u003e \u003cregion\u003e \u003crect b\u003d\"3526\" l\u003d\"1804\" r\u003d\"2280\" t\u003d\"3521\"\u003e\u003c/rect\u003e  \u003c/region\u003e  \u003cseparator thickness\u003d\"5\" type\u003d\"Black\"\u003e \u003cstart x\u003d\"1804\" y\u003d\"3523\"\u003e\u003c/start\u003e \u003cend x\u003d\"2280\" y\u003d\"3523\"\u003e\u003c/end\u003e \u003c/separator\u003e \u003c/block\u003e  \u003cblock b\u003d\"3704\" blockname\u003d\"\" blocktype\u003d\"Separator\" class\u003d\"hidden\" l\u003d\"1102\" r\u003d\"1269\" style\u003d\"transform: translate(533px, 925px); position: absolute;\" t\u003d\"3700\"\u003e \u003cregion\u003e \u003crect b\u003d\"3704\" l\u003d\"1102\" r\u003d\"1269\" t\u003d\"3700\"\u003e\u003c/rect\u003e  \u003c/region\u003e  \u003cseparator thickness\u003d\"4\" type\u003d\"Black\"\u003e \u003cstart x\u003d\"1102\" y\u003d\"3702\"\u003e\u003c/start\u003e \u003cend x\u003d\"1269\" y\u003d\"3702\"\u003e\u003c/end\u003e \u003c/separator\u003e \u003c/block\u003e  \u003cblock b\u003d\"3704\" blockname\u003d\"\" blocktype\u003d\"Separator\" class\u003d\"hidden\" l\u003d\"1316\" r\u003d\"1507\" style\u003d\"transform: translate(636px, 925px); position: absolute;\" t\u003d\"3700\"\u003e \u003cregion\u003e \u003crect b\u003d\"3704\" l\u003d\"1316\" r\u003d\"1507\" t\u003d\"3700\"\u003e\u003c/rect\u003e  \u003c/region\u003e  \u003cseparator thickness\u003d\"4\" type\u003d\"Black\"\u003e \u003cstart x\u003d\"1316\" y\u003d\"3702\"\u003e\u003c/start\u003e \u003cend x\u003d\"1507\" y\u003d\"3702\"\u003e\u003c/end\u003e \u003c/separator\u003e \u003c/block\u003e  \u003cblock b\u003d\"3704\" blockname\u003d\"\" blocktype\u003d\"Separator\" class\u003d\"hidden\" l\u003d\"1554\" r\u003d\"1840\" style\u003d\"transform: translate(751px, 925px); position: absolute;\" t\u003d\"3700\"\u003e \u003cregion\u003e \u003crect b\u003d\"3704\" l\u003d\"1554\" r\u003d\"1840\" t\u003d\"3700\"\u003e\u003c/rect\u003e  \u003c/region\u003e  \u003cseparator thickness\u003d\"4\" type\u003d\"Black\"\u003e \u003cstart x\u003d\"1554\" y\u003d\"3702\"\u003e\u003c/start\u003e \u003cend x\u003d\"1840\" y\u003d\"3702\"\u003e\u003c/end\u003e \u003c/separator\u003e \u003c/block\u003e  \u003cblock b\u003d\"3704\" blockname\u003d\"\" blocktype\u003d\"Separator\" class\u003d\"hidden\" l\u003d\"1887\" r\u003d\"2344\" style\u003d\"transform: translate(912px, 925px); position: absolute;\" t\u003d\"3700\"\u003e \u003cregion\u003e \u003crect b\u003d\"3704\" l\u003d\"1887\" r\u003d\"2344\" t\u003d\"3700\"\u003e\u003c/rect\u003e  \u003c/region\u003e  \u003cseparator thickness\u003d\"4\" type\u003d\"Black\"\u003e \u003cstart x\u003d\"1887\" y\u003d\"3702\"\u003e\u003c/start\u003e \u003cend x\u003d\"2344\" y\u003d\"3702\"\u003e\u003c/end\u003e \u003c/separator\u003e \u003c/block\u003e  \u003cblock b\u003d\"3837\" blockname\u003d\"\" blocktype\u003d\"Separator\" l\u003d\"1050\" r\u003d\"1467\" style\u003d\"transform: translate(508px, 958px); position: absolute;\" t\u003d\"3832\"\u003e \u003cregion\u003e \u003crect b\u003d\"3837\" l\u003d\"1050\" r\u003d\"1467\" t\u003d\"3832\"\u003e\u003c/rect\u003e  \u003c/region\u003e  \u003cseparator thickness\u003d\"5\" type\u003d\"Black\"\u003e \u003cstart x\u003d\"1050\" y\u003d\"3834\"\u003e\u003c/start\u003e \u003cend x\u003d\"1467\" y\u003d\"3834\"\u003e\u003c/end\u003e \u003c/separator\u003e \u003c/block\u003e  \u003cblock b\u003d\"3895\" blockname\u003d\"\" blocktype\u003d\"Separator\" class\u003d\"hidden\" l\u003d\"806\" r\u003d\"1332\" style\u003d\"transform: translate(390px, 973px); position: absolute;\" t\u003d\"3891\"\u003e \u003cregion\u003e \u003crect b\u003d\"3895\" l\u003d\"806\" r\u003d\"1332\" t\u003d\"3891\"\u003e\u003c/rect\u003e  \u003c/region\u003e  \u003cseparator thickness\u003d\"4\" type\u003d\"Black\"\u003e \u003cstart x\u003d\"806\" y\u003d\"3893\"\u003e\u003c/start\u003e \u003cend x\u003d\"1332\" y\u003d\"3893\"\u003e\u003c/end\u003e \u003c/separator\u003e \u003c/block\u003e  \u003cblock b\u003d\"1225\" blockname\u003d\"\" blocktype\u003d\"Separator\" l\u003d\"367\" r\u003d\"380\" style\u003d\"transform: translate(177px, 258px); position: absolute;\" t\u003d\"1033\"\u003e \u003cregion\u003e \u003crect b\u003d\"1037\" l\u003d\"374\" r\u003d\"380\" t\u003d\"1033\"\u003e\u003c/rect\u003e  \u003crect b\u003d\"1040\" l\u003d\"371\" r\u003d\"380\" t\u003d\"1037\"\u003e\u003c/rect\u003e  \u003crect b\u003d\"1041\" l\u003d\"370\" r\u003d\"380\" t\u003d\"1040\"\u003e\u003c/rect\u003e  \u003crect b\u003d\"1225\" l\u003d\"367\" r\u003d\"380\" t\u003d\"1041\"\u003e\u003c/rect\u003e  \u003c/region\u003e  \u003cseparator thickness\u003d\"12\" type\u003d\"Black\"\u003e \u003cstart x\u003d\"373\" y\u003d\"1033\"\u003e\u003c/start\u003e \u003cend x\u003d\"373\" y\u003d\"1225\"\u003e\u003c/end\u003e \u003c/separator\u003e \u003c/block\u003e  \u003cblock b\u003d\"1225\" blockname\u003d\"\" blocktype\u003d\"Separator\" l\u003d\"571\" r\u003d\"584\" style\u003d\"transform: translate(276px, 249px); position: absolute;\" t\u003d\"995\"\u003e \u003cregion\u003e \u003crect b\u003d\"1088\" l\u003d\"572\" r\u003d\"584\" t\u003d\"995\"\u003e\u003c/rect\u003e  \u003crect b\u003d\"1117\" l\u003d\"572\" r\u003d\"584\" t\u003d\"1088\"\u003e\u003c/rect\u003e  \u003crect b\u003d\"1225\" l\u003d\"571\" r\u003d\"584\" t\u003d\"1117\"\u003e\u003c/rect\u003e  \u003c/region\u003e  \u003cseparator thickness\u003d\"9\" type\u003d\"Black\"\u003e \u003cstart x\u003d\"577\" y\u003d\"995\"\u003e\u003c/start\u003e \u003cend x\u003d\"577\" y\u003d\"1225\"\u003e\u003c/end\u003e \u003c/separator\u003e \u003c/block\u003e  \u003cblock b\u003d\"1583\" blockname\u003d\"\" blocktype\u003d\"Separator\" l\u003d\"656\" r\u003d\"660\" style\u003d\"transform: translate(317px, 357px); position: absolute;\" t\u003d\"1426\"\u003e \u003cregion\u003e \u003crect b\u003d\"1583\" l\u003d\"656\" r\u003d\"660\" t\u003d\"1426\"\u003e\u003c/rect\u003e  \u003c/region\u003e  \u003cseparator thickness\u003d\"4\" type\u003d\"Black\"\u003e \u003cstart x\u003d\"658\" y\u003d\"1426\"\u003e\u003c/start\u003e \u003cend x\u003d\"658\" y\u003d\"1583\"\u003e\u003c/end\u003e \u003c/separator\u003e \u003c/block\u003e  \u003cblock b\u003d\"2306\" blockname\u003d\"\" blocktype\u003d\"Separator\" l\u003d\"1225\" r\u003d\"1230\" style\u003d\"transform: translate(592px, 484px); position: absolute;\" t\u003d\"1936\"\u003e \u003cregion\u003e \u003crect b\u003d\"2306\" l\u003d\"1225\" r\u003d\"1230\" t\u003d\"1936\"\u003e\u003c/rect\u003e  \u003c/region\u003e  \u003cseparator thickness\u003d\"5\" type\u003d\"Black\"\u003e \u003cstart x\u003d\"1227\" y\u003d\"1936\"\u003e\u003c/start\u003e \u003cend x\u003d\"1227\" y\u003d\"2306\"\u003e\u003c/end\u003e \u003c/separator\u003e \u003c/block\u003e  \u003cblock b\u003d\"1583\" blockname\u003d\"\" blocktype\u003d\"Separator\" l\u003d\"1364\" r\u003d\"1368\" style\u003d\"transform: translate(660px, 357px); position: absolute;\" t\u003d\"1426\"\u003e \u003cregion\u003e \u003crect b\u003d\"1583\" l\u003d\"1364\" r\u003d\"1368\" t\u003d\"1426\"\u003e\u003c/rect\u003e  \u003c/region\u003e  \u003cseparator thickness\u003d\"4\" type\u003d\"Black\"\u003e \u003cstart x\u003d\"1366\" y\u003d\"1426\"\u003e\u003c/start\u003e \u003cend x\u003d\"1366\" y\u003d\"1583\"\u003e\u003c/end\u003e \u003c/separator\u003e \u003c/block\u003e  \u003cblock b\u003d\"1583\" blockname\u003d\"\" blocktype\u003d\"Separator\" l\u003d\"1693\" r\u003d\"1698\" style\u003d\"transform: translate(819px, 357px); position: absolute;\" t\u003d\"1426\"\u003e \u003cregion\u003e \u003crect b\u003d\"1583\" l\u003d\"1693\" r\u003d\"1698\" t\u003d\"1426\"\u003e\u003c/rect\u003e  \u003c/region\u003e  \u003cseparator thickness\u003d\"5\" type\u003d\"Black\"\u003e \u003cstart x\u003d\"1695\" y\u003d\"1426\"\u003e\u003c/start\u003e \u003cend x\u003d\"1695\" y\u003d\"1583\"\u003e\u003c/end\u003e \u003c/separator\u003e \u003c/block\u003e  \u003cblock b\u003d\"1342\" blockname\u003d\"\" blocktype\u003d\"Separator\" l\u003d\"1720\" r\u003d\"1728\" style\u003d\"transform: translate(832px, 216px); position: absolute;\" t\u003d\"865\"\u003e \u003cregion\u003e \u003crect b\u003d\"1170\" l\u003d\"1720\" r\u003d\"1724\" t\u003d\"865\"\u003e\u003c/rect\u003e  \u003crect b\u003d\"1342\" l\u003d\"1720\" r\u003d\"1728\" t\u003d\"1170\"\u003e\u003c/rect\u003e  \u003c/region\u003e  \u003cseparator thickness\u003d\"6\" type\u003d\"Black\"\u003e \u003cstart x\u003d\"1724\" y\u003d\"865\"\u003e\u003c/start\u003e \u003cend x\u003d\"1724\" y\u003d\"1342\"\u003e\u003c/end\u003e \u003c/separator\u003e \u003c/block\u003e  \u003cblock b\u003d\"2306\" blockname\u003d\"\" blocktype\u003d\"Separator\" l\u003d\"1945\" r\u003d\"1950\" style\u003d\"transform: translate(940px, 484px); position: absolute;\" t\u003d\"1936\"\u003e \u003cregion\u003e \u003crect b\u003d\"2306\" l\u003d\"1945\" r\u003d\"1950\" t\u003d\"1936\"\u003e\u003c/rect\u003e  \u003c/region\u003e  \u003cseparator thickness\u003d\"5\" type\u003d\"Black\"\u003e \u003cstart x\u003d\"1947\" y\u003d\"1936\"\u003e\u003c/start\u003e \u003cend x\u003d\"1947\" y\u003d\"2306\"\u003e\u003c/end\u003e \u003c/separator\u003e \u003c/block\u003e  \u003cblock b\u003d\"1178\" blockname\u003d\"\" blocktype\u003d\"Separator\" l\u003d\"2166\" r\u003d\"2171\" style\u003d\"transform: translate(1047px, 216px); position: absolute;\" t\u003d\"865\"\u003e \u003cregion\u003e \u003crect b\u003d\"1178\" l\u003d\"2166\" r\u003d\"2171\" t\u003d\"865\"\u003e\u003c/rect\u003e  \u003c/region\u003e  \u003cseparator thickness\u003d\"5\" type\u003d\"Black\"\u003e \u003cstart x\u003d\"2168\" y\u003d\"865\"\u003e\u003c/start\u003e \u003cend x\u003d\"2168\" y\u003d\"1178\"\u003e\u003c/end\u003e \u003c/separator\u003e \u003c/block\u003e  \u003cblock b\u003d\"1583\" blockname\u003d\"\" blocktype\u003d\"Separator\" l\u003d\"2360\" r\u003d\"2364\" style\u003d\"transform: translate(1141px, 357px); position: absolute;\" t\u003d\"1426\"\u003e \u003cregion\u003e \u003crect b\u003d\"1583\" l\u003d\"2360\" r\u003d\"2364\" t\u003d\"1426\"\u003e\u003c/rect\u003e  \u003c/region\u003e  \u003cseparator thickness\u003d\"4\" type\u003d\"Black\"\u003e \u003cstart x\u003d\"2362\" y\u003d\"1426\"\u003e\u003c/start\u003e \u003cend x\u003d\"2362\" y\u003d\"1583\"\u003e\u003c/end\u003e \u003c/separator\u003e \u003c/block\u003e  \u003cblock b\u003d\"1342\" blockname\u003d\"\" blocktype\u003d\"Separator\" class\u003d\"hidden\" l\u003d\"2395\" r\u003d\"2400\" style\u003d\"transform: translate(1158px, 293px); position: absolute;\" t\u003d\"1170\"\u003e \u003cregion\u003e \u003crect b\u003d\"1342\" l\u003d\"2395\" r\u003d\"2400\" t\u003d\"1170\"\u003e\u003c/rect\u003e  \u003c/region\u003e  \u003cseparator thickness\u003d\"5\" type\u003d\"Black\"\u003e \u003cstart x\u003d\"2397\" y\u003d\"1170\"\u003e\u003c/start\u003e \u003cend x\u003d\"2397\" y\u003d\"1342\"\u003e\u003c/end\u003e \u003c/separator\u003e \u003c/block\u003e  \u003cblock b\u003d\"2306\" blockname\u003d\"\" blocktype\u003d\"Separator\" class\u003d\"hidden\" l\u003d\"2449\" r\u003d\"2454\" style\u003d\"transform: translate(1184px, 484px); position: absolute;\" t\u003d\"1936\"\u003e \u003cregion\u003e \u003crect b\u003d\"2306\" l\u003d\"2449\" r\u003d\"2454\" t\u003d\"1936\"\u003e\u003c/rect\u003e  \u003c/region\u003e  \u003cseparator thickness\u003d\"5\" type\u003d\"Black\"\u003e \u003cstart x\u003d\"2451\" y\u003d\"1936\"\u003e\u003c/start\u003e \u003cend x\u003d\"2451\" y\u003d\"2306\"\u003e\u003c/end\u003e \u003c/separator\u003e \u003c/block\u003e  \u003cblock b\u003d\"1178\" blockname\u003d\"\" blocktype\u003d\"Separator\" l\u003d\"2617\" r\u003d\"2622\" style\u003d\"transform: translate(1265px, 216px); position: absolute;\" t\u003d\"865\"\u003e \u003cregion\u003e \u003crect b\u003d\"1178\" l\u003d\"2617\" r\u003d\"2622\" t\u003d\"865\"\u003e\u003c/rect\u003e  \u003c/region\u003e  \u003cseparator thickness\u003d\"5\" type\u003d\"Black\"\u003e \u003cstart x\u003d\"2619\" y\u003d\"865\"\u003e\u003c/start\u003e \u003cend x\u003d\"2619\" y\u003d\"1178\"\u003e\u003c/end\u003e \u003c/separator\u003e \u003c/block\u003e  \u003cblock b\u003d\"3412\" blockname\u003d\"\" blocktype\u003d\"Separator\" l\u003d\"585\" r\u003d\"2886\" style\u003d\"transform: translate(283px, 852px); position: absolute;\" t\u003d\"3407\"\u003e \u003cregion\u003e \u003crect b\u003d\"3412\" l\u003d\"585\" r\u003d\"2886\" t\u003d\"3407\"\u003e\u003c/rect\u003e  \u003c/region\u003e  \u003cseparator thickness\u003d\"5\" type\u003d\"Dotted\"\u003e \u003cstart x\u003d\"585\" y\u003d\"3409\"\u003e\u003c/start\u003e \u003cend x\u003d\"2886\" y\u003d\"3409\"\u003e\u003c/end\u003e \u003c/separator\u003e \u003c/block\u003e  \u003cblock b\u003d\"642\" blockname\u003d\"\" blocktype\u003d\"Text\" class\u003d\"hidden\" l\u003d\"509\" r\u003d\"1367\" style\u003d\"transform: translate(246px, 142px); position: absolute; width: 414.868px; height: 18.25px;\" t\u003d\"569\"\u003e \u003cregion\u003e \u003crect b\u003d\"642\" l\u003d\"509\" r\u003d\"1367\" t\u003d\"569\"\u003e\u003c/rect\u003e  \u003c/region\u003e  \u003ctext\u003e \u003cpar linespacing\u003d\"-1\"\u003e\u003c/par\u003e  \u003c/text\u003e  \u003c/block\u003e  \u003c/page\u003e \u003c/document\u003e\u003c/body\u003e\u003c/html\u003e","tags":[{"begin":75,"end":83,"text":"REED PLC","tag":"supplier_name","fieldType":"COMPANY_NAME","score":0.7337024550067497,"estimatedAccuracy":0.0},{"begin":439,"end":447,"text":"01/30/06","tag":"invoice_date","fieldType":"DATE","score":0.6401900314376894,"estimatedAccuracy":0.0},{"begin":1833,"end":1840,"text":"6665.81","tag":"total_amount","fieldType":"NUMBER","score":0.6903926982783886,"estimatedAccuracy":0.0},{"begin":2131,"end":2148,"text":"fwood@hotmail.com","tag":"email","fieldType":"EMAIL","score":0.6915788569893903,"estimatedAccuracy":0.0}],"group":"email|invoice_date|supplier_name|total_amount","limeExplanation":{},"liblinearFeatureImportance":{}}