{"finalScore":0.7906749286052168,"metaInfo":{"model":{"coreVersion":"10.3.0.39"}},"sumScore":21.348223072340854,"tagsCounter":27.0,"taggedText":"\u003cbase\u003e\u003c/base\u003e\u003cmeta content\u003d\"text-html; charset\u003dutf-8\"\u003e\u003c/meta\u003e\u003cstyle type\u003d\"text/css\"\u003e\u003c/style\u003e\u003cdocument\u003e\u003cpage\u003e\u003cblock\u003e\u003ctext\u003e\u003cp\u003e\u003cpar\u003e\u003cspan\u003e\u003cline\u003e\u003cspan\u003e\u003cformatting\u003e\u003csupplier_name appendorder\u003d\"34\" class\u003d\"extraction-tag\" confidence\u003d\"1/1\" data-original-title\u003d\"supplier_name\" data-toggle\u003d\"tooltip\" data-value\u003d\"Osinski Inc\" fold-name\u003d\"fold1\" score\u003d\"0.7204401054606185\" style\u003d\"background-color: rgb(88, 50, 166);  color: rgb(255, 255, 255);   border: 2px solid rgb(125, 157, 1); \" tagorder\u003d\"33\"\u003eOsinski Inc\u003c/supplier_name\u003e\u003c/formatting\u003e \u003c/span\u003e\u003c/line\u003e \u003c/span\u003e\u003c/par\u003e \u003c/p\u003e \n\u003c/text\u003e \u003c/block\u003e \u003cblock\u003e\u003ctext\u003e\u003cp\u003e\u003cpar\u003e\u003cspan\u003e\u003cline\u003e\u003cspan\u003e\u003cformatting\u003eINVOICE Gf\u003c/formatting\u003e \u003c/span\u003e\u003c/line\u003e \u003c/span\u003e\u003c/par\u003e \u003cpar\u003e\u003cspan\u003e\u003cline\u003e\u003cspan\u003e\u003cformatting\u003eBILL TO\u003c/formatting\u003e \u003c/span\u003e\u003c/line\u003e \u003c/span\u003e\u003c/par\u003e \u003cpar\u003e\u003cspan\u003e\u003cline\u003e\u003cspan\u003e\u003cformatting\u003eBrycen Brycen Carter\u003c/formatting\u003e \u003c/span\u003e\u003c/line\u003e \u003cline\u003e\u003cspan\u003e\u003cformatting\u003eGibsonmouth, Ml 03565-0170\u003c/formatting\u003e \u003c/span\u003e\u003c/line\u003e \u003c/span\u003e\u003c/par\u003e \u003cpar\u003e\u003cspan\u003e\u003cline\u003e\u003cspan\u003e\u003cformatting\u003e94797-\u003c/formatting\u003e \u003c/span\u003e\u003c/line\u003e \u003c/span\u003e\u003c/par\u003e \u003cpar\u003e\u003cspan\u003e\u003cline\u003e\u003cspan\u003e\u003cformatting\u003e7629\u003c/formatting\u003e \u003c/span\u003e\u003c/line\u003e \u003c/span\u003e\u003c/par\u003e \u003cpar\u003e\u003cspan\u003e\u003cline\u003e\u003cspan\u003e\u003cformatting\u003eJennieton\u003c/formatting\u003e \u003c/span\u003e\u003c/line\u003e \u003c/span\u003e\u003c/par\u003e \u003cpar\u003e\u003cspan\u003e\u003cline\u003e\u003cspan\u003e\u003cformatting\u003eGuatemala\u003c/formatting\u003e \u003c/span\u003e\u003c/line\u003e \u003c/span\u003e\u003c/par\u003e \u003c/p\u003e \n\u003c/text\u003e \u003c/block\u003e \u003cblock\u003e\u003ctext\u003e\u003cp\u003e\u003cpar\u003e\u003cspan\u003e\u003cline\u003e\u003cspan\u003e\u003cformatting\u003eInvoice #\u003cinvoice_number appendorder\u003d\"6\" class\u003d\"extraction-tag\" confidence\u003d\"1/1\" data-original-title\u003d\"invoice_number\" data-toggle\u003d\"tooltip\" data-value\u003d\"2873872552\" fold-name\u003d\"fold1\" score\u003d\"0.8951310043652703\" style\u003d\"background-color: rgb(0, 83, 98);  color: rgb(255, 255, 255);   border: 2px solid rgb(125, 157, 1); \" tagorder\u003d\"1\"\u003e2873872552\u003c/invoice_number\u003e\u003c/formatting\u003e \u003c/span\u003e\u003c/line\u003e \u003c/span\u003e\u003c/par\u003e \u003cpar\u003e\u003cspan\u003e\u003cline\u003e\u003cspan\u003e\u003cformatting\u003eOrder date 0\u003c/formatting\u003e \u003c/span\u003e\u003c/line\u003e \u003c/span\u003e\u003c/par\u003e \u003cpar\u003e\u003cspan\u003e\u003cline\u003e\u003cspan\u003e\u003cformatting\u003eAccount number xv9INcSj80402wE4\u003c/formatting\u003e \u003c/span\u003e\u003c/line\u003e \u003c/span\u003e\u003c/par\u003e \u003cpar\u003e\u003cspan\u003e\u003cline\u003e\u003cspan\u003e\u003cformatting\u003eShipment provided □\u003c/formatting\u003e \u003c/span\u003e\u003c/line\u003e \u003c/span\u003e\u003c/par\u003e \u003c/p\u003e \n\u003c/text\u003e \u003c/block\u003e \u003ctable border\u003d\"1\" style\u003d\"user-select: auto;\"\u003e\u003ctbody\u003e\u003ctr\u003e\u003ctd style\u003d\"vertical-align:middle;\"\u003e\u003ctext\u003e\u003cp\u003e\u003cpar\u003e\u003cspan\u003e\u003cline\u003e\u003cspan\u003e\u003cformatting\u003eProduct\u003c/formatting\u003e \u003c/span\u003e\u003c/line\u003e \u003c/span\u003e\u003c/par\u003e \u003c/p\u003e \n\u003c/text\u003e \u003c/td\u003e  \u003ctd style\u003d\"vertical-align:middle;\"\u003e\u003ctext\u003e\u003cp\u003e\u003cpar\u003e\u003cspan\u003e\u003cline\u003e\u003cspan\u003e\u003cformatting\u003ePrice\u003c/formatting\u003e \u003c/span\u003e\u003c/line\u003e \u003c/span\u003e\u003c/par\u003e \u003c/p\u003e \n\u003c/text\u003e \u003c/td\u003e  \u003ctd style\u003d\"vertical-align:middle;\"\u003e\u003ctext\u003e\u003cp\u003e\u003cpar\u003e\u003cspan\u003e\u003cline\u003e\u003cspan\u003e\u003cformatting\u003eQuantity\u003c/formatting\u003e \u003c/span\u003e\u003c/line\u003e \u003c/span\u003e\u003c/par\u003e \u003c/p\u003e \n\u003c/text\u003e \u003c/td\u003e  \u003ctd style\u003d\"vertical-align:middle;\"\u003e\u003ctext\u003e\u003cp\u003e\u003cpar\u003e\u003cspan\u003e\u003cline\u003e\u003cspan\u003e\u003cformatting\u003eDescription\u003c/formatting\u003e \u003c/span\u003e\u003c/line\u003e \u003c/span\u003e\u003c/par\u003e \u003c/p\u003e \n\u003c/text\u003e \u003c/td\u003e  \u003ctd style\u003d\"vertical-align:middle;\"\u003e\u003ctext\u003e\u003cp\u003e\u003cpar\u003e\u003cspan\u003e\u003cline\u003e\u003cspan\u003e\u003cformatting\u003eTotal\u003c/formatting\u003e \u003c/span\u003e\u003c/line\u003e \u003c/span\u003e\u003c/par\u003e \u003c/p\u003e \n\u003c/text\u003e \u003c/td\u003e  \u003c/tr\u003e \n\u003ctr\u003e\u003ctd class\u003d\"\" style\u003d\"border-color: black;\"\u003e\u003ctext\u003e\u003cp\u003e\u003cpar\u003e\u003cspan\u003e\u003cline\u003e\u003cspan\u003e\u003cformatting\u003e\u003cproduct appendorder\u003d\"2\" class\u003d\"extraction-tag\" confidence\u003d\"1/1\" data-original-title\u003d\"product\" data-toggle\u003d\"tooltip\" data-value\u003d\"Synergistic Cotton Watch\" fold-name\u003d\"fold5\" score\u003d\"0.8215149311926027\" style\u003d\"background-color: rgb(78, 135, 105);  color: rgb(0, 0, 0);   border: 2px dashed rgb(128, 0, 0); \" tabnumber\u003d\"0\" tagorder\u003d\"17\"\u003eSynergistic Cotton Watch\u003c/product\u003e\u003c/formatting\u003e \u003c/span\u003e\u003c/line\u003e \u003c/span\u003e\u003c/par\u003e \u003c/p\u003e \n\u003c/text\u003e \u003c/td\u003e  \u003ctd style\u003d\"vertical-align:middle;\"\u003e\u003ctext\u003e\u003cp\u003e\u003cpar\u003e\u003cspan\u003e\u003cline\u003e\u003cspan\u003e\u003cformatting\u003e$\u003cprice appendorder\u003d\"9\" class\u003d\"extraction-tag\" confidence\u003d\"1/1\" data-original-title\u003d\"price\" data-toggle\u003d\"tooltip\" data-value\u003d\"366.44\" fold-name\u003d\"fold4\" score\u003d\"0.9040498396640687\" style\u003d\"background-color: rgb(140, 250, 187);  color: rgb(0, 0, 0);   border: 2px dashed rgb(128, 0, 0); \" tabnumber\u003d\"0\" tagorder\u003d\"25\"\u003e366.44\u003c/price\u003e\u003c/formatting\u003e \u003c/span\u003e\u003c/line\u003e \u003c/span\u003e\u003c/par\u003e \u003c/p\u003e \n\u003c/text\u003e \u003c/td\u003e  \u003ctd class\u003d\"\"\u003e\u003ctext\u003e\u003cp\u003e\u003cpar\u003e\u003cspan\u003e\u003cline\u003e\u003cspan\u003e\u003cformatting\u003e\u003cspan\u003e\u003cquantity appendorder\u003d\"11\" class\u003d\"extraction-tag\" confidence\u003d\"1/1\" data-original-title\u003d\"quantity\" data-toggle\u003d\"tooltip\" data-value\u003d\"83\" fold-name\u003d\"fold4\" score\u003d\"0.8278700279269573\" style\u003d\"background-color: rgb(11, 47, 140);  color: rgb(255, 255, 255);   border: 2px dashed rgb(128, 0, 0); \" tabnumber\u003d\"0\" tagorder\u003d\"9\"\u003e83\u003c/quantity\u003e\u003c/span\u003e\u003c/formatting\u003e \u003c/span\u003e\u003c/line\u003e \u003c/span\u003e\u003c/par\u003e \u003c/p\u003e \n\u003c/text\u003e \u003c/td\u003e  \u003ctd style\u003d\"vertical-align:middle;\"\u003e\u003ctext\u003e\u003cp\u003e\u003cpar\u003e\u003cspan\u003e\u003cline\u003e\u003cspan\u003e\u003cformatting\u003eIdentity of the ordered item as a GTIN\u003c/formatting\u003e \u003c/span\u003e\u003c/line\u003e \u003c/span\u003e\u003c/par\u003e \u003c/p\u003e \n\u003c/text\u003e \u003c/td\u003e  \u003ctd style\u003d\"vertical-align:middle;\"\u003e\u003ctext\u003e\u003cp\u003e\u003cpar\u003e\u003cspan\u003e\u003cline\u003e\u003cspan\u003e\u003cformatting\u003e$30,414.6\u003c/formatting\u003e \u003c/span\u003e\u003c/line\u003e \u003c/span\u003e\u003c/par\u003e \u003c/p\u003e \n\u003c/text\u003e \u003c/td\u003e  \u003c/tr\u003e \n\u003ctr\u003e\u003ctd class\u003d\"\" style\u003d\"border-color: black;\"\u003e\u003ctext\u003e\u003cp\u003e\u003cpar\u003e\u003cspan\u003e\u003cline\u003e\u003cspan\u003e\u003cformatting\u003e\u003cproduct appendorder\u003d\"13\" class\u003d\"extraction-tag\" confidence\u003d\"1/1\" data-original-title\u003d\"product\" data-toggle\u003d\"tooltip\" data-value\u003d\"Enormous Marble Shirt\" fold-name\u003d\"fold5\" score\u003d\"0.7910675112691005\" style\u003d\"background-color: rgb(78, 135, 105);  color: rgb(0, 0, 0);   border: 2px dashed rgb(0, 128, 0); \" tabnumber\u003d\"1\" tagorder\u003d\"18\"\u003eEnormous Marble Shirt\u003c/product\u003e\u003c/formatting\u003e \u003c/span\u003e\u003c/line\u003e \u003c/span\u003e\u003c/par\u003e \u003c/p\u003e \n\u003c/text\u003e \u003c/td\u003e  \u003ctd style\u003d\"vertical-align:middle;\"\u003e\u003ctext\u003e\u003cp\u003e\u003cpar\u003e\u003cspan\u003e\u003cline\u003e\u003cspan\u003e\u003cformatting\u003e$\u003cprice appendorder\u003d\"14\" class\u003d\"extraction-tag\" confidence\u003d\"1/1\" data-original-title\u003d\"price\" data-toggle\u003d\"tooltip\" data-value\u003d\"190.55\" fold-name\u003d\"fold4\" score\u003d\"0.841795299391617\" style\u003d\"background-color: rgb(140, 250, 187);  color: rgb(0, 0, 0);   border: 2px dashed rgb(0, 128, 0); \" tabnumber\u003d\"1\" tagorder\u003d\"26\"\u003e190.55\u003c/price\u003e\u003c/formatting\u003e \u003c/span\u003e\u003c/line\u003e \u003c/span\u003e\u003c/par\u003e \u003c/p\u003e \n\u003c/text\u003e \u003c/td\u003e  \u003ctd class\u003d\"\"\u003e\u003ctext\u003e\u003cp\u003e\u003cpar\u003e\u003cspan\u003e\u003cline\u003e\u003cspan\u003e\u003cformatting\u003e\u003cspan\u003e\u003cquantity appendorder\u003d\"15\" class\u003d\"extraction-tag\" confidence\u003d\"1/1\" data-original-title\u003d\"quantity\" data-toggle\u003d\"tooltip\" data-value\u003d\"71\" fold-name\u003d\"fold4\" score\u003d\"0.6944401130848714\" style\u003d\"background-color: rgb(11, 47, 140);  color: rgb(255, 255, 255);   border: 2px dashed rgb(0, 128, 0); \" tabnumber\u003d\"1\" tagorder\u003d\"10\"\u003e71\u003c/quantity\u003e\u003c/span\u003e\u003c/formatting\u003e \u003c/span\u003e\u003c/line\u003e \u003c/span\u003e\u003c/par\u003e \u003c/p\u003e \n\u003c/text\u003e \u003c/td\u003e  \u003ctd style\u003d\"vertical-align:middle;\"\u003e\u003ctext\u003e\u003cp\u003e\u003cpar\u003e\u003cspan\u003e\u003cline\u003e\u003cspan\u003e\u003cformatting\u003eCall-off/order confirmation line number 1\u003c/formatting\u003e \u003c/span\u003e\u003c/line\u003e \u003c/span\u003e\u003c/par\u003e \u003c/p\u003e \n\u003c/text\u003e \u003c/td\u003e  \u003ctd style\u003d\"vertical-align:middle;\"\u003e\u003ctext\u003e\u003cp\u003e\u003cpar\u003e\u003cspan\u003e\u003cline\u003e\u003cspan\u003e\u003cformatting\u003e$13,529.(\u003c/formatting\u003e \u003c/span\u003e\u003c/line\u003e \u003c/span\u003e\u003c/par\u003e \u003c/p\u003e \n\u003c/text\u003e \u003c/td\u003e  \u003c/tr\u003e \n\u003ctr\u003e\u003ctd class\u003d\"\" style\u003d\"border-color: black;\"\u003e\u003ctext\u003e\u003cp\u003e\u003cpar\u003e\u003cspan\u003e\u003cline\u003e\u003cspan\u003e\u003cformatting\u003e\u003cproduct appendorder\u003d\"16\" class\u003d\"extraction-tag\" confidence\u003d\"1/1\" data-original-title\u003d\"product\" data-toggle\u003d\"tooltip\" data-value\u003d\"Gorgeous Iron Keyboard\" fold-name\u003d\"fold5\" score\u003d\"0.7447837788764294\" style\u003d\"background-color: rgb(78, 135, 105);  color: rgb(0, 0, 0);   border: 2px dashed rgb(0, 0, 128); \" tabnumber\u003d\"2\" tagorder\u003d\"19\"\u003eGorgeous Iron Keyboard\u003c/product\u003e\u003c/formatting\u003e \u003c/span\u003e\u003c/line\u003e \u003c/span\u003e\u003c/par\u003e \u003c/p\u003e \n\u003c/text\u003e \u003c/td\u003e  \u003ctd style\u003d\"vertical-align:middle;\"\u003e\u003ctext\u003e\u003cp\u003e\u003cpar\u003e\u003cspan\u003e\u003cline\u003e\u003cspan\u003e\u003cformatting\u003e$\u003cprice appendorder\u003d\"17\" class\u003d\"extraction-tag\" confidence\u003d\"1/1\" data-original-title\u003d\"price\" data-toggle\u003d\"tooltip\" data-value\u003d\"257.78\" fold-name\u003d\"fold4\" score\u003d\"0.8423444539322608\" style\u003d\"background-color: rgb(140, 250, 187);  color: rgb(0, 0, 0);   border: 2px dashed rgb(0, 0, 128); \" tabnumber\u003d\"2\" tagorder\u003d\"27\"\u003e257.78\u003c/price\u003e\u003c/formatting\u003e \u003c/span\u003e\u003c/line\u003e \u003c/span\u003e\u003c/par\u003e \u003c/p\u003e \n\u003c/text\u003e \u003c/td\u003e  \u003ctd class\u003d\"\"\u003e\u003ctext\u003e\u003cp\u003e\u003cpar\u003e\u003cspan\u003e\u003cline\u003e\u003cspan\u003e\u003cformatting\u003e\u003cspan\u003e\u003cquantity appendorder\u003d\"18\" class\u003d\"extraction-tag\" confidence\u003d\"1/1\" data-original-title\u003d\"quantity\" data-toggle\u003d\"tooltip\" data-value\u003d\"12\" fold-name\u003d\"fold4\" score\u003d\"0.6769495759423831\" style\u003d\"background-color: rgb(11, 47, 140);  color: rgb(255, 255, 255);   border: 2px dashed rgb(0, 0, 128); \" tabnumber\u003d\"2\" tagorder\u003d\"11\"\u003e12\u003c/quantity\u003e\u003c/span\u003e\u003c/formatting\u003e \u003c/span\u003e\u003c/line\u003e \u003c/span\u003e\u003c/par\u003e \u003c/p\u003e \n\u003c/text\u003e \u003c/td\u003e  \u003ctd style\u003d\"vertical-align:middle;\"\u003e\u003ctext\u003e\u003cp\u003e\u003cpar\u003e\u003cspan\u003e\u003cline\u003e\u003cspan\u003e\u003cformatting\u003eCall-off/order confirmation line number 1\u003c/formatting\u003e \u003c/span\u003e\u003c/line\u003e \u003c/span\u003e\u003c/par\u003e \u003c/p\u003e \n\u003c/text\u003e \u003c/td\u003e  \u003ctd style\u003d\"vertical-align:middle;\"\u003e\u003ctext\u003e\u003cp\u003e\u003cpar\u003e\u003cspan\u003e\u003cline\u003e\u003cspan\u003e\u003cformatting\u003e$3,093.36\u003c/formatting\u003e \u003c/span\u003e\u003c/line\u003e \u003c/span\u003e\u003c/par\u003e \u003c/p\u003e \n\u003c/text\u003e \u003c/td\u003e  \u003c/tr\u003e \n\u003ctr\u003e\u003ctd class\u003d\"\" style\u003d\"border-color: black;\"\u003e\u003ctext\u003e\u003cp\u003e\u003cpar\u003e\u003cspan\u003e\u003cline\u003e\u003cspan\u003e\u003cformatting\u003e\u003cproduct appendorder\u003d\"19\" class\u003d\"extraction-tag\" confidence\u003d\"1/1\" data-original-title\u003d\"product\" data-toggle\u003d\"tooltip\" data-value\u003d\"Aerodynamic Paper Lamp\" fold-name\u003d\"fold5\" score\u003d\"0.7813070527042965\" style\u003d\"background-color: rgb(78, 135, 105);  color: rgb(0, 0, 0);   border: 2px dashed rgb(255, 0, 0); \" tabnumber\u003d\"3\" tagorder\u003d\"20\"\u003eAerodynamic Paper Lamp\u003c/product\u003e\u003c/formatting\u003e \u003c/span\u003e\u003c/line\u003e \u003c/span\u003e\u003c/par\u003e \u003c/p\u003e \n\u003c/text\u003e \u003c/td\u003e  \u003ctd style\u003d\"vertical-align:middle;\"\u003e\u003ctext\u003e\u003cp\u003e\u003cpar\u003e\u003cspan\u003e\u003cline\u003e\u003cspan\u003e\u003cformatting\u003e$\u003cprice appendorder\u003d\"20\" class\u003d\"extraction-tag\" confidence\u003d\"1/1\" data-original-title\u003d\"price\" data-toggle\u003d\"tooltip\" data-value\u003d\"433.46\" fold-name\u003d\"fold4\" score\u003d\"0.841795299391617\" style\u003d\"background-color: rgb(140, 250, 187);  color: rgb(0, 0, 0);   border: 2px dashed rgb(255, 0, 0); \" tabnumber\u003d\"3\" tagorder\u003d\"28\"\u003e433.46\u003c/price\u003e\u003c/formatting\u003e \u003c/span\u003e\u003c/line\u003e \u003c/span\u003e\u003c/par\u003e \u003c/p\u003e \n\u003c/text\u003e \u003c/td\u003e  \u003ctd class\u003d\"\"\u003e\u003ctext\u003e\u003cp\u003e\u003cpar\u003e\u003cspan\u003e\u003cline\u003e\u003cspan\u003e\u003cformatting\u003e\u003cspan\u003e\u003cquantity appendorder\u003d\"21\" class\u003d\"extraction-tag\" confidence\u003d\"1/1\" data-original-title\u003d\"quantity\" data-toggle\u003d\"tooltip\" data-value\u003d\"42\" fold-name\u003d\"fold4\" score\u003d\"0.7507483932526838\" style\u003d\"background-color: rgb(11, 47, 140);  color: rgb(255, 255, 255);   border: 2px dashed rgb(255, 0, 0); \" tabnumber\u003d\"3\" tagorder\u003d\"12\"\u003e42\u003c/quantity\u003e\u003c/span\u003e\u003c/formatting\u003e \u003c/span\u003e\u003c/line\u003e \u003c/span\u003e\u003c/par\u003e \u003c/p\u003e \n\u003c/text\u003e \u003c/td\u003e  \u003ctd style\u003d\"vertical-align:middle;\"\u003e\u003ctext\u003e\u003cp\u003e\u003cpar\u003e\u003cspan\u003e\u003cline\u003e\u003cspan\u003e\u003cformatting\u003eCall-off/order confirmation line number 1\u003c/formatting\u003e \u003c/span\u003e\u003c/line\u003e \u003c/span\u003e\u003c/par\u003e \u003c/p\u003e \n\u003c/text\u003e \u003c/td\u003e  \u003ctd style\u003d\"vertical-align:middle;\"\u003e\u003ctext\u003e\u003cp\u003e\u003cpar\u003e\u003cspan\u003e\u003cline\u003e\u003cspan\u003e\u003cformatting\u003e$18,205.3\u003c/formatting\u003e \u003c/span\u003e\u003c/line\u003e \u003c/span\u003e\u003c/par\u003e \u003c/p\u003e \n\u003c/text\u003e \u003c/td\u003e  \u003c/tr\u003e \n\u003ctr\u003e\u003ctd class\u003d\"\" style\u003d\"border-color: black;\"\u003e\u003ctext\u003e\u003cp\u003e\u003cpar\u003e\u003cspan\u003e\u003cline\u003e\u003cspan\u003e\u003cformatting\u003e\u003cproduct appendorder\u003d\"22\" class\u003d\"extraction-tag\" confidence\u003d\"1/1\" data-original-title\u003d\"product\" data-toggle\u003d\"tooltip\" data-value\u003d\"Ergonomic Wool Plate\" fold-name\u003d\"fold5\" score\u003d\"0.8147861358509655\" style\u003d\"background-color: rgb(78, 135, 105);  color: rgb(0, 0, 0);   border: 2px dotted rgb(0, 255, 0); \" tabnumber\u003d\"4\" tagorder\u003d\"21\"\u003eErgonomic Wool Plate\u003c/product\u003e\u003c/formatting\u003e \u003c/span\u003e\u003c/line\u003e \u003c/span\u003e\u003c/par\u003e \u003c/p\u003e \n\u003c/text\u003e \u003c/td\u003e  \u003ctd style\u003d\"vertical-align:middle;\"\u003e\u003ctext\u003e\u003cp\u003e\u003cpar\u003e\u003cspan\u003e\u003cline\u003e\u003cspan\u003e\u003cformatting\u003e$\u003cprice appendorder\u003d\"23\" class\u003d\"extraction-tag\" confidence\u003d\"1/1\" data-original-title\u003d\"price\" data-toggle\u003d\"tooltip\" data-value\u003d\"621.36\" fold-name\u003d\"fold4\" score\u003d\"0.8787186666512887\" style\u003d\"background-color: rgb(140, 250, 187);  color: rgb(0, 0, 0);   border: 2px dotted rgb(0, 255, 0); \" tabnumber\u003d\"4\" tagorder\u003d\"29\"\u003e621.36\u003c/price\u003e\u003c/formatting\u003e \u003c/span\u003e\u003c/line\u003e \u003c/span\u003e\u003c/par\u003e \u003c/p\u003e \n\u003c/text\u003e \u003c/td\u003e  \u003ctd class\u003d\"\"\u003e\u003ctext\u003e\u003cp\u003e\u003cpar\u003e\u003cspan\u003e\u003cline\u003e\u003cspan\u003e\u003cformatting\u003e\u003cspan\u003e\u003cquantity appendorder\u003d\"24\" class\u003d\"extraction-tag\" confidence\u003d\"1/1\" data-original-title\u003d\"quantity\" data-toggle\u003d\"tooltip\" data-value\u003d\"76\" fold-name\u003d\"fold4\" score\u003d\"0.7743278615854196\" style\u003d\"background-color: rgb(11, 47, 140);  color: rgb(255, 255, 255);   border: 2px dotted rgb(0, 255, 0); \" tabnumber\u003d\"4\" tagorder\u003d\"13\"\u003e76\u003c/quantity\u003e\u003c/span\u003e\u003c/formatting\u003e \u003c/span\u003e\u003c/line\u003e \u003c/span\u003e\u003c/par\u003e \u003c/p\u003e \n\u003c/text\u003e \u003c/td\u003e  \u003ctd style\u003d\"vertical-align:middle;\"\u003e\u003ctext\u003e\u003cp\u003e\u003cpar\u003e\u003cspan\u003e\u003cline\u003e\u003cspan\u003e\u003cformatting\u003eIs that it is out of stock.\u003c/formatting\u003e \u003c/span\u003e\u003c/line\u003e \u003c/span\u003e\u003c/par\u003e \u003c/p\u003e \n\u003c/text\u003e \u003c/td\u003e  \u003ctd style\u003d\"vertical-align:middle;\"\u003e\u003ctext\u003e\u003cp\u003e\u003cpar\u003e\u003cspan\u003e\u003cline\u003e\u003cspan\u003e\u003cformatting\u003e$47,223.3\u003c/formatting\u003e \u003c/span\u003e\u003c/line\u003e \u003c/span\u003e\u003c/par\u003e \u003c/p\u003e \n\u003c/text\u003e \u003c/td\u003e  \u003c/tr\u003e \n\u003ctr\u003e\u003ctd class\u003d\"\" style\u003d\"border-color: black;\"\u003e\u003ctext\u003e\u003cp\u003e\u003cpar\u003e\u003cspan\u003e\u003cline\u003e\u003cspan\u003e\u003cformatting\u003e\u003cproduct appendorder\u003d\"25\" class\u003d\"extraction-tag\" confidence\u003d\"1/1\" data-original-title\u003d\"product\" data-toggle\u003d\"tooltip\" data-value\u003d\"Heavy Duty Copper Shoes\" fold-name\u003d\"fold5\" score\u003d\"0.7690277368805257\" style\u003d\"background-color: rgb(78, 135, 105);  color: rgb(0, 0, 0);   border: 2px dotted rgb(0, 0, 255); \" tabnumber\u003d\"5\" tagorder\u003d\"22\"\u003eHeavy Duty Copper Shoes\u003c/product\u003e\u003c/formatting\u003e \u003c/span\u003e\u003c/line\u003e \u003c/span\u003e\u003c/par\u003e \u003c/p\u003e \n\u003c/text\u003e \u003c/td\u003e  \u003ctd style\u003d\"vertical-align:middle;\"\u003e\u003ctext\u003e\u003cp\u003e\u003cpar\u003e\u003cspan\u003e\u003cline\u003e\u003cspan\u003e\u003cformatting\u003e$\u003cprice appendorder\u003d\"26\" class\u003d\"extraction-tag\" confidence\u003d\"1/1\" data-original-title\u003d\"price\" data-toggle\u003d\"tooltip\" data-value\u003d\"228.18\" fold-name\u003d\"fold4\" score\u003d\"0.8787186666512887\" style\u003d\"background-color: rgb(140, 250, 187);  color: rgb(0, 0, 0);   border: 2px dotted rgb(0, 0, 255); \" tabnumber\u003d\"5\" tagorder\u003d\"30\"\u003e228.18\u003c/price\u003e\u003c/formatting\u003e \u003c/span\u003e\u003c/line\u003e \u003c/span\u003e\u003c/par\u003e \u003c/p\u003e \n\u003c/text\u003e \u003c/td\u003e  \u003ctd class\u003d\"\"\u003e\u003ctext\u003e\u003cp\u003e\u003cpar\u003e\u003cspan\u003e\u003cline\u003e\u003cspan\u003e\u003cformatting\u003e\u003cspan\u003e\u003cquantity appendorder\u003d\"27\" class\u003d\"extraction-tag\" confidence\u003d\"1/1\" data-original-title\u003d\"quantity\" data-toggle\u003d\"tooltip\" data-value\u003d\"82\" fold-name\u003d\"fold4\" score\u003d\"0.7756715388389039\" style\u003d\"background-color: rgb(11, 47, 140);  color: rgb(255, 255, 255);   border: 2px dotted rgb(0, 0, 255); \" tabnumber\u003d\"5\" tagorder\u003d\"14\"\u003e82\u003c/quantity\u003e\u003c/span\u003e\u003c/formatting\u003e \u003c/span\u003e\u003c/line\u003e \u003c/span\u003e\u003c/par\u003e \u003c/p\u003e \n\u003c/text\u003e \u003c/td\u003e  \u003ctd style\u003d\"vertical-align:middle;\"\u003e\u003ctext\u003e\u003cp\u003e\u003cpar\u003e\u003cspan\u003e\u003cline\u003e\u003cspan\u003e\u003cformatting\u003eThe items will be delivered on 2018-01, which differs\u003c/formatting\u003e \u003c/span\u003e\u003c/line\u003e \u003c/span\u003e\u003c/par\u003e \u003c/p\u003e \n\u003c/text\u003e \u003c/td\u003e  \u003ctd style\u003d\"vertical-align:middle;\"\u003e\u003ctext\u003e\u003cp\u003e\u003cpar\u003e\u003cspan\u003e\u003cline\u003e\u003cspan\u003e\u003cformatting\u003e$18,710./\u003c/formatting\u003e \u003c/span\u003e\u003c/line\u003e \u003c/span\u003e\u003c/par\u003e \u003c/p\u003e \n\u003c/text\u003e \u003c/td\u003e  \u003c/tr\u003e \n\u003ctr\u003e\u003ctd class\u003d\"\" style\u003d\"border-color: black;\"\u003e\u003ctext\u003e\u003cp\u003e\u003cpar\u003e\u003cspan\u003e\u003cline\u003e\u003cspan\u003e\u003cformatting\u003e\u003cproduct appendorder\u003d\"28\" class\u003d\"extraction-tag\" confidence\u003d\"1/1\" data-original-title\u003d\"product\" data-toggle\u003d\"tooltip\" data-value\u003d\"Ergonomic Linen Wallet\" fold-name\u003d\"fold5\" score\u003d\"0.7905349570862477\" style\u003d\"background-color: rgb(78, 135, 105);  color: rgb(0, 0, 0);   border: 2px dotted rgb(128, 128, 0); \" tabnumber\u003d\"6\" tagorder\u003d\"23\"\u003eErgonomic Linen Wallet\u003c/product\u003e\u003c/formatting\u003e \u003c/span\u003e\u003c/line\u003e \u003c/span\u003e\u003c/par\u003e \u003c/p\u003e \n\u003c/text\u003e \u003c/td\u003e  \u003ctd style\u003d\"vertical-align:middle;\"\u003e\u003ctext\u003e\u003cp\u003e\u003cpar\u003e\u003cspan\u003e\u003cline\u003e\u003cspan\u003e\u003cformatting\u003e$\u003cprice appendorder\u003d\"29\" class\u003d\"extraction-tag\" confidence\u003d\"1/1\" data-original-title\u003d\"price\" data-toggle\u003d\"tooltip\" data-value\u003d\"529.82\" fold-name\u003d\"fold4\" score\u003d\"0.841795299391617\" style\u003d\"background-color: rgb(140, 250, 187);  color: rgb(0, 0, 0);   border: 2px dotted rgb(128, 128, 0); \" tabnumber\u003d\"6\" tagorder\u003d\"31\"\u003e529.82\u003c/price\u003e\u003c/formatting\u003e \u003c/span\u003e\u003c/line\u003e \u003c/span\u003e\u003c/par\u003e \u003c/p\u003e \n\u003c/text\u003e \u003c/td\u003e  \u003ctd class\u003d\"\"\u003e\u003ctext\u003e\u003cp\u003e\u003cpar\u003e\u003cspan\u003e\u003cline\u003e\u003cspan\u003e\u003cformatting\u003e\u003cspan\u003e\u003cquantity appendorder\u003d\"30\" class\u003d\"extraction-tag\" confidence\u003d\"1/1\" data-original-title\u003d\"quantity\" data-toggle\u003d\"tooltip\" data-value\u003d\"49\" fold-name\u003d\"fold4\" score\u003d\"0.6768599131841426\" style\u003d\"background-color: rgb(11, 47, 140);  color: rgb(255, 255, 255);   border: 2px dotted rgb(128, 128, 0); \" tabnumber\u003d\"6\" tagorder\u003d\"15\"\u003e49\u003c/quantity\u003e\u003c/span\u003e\u003c/formatting\u003e \u003c/span\u003e\u003c/line\u003e \u003c/span\u003e\u003c/par\u003e \u003c/p\u003e \n\u003c/text\u003e \u003c/td\u003e  \u003ctd style\u003d\"vertical-align:middle;\"\u003e\u003ctext\u003e\u003cp\u003e\u003cpar\u003e\u003cspan\u003e\u003cline\u003e\u003cspan\u003e\u003cformatting\u003eCall-off/order confirmation line number 1\u003c/formatting\u003e \u003c/span\u003e\u003c/line\u003e \u003c/span\u003e\u003c/par\u003e \u003c/p\u003e \n\u003c/text\u003e \u003c/td\u003e  \u003ctd style\u003d\"vertical-align:middle;\"\u003e\u003ctext\u003e\u003cp\u003e\u003cpar\u003e\u003cspan\u003e\u003cline\u003e\u003cspan\u003e\u003cformatting\u003e$25,961.1\u003c/formatting\u003e \u003c/span\u003e\u003c/line\u003e \u003c/span\u003e\u003c/par\u003e \u003c/p\u003e \n\u003c/text\u003e \u003c/td\u003e  \u003c/tr\u003e \n\u003ctr\u003e\u003ctd class\u003d\"\" style\u003d\"border-color: black;\"\u003e\u003ctext\u003e\u003cp\u003e\u003cpar\u003e\u003cspan\u003e\u003cline\u003e\u003cspan\u003e\u003cformatting\u003e\u003cproduct appendorder\u003d\"31\" class\u003d\"extraction-tag\" confidence\u003d\"1/1\" data-original-title\u003d\"product\" data-toggle\u003d\"tooltip\" data-value\u003d\"Durable Leather Plate\" fold-name\u003d\"fold5\" score\u003d\"0.7627661987389108\" style\u003d\"background-color: rgb(78, 135, 105);  color: rgb(0, 0, 0);   border: 2px double rgb(0, 128, 128); \" tabnumber\u003d\"7\" tagorder\u003d\"24\"\u003eDurable Leather Plate\u003c/product\u003e\u003c/formatting\u003e \u003c/span\u003e\u003c/line\u003e \u003c/span\u003e\u003c/par\u003e \u003c/p\u003e \n\u003c/text\u003e \u003c/td\u003e  \u003ctd style\u003d\"vertical-align:middle;\"\u003e\u003ctext\u003e\u003cp\u003e\u003cpar\u003e\u003cspan\u003e\u003cline\u003e\u003cspan\u003e\u003cformatting\u003e$\u003cprice appendorder\u003d\"32\" class\u003d\"extraction-tag\" confidence\u003d\"1/1\" data-original-title\u003d\"price\" data-toggle\u003d\"tooltip\" data-value\u003d\"930.36\" fold-name\u003d\"fold4\" score\u003d\"0.8787186666512887\" style\u003d\"background-color: rgb(140, 250, 187);  color: rgb(0, 0, 0);   border: 2px double rgb(0, 128, 128); \" tabnumber\u003d\"7\" tagorder\u003d\"32\"\u003e930.36\u003c/price\u003e\u003c/formatting\u003e \u003c/span\u003e\u003c/line\u003e \u003c/span\u003e\u003c/par\u003e \u003c/p\u003e \n\u003c/text\u003e \u003c/td\u003e  \u003ctd class\u003d\"\"\u003e\u003ctext\u003e\u003cp\u003e\u003cpar\u003e\u003cspan\u003e\u003cline\u003e\u003cspan\u003e\u003cformatting\u003e\u003cspan\u003e\u003cquantity appendorder\u003d\"33\" class\u003d\"extraction-tag\" confidence\u003d\"1/1\" data-original-title\u003d\"quantity\" data-toggle\u003d\"tooltip\" data-value\u003d\"35\" fold-name\u003d\"fold4\" score\u003d\"0.8169024648959485\" style\u003d\"background-color: rgb(11, 47, 140);  color: rgb(255, 255, 255);   border: 2px double rgb(0, 128, 128); \" tabnumber\u003d\"7\" tagorder\u003d\"16\"\u003e35\u003c/quantity\u003e\u003c/span\u003e\u003c/formatting\u003e \u003c/span\u003e\u003c/line\u003e \u003c/span\u003e\u003c/par\u003e \u003c/p\u003e \n\u003c/text\u003e \u003c/td\u003e  \u003ctd style\u003d\"vertical-align:middle;\"\u003e\u003ctext\u003e\u003cp\u003e\u003cpar\u003e\u003cspan\u003e\u003cline\u003e\u003cspan\u003e\u003cformatting\u003eIdentity of the ordered item as a GTIN\u003c/formatting\u003e \u003c/span\u003e\u003c/line\u003e \u003c/span\u003e\u003c/par\u003e \u003c/p\u003e \n\u003c/text\u003e \u003c/td\u003e  \u003ctd style\u003d\"vertical-align:middle;\"\u003e\u003ctext\u003e\u003cp\u003e\u003cpar\u003e\u003cspan\u003e\u003cline\u003e\u003cspan\u003e\u003cformatting\u003e$32,562.6\u003c/formatting\u003e \u003c/span\u003e\u003c/line\u003e \u003c/span\u003e\u003c/par\u003e \u003c/p\u003e \n\u003c/text\u003e \u003c/td\u003e  \u003c/tr\u003e \n\u003c/tbody\u003e\u003c/table\u003e\n\u003cblock\u003e\u003ctext\u003e\u003cp\u003e\u003cpar\u003e\u003cspan\u003e\u003cline\u003e\u003cspan\u003e\u003cformatting\u003eSUBTOTAL\u003c/formatting\u003e \u003c/span\u003e\u003c/line\u003e \u003cline\u003e\u003cspan\u003e\u003cformatting\u003eTAX (20%)\u003c/formatting\u003e \u003c/span\u003e\u003c/line\u003e \u003c/span\u003e\u003c/par\u003e \u003c/p\u003e \n\u003c/text\u003e \u003c/block\u003e \u003cblock\u003e\u003ctext\u003e\u003cp\u003e\u003cpar\u003e\u003cspan\u003e\u003cline\u003e\u003cspan\u003e\u003cformatting\u003e$189,700.15\u003c/formatting\u003e \u003c/span\u003e\u003c/line\u003e \u003c/span\u003e\u003c/par\u003e \u003cpar\u003e\u003cspan\u003e\u003cline\u003e\u003cspan\u003e\u003cformatting\u003e$37,940.03\u003c/formatting\u003e \u003c/span\u003e\u003c/line\u003e \u003c/span\u003e\u003c/par\u003e \u003c/p\u003e \n\u003c/text\u003e \u003c/block\u003e \u003cblock\u003e\u003ctext\u003e\u003cp\u003e\u003cpar\u003e\u003cspan\u003e\u003cline\u003e\u003cspan\u003e\u003cformatting\u003eTOTAL \\ $\u003cspan\u003e\u003ctotal_amount appendorder\u003d\"10\" class\u003d\"extraction-tag\" confidence\u003d\"1/1\" data-original-title\u003d\"total_amount\" data-toggle\u003d\"tooltip\" data-value\u003d\"227\" fold-name\u003d\"fold1\" score\u003d\"0.5551575794795297\" style\u003d\"background-color: rgb(27, 182, 226);  color: rgb(0, 0, 0);   border: 2px solid rgb(125, 157, 1); \" tagorder\u003d\"2\"\u003e227\u003c/total_amount\u003e\u003c/span\u003e\u003c/formatting\u003e \u003c/span\u003e\u003c/line\u003e \u003c/span\u003e\u003c/par\u003e \u003cpar\u003e\u003cspan\u003e\u003cline\u003e\u003cspan\u003e\u003cformatting\u003eAcccountant\u0026rsquo;ssiganture / / // ^\u003c/formatting\u003e \u003c/span\u003e\u003c/line\u003e \u003c/span\u003e\u003c/par\u003e \u003cpar\u003e\u003cspan\u003e\u003cline\u003e\u003cspan\u003e\u003cformatting\u003e/ // / (Trevor Osinski) V\\\\\u003c/formatting\u003e \u003c/span\u003e\u003c/line\u003e \u003c/span\u003e\u003c/par\u003e \u003cpar\u003e\u003cspan\u003e\u003cline\u003e\u003cspan\u003e\u003cformatting\u003eOTHER OPTIONS \\\\\u003c/formatting\u003e \u003c/span\u003e\u003c/line\u003e \u003c/span\u003e\u003c/par\u003e \u003cpar\u003e\u003cspan\u003e\u003cline\u003e\u003cspan\u003e\u003cformatting\u003eAdditional package □\u003c/formatting\u003e \u003c/span\u003e\u003c/line\u003e \u003c/span\u003e\u003c/par\u003e \u003cpar\u003e\u003cspan\u003e\u003cline\u003e\u003cspan\u003e\u003cformatting\u003eCompany catalog □\u003c/formatting\u003e \u003c/span\u003e\u003c/line\u003e \u003c/span\u003e\u003c/par\u003e \u003c/p\u003e \n\u003c/text\u003e \u003c/block\u003e \u003cblock\u003e\u003ctext\u003e\u003cp\u003e\u003cpar\u003e\u003cspan\u003e\u003cline\u003e\u003cspan\u003e\u003cformatting\u003eInsurance\u003c/formatting\u003e \u003c/span\u003e\u003c/line\u003e \u003c/span\u003e\u003c/par\u003e \u003c/p\u003e \n\u003c/text\u003e \u003c/block\u003e \u003cblock\u003e\u003ctext\u003e\u003cp\u003e\u003cpar\u003e\u003cspan\u003e\u003cline\u003e\u003cspan\u003e\u003cformatting\u003e□\u003c/formatting\u003e \u003c/span\u003e\u003c/line\u003e \u003c/span\u003e\u003c/par\u003e \u003c/p\u003e \n\u003c/text\u003e \u003c/block\u003e \u003c/page\u003e\u003c/document\u003e","tags":[{"begin":0,"end":11,"text":"Osinski Inc","tag":"supplier_name","fieldType":"COMPANY_NAME","score":0.7204401054606185,"estimatedAccuracy":0.0},{"begin":145,"end":155,"text":"2873872552","tag":"invoice_number","fieldType":"TEXT","score":0.8951310043652703,"estimatedAccuracy":0.0},{"begin":311,"end":335,"text":"Synergistic Cotton Watch","tag":"product","fieldType":"TEXT","score":0.8215149311926027,"estimatedAccuracy":0.0},{"begin":344,"end":350,"text":"366.44","tag":"price","fieldType":"NUMBER","score":0.9040498396640687,"estimatedAccuracy":0.0},{"begin":358,"end":360,"text":"83","tag":"quantity","fieldType":"NUMBER","score":0.8278700279269573,"estimatedAccuracy":0.0},{"begin":433,"end":454,"text":"Enormous Marble Shirt","tag":"product","fieldType":"TEXT","score":0.7910675112691005,"estimatedAccuracy":0.0},{"begin":463,"end":469,"text":"190.55","tag":"price","fieldType":"NUMBER","score":0.841795299391617,"estimatedAccuracy":0.0},{"begin":477,"end":479,"text":"71","tag":"quantity","fieldType":"NUMBER","score":0.6944401130848714,"estimatedAccuracy":0.0},{"begin":555,"end":577,"text":"Gorgeous Iron Keyboard","tag":"product","fieldType":"TEXT","score":0.7447837788764294,"estimatedAccuracy":0.0},{"begin":586,"end":592,"text":"257.78","tag":"price","fieldType":"NUMBER","score":0.8423444539322608,"estimatedAccuracy":0.0},{"begin":600,"end":602,"text":"12","tag":"quantity","fieldType":"NUMBER","score":0.6769495759423831,"estimatedAccuracy":0.0},{"begin":678,"end":700,"text":"Aerodynamic Paper Lamp","tag":"product","fieldType":"TEXT","score":0.7813070527042965,"estimatedAccuracy":0.0},{"begin":709,"end":715,"text":"433.46","tag":"price","fieldType":"NUMBER","score":0.841795299391617,"estimatedAccuracy":0.0},{"begin":723,"end":725,"text":"42","tag":"quantity","fieldType":"NUMBER","score":0.7507483932526838,"estimatedAccuracy":0.0},{"begin":801,"end":821,"text":"Ergonomic Wool Plate","tag":"product","fieldType":"TEXT","score":0.8147861358509655,"estimatedAccuracy":0.0},{"begin":830,"end":836,"text":"621.36","tag":"price","fieldType":"NUMBER","score":0.8787186666512887,"estimatedAccuracy":0.0},{"begin":844,"end":846,"text":"76","tag":"quantity","fieldType":"NUMBER","score":0.7743278615854196,"estimatedAccuracy":0.0},{"begin":908,"end":931,"text":"Heavy Duty Copper Shoes","tag":"product","fieldType":"TEXT","score":0.7690277368805257,"estimatedAccuracy":0.0},{"begin":940,"end":946,"text":"228.18","tag":"price","fieldType":"NUMBER","score":0.8787186666512887,"estimatedAccuracy":0.0},{"begin":954,"end":956,"text":"82","tag":"quantity","fieldType":"NUMBER","score":0.7756715388389039,"estimatedAccuracy":0.0},{"begin":1044,"end":1066,"text":"Ergonomic Linen Wallet","tag":"product","fieldType":"TEXT","score":0.7905349570862477,"estimatedAccuracy":0.0},{"begin":1075,"end":1081,"text":"529.82","tag":"price","fieldType":"NUMBER","score":0.841795299391617,"estimatedAccuracy":0.0},{"begin":1089,"end":1091,"text":"49","tag":"quantity","fieldType":"NUMBER","score":0.6768599131841426,"estimatedAccuracy":0.0},{"begin":1167,"end":1188,"text":"Durable Leather Plate","tag":"product","fieldType":"TEXT","score":0.7627661987389108,"estimatedAccuracy":0.0},{"begin":1197,"end":1203,"text":"930.36","tag":"price","fieldType":"NUMBER","score":0.8787186666512887,"estimatedAccuracy":0.0},{"begin":1211,"end":1213,"text":"35","tag":"quantity","fieldType":"NUMBER","score":0.8169024648959485,"estimatedAccuracy":0.0},{"begin":1353,"end":1356,"text":"227","tag":"total_amount","fieldType":"NUMBER","score":0.5551575794795297,"estimatedAccuracy":0.0}],"group":"invoice_number|price|product|quantity|supplier_name|total_amount","limeExplanation":{},"liblinearFeatureImportance":{}}