{"finalScore":0.7431454849003674,"metaInfo":{"model":{"coreVersion":"10.3.0.39"}},"sumScore":14.11976421310698,"tagsCounter":19.0,"taggedText":"\u003cbase\u003e\u003c/base\u003e\u003cmeta content\u003d\"text-html; charset\u003dutf-8\"\u003e\u003c/meta\u003e\u003cstyle type\u003d\"text/css\"\u003e\u003c/style\u003e\u003cdocument\u003e\u003cpage\u003e\u003ctable border\u003d\"1\" style\u003d\"user-select: auto;\"\u003e\u003ctbody\u003e\u003ctr\u003e\u003ctd colspan\u003d\"2\"\u003e\u003ctext\u003e\u003cp\u003e\u003cpar\u003e\u003cspan\u003e\u003cline\u003e\u003cspan\u003e\u003cformatting\u003eproject Cognitive Bot Development\u003c/formatting\u003e \u003c/span\u003e\u003c/line\u003e \u003cline\u003e\u003cspan\u003e\u003cformatting\u003eclient John Doe\u003c/formatting\u003e \u003c/span\u003e\u003c/line\u003e \u003c/span\u003e\u003c/par\u003e \u003cpar\u003e\u003cspan\u003e\u003cline\u003e\u003cspan\u003e\u003cformatting\u003eADDRESS ONE INFINITE LOOP CUPERTINO. CA, 95014, USA\u003c/formatting\u003e \u003c/span\u003e\u003c/line\u003e \u003c/span\u003e\u003c/par\u003e \u003cpar\u003e\u003cspan\u003e\u003cline\u003e\u003cspan\u003e\u003cformatting\u003eemail \u003cemail appendorder\u003d\"2\" class\u003d\"extraction-tag\" confidence\u003d\"1/1\" data-original-title\u003d\"email\" data-toggle\u003d\"tooltip\" data-value\u003d\"iohn.doe(S)examDle.com\" fold-name\u003d\"fold1\" score\u003d\"0.7494817625078564\" style\u003d\"background-color: rgb(4, 0, 38);  color: rgb(255, 255, 255);   border: 2px solid rgb(125, 157, 1); \" tagorder\u003d\"6\"\u003eiohn.doe(S)examDle.com\u003c/email\u003e\u003c/formatting\u003e \u003c/span\u003e\u003c/line\u003e \u003c/span\u003e\u003c/par\u003e \u003c/p\u003e \n\u003c/text\u003e \u003c/td\u003e  \u003ctd style\u003d\"vertical-align:middle;\"\u003e\u003ctext\u003e\u003cp\u003e\u003cpar\u003e\u003cspan\u003e\u003cline\u003e\u003cspan\u003e\u003cformatting\u003e\u0026bull; \u0027$\u003c/formatting\u003e \u003c/span\u003e\u003c/line\u003e \u003c/span\u003e\u003c/par\u003e \u003cpar\u003e\u003cspan\u003e\u003cline\u003e\u003cspan\u003e\u003cformatting\u003e\\\u003c/formatting\u003e \u003c/span\u003e\u003c/line\u003e \u003c/span\u003e\u003c/par\u003e \u003c/p\u003e \n\u003c/text\u003e \u003c/td\u003e  \u003ctd style\u003d\"vertical-align:middle;\"\u003e\u003ctext\u003e\u003cp\u003e\u003cpar\u003e\u003cspan\u003e\u003cline\u003e\u003cspan\u003e\u003cformatting\u003e\u003csupplier_name appendorder\u003d\"10\" class\u003d\"extraction-tag\" confidence\u003d\"1/1\" data-original-title\u003d\"supplier_name\" data-toggle\u003d\"tooltip\" data-value\u003d\"Workft\" fold-name\u003d\"fold5\" score\u003d\"0.8374314964757871\" style\u003d\"background-color: rgb(88, 50, 166);  color: rgb(255, 255, 255);   border: 2px solid rgb(125, 157, 1); \" tagorder\u003d\"4\"\u003eWorkft\u003c/supplier_name\u003e\u003c/formatting\u003e \u003c/span\u003e\u003c/line\u003e \u003cline\u003e\u003cspan\u003e\u003cformatting\u003e48 Wall Street 7th\u003c/formatting\u003e \u003c/span\u003e\u003c/line\u003e \u003cline\u003e\u003cspan\u003e\u003cformatting\u003eNY 10005,\u003c/formatting\u003e \u003c/span\u003e\u003c/line\u003e \u003cline\u003e\u003cspan\u003e\u003cformatting\u003e+1 646.453.-i\u003c/formatting\u003e \u003c/span\u003e\u003c/line\u003e \u003c/span\u003e\u003c/par\u003e \u003c/p\u003e \n\u003c/text\u003e \u003c/td\u003e  \u003c/tr\u003e \n\u003ctr\u003e\u003ctd style\u003d\"vertical-align:middle;\"\u003e\u003ctext\u003e\u003cp\u003e\u003cpar\u003e\u003cspan\u003e\u003cline\u003e\u003cspan\u003e\u003cformatting\u003edate \u003cinvoice_date class\u003d\"extraction-tag\" data-value\u003d\"January 16,    \n   2018\" fold-name\u003d\"fold1\" ml-tagorder\u003d\"46\" score\u003d\"0.6205838081887336\" tagorder\u003d\"46\"\u003eJanuary 16,\u003c/invoice_date\u003e\u003c/formatting\u003e \u003c/span\u003e\u003c/line\u003e \u003c/span\u003e\u003c/par\u003e \u003c/p\u003e \n\u003c/text\u003e \u003c/td\u003e  \u003ctd style\u003d\"vertical-align:middle;\"\u003e\u003ctext\u003e\u003cp\u003e\u003cpar\u003e\u003cspan\u003e\u003cline\u003e\u003cspan\u003e\u003cformatting\u003e\u003cinvoice_date class\u003d\"extraction-tag\" data-value\u003d\"January 16,    \n   2018\" fold-name\u003d\"fold1\" ml-tagorder\u003d\"46\" score\u003d\"0.6205838081887336\" tagorder\u003d\"46\"\u003e2018\u003c/invoice_date\u003e\u003c/formatting\u003e \u003c/span\u003e\u003c/line\u003e \u003c/span\u003e\u003c/par\u003e \u003c/p\u003e \n\u003c/text\u003e \u003c/td\u003e  \u003ctd style\u003d\"vertical-align:middle;\"\u003e\u003ctext\u003e\u003cp\u003e\u003cpar\u003e\u003cspan\u003e\u003cline\u003e\u003cspan\u003e\u003cformatting\u003eworkfusiom\u003c/formatting\u003e \u003c/span\u003e\u003c/line\u003e \u003c/span\u003e\u003c/par\u003e \u003c/p\u003e \n\u003c/text\u003e \u003c/td\u003e  \u003c/tr\u003e \n\u003ctr\u003e\u003ctd style\u003d\"vertical-align:middle;\"\u003e\u003ctext\u003e\u003cp\u003e\u003cpar\u003e\u003cspan\u003e\u003cline\u003e\u003cspan\u003e\u003cformatting\u003eSERVICE\u003c/formatting\u003e \u003c/span\u003e\u003c/line\u003e \u003c/span\u003e\u003c/par\u003e \u003c/p\u003e \n\u003c/text\u003e \u003c/td\u003e  \u003ctd style\u003d\"vertical-align:middle;\"\u003e\u003ctext\u003e\u003cp\u003e\u003cpar\u003e\u003cspan\u003e\u003cline\u003e\u003cspan\u003e\u003cformatting\u003eDESCRIPTION\u003c/formatting\u003e \u003c/span\u003e\u003c/line\u003e \u003c/span\u003e\u003c/par\u003e \u003c/p\u003e \n\u003c/text\u003e \u003c/td\u003e  \u003ctd style\u003d\"vertical-align:middle;\"\u003e\u003ctext\u003e\u003cp\u003e\u003cpar\u003e\u003cspan\u003e\u003cline\u003e\u003cspan\u003e\u003cformatting\u003ePRICE\u003c/formatting\u003e \u003c/span\u003e\u003c/line\u003e \u003c/span\u003e\u003c/par\u003e \u003c/p\u003e \n\u003c/text\u003e \u003c/td\u003e  \u003ctd style\u003d\"vertical-align:middle;\"\u003e\u003ctext\u003e\u003cp\u003e\u003cpar\u003e\u003cspan\u003e\u003cline\u003e\u003cspan\u003e\u003cformatting\u003eQTY\u003c/formatting\u003e \u003c/span\u003e\u003c/line\u003e \u003c/span\u003e\u003c/par\u003e \u003cpar\u003e\u003cspan\u003e\u003cline\u003e\u003cspan\u003e\u003cformatting\u003e(FTE)\u003c/formatting\u003e \u003c/span\u003e\u003c/line\u003e \u003c/span\u003e\u003c/par\u003e \u003c/p\u003e \n\u003c/text\u003e \u003c/td\u003e  \u003ctd style\u003d\"vertical-align:middle;\"\u003e\u003ctext\u003e\u003cp\u003e\u003cpar\u003e\u003cspan\u003e\u003cline\u003e\u003cspan\u003e\u003cformatting\u003eTOTAL\u003c/formatting\u003e \u003c/span\u003e\u003c/line\u003e \u003c/span\u003e\u003c/par\u003e \u003c/p\u003e \n\u003c/text\u003e \u003c/td\u003e  \u003c/tr\u003e \n\u003ctr\u003e\u003ctd style\u003d\"vertical-align:middle;\"\u003e\u003ctext\u003e\u003cp\u003e\u003cpar\u003e\u003cspan\u003e\u003cline\u003e\u003cspan\u003e\u003cformatting\u003e\u003cproduct class\u003d\"extraction-tag\" data-value\u003d\"Social Media  Marketing\" fold-name\u003d\"fold4\" ml-tagorder\u003d\"47\" score\u003d\"0.5778517726540441\" tagorder\u003d\"47\"\u003eSocial Media\u003c/product\u003e\u003c/formatting\u003e \u003c/span\u003e\u003c/line\u003e \u003cline\u003e\u003cspan\u003e\u003cformatting\u003e\u003cproduct class\u003d\"extraction-tag\" data-value\u003d\"Social Media  Marketing\" fold-name\u003d\"fold4\" ml-tagorder\u003d\"47\" score\u003d\"0.5778517726540441\" tagorder\u003d\"47\"\u003eMarketing\u003c/product\u003e\u003c/formatting\u003e \u003c/span\u003e\u003c/line\u003e \u003c/span\u003e\u003c/par\u003e \u003c/p\u003e \n\u003c/text\u003e \u003c/td\u003e  \u003ctd style\u003d\"vertical-align:middle;\"\u003e\u003ctext\u003e\u003cp\u003e\u003cpar\u003e\u003cspan\u003e\u003cline\u003e\u003cspan\u003e\u003cformatting\u003eFacebook and Twitter marketing \u0027o/mpaign\u003c/formatting\u003e \u003c/span\u003e\u003c/line\u003e \u003c/span\u003e\u003c/par\u003e \u003c/p\u003e \n\u003c/text\u003e \u003c/td\u003e  \u003ctd style\u003d\"vertical-align:middle;\"\u003e\u003ctext\u003e\u003cp\u003e\u003cpar\u003e\u003cspan\u003e\u003cline\u003e\u003cspan\u003e\u003cformatting\u003e$\u003cprice appendorder\u003d\"13\" class\u003d\"extraction-tag\" confidence\u003d\"1/1\" data-original-title\u003d\"price\" data-toggle\u003d\"tooltip\" data-value\u003d\"1.00\" fold-name\u003d\"fold3\" score\u003d\"0.6836213400443352\" style\u003d\"background-color: rgb(140, 250, 187);  color: rgb(0, 0, 0);   border: 2px dashed rgb(128, 0, 0); \" tabnumber\u003d\"0\" tagorder\u003d\"24\"\u003e1.00\u003c/price\u003e\u003c/formatting\u003e \u003c/span\u003e\u003c/line\u003e \u003c/span\u003e\u003c/par\u003e \u003c/p\u003e \n\u003c/text\u003e \u003c/td\u003e  \u003ctd style\u003d\"vertical-align:middle;\"\u003e\u003ctext\u003e\u003cp\u003e\u003cpar\u003e\u003cspan\u003e\u003cline\u003e\u003cspan\u003e\u003cformatting\u003e\u003cspan\u003e\u003cquantity appendorder\u003d\"14\" class\u003d\"extraction-tag\" confidence\u003d\"1/1\" data-original-title\u003d\"quantity\" data-toggle\u003d\"tooltip\" data-value\u003d\"90\" fold-name\u003d\"fold3\" score\u003d\"0.8687295867675128\" style\u003d\"background-color: rgb(11, 47, 140);  color: rgb(255, 255, 255);   border: 2px dashed rgb(128, 0, 0); \" tabnumber\u003d\"0\" tagorder\u003d\"11\"\u003e90\u003c/quantity\u003e\u003c/span\u003e\u003c/formatting\u003e \u003c/span\u003e\u003c/line\u003e \u003c/span\u003e\u003c/par\u003e \u003c/p\u003e \n\u003c/text\u003e \u003c/td\u003e  \u003ctd style\u003d\"vertical-align:middle;\"\u003e\u003ctext\u003e\u003cp\u003e\u003cpar\u003e\u003cspan\u003e\u003cline\u003e\u003cspan\u003e\u003cformatting\u003e$90.0C\u003c/formatting\u003e \u003c/span\u003e\u003c/line\u003e \u003c/span\u003e\u003c/par\u003e \u003c/p\u003e \n\u003c/text\u003e \u003c/td\u003e  \u003c/tr\u003e \n\u003ctr\u003e\u003ctd style\u003d\"vertical-align:middle;\"\u003e\u003ctext\u003e\u003cp\u003e\u003cpar\u003e\u003cspan\u003e\u003cline\u003e\u003cspan\u003e\u003cformatting\u003eDevelopment\u003c/formatting\u003e \u003c/span\u003e\u003c/line\u003e \u003c/span\u003e\u003c/par\u003e \u003c/p\u003e \n\u003c/text\u003e \u003c/td\u003e  \u003ctd style\u003d\"vertical-align:middle;\"\u003e\u003ctext\u003e\u003cp\u003e\u003cpar\u003e\u003cspan\u003e\u003cline\u003e\u003cspan\u003e\u003cformatting\u003eDeve1 .ug a Content Management System-\u003c/formatting\u003e \u003c/span\u003e\u003c/line\u003e \u003cline\u003e\u003cspan\u003e\u003cformatting\u003ebas-^ Aebsite\u003c/formatting\u003e \u003c/span\u003e\u003c/line\u003e \u003c/span\u003e\u003c/par\u003e \u003c/p\u003e \n\u003c/text\u003e \u003c/td\u003e  \u003ctd style\u003d\"vertical-align:middle;\"\u003e\u003ctext\u003e\u003cp\u003e\u003cpar\u003e\u003cspan\u003e\u003cline\u003e\u003cspan\u003e\u003cformatting\u003e$\u003cprice appendorder\u003d\"17\" class\u003d\"extraction-tag\" confidence\u003d\"1/1\" data-original-title\u003d\"price\" data-toggle\u003d\"tooltip\" data-value\u003d\"60.00\" fold-name\u003d\"fold3\" score\u003d\"0.6624264503052953\" style\u003d\"background-color: rgb(140, 250, 187);  color: rgb(0, 0, 0);   border: 2px dashed rgb(0, 128, 0); \" tabnumber\u003d\"1\" tagorder\u003d\"25\"\u003e60.00\u003c/price\u003e\u003c/formatting\u003e \u003c/span\u003e\u003c/line\u003e \u003c/span\u003e\u003c/par\u003e \u003c/p\u003e \n\u003c/text\u003e \u003c/td\u003e  \u003ctd style\u003d\"vertical-align:middle;\"\u003e\u003ctext\u003e\u003cp\u003e\u003cpar\u003e\u003cspan\u003e\u003cline\u003e\u003cspan\u003e\u003cformatting\u003e\u003cspan\u003e\u003cquantity appendorder\u003d\"18\" class\u003d\"extraction-tag\" confidence\u003d\"1/1\" data-original-title\u003d\"quantity\" data-toggle\u003d\"tooltip\" data-value\u003d\"83\" fold-name\u003d\"fold3\" score\u003d\"0.8062986236142013\" style\u003d\"background-color: rgb(11, 47, 140);  color: rgb(255, 255, 255);   border: 2px dashed rgb(0, 128, 0); \" tabnumber\u003d\"1\" tagorder\u003d\"12\"\u003e83\u003c/quantity\u003e\u003c/span\u003e\u003c/formatting\u003e \u003c/span\u003e\u003c/line\u003e \u003c/span\u003e\u003c/par\u003e \u003c/p\u003e \n\u003c/text\u003e \u003c/td\u003e  \u003ctd style\u003d\"vertical-align:middle;\"\u003e\u003ctext\u003e\u003cp\u003e\u003cpar\u003e\u003cspan\u003e\u003cline\u003e\u003cspan\u003e\u003cformatting\u003e$4,980.0C\u003c/formatting\u003e \u003c/span\u003e\u003c/line\u003e \u003c/span\u003e\u003c/par\u003e \u003c/p\u003e \n\u003c/text\u003e \u003c/td\u003e  \u003c/tr\u003e \n\u003ctr\u003e\u003ctd style\u003d\"vertical-align:middle;\"\u003e\u003ctext\u003e\u003cp\u003e\u003cpar\u003e\u003cspan\u003e\u003cline\u003e\u003cspan\u003e\u003cformatting\u003e\u003cproduct appendorder\u003d\"19\" class\u003d\"extraction-tag\" confidence\u003d\"1/1\" data-original-title\u003d\"product\" data-toggle\u003d\"tooltip\" data-value\u003d\"Pilot Development\" fold-name\u003d\"fold4\" score\u003d\"0.7580812870708589\" style\u003d\"background-color: rgb(78, 135, 105);  color: rgb(0, 0, 0);   border: 2px dashed rgb(0, 0, 128); \" tabnumber\u003d\"2\" tagorder\u003d\"20\"\u003ePilot Development\u003c/product\u003e\u003c/formatting\u003e \u003c/span\u003e\u003c/line\u003e \u003c/span\u003e\u003c/par\u003e \u003c/p\u003e \n\u003c/text\u003e \u003c/td\u003e  \u003ctd style\u003d\"vertical-align:middle;\"\u003e\u003ctext\u003e\u003cp\u003e\u003cpar\u003e\u003cspan\u003e\u003cline\u003e\u003cspan\u003e\u003cformatting\u003eDetailed Architectural Design\u003c/formatting\u003e \u003c/span\u003e\u003c/line\u003e \u003c/span\u003e\u003c/par\u003e \u003c/p\u003e \n\u003c/text\u003e \u003c/td\u003e  \u003ctd style\u003d\"vertical-align:middle;\"\u003e\u003ctext\u003e\u003cp\u003e\u003cpar\u003e\u003cspan\u003e\u003cline\u003e\u003cspan\u003e\u003cformatting\u003e$\u003cprice appendorder\u003d\"20\" class\u003d\"extraction-tag\" confidence\u003d\"1/1\" data-original-title\u003d\"price\" data-toggle\u003d\"tooltip\" data-value\u003d\"150.00\" fold-name\u003d\"fold3\" score\u003d\"0.7037029872299705\" style\u003d\"background-color: rgb(140, 250, 187);  color: rgb(0, 0, 0);   border: 2px dashed rgb(0, 0, 128); \" tabnumber\u003d\"2\" tagorder\u003d\"26\"\u003e150.00\u003c/price\u003e\u003c/formatting\u003e \u003c/span\u003e\u003c/line\u003e \u003c/span\u003e\u003c/par\u003e \u003c/p\u003e \n\u003c/text\u003e \u003c/td\u003e  \u003ctd style\u003d\"vertical-align:middle;\"\u003e\u003ctext\u003e\u003cp\u003e\u003cpar\u003e\u003cspan\u003e\u003cline\u003e\u003cspan\u003e\u003cformatting\u003e\u003cspan\u003e\u003cquantity appendorder\u003d\"21\" class\u003d\"extraction-tag\" confidence\u003d\"1/1\" data-original-title\u003d\"quantity\" data-toggle\u003d\"tooltip\" data-value\u003d\"59\" fold-name\u003d\"fold3\" score\u003d\"0.8014826310764347\" style\u003d\"background-color: rgb(11, 47, 140);  color: rgb(255, 255, 255);   border: 2px dashed rgb(0, 0, 128); \" tabnumber\u003d\"2\" tagorder\u003d\"13\"\u003e59\u003c/quantity\u003e\u003c/span\u003e\u003c/formatting\u003e \u003c/span\u003e\u003c/line\u003e \u003c/span\u003e\u003c/par\u003e \u003c/p\u003e \n\u003c/text\u003e \u003c/td\u003e  \u003ctd style\u003d\"vertical-align:middle;\"\u003e\u003ctext\u003e\u003cp\u003e\u003cpar\u003e\u003cspan\u003e\u003cline\u003e\u003cspan\u003e\u003cformatting\u003e$8,850.0C\u003c/formatting\u003e \u003c/span\u003e\u003c/line\u003e \u003c/span\u003e\u003c/par\u003e \u003c/p\u003e \n\u003c/text\u003e \u003c/td\u003e  \u003c/tr\u003e \n\u003ctr\u003e\u003ctd style\u003d\"vertical-align:middle;\"\u003e\u003ctext\u003e\u003cp\u003e\u003cpar\u003e\u003cspan\u003e\u003cline\u003e\u003cspan\u003e\u003cformatting\u003e\u003cproduct appendorder\u003d\"22\" class\u003d\"extraction-tag\" confidence\u003d\"1/1\" data-original-title\u003d\"product\" data-toggle\u003d\"tooltip\" data-value\u003d\"Customer Support\" fold-name\u003d\"fold4\" score\u003d\"0.5472064161723722\" style\u003d\"background-color: rgb(78, 135, 105);  color: rgb(0, 0, 0);   border: 2px dashed rgb(255, 0, 0); \" tabnumber\u003d\"3\" tagorder\u003d\"21\"\u003eCustomer Support\u003c/product\u003e\u003c/formatting\u003e \u003c/span\u003e\u003c/line\u003e \u003c/span\u003e\u003c/par\u003e \u003c/p\u003e \n\u003c/text\u003e \u003c/td\u003e  \u003ctd style\u003d\"vertical-align:middle;\"\u003e\u003ctext\u003e\u003cp\u003e\u003cpar\u003e\u003cspan\u003e\u003cline\u003e\u003cspan\u003e\u003cformatting\u003eL1/L2 Support Activities\u003c/formatting\u003e \u003c/span\u003e\u003c/line\u003e \u003c/span\u003e\u003c/par\u003e \u003c/p\u003e \n\u003c/text\u003e \u003c/td\u003e  \u003ctd style\u003d\"vertical-align:middle;\"\u003e\u003ctext\u003e\u003cp\u003e\u003cpar\u003e\u003cspan\u003e\u003cline\u003e\u003cspan\u003e\u003cformatting\u003e$\u003cprice appendorder\u003d\"23\" class\u003d\"extraction-tag\" confidence\u003d\"1/1\" data-original-title\u003d\"price\" data-toggle\u003d\"tooltip\" data-value\u003d\"20.00\" fold-name\u003d\"fold3\" score\u003d\"0.6832992600932669\" style\u003d\"background-color: rgb(140, 250, 187);  color: rgb(0, 0, 0);   border: 2px dashed rgb(255, 0, 0); \" tabnumber\u003d\"3\" tagorder\u003d\"27\"\u003e20.00\u003c/price\u003e\u003c/formatting\u003e \u003c/span\u003e\u003c/line\u003e \u003c/span\u003e\u003c/par\u003e \u003c/p\u003e \n\u003c/text\u003e \u003c/td\u003e  \u003ctd style\u003d\"vertical-align:middle;\"\u003e\u003ctext\u003e\u003cp\u003e\u003cpar\u003e\u003cspan\u003e\u003cline\u003e\u003cspan\u003e\u003cformatting\u003e\u003cspan\u003e\u003cquantity appendorder\u003d\"24\" class\u003d\"extraction-tag\" confidence\u003d\"1/1\" data-original-title\u003d\"quantity\" data-toggle\u003d\"tooltip\" data-value\u003d\"32\" fold-name\u003d\"fold3\" score\u003d\"0.8429706445100386\" style\u003d\"background-color: rgb(11, 47, 140);  color: rgb(255, 255, 255);   border: 2px dashed rgb(255, 0, 0); \" tabnumber\u003d\"3\" tagorder\u003d\"14\"\u003e32\u003c/quantity\u003e\u003c/span\u003e\u003c/formatting\u003e \u003c/span\u003e\u003c/line\u003e \u003c/span\u003e\u003c/par\u003e \u003c/p\u003e \n\u003c/text\u003e \u003c/td\u003e  \u003ctd style\u003d\"vertical-align:middle;\"\u003e\u003ctext\u003e\u003cp\u003e\u003cpar\u003e\u003cspan\u003e\u003cline\u003e\u003cspan\u003e\u003cformatting\u003e$\u0026pound;540.00\u003c/formatting\u003e \u003c/span\u003e\u003c/line\u003e \u003c/span\u003e\u003c/par\u003e \u003c/p\u003e \n\u003c/text\u003e \u003c/td\u003e  \u003c/tr\u003e \n\u003ctr\u003e\u003ctd style\u003d\"vertical-align:middle;\"\u003e\u003ctext\u003e\u003cp\u003e\u003cpar\u003e\u003cspan\u003e\u003cline\u003e\u003cspan\u003e\u003cformatting\u003eVideo Marketing\u003c/formatting\u003e \u003c/span\u003e\u003c/line\u003e \u003c/span\u003e\u003c/par\u003e \u003c/p\u003e \n\u003c/text\u003e \u003c/td\u003e  \u003ctd style\u003d\"vertical-align:middle;\"\u003e\u003ctext\u003e\u003cp\u003e\u003cpar\u003e\u003cspan\u003e\u003cline\u003e\u003cspan\u003e\u003cformatting\u003eTwitch TV advertisement\u003c/formatting\u003e \u003c/span\u003e\u003c/line\u003e \u003c/span\u003e\u003c/par\u003e \u003c/p\u003e \n\u003c/text\u003e \u003c/td\u003e  \u003ctd style\u003d\"vertical-align:middle;\"\u003e\u003ctext\u003e\u003cp\u003e\u003cpar\u003e\u003cspan\u003e\u003cline\u003e\u003cspan\u003e\u003cformatting\u003e$\u003cprice appendorder\u003d\"26\" class\u003d\"extraction-tag\" confidence\u003d\"1/1\" data-original-title\u003d\"price\" data-toggle\u003d\"tooltip\" data-value\u003d\"5.00\" fold-name\u003d\"fold3\" score\u003d\"0.7787772511096307\" style\u003d\"background-color: rgb(140, 250, 187);  color: rgb(0, 0, 0);   border: 2px dotted rgb(0, 255, 0); \" tabnumber\u003d\"4\" tagorder\u003d\"28\"\u003e5.00\u003c/price\u003e\u003c/formatting\u003e \u003c/span\u003e\u003c/line\u003e \u003c/span\u003e\u003c/par\u003e \u003c/p\u003e \n\u003c/text\u003e \u003c/td\u003e  \u003ctd style\u003d\"vertical-align:middle;\"\u003e\u003ctext\u003e\u003cp\u003e\u003cpar\u003e\u003cspan\u003e\u003cline\u003e\u003cspan\u003e\u003cformatting\u003e\u003cspan\u003e\u003cquantity appendorder\u003d\"27\" class\u003d\"extraction-tag\" confidence\u003d\"1/1\" data-original-title\u003d\"quantity\" data-toggle\u003d\"tooltip\" data-value\u003d\"71\" fold-name\u003d\"fold3\" score\u003d\"0.8274135360076758\" style\u003d\"background-color: rgb(11, 47, 140);  color: rgb(255, 255, 255);   border: 2px dotted rgb(0, 255, 0); \" tabnumber\u003d\"4\" tagorder\u003d\"15\"\u003e71\u003c/quantity\u003e\u003c/span\u003e\u003c/formatting\u003e \u003c/span\u003e\u003c/line\u003e \u003c/span\u003e\u003c/par\u003e \u003c/p\u003e \n\u003c/text\u003e \u003c/td\u003e  \u003ctd style\u003d\"vertical-align:middle;\"\u003e\u003ctext\u003e\u003cp\u003e\u003cpar\u003e\u003cspan\u003e\u003cline\u003e\u003cspan\u003e\u003cformatting\u003e, $355.00\u003c/formatting\u003e \u003c/span\u003e\u003c/line\u003e \u003c/span\u003e\u003c/par\u003e \u003c/p\u003e \n\u003c/text\u003e \u003c/td\u003e  \u003c/tr\u003e \n\u003ctr\u003e\u003ctd style\u003d\"vertical-align:middle;\"\u003e\u003ctext\u003e\u003cp\u003e\u003cpar\u003e\u003cspan\u003e\u003cline\u003e\u003cspan\u003e\u003cformatting\u003eProof of Concept\u003c/formatting\u003e \u003c/span\u003e\u003c/line\u003e \u003c/span\u003e\u003c/par\u003e \u003c/p\u003e \n\u003c/text\u003e \u003c/td\u003e  \u003ctd style\u003d\"vertical-align:middle;\"\u003e\u003ctext\u003e\u003cp\u003e\u003cpar\u003e\u003cspan\u003e\u003cline\u003e\u003cspan\u003e\u003cformatting\u003eEngineering of proposed solution\u003c/formatting\u003e \u003c/span\u003e\u003c/line\u003e \u003c/span\u003e\u003c/par\u003e \u003c/p\u003e \n\u003c/text\u003e \u003c/td\u003e  \u003ctd style\u003d\"vertical-align:middle;\"\u003e\u003ctext\u003e\u003cp\u003e\u003cpar\u003e\u003cspan\u003e\u003cline\u003e\u003cspan\u003e\u003cformatting\u003e$\u003cprice appendorder\u003d\"29\" class\u003d\"extraction-tag\" confidence\u003d\"1/1\" data-original-title\u003d\"price\" data-toggle\u003d\"tooltip\" data-value\u003d\"60.00\" fold-name\u003d\"fold3\" score\u003d\"0.6937132153091801\" style\u003d\"background-color: rgb(140, 250, 187);  color: rgb(0, 0, 0);   border: 2px dotted rgb(0, 0, 255); \" tabnumber\u003d\"5\" tagorder\u003d\"29\"\u003e60.00\u003c/price\u003e\u003c/formatting\u003e \u003c/span\u003e\u003c/line\u003e \u003c/span\u003e\u003c/par\u003e \u003c/p\u003e \n\u003c/text\u003e \u003c/td\u003e  \u003ctd style\u003d\"vertical-align:middle;\"\u003e\u003ctext\u003e\u003cp\u003e\u003cpar\u003e\u003cspan\u003e\u003cline\u003e\u003cspan\u003e\u003cformatting\u003e\u003cspan\u003e\u003cquantity appendorder\u003d\"30\" class\u003d\"extraction-tag\" confidence\u003d\"1/1\" data-original-title\u003d\"quantity\" data-toggle\u003d\"tooltip\" data-value\u003d\"50\" fold-name\u003d\"fold3\" score\u003d\"0.8560719197451067\" style\u003d\"background-color: rgb(11, 47, 140);  color: rgb(255, 255, 255);   border: 2px dotted rgb(0, 0, 255); \" tabnumber\u003d\"5\" tagorder\u003d\"16\"\u003e50\u003c/quantity\u003e\u003c/span\u003e\u003c/formatting\u003e \u003c/span\u003e\u003c/line\u003e \u003c/span\u003e\u003c/par\u003e \u003c/p\u003e \n\u003c/text\u003e \u003c/td\u003e  \u003ctd style\u003d\"vertical-align:middle;\"\u003e\u003ctext\u003e\u003cp\u003e\u003cpar\u003e\u003cspan\u003e\u003cline\u003e\u003cspan\u003e\u003cformatting\u003e\u0027 -$3,000.00\u003c/formatting\u003e \u003c/span\u003e\u003c/line\u003e \u003c/span\u003e\u003c/par\u003e \u003c/p\u003e \n\u003c/text\u003e \u003c/td\u003e  \u003c/tr\u003e \n\u003ctr\u003e\u003ctd style\u003d\"vertical-align:middle;\"\u003e\u003ctext\u003e\u003cp\u003e\u003cpar\u003e\u003cspan\u003e\u003cline\u003e\u003cspan\u003e\u003cformatting\u003e\\\u003c/formatting\u003e \u003c/span\u003e\u003c/line\u003e \u003c/span\u003e\u003c/par\u003e \u003cpar\u003e\u003cspan\u003e\u003cline\u003e\u003cspan\u003e\u003cformatting\u003eSUBTOTAL\u003c/formatting\u003e \u003c/span\u003e\u003c/line\u003e \u003c/span\u003e\u003c/par\u003e \u003c/p\u003e \n\u003c/text\u003e \u003c/td\u003e  \u003ctd style\u003d\"vertical-align:middle;\"\u003e\u003ctext\u003e\u003cp\u003e\u003cpar\u003e\u003cspan\u003e\u003cline\u003e\u003cspan\u003e\u003cformatting\u003ev: $17,915.00\u003c/formatting\u003e \u003c/span\u003e\u003c/line\u003e \u003c/span\u003e\u003c/par\u003e \u003c/p\u003e \n\u003c/text\u003e \u003c/td\u003e  \u003c/tr\u003e \n\u003ctr\u003e\u003ctd style\u003d\"vertical-align:middle;\"\u003e\u003ctext\u003e\u003cp\u003e\u003cpar\u003e\u003cspan\u003e\u003cline\u003e\u003cspan\u003e\u003cformatting\u003eTAX 20%\u003c/formatting\u003e \u003c/span\u003e\u003c/line\u003e \u003c/span\u003e\u003c/par\u003e \u003c/p\u003e \n\u003c/text\u003e \u003c/td\u003e  \u003ctd style\u003d\"vertical-align:middle;\"\u003e\u003ctext\u003e\u003cp\u003e\u003cpar\u003e\u003cspan\u003e\u003cline\u003e\u003cspan\u003e\u003cformatting\u003e\u0026quot; . $3,583.00\u003c/formatting\u003e \u003c/span\u003e\u003c/line\u003e \u003c/span\u003e\u003c/par\u003e \u003c/p\u003e \n\u003c/text\u003e \u003c/td\u003e  \u003c/tr\u003e \n\u003c/tbody\u003e\u003c/table\u003e\n\u003cblock\u003e\u003ctext\u003e\u003cp\u003e\u003cpar\u003e\u003cspan\u003e\u003cline\u003e\u003cspan\u003e\u003cformatting\u003eTOTAL $\u003cspan\u003e\u003ctotal_amount appendorder\u003d\"7\" class\u003d\"extraction-tag\" confidence\u003d\"1/1\" data-original-title\u003d\"total_amount\" data-toggle\u003d\"tooltip\" data-value\u003d\"21,498.00\" fold-name\u003d\"fold5\" score\u003d\"0.8206202242246778\" style\u003d\"background-color: rgb(27, 182, 226);  color: rgb(0, 0, 0);   border: 2px solid rgb(125, 157, 1); \" tagorder\u003d\"1\"\u003e21,498.00\u003c/total_amount\u003e\u003c/span\u003e\u003c/formatting\u003e \u003c/span\u003e\u003c/line\u003e \u003c/span\u003e\u003c/par\u003e \u003cpar\u003e\u003cspan\u003e\u003cline\u003e\u003cspan\u003e\u003cformatting\u003eNOV\u003c/formatting\u003e \u003c/span\u003e\u003c/line\u003e \u003c/span\u003e\u003c/par\u003e \u003cpar\u003e\u003cspan\u003e\u003cline\u003e\u003cspan\u003e\u003cformatting\u003eA f- ^ r\u003c/formatting\u003e \u003c/span\u003e\u003c/line\u003e \u003c/span\u003e\u003c/par\u003e \u003cpar\u003e\u003cspan\u003e\u003cline\u003e\u003cspan\u003e\u003cformatting\u003eiCE: vie r, ■\u003c/formatting\u003e \u003c/span\u003e\u003c/line\u003e \u003c/span\u003e\u003c/par\u003e \u003cpar\u003e\u003cspan\u003e\u003cline\u003e\u003cspan\u003e\u003cformatting\u003e* .nance charge of 1 T-% will Ho made ort unpaid balances after 30 days.\u003c/formatting\u003e \u003c/span\u003e\u003c/line\u003e \u003c/span\u003e\u003c/par\u003e \u003c/p\u003e \n\u003c/text\u003e \u003c/block\u003e \u003c/page\u003e\u003c/document\u003e","tags":[{"begin":113,"end":135,"text":"iohn.doe(S)examDle.com","tag":"email","fieldType":"EMAIL","score":0.7494817625078564,"estimatedAccuracy":0.0},{"begin":159,"end":165,"text":"Workft","tag":"supplier_name","fieldType":"COMPANY_NAME","score":0.8374314964757871,"estimatedAccuracy":0.0},{"begin":226,"end":249,"text":"January 16,    \n   2018","tag":"invoice_date","fieldType":"DATE","score":0.6205838081887336,"estimatedAccuracy":0.0},{"begin":358,"end":381,"text":"Social Media  Marketing","tag":"product","fieldType":"TEXT","score":0.5778517726540441,"estimatedAccuracy":0.0},{"begin":438,"end":442,"text":"1.00","tag":"price","fieldType":"NUMBER","score":0.6836213400443352,"estimatedAccuracy":0.0},{"begin":450,"end":452,"text":"90","tag":"quantity","fieldType":"NUMBER","score":0.8687295867675128,"estimatedAccuracy":0.0},{"begin":557,"end":562,"text":"60.00","tag":"price","fieldType":"NUMBER","score":0.6624264503052953,"estimatedAccuracy":0.0},{"begin":570,"end":572,"text":"83","tag":"quantity","fieldType":"NUMBER","score":0.8062986236142013,"estimatedAccuracy":0.0},{"begin":599,"end":616,"text":"Pilot Development","tag":"product","fieldType":"TEXT","score":0.7580812870708589,"estimatedAccuracy":0.0},{"begin":662,"end":668,"text":"150.00","tag":"price","fieldType":"NUMBER","score":0.7037029872299705,"estimatedAccuracy":0.0},{"begin":676,"end":678,"text":"59","tag":"quantity","fieldType":"NUMBER","score":0.8014826310764347,"estimatedAccuracy":0.0},{"begin":705,"end":721,"text":"Customer Support","tag":"product","fieldType":"TEXT","score":0.5472064161723722,"estimatedAccuracy":0.0},{"begin":762,"end":767,"text":"20.00","tag":"price","fieldType":"NUMBER","score":0.6832992600932669,"estimatedAccuracy":0.0},{"begin":775,"end":777,"text":"32","tag":"quantity","fieldType":"NUMBER","score":0.8429706445100386,"estimatedAccuracy":0.0},{"begin":858,"end":862,"text":"5.00","tag":"price","fieldType":"NUMBER","score":0.7787772511096307,"estimatedAccuracy":0.0},{"begin":870,"end":872,"text":"71","tag":"quantity","fieldType":"NUMBER","score":0.8274135360076758,"estimatedAccuracy":0.0},{"begin":964,"end":969,"text":"60.00","tag":"price","fieldType":"NUMBER","score":0.6937132153091801,"estimatedAccuracy":0.0},{"begin":977,"end":979,"text":"50","tag":"quantity","fieldType":"NUMBER","score":0.8560719197451067,"estimatedAccuracy":0.0},{"begin":1098,"end":1107,"text":"21,498.00","tag":"total_amount","fieldType":"NUMBER","score":0.8206202242246778,"estimatedAccuracy":0.0}],"group":"email|invoice_date|price|product|quantity|supplier_name|total_amount","limeExplanation":{},"liblinearFeatureImportance":{}}