{"finalScore":0.7878230468615676,"metaInfo":{"model":{"coreVersion":"10.3.0.39"}},"sumScore":25.99816054643173,"tagsCounter":33.0,"taggedText":"\u003cbase\u003e\u003c/base\u003e\u003cmeta content\u003d\"text-html; charset\u003dutf-8\"\u003e\u003c/meta\u003e\u003cstyle type\u003d\"text/css\"\u003e\u003c/style\u003e\u003cdocument\u003e\u003cpage\u003e\u003cblock\u003e\u003ctext\u003e\u003cp\u003e\u003cpar\u003e\u003cspan\u003e\u003cline\u003e\u003cspan\u003e\u003cformatting\u003eINVOICE 0\u003c/formatting\u003e \u003c/span\u003e\u003c/line\u003e \u003c/span\u003e\u003c/par\u003e \u003c/p\u003e \n\u003c/text\u003e \u003c/block\u003e \u003cblock\u003e\u003ctext\u003e\u003cp\u003e\u003cpar\u003e\u003cspan\u003e\u003cline\u003e\u003cspan\u003e\u003cformatting\u003eBILL TO\u003c/formatting\u003e \u003c/span\u003e\u003c/line\u003e \u003c/span\u003e\u003c/par\u003e \u003cpar\u003e\u003cspan\u003e\u003cline\u003e\u003cspan\u003e\u003cformatting\u003eIke Ike Vandervort\u003c/formatting\u003e \u003c/span\u003e\u003c/line\u003e \u003cline\u003e\u003cspan\u003e\u003cformatting\u003eSummerton, AL\u003c/formatting\u003e \u003c/span\u003e\u003c/line\u003e \u003c/span\u003e\u003c/par\u003e \u003cpar\u003e\u003cspan\u003e\u003cline\u003e\u003cspan\u003e\u003cformatting\u003e01265\u003c/formatting\u003e \u003c/span\u003e\u003c/line\u003e \u003c/span\u003e\u003c/par\u003e \u003cpar\u003e\u003cspan\u003e\u003cline\u003e\u003cspan\u003e\u003cformatting\u003eWest\u003c/formatting\u003e \u003c/span\u003e\u003c/line\u003e \u003c/span\u003e\u003c/par\u003e \u003cpar\u003e\u003cspan\u003e\u003cline\u003e\u003cspan\u003e\u003cformatting\u003eHolden\u003c/formatting\u003e \u003c/span\u003e\u003c/line\u003e \u003c/span\u003e\u003c/par\u003e \u003cpar\u003e\u003cspan\u003e\u003cline\u003e\u003cspan\u003e\u003cformatting\u003eVirgin\u003c/formatting\u003e \u003c/span\u003e\u003c/line\u003e \u003c/span\u003e\u003c/par\u003e \u003cpar\u003e\u003cspan\u003e\u003cline\u003e\u003cspan\u003e\u003cformatting\u003elslands,\u003c/formatting\u003e \u003c/span\u003e\u003c/line\u003e \u003c/span\u003e\u003c/par\u003e \u003cpar\u003e\u003cspan\u003e\u003cline\u003e\u003cspan\u003e\u003cformatting\u003eBritish\u003c/formatting\u003e \u003c/span\u003e\u003c/line\u003e \u003c/span\u003e\u003c/par\u003e \u003c/p\u003e \n\u003c/text\u003e \u003c/block\u003e \u003cblock\u003e\u003ctext\u003e\u003cp\u003e\u003cpar\u003e\u003cspan\u003e\u003cline\u003e\u003cspan\u003e\u003cformatting\u003e\u003csupplier_name appendorder\u003d\"2\" class\u003d\"extraction-tag\" confidence\u003d\"1/1\" data-original-title\u003d\"supplier_name\" data-toggle\u003d\"tooltip\" data-value\u003d\"Hettinger, Hettinger and Hettinger\" fold-name\u003d\"fold3\" score\u003d\"0.7593362453938197\" style\u003d\"background-color: rgb(88, 50, 166);  color: rgb(255, 255, 255);   border: 2px solid rgb(125, 157, 1); \" tagorder\u003d\"3\"\u003eHettinger, Hettinger and Hettinger\u003c/supplier_name\u003e\u003c/formatting\u003e \u003c/span\u003e\u003c/line\u003e \u003cline\u003e\u003cspan\u003e\u003cformatting\u003eInvoice # \u003cinvoice_number appendorder\u003d\"5\" class\u003d\"extraction-tag\" confidence\u003d\"1/1\" data-original-title\u003d\"invoice_number\" data-toggle\u003d\"tooltip\" data-value\u003d\"7140088368\" fold-name\u003d\"fold3\" score\u003d\"0.798534841574039\" style\u003d\"background-color: rgb(0, 83, 98);  color: rgb(255, 255, 255);   border: 2px solid rgb(125, 157, 1); \" tagorder\u003d\"1\"\u003e7140088368\u003c/invoice_number\u003e\u003c/formatting\u003e \u003c/span\u003e\u003c/line\u003e \u003c/span\u003e\u003c/par\u003e \u003cpar\u003e\u003cspan\u003e\u003cline\u003e\u003cspan\u003e\u003cformatting\u003eOrder date 0\u003c/formatting\u003e \u003c/span\u003e\u003c/line\u003e \u003c/span\u003e\u003c/par\u003e \u003cpar\u003e\u003cspan\u003e\u003cline\u003e\u003cspan\u003e\u003cformatting\u003eAccount number CR8w371HZ0XFSZqW\u003c/formatting\u003e \u003c/span\u003e\u003c/line\u003e \u003c/span\u003e\u003c/par\u003e \u003cpar\u003e\u003cspan\u003e\u003cline\u003e\u003cspan\u003e\u003cformatting\u003eShipment provided □\u003c/formatting\u003e \u003c/span\u003e\u003c/line\u003e \u003c/span\u003e\u003c/par\u003e \u003c/p\u003e \n\u003c/text\u003e \u003c/block\u003e \u003ctable border\u003d\"1\" style\u003d\"user-select: auto;\"\u003e\u003ctbody\u003e\u003ctr\u003e\u003ctd style\u003d\"vertical-align:middle;\"\u003e\u003ctext\u003e\u003cp\u003e\u003cpar\u003e\u003cspan\u003e\u003cline\u003e\u003cspan\u003e\u003cformatting\u003eProduct\u003c/formatting\u003e \u003c/span\u003e\u003c/line\u003e \u003c/span\u003e\u003c/par\u003e \u003c/p\u003e \n\u003c/text\u003e \u003c/td\u003e  \u003ctd style\u003d\"vertical-align:middle;\"\u003e\u003ctext\u003e\u003cp\u003e\u003cpar\u003e\u003cspan\u003e\u003cline\u003e\u003cspan\u003e\u003cformatting\u003ePrice\u003c/formatting\u003e \u003c/span\u003e\u003c/line\u003e \u003c/span\u003e\u003c/par\u003e \u003c/p\u003e \n\u003c/text\u003e \u003c/td\u003e  \u003ctd style\u003d\"vertical-align:middle;\"\u003e\u003ctext\u003e\u003cp\u003e\u003cpar\u003e\u003cspan\u003e\u003cline\u003e\u003cspan\u003e\u003cformatting\u003eQuantity\u003c/formatting\u003e \u003c/span\u003e\u003c/line\u003e \u003c/span\u003e\u003c/par\u003e \u003c/p\u003e \n\u003c/text\u003e \u003c/td\u003e  \u003ctd style\u003d\"vertical-align:middle;\"\u003e\u003ctext\u003e\u003cp\u003e\u003cpar\u003e\u003cspan\u003e\u003cline\u003e\u003cspan\u003e\u003cformatting\u003eDescription\u003c/formatting\u003e \u003c/span\u003e\u003c/line\u003e \u003c/span\u003e\u003c/par\u003e \u003c/p\u003e \n\u003c/text\u003e \u003c/td\u003e  \u003ctd style\u003d\"vertical-align:middle;\"\u003e\u003ctext\u003e\u003cp\u003e\u003cpar\u003e\u003cspan\u003e\u003cline\u003e\u003cspan\u003e\u003cformatting\u003eTotal\u003c/formatting\u003e \u003c/span\u003e\u003c/line\u003e \u003c/span\u003e\u003c/par\u003e \u003c/p\u003e \n\u003c/text\u003e \u003c/td\u003e  \u003c/tr\u003e \n\u003ctr\u003e\u003ctd class\u003d\"\"\u003e\u003ctext\u003e\u003cp\u003e\u003cpar\u003e\u003cspan\u003e\u003cline\u003e\u003cspan\u003e\u003cformatting\u003e\u003cproduct appendorder\u003d\"3\" class\u003d\"extraction-tag\" confidence\u003d\"1/1\" data-original-title\u003d\"product\" data-toggle\u003d\"tooltip\" data-value\u003d\"Lightweight Steel Bench\" fold-name\u003d\"fold2\" score\u003d\"0.8628005525763207\" style\u003d\"background-color: rgb(78, 135, 105);  color: rgb(0, 0, 0);   border: 2px dashed rgb(128, 0, 0); \" tabnumber\u003d\"0\" tagorder\u003d\"19\"\u003eLightweight Steel Bench\u003c/product\u003e\u003c/formatting\u003e \u003c/span\u003e\u003c/line\u003e \u003c/span\u003e\u003c/par\u003e \u003c/p\u003e \n\u003c/text\u003e \u003c/td\u003e  \u003ctd style\u003d\"vertical-align:middle;\"\u003e\u003ctext\u003e\u003cp\u003e\u003cpar\u003e\u003cspan\u003e\u003cline\u003e\u003cspan\u003e\u003cformatting\u003e$\u003cprice appendorder\u003d\"8\" class\u003d\"extraction-tag\" confidence\u003d\"1/1\" data-original-title\u003d\"price\" data-toggle\u003d\"tooltip\" data-value\u003d\"915.87\" fold-name\u003d\"fold1\" score\u003d\"0.9417499824258176\" style\u003d\"background-color: rgb(140, 250, 187);  color: rgb(0, 0, 0);   border: 2px dashed rgb(128, 0, 0); \" tabnumber\u003d\"0\" tagorder\u003d\"28\"\u003e915.87\u003c/price\u003e\u003c/formatting\u003e \u003c/span\u003e\u003c/line\u003e \u003c/span\u003e\u003c/par\u003e \u003c/p\u003e \n\u003c/text\u003e \u003c/td\u003e  \u003ctd class\u003d\"\"\u003e\u003ctext\u003e\u003cp\u003e\u003cpar\u003e\u003cspan\u003e\u003cline\u003e\u003cspan\u003e\u003cformatting\u003e\u003cspan\u003e\u003cquantity appendorder\u003d\"12\" class\u003d\"extraction-tag\" confidence\u003d\"1/1\" data-original-title\u003d\"quantity\" data-toggle\u003d\"tooltip\" data-value\u003d\"58\" fold-name\u003d\"fold1\" score\u003d\"0.864688592951601\" style\u003d\"background-color: rgb(11, 47, 140);  color: rgb(255, 255, 255);   border: 2px dashed rgb(128, 0, 0); \" tabnumber\u003d\"0\" tagorder\u003d\"10\"\u003e58\u003c/quantity\u003e\u003c/span\u003e\u003c/formatting\u003e \u003c/span\u003e\u003c/line\u003e \u003c/span\u003e\u003c/par\u003e \u003c/p\u003e \n\u003c/text\u003e \u003c/td\u003e  \u003ctd style\u003d\"vertical-align:middle;\"\u003e\u003ctext\u003e\u003cp\u003e\u003cpar\u003e\u003cspan\u003e\u003cline\u003e\u003cspan\u003e\u003cformatting\u003eThis date is r\u0026gt;6t yet known\u003c/formatting\u003e \u003c/span\u003e\u003c/line\u003e \u003c/span\u003e\u003c/par\u003e \u003c/p\u003e \n\u003c/text\u003e \u003c/td\u003e  \u003ctd style\u003d\"vertical-align:middle;\"\u003e\u003ctext\u003e\u003cp\u003e\u003cpar\u003e\u003cspan\u003e\u003cline\u003e\u003cspan\u003e\u003cformatting\u003e$53,120.46\u003c/formatting\u003e \u003c/span\u003e\u003c/line\u003e \u003c/span\u003e\u003c/par\u003e \u003c/p\u003e \n\u003c/text\u003e \u003c/td\u003e  \u003c/tr\u003e \n\u003ctr\u003e\u003ctd class\u003d\"\"\u003e\u003ctext\u003e\u003cp\u003e\u003cpar\u003e\u003cspan\u003e\u003cline\u003e\u003cspan\u003e\u003cformatting\u003e\u003cproduct appendorder\u003d\"14\" class\u003d\"extraction-tag\" confidence\u003d\"1/1\" data-original-title\u003d\"product\" data-toggle\u003d\"tooltip\" data-value\u003d\"Aerodynamic Bronze Plate\" fold-name\u003d\"fold2\" score\u003d\"0.8467142902617028\" style\u003d\"background-color: rgb(78, 135, 105);  color: rgb(0, 0, 0);   border: 2px dashed rgb(0, 128, 0); \" tabnumber\u003d\"1\" tagorder\u003d\"20\"\u003eAerodynamic Bronze Plate\u003c/product\u003e\u003c/formatting\u003e \u003c/span\u003e\u003c/line\u003e \u003c/span\u003e\u003c/par\u003e \u003c/p\u003e \n\u003c/text\u003e \u003c/td\u003e  \u003ctd style\u003d\"vertical-align:middle;\"\u003e\u003ctext\u003e\u003cp\u003e\u003cpar\u003e\u003cspan\u003e\u003cline\u003e\u003cspan\u003e\u003cformatting\u003e$\u003cprice appendorder\u003d\"15\" class\u003d\"extraction-tag\" confidence\u003d\"1/1\" data-original-title\u003d\"price\" data-toggle\u003d\"tooltip\" data-value\u003d\"535.91\" fold-name\u003d\"fold1\" score\u003d\"0.9212479833705026\" style\u003d\"background-color: rgb(140, 250, 187);  color: rgb(0, 0, 0);   border: 2px dashed rgb(0, 128, 0); \" tabnumber\u003d\"1\" tagorder\u003d\"29\"\u003e535.91\u003c/price\u003e\u003c/formatting\u003e \u003c/span\u003e\u003c/line\u003e \u003c/span\u003e\u003c/par\u003e \u003c/p\u003e \n\u003c/text\u003e \u003c/td\u003e  \u003ctd class\u003d\"\"\u003e\u003ctext\u003e\u003cp\u003e\u003cpar\u003e\u003cspan\u003e\u003cline\u003e\u003cspan\u003e\u003cformatting\u003e\u003cspan\u003e\u003cquantity appendorder\u003d\"16\" class\u003d\"extraction-tag\" confidence\u003d\"1/1\" data-original-title\u003d\"quantity\" data-toggle\u003d\"tooltip\" data-value\u003d\"50\" fold-name\u003d\"fold1\" score\u003d\"0.9000744410838382\" style\u003d\"background-color: rgb(11, 47, 140);  color: rgb(255, 255, 255);   border: 2px dashed rgb(0, 128, 0); \" tabnumber\u003d\"1\" tagorder\u003d\"11\"\u003e50\u003c/quantity\u003e\u003c/span\u003e\u003c/formatting\u003e \u003c/span\u003e\u003c/line\u003e \u003c/span\u003e\u003c/par\u003e \u003c/p\u003e \n\u003c/text\u003e \u003c/td\u003e  \u003ctd style\u003d\"vertical-align:middle;\"\u003e\u003ctext\u003e\u003cp\u003e\u003cpar\u003e\u003cspan\u003e\u003cline\u003e\u003cspan\u003e\u003cformatting\u003eThe item is^ package of low-fat milk\u003c/formatting\u003e \u003c/span\u003e\u003c/line\u003e \u003c/span\u003e\u003c/par\u003e \u003c/p\u003e \n\u003c/text\u003e \u003c/td\u003e  \u003ctd style\u003d\"vertical-align:middle;\"\u003e\u003ctext\u003e\u003cp\u003e\u003cpar\u003e\u003cspan\u003e\u003cline\u003e\u003cspan\u003e\u003cformatting\u003e$26,795.50\u003c/formatting\u003e \u003c/span\u003e\u003c/line\u003e \u003c/span\u003e\u003c/par\u003e \u003c/p\u003e \n\u003c/text\u003e \u003c/td\u003e  \u003c/tr\u003e \n\u003ctr\u003e\u003ctd class\u003d\"\"\u003e\u003ctext\u003e\u003cp\u003e\u003cpar\u003e\u003cspan\u003e\u003cline\u003e\u003cspan\u003e\u003cformatting\u003e\u003cproduct appendorder\u003d\"17\" class\u003d\"extraction-tag\" confidence\u003d\"1/1\" data-original-title\u003d\"product\" data-toggle\u003d\"tooltip\" data-value\u003d\"Fantastic Rubber Clock\" fold-name\u003d\"fold2\" score\u003d\"0.8557067347526924\" style\u003d\"background-color: rgb(78, 135, 105);  color: rgb(0, 0, 0);   border: 2px dashed rgb(0, 0, 128); \" tabnumber\u003d\"2\" tagorder\u003d\"21\"\u003eFantastic Rubber Clock\u003c/product\u003e\u003c/formatting\u003e \u003c/span\u003e\u003c/line\u003e \u003c/span\u003e\u003c/par\u003e \u003c/p\u003e \n\u003c/text\u003e \u003c/td\u003e  \u003ctd style\u003d\"vertical-align:middle;\"\u003e\u003ctext\u003e\u003cp\u003e\u003cpar\u003e\u003cspan\u003e\u003cline\u003e\u003cspan\u003e\u003cformatting\u003e$\u003cprice appendorder\u003d\"19\" class\u003d\"extraction-tag\" confidence\u003d\"1/1\" data-original-title\u003d\"price\" data-toggle\u003d\"tooltip\" data-value\u003d\"36.78\" fold-name\u003d\"fold1\" score\u003d\"0.9130609760337834\" style\u003d\"background-color: rgb(140, 250, 187);  color: rgb(0, 0, 0);   border: 2px dashed rgb(0, 0, 128); \" tabnumber\u003d\"2\" tagorder\u003d\"30\"\u003e36.78\u003c/price\u003e\u003c/formatting\u003e \u003c/span\u003e\u003c/line\u003e \u003c/span\u003e\u003c/par\u003e \u003c/p\u003e \n\u003c/text\u003e \u003c/td\u003e  \u003ctd class\u003d\"\"\u003e\u003ctext\u003e\u003cp\u003e\u003cpar\u003e\u003cspan\u003e\u003cline\u003e\u003cspan\u003e\u003cformatting\u003e\u003cspan\u003e\u003cquantity class\u003d\"extraction-tag\" data-value\u003d\"51\" fold-name\u003d\"fold1\" ml-tagorder\u003d\"46\" score\u003d\"0.698508215651034\" tagorder\u003d\"46\"\u003e51\u003c/quantity\u003e /1\u003c/span\u003e\u003c/formatting\u003e \u003c/span\u003e\u003c/line\u003e \u003c/span\u003e\u003c/par\u003e \u003c/p\u003e \n\u003c/text\u003e \u003c/td\u003e  \u003ctd style\u003d\"vertical-align:middle;\"\u003e\u003ctext\u003e\u003cp\u003e\u003cpar\u003e\u003cspan\u003e\u003cline\u003e\u003cspan\u003e\u003cformatting\u003eCall-off/or^er confirmation line number 1\u003c/formatting\u003e \u003c/span\u003e\u003c/line\u003e \u003c/span\u003e\u003c/par\u003e \u003c/p\u003e \n\u003c/text\u003e \u003c/td\u003e  \u003ctd style\u003d\"vertical-align:middle;\"\u003e\u003ctext\u003e\u003cp\u003e\u003cpar\u003e\u003cspan\u003e\u003cline\u003e\u003cspan\u003e\u003cformatting\u003e$1,875.78\u003c/formatting\u003e \u003c/span\u003e\u003c/line\u003e \u003c/span\u003e\u003c/par\u003e \u003c/p\u003e \n\u003c/text\u003e \u003c/td\u003e  \u003c/tr\u003e \n\u003ctr\u003e\u003ctd class\u003d\"\"\u003e\u003ctext\u003e\u003cp\u003e\u003cpar\u003e\u003cspan\u003e\u003cline\u003e\u003cspan\u003e\u003cformatting\u003e\u003cproduct appendorder\u003d\"20\" class\u003d\"extraction-tag\" confidence\u003d\"1/1\" data-original-title\u003d\"product\" data-toggle\u003d\"tooltip\" data-value\u003d\"Ergonomic Granite Chair\" fold-name\u003d\"fold2\" score\u003d\"0.8791572533227213\" style\u003d\"background-color: rgb(78, 135, 105);  color: rgb(0, 0, 0);   border: 2px dashed rgb(255, 0, 0); \" tabnumber\u003d\"3\" tagorder\u003d\"22\"\u003eErgonomic Granite Chair\u003c/product\u003e\u003c/formatting\u003e \u003c/span\u003e\u003c/line\u003e \u003c/span\u003e\u003c/par\u003e \u003c/p\u003e \n\u003c/text\u003e \u003c/td\u003e  \u003ctd style\u003d\"vertical-align:middle;\"\u003e\u003ctext\u003e\u003cp\u003e\u003cpar\u003e\u003cspan\u003e\u003cline\u003e\u003cspan\u003e\u003cformatting\u003e$\u003cprice appendorder\u003d\"21\" class\u003d\"extraction-tag\" confidence\u003d\"1/1\" data-original-title\u003d\"price\" data-toggle\u003d\"tooltip\" data-value\u003d\"147.71\" fold-name\u003d\"fold1\" score\u003d\"0.9212479833705026\" style\u003d\"background-color: rgb(140, 250, 187);  color: rgb(0, 0, 0);   border: 2px dashed rgb(255, 0, 0); \" tabnumber\u003d\"3\" tagorder\u003d\"31\"\u003e147.71\u003c/price\u003e\u003c/formatting\u003e \u003c/span\u003e\u003c/line\u003e \u003c/span\u003e\u003c/par\u003e \u003c/p\u003e \n\u003c/text\u003e \u003c/td\u003e  \u003ctd class\u003d\"\"\u003e\u003ctext\u003e\u003cp\u003e\u003cpar\u003e\u003cspan\u003e\u003cline\u003e\u003cspan\u003e\u003cformatting\u003e\u003cspan\u003e\u003cquantity class\u003d\"extraction-tag\" data-value\u003d\"18\" fold-name\u003d\"fold1\" ml-tagorder\u003d\"49\" score\u003d\"0.666291134525521\" tagorder\u003d\"49\"\u003e18\u003c/quantity\u003e ft\u003c/span\u003e\u003c/formatting\u003e \u003c/span\u003e\u003c/line\u003e \u003c/span\u003e\u003c/par\u003e \u003c/p\u003e \n\u003c/text\u003e \u003c/td\u003e  \u003ctd style\u003d\"vertical-align:middle;\"\u003e\u003ctext\u003e\u003cp\u003e\u003cpar\u003e\u003cspan\u003e\u003cline\u003e\u003cspan\u003e\u003cformatting\u003eThe iterrvjs a package of low-fat milk\u003c/formatting\u003e \u003c/span\u003e\u003c/line\u003e \u003c/span\u003e\u003c/par\u003e \u003c/p\u003e \n\u003c/text\u003e \u003c/td\u003e  \u003ctd style\u003d\"vertical-align:middle;\"\u003e\u003ctext\u003e\u003cp\u003e\u003cpar\u003e\u003cspan\u003e\u003cline\u003e\u003cspan\u003e\u003cformatting\u003e$2,658.78\u003c/formatting\u003e \u003c/span\u003e\u003c/line\u003e \u003c/span\u003e\u003c/par\u003e \u003c/p\u003e \n\u003c/text\u003e \u003c/td\u003e  \u003c/tr\u003e \n\u003ctr\u003e\u003ctd class\u003d\"\"\u003e\u003ctext\u003e\u003cp\u003e\u003cpar\u003e\u003cspan\u003e\u003cline\u003e\u003cspan\u003e\u003cformatting\u003e\u003cproduct appendorder\u003d\"23\" class\u003d\"extraction-tag\" confidence\u003d\"1/1\" data-original-title\u003d\"product\" data-toggle\u003d\"tooltip\" data-value\u003d\"Awesome Cotton Bottle\" fold-name\u003d\"fold2\" score\u003d\"0.8321455440407156\" style\u003d\"background-color: rgb(78, 135, 105);  color: rgb(0, 0, 0);   border: 2px dotted rgb(0, 255, 0); \" tabnumber\u003d\"4\" tagorder\u003d\"23\"\u003eAwesome Cotton Bottle\u003c/product\u003e\u003c/formatting\u003e \u003c/span\u003e\u003c/line\u003e \u003c/span\u003e\u003c/par\u003e \u003c/p\u003e \n\u003c/text\u003e \u003c/td\u003e  \u003ctd style\u003d\"vertical-align:middle;\"\u003e\u003ctext\u003e\u003cp\u003e\u003cpar\u003e\u003cspan\u003e\u003cline\u003e\u003cspan\u003e\u003cformatting\u003e$\u003cprice appendorder\u003d\"25\" class\u003d\"extraction-tag\" confidence\u003d\"1/1\" data-original-title\u003d\"price\" data-toggle\u003d\"tooltip\" data-value\u003d\"178.14\" fold-name\u003d\"fold1\" score\u003d\"0.9212479833705026\" style\u003d\"background-color: rgb(140, 250, 187);  color: rgb(0, 0, 0);   border: 2px dotted rgb(0, 255, 0); \" tabnumber\u003d\"4\" tagorder\u003d\"32\"\u003e178.14\u003c/price\u003e\u003c/formatting\u003e \u003c/span\u003e\u003c/line\u003e \u003c/span\u003e\u003c/par\u003e \u003c/p\u003e \n\u003c/text\u003e \u003c/td\u003e  \u003ctd class\u003d\"\"\u003e\u003ctext\u003e\u003cp\u003e\u003cpar\u003e\u003cspan\u003e\u003cline\u003e\u003cspan\u003e\u003cformatting\u003e\u003cspan\u003e\u003cquantity class\u003d\"extraction-tag\" data-value\u003d\"73\" fold-name\u003d\"fold1\" ml-tagorder\u003d\"52\" score\u003d\"0.6101367013371749\" tagorder\u003d\"52\"\u003e73\u003c/quantity\u003e / \u003cquantity class\u003d\"extraction-tag\" data-value\u003d\"/\" fold-name\u003d\"fold1\" ml-tagorder\u003d\"53\" score\u003d\"0.4860538428138306\" tagorder\u003d\"53\"\u003e/\u003c/quantity\u003e\u003c/span\u003e\u003c/formatting\u003e \u003c/span\u003e\u003c/line\u003e \u003c/span\u003e\u003c/par\u003e \u003c/p\u003e \n\u003c/text\u003e \u003c/td\u003e  \u003ctd style\u003d\"vertical-align:middle;\"\u003e\u003ctext\u003e\u003cp\u003e\u003cpar\u003e\u003cspan\u003e\u003cline\u003e\u003cspan\u003e\u003cformatting\u003eThis date is not yet known\u003c/formatting\u003e \u003c/span\u003e\u003c/line\u003e \u003c/span\u003e\u003c/par\u003e \u003c/p\u003e \n\u003c/text\u003e \u003c/td\u003e  \u003ctd style\u003d\"vertical-align:middle;\"\u003e\u003ctext\u003e\u003cp\u003e\u003cpar\u003e\u003cspan\u003e\u003cline\u003e\u003cspan\u003e\u003cformatting\u003e$13,004.22\u003c/formatting\u003e \u003c/span\u003e\u003c/line\u003e \u003c/span\u003e\u003c/par\u003e \u003c/p\u003e \n\u003c/text\u003e \u003c/td\u003e  \u003c/tr\u003e \n\u003ctr\u003e\u003ctd class\u003d\"\"\u003e\u003ctext\u003e\u003cp\u003e\u003cpar\u003e\u003cspan\u003e\u003cline\u003e\u003cspan\u003e\u003cformatting\u003e\u003cproduct appendorder\u003d\"26\" class\u003d\"extraction-tag\" confidence\u003d\"1/1\" data-original-title\u003d\"product\" data-toggle\u003d\"tooltip\" data-value\u003d\"Mediocre Iron Gloves\" fold-name\u003d\"fold2\" score\u003d\"0.8158783609054695\" style\u003d\"background-color: rgb(78, 135, 105);  color: rgb(0, 0, 0);   border: 2px dotted rgb(0, 0, 255); \" tabnumber\u003d\"5\" tagorder\u003d\"24\"\u003eMediocre Iron Gloves\u003c/product\u003e\u003c/formatting\u003e \u003c/span\u003e\u003c/line\u003e \u003c/span\u003e\u003c/par\u003e \u003c/p\u003e \n\u003c/text\u003e \u003c/td\u003e  \u003ctd style\u003d\"vertical-align:middle;\"\u003e\u003ctext\u003e\u003cp\u003e\u003cpar\u003e\u003cspan\u003e\u003cline\u003e\u003cspan\u003e\u003cformatting\u003e$\u003cprice appendorder\u003d\"28\" class\u003d\"extraction-tag\" confidence\u003d\"1/1\" data-original-title\u003d\"price\" data-toggle\u003d\"tooltip\" data-value\u003d\"678.43\" fold-name\u003d\"fold1\" score\u003d\"0.9212479833705026\" style\u003d\"background-color: rgb(140, 250, 187);  color: rgb(0, 0, 0);   border: 2px dotted rgb(0, 0, 255); \" tabnumber\u003d\"5\" tagorder\u003d\"33\"\u003e678.43\u003c/price\u003e\u003c/formatting\u003e \u003c/span\u003e\u003c/line\u003e \u003c/span\u003e\u003c/par\u003e \u003c/p\u003e \n\u003c/text\u003e \u003c/td\u003e  \u003ctd class\u003d\"\"\u003e\u003ctext\u003e\u003cp\u003e\u003cpar\u003e\u003cspan\u003e\u003cline\u003e\u003cspan\u003e\u003cformatting\u003e\u003cspan\u003e\u003cquantity class\u003d\"extraction-tag\" data-value\u003d\"25\" fold-name\u003d\"fold1\" ml-tagorder\u003d\"56\" score\u003d\"0.5921753669216093\" tagorder\u003d\"56\"\u003e25\u003c/quantity\u003e / \u003cquantity class\u003d\"extraction-tag\" data-value\u003d\"/\" fold-name\u003d\"fold1\" ml-tagorder\u003d\"57\" score\u003d\"0.4860538428138306\" tagorder\u003d\"57\"\u003e/\u003c/quantity\u003e\u003c/span\u003e\u003c/formatting\u003e \u003c/span\u003e\u003c/line\u003e \u003c/span\u003e\u003c/par\u003e \u003c/p\u003e \n\u003c/text\u003e \u003c/td\u003e  \u003ctd style\u003d\"vertical-align:middle;\"\u003e\u003ctext\u003e\u003cp\u003e\u003cpar\u003e\u003cspan\u003e\u003cline\u003e\u003cspan\u003e\u003cformatting\u003eIs thaf if is out of stock\u003c/formatting\u003e \u003c/span\u003e\u003c/line\u003e \u003c/span\u003e\u003c/par\u003e \u003c/p\u003e \n\u003c/text\u003e \u003c/td\u003e  \u003ctd style\u003d\"vertical-align:middle;\"\u003e\u003ctext\u003e\u003cp\u003e\u003cpar\u003e\u003cspan\u003e\u003cline\u003e\u003cspan\u003e\u003cformatting\u003e$16,960.75\u003c/formatting\u003e \u003c/span\u003e\u003c/line\u003e \u003c/span\u003e\u003c/par\u003e \u003c/p\u003e \n\u003c/text\u003e \u003c/td\u003e  \u003c/tr\u003e \n\u003ctr\u003e\u003ctd class\u003d\"\"\u003e\u003ctext\u003e\u003cp\u003e\u003cpar\u003e\u003cspan\u003e\u003cline\u003e\u003cspan\u003e\u003cformatting\u003e\u003cproduct appendorder\u003d\"29\" class\u003d\"extraction-tag\" confidence\u003d\"1/1\" data-original-title\u003d\"product\" data-toggle\u003d\"tooltip\" data-value\u003d\"Awesome Copper Pants\" fold-name\u003d\"fold2\" score\u003d\"0.8641982696654283\" style\u003d\"background-color: rgb(78, 135, 105);  color: rgb(0, 0, 0);   border: 2px dotted rgb(128, 128, 0); \" tabnumber\u003d\"6\" tagorder\u003d\"25\"\u003eAwesome Copper Pants\u003c/product\u003e\u003c/formatting\u003e \u003c/span\u003e\u003c/line\u003e \u003c/span\u003e\u003c/par\u003e \u003c/p\u003e \n\u003c/text\u003e \u003c/td\u003e  \u003ctd style\u003d\"vertical-align:middle;\"\u003e\u003ctext\u003e\u003cp\u003e\u003cpar\u003e\u003cspan\u003e\u003cline\u003e\u003cspan\u003e\u003cformatting\u003e$\u003cprice appendorder\u003d\"31\" class\u003d\"extraction-tag\" confidence\u003d\"1/1\" data-original-title\u003d\"price\" data-toggle\u003d\"tooltip\" data-value\u003d\"595.52\" fold-name\u003d\"fold1\" score\u003d\"0.9074029510263968\" style\u003d\"background-color: rgb(140, 250, 187);  color: rgb(0, 0, 0);   border: 2px dotted rgb(128, 128, 0); \" tabnumber\u003d\"6\" tagorder\u003d\"34\"\u003e595.52\u003c/price\u003e\u003c/formatting\u003e \u003c/span\u003e\u003c/line\u003e \u003c/span\u003e\u003c/par\u003e \u003c/p\u003e \n\u003c/text\u003e \u003c/td\u003e  \u003ctd class\u003d\"\"\u003e\u003ctext\u003e\u003cp\u003e\u003cpar\u003e\u003cspan\u003e\u003cline\u003e\u003cspan\u003e\u003cformatting\u003e\u003cspan\u003e\u003cquantity class\u003d\"extraction-tag\" data-value\u003d\"45\" fold-name\u003d\"fold1\" ml-tagorder\u003d\"60\" score\u003d\"0.6013987361507519\" tagorder\u003d\"60\"\u003e45\u003c/quantity\u003e / \u003cquantity class\u003d\"extraction-tag\" data-value\u003d\"/\" fold-name\u003d\"fold1\" ml-tagorder\u003d\"61\" score\u003d\"0.4748204853215382\" tagorder\u003d\"61\"\u003e/\u003c/quantity\u003e\u003c/span\u003e\u003c/formatting\u003e \u003c/span\u003e\u003c/line\u003e \u003c/span\u003e\u003c/par\u003e \u003c/p\u003e \n\u003c/text\u003e \u003c/td\u003e  \u003ctd style\u003d\"vertical-align:middle;\"\u003e\u003ctext\u003e\u003cp\u003e\u003cpar\u003e\u003cspan\u003e\u003cline\u003e\u003cspan\u003e\u003cformatting\u003eCallow order confirmation ine number 1\u003c/formatting\u003e \u003c/span\u003e\u003c/line\u003e \u003c/span\u003e\u003c/par\u003e \u003c/p\u003e \n\u003c/text\u003e \u003c/td\u003e  \u003ctd style\u003d\"vertical-align:middle;\"\u003e\u003ctext\u003e\u003cp\u003e\u003cpar\u003e\u003cspan\u003e\u003cline\u003e\u003cspan\u003e\u003cformatting\u003e$26,798.40\u003c/formatting\u003e \u003c/span\u003e\u003c/line\u003e \u003c/span\u003e\u003c/par\u003e \u003c/p\u003e \n\u003c/text\u003e \u003c/td\u003e  \u003c/tr\u003e \n\u003ctr\u003e\u003ctd class\u003d\"\"\u003e\u003ctext\u003e\u003cp\u003e\u003cpar\u003e\u003cspan\u003e\u003cline\u003e\u003cspan\u003e\u003cformatting\u003e\u003cproduct appendorder\u003d\"32\" class\u003d\"extraction-tag\" confidence\u003d\"1/1\" data-original-title\u003d\"product\" data-toggle\u003d\"tooltip\" data-value\u003d\"Durable Cotton Keyboard\" fold-name\u003d\"fold2\" score\u003d\"0.8025481472484878\" style\u003d\"background-color: rgb(78, 135, 105);  color: rgb(0, 0, 0);   border: 2px double rgb(0, 128, 128); \" tabnumber\u003d\"7\" tagorder\u003d\"26\"\u003eDurable Cotton Keyboard\u003c/product\u003e\u003c/formatting\u003e \u003c/span\u003e\u003c/line\u003e \u003c/span\u003e\u003c/par\u003e \u003c/p\u003e \n\u003c/text\u003e \u003c/td\u003e  \u003ctd style\u003d\"vertical-align:middle;\"\u003e\u003ctext\u003e\u003cp\u003e\u003cpar\u003e\u003cspan\u003e\u003cline\u003e\u003cspan\u003e\u003cformatting\u003e$\u003cprice appendorder\u003d\"33\" class\u003d\"extraction-tag\" confidence\u003d\"1/1\" data-original-title\u003d\"price\" data-toggle\u003d\"tooltip\" data-value\u003d\"507.03\" fold-name\u003d\"fold1\" score\u003d\"0.9212479833705026\" style\u003d\"background-color: rgb(140, 250, 187);  color: rgb(0, 0, 0);   border: 2px double rgb(0, 128, 128); \" tabnumber\u003d\"7\" tagorder\u003d\"35\"\u003e507.03\u003c/price\u003e\u003c/formatting\u003e \u003c/span\u003e\u003c/line\u003e \u003c/span\u003e\u003c/par\u003e \u003c/p\u003e \n\u003c/text\u003e \u003c/td\u003e  \u003ctd class\u003d\"\"\u003e\u003ctext\u003e\u003cp\u003e\u003cpar\u003e\u003cspan\u003e\u003cline\u003e\u003cspan\u003e\u003cformatting\u003e\u003cspan\u003e\u003cquantity class\u003d\"extraction-tag\" data-value\u003d\"42\" fold-name\u003d\"fold1\" ml-tagorder\u003d\"64\" score\u003d\"0.6911210608991533\" tagorder\u003d\"64\"\u003e42\u003c/quantity\u003e //\u003c/span\u003e\u003c/formatting\u003e \u003c/span\u003e\u003c/line\u003e \u003c/span\u003e\u003c/par\u003e \u003c/p\u003e \n\u003c/text\u003e \u003c/td\u003e  \u003ctd style\u003d\"vertical-align:middle;\"\u003e\u003ctext\u003e\u003cp\u003e\u003cpar\u003e\u003cspan\u003e\u003cline\u003e\u003cspan\u003e\u003cformatting\u003eIdphtifV of the order\u0027d itepfi as a GTIN\u003c/formatting\u003e \u003c/span\u003e\u003c/line\u003e \u003c/span\u003e\u003c/par\u003e \u003c/p\u003e \n\u003c/text\u003e \u003c/td\u003e  \u003ctd style\u003d\"vertical-align:middle;\"\u003e\u003ctext\u003e\u003cp\u003e\u003cpar\u003e\u003cspan\u003e\u003cline\u003e\u003cspan\u003e\u003cformatting\u003e$21,295.26\u003c/formatting\u003e \u003c/span\u003e\u003c/line\u003e \u003c/span\u003e\u003c/par\u003e \u003c/p\u003e \n\u003c/text\u003e \u003c/td\u003e  \u003c/tr\u003e \n\u003ctr\u003e\u003ctd class\u003d\"\"\u003e\u003ctext\u003e\u003cp\u003e\u003cpar\u003e\u003cspan\u003e\u003cline\u003e\u003cspan\u003e\u003cformatting\u003e\u003cproduct appendorder\u003d\"35\" class\u003d\"extraction-tag\" confidence\u003d\"1/1\" data-original-title\u003d\"product\" data-toggle\u003d\"tooltip\" data-value\u003d\"Heavy Duty Paper Coat\" fold-name\u003d\"fold2\" score\u003d\"0.8044520266849198\" style\u003d\"background-color: rgb(78, 135, 105);  color: rgb(0, 0, 0);   border: 2px double rgb(128, 0, 128); \" tabnumber\u003d\"8\" tagorder\u003d\"27\"\u003eHeavy Duty Paper Coat\u003c/product\u003e\u003c/formatting\u003e \u003c/span\u003e\u003c/line\u003e \u003c/span\u003e\u003c/par\u003e \u003c/p\u003e \n\u003c/text\u003e \u003c/td\u003e  \u003ctd style\u003d\"vertical-align:middle;\"\u003e\u003ctext\u003e\u003cp\u003e\u003cpar\u003e\u003cspan\u003e\u003cline\u003e\u003cspan\u003e\u003cformatting\u003e$\u003cprice appendorder\u003d\"37\" class\u003d\"extraction-tag\" confidence\u003d\"1/1\" data-original-title\u003d\"price\" data-toggle\u003d\"tooltip\" data-value\u003d\"81.38\" fold-name\u003d\"fold1\" score\u003d\"0.9212479833705026\" style\u003d\"background-color: rgb(140, 250, 187);  color: rgb(0, 0, 0);   border: 2px double rgb(128, 0, 128); \" tabnumber\u003d\"8\" tagorder\u003d\"36\"\u003e81.38\u003c/price\u003e\u003c/formatting\u003e \u003c/span\u003e\u003c/line\u003e \u003c/span\u003e\u003c/par\u003e \u003c/p\u003e \n\u003c/text\u003e \u003c/td\u003e  \u003ctd class\u003d\"\"\u003e\u003ctext\u003e\u003cp\u003e\u003cpar\u003e\u003cspan\u003e\u003cline\u003e\u003cspan\u003e\u003cformatting\u003e\u003cspan\u003e\u003cquantity class\u003d\"extraction-tag\" data-value\u003d\"53\" fold-name\u003d\"fold1\" ml-tagorder\u003d\"67\" score\u003d\"0.7626254915709945\" tagorder\u003d\"67\"\u003e53\u003c/quantity\u003e //\u003c/span\u003e\u003c/formatting\u003e \u003c/span\u003e\u003c/line\u003e \u003c/span\u003e\u003c/par\u003e \u003c/p\u003e \n\u003c/text\u003e \u003c/td\u003e  \u003ctd style\u003d\"vertical-align:middle;\"\u003e\u003ctext\u003e\u003cp\u003e\u003cpar\u003e\u003cspan\u003e\u003cline\u003e\u003cspan\u003e\u003cformatting\u003el^tha^ it is out of^tock /\u003c/formatting\u003e \u003c/span\u003e\u003c/line\u003e \u003c/span\u003e\u003c/par\u003e \u003c/p\u003e \n\u003c/text\u003e \u003c/td\u003e  \u003ctd style\u003d\"vertical-align:middle;\"\u003e\u003ctext\u003e\u003cp\u003e\u003cpar\u003e\u003cspan\u003e\u003cline\u003e\u003cspan\u003e\u003cformatting\u003e$4,313.14\u003c/formatting\u003e \u003c/span\u003e\u003c/line\u003e \u003c/span\u003e\u003c/par\u003e \u003c/p\u003e \n\u003c/text\u003e \u003c/td\u003e  \u003c/tr\u003e \n\u003c/tbody\u003e\u003c/table\u003e\n\u003cblock\u003e\u003ctext\u003e\u003cp\u003e\u003cpar\u003e\u003cspan\u003e\u003cline\u003e\u003cspan\u003e\u003cformatting\u003eAcccountant\u0026rsquo;s siganture\u003c/formatting\u003e \u003c/span\u003e\u003c/line\u003e \u003c/span\u003e\u003c/par\u003e \u003c/p\u003e \n\u003c/text\u003e \u003c/block\u003e \u003cblock\u003e\u003ctext\u003e\u003cp\u003e\u003cpar\u003e\u003cspan\u003e\u003cline\u003e\u003cspan\u003e\u003cformatting\u003e\u0026pound; /\u003c/formatting\u003e \u003c/span\u003e\u003c/line\u003e \u003c/span\u003e\u003c/par\u003e \u003cpar\u003e\u003cspan\u003e\u003cline\u003e\u003cspan\u003e\u003cformatting\u003e%i\u003c/formatting\u003e \u003c/span\u003e\u003c/line\u003e \u003c/span\u003e\u003c/par\u003e \u003c/p\u003e \n\u003c/text\u003e \u003c/block\u003e \u003cblock\u003e\u003ctext\u003e\u003cp\u003e\u003cpar\u003e\u003cspan\u003e\u003cline\u003e\u003cspan\u003e\u003cformatting\u003e$166,822.29\u003c/formatting\u003e \u003c/span\u003e\u003c/line\u003e \u003c/span\u003e\u003c/par\u003e \u003cpar\u003e\u003cspan\u003e\u003cline\u003e\u003cspan\u003e\u003cformatting\u003e$33,364.46\u003c/formatting\u003e \u003c/span\u003e\u003c/line\u003e \u003c/span\u003e\u003c/par\u003e \u003cpar\u003e\u003cspan\u003e\u003cline\u003e\u003cspan\u003e\u003cformatting\u003e$\u003cspan\u003e\u003ctotal_amount appendorder\u003d\"6\" class\u003d\"extraction-tag\" confidence\u003d\"1/1\" data-original-title\u003d\"total_amount\" data-toggle\u003d\"tooltip\" data-value\u003d\"200,186.75\" fold-name\u003d\"fold3\" score\u003d\"0.7530385582555225\" style\u003d\"background-color: rgb(27, 182, 226);  color: rgb(0, 0, 0);   border: 2px solid rgb(125, 157, 1); \" tagorder\u003d\"2\"\u003e200,186.75\u003c/total_amount\u003e\u003c/span\u003e\u003c/formatting\u003e \u003c/span\u003e\u003c/line\u003e \u003c/span\u003e\u003c/par\u003e \u003c/p\u003e \n\u003c/text\u003e \u003c/block\u003e \u003cblock\u003e\u003ctext\u003e\u003cp\u003e\u003cpar\u003e\u003cspan\u003e\u003cline\u003e\u003cspan\u003e\u003cformatting\u003e(Julius Grant\u003c/formatting\u003e \u003c/span\u003e\u003c/line\u003e \u003c/span\u003e\u003c/par\u003e \u003c/p\u003e \n\u003c/text\u003e \u003c/block\u003e \u003cblock\u003e\u003ctext\u003e\u003cp\u003e\u003cpar\u003e\u003cspan\u003e\u003cline\u003e\u003cspan\u003e\u003cformatting\u003eOTHER OPTIONS\u003c/formatting\u003e \u003c/span\u003e\u003c/line\u003e \u003cline\u003e\u003cspan\u003e\u003cformatting\u003eAdditional package □\u003c/formatting\u003e \u003c/span\u003e\u003c/line\u003e \u003cline\u003e\u003cspan\u003e\u003cformatting\u003eCompany catalog □\u003c/formatting\u003e \u003c/span\u003e\u003c/line\u003e \u003c/span\u003e\u003c/par\u003e \u003cpar\u003e\u003cspan\u003e\u003cline\u003e\u003cspan\u003e\u003cformatting\u003e□\u003c/formatting\u003e \u003c/span\u003e\u003c/line\u003e \u003c/span\u003e\u003c/par\u003e \u003c/p\u003e \n\u003c/text\u003e \u003c/block\u003e \u003cblock\u003e\u003ctext\u003e\u003cp\u003e\u003cpar\u003e\u003cspan\u003e\u003cline\u003e\u003cspan\u003e\u003cformatting\u003eInsurance\u003c/formatting\u003e \u003c/span\u003e\u003c/line\u003e \u003c/span\u003e\u003c/par\u003e \u003c/p\u003e \n\u003c/text\u003e \u003c/block\u003e \u003c/page\u003e\u003c/document\u003e","tags":[{"begin":120,"end":154,"text":"Hettinger, Hettinger and Hettinger","tag":"supplier_name","fieldType":"COMPANY_NAME","score":0.7593362453938197,"estimatedAccuracy":0.0},{"begin":166,"end":176,"text":"7140088368","tag":"invoice_number","fieldType":"TEXT","score":0.798534841574039,"estimatedAccuracy":0.0},{"begin":332,"end":355,"text":"Lightweight Steel Bench","tag":"product","fieldType":"TEXT","score":0.8628005525763207,"estimatedAccuracy":0.0},{"begin":364,"end":370,"text":"915.87","tag":"price","fieldType":"NUMBER","score":0.9417499824258176,"estimatedAccuracy":0.0},{"begin":378,"end":380,"text":"58","tag":"quantity","fieldType":"NUMBER","score":0.864688592951601,"estimatedAccuracy":0.0},{"begin":443,"end":467,"text":"Aerodynamic Bronze Plate","tag":"product","fieldType":"TEXT","score":0.8467142902617028,"estimatedAccuracy":0.0},{"begin":476,"end":482,"text":"535.91","tag":"price","fieldType":"NUMBER","score":0.9212479833705026,"estimatedAccuracy":0.0},{"begin":490,"end":492,"text":"50","tag":"quantity","fieldType":"NUMBER","score":0.9000744410838382,"estimatedAccuracy":0.0},{"begin":564,"end":586,"text":"Fantastic Rubber Clock","tag":"product","fieldType":"TEXT","score":0.8557067347526924,"estimatedAccuracy":0.0},{"begin":595,"end":600,"text":"36.78","tag":"price","fieldType":"NUMBER","score":0.9130609760337834,"estimatedAccuracy":0.0},{"begin":608,"end":610,"text":"51","tag":"quantity","fieldType":"NUMBER","score":0.698508215651034,"estimatedAccuracy":0.0},{"begin":689,"end":712,"text":"Ergonomic Granite Chair","tag":"product","fieldType":"TEXT","score":0.8791572533227213,"estimatedAccuracy":0.0},{"begin":721,"end":727,"text":"147.71","tag":"price","fieldType":"NUMBER","score":0.9212479833705026,"estimatedAccuracy":0.0},{"begin":735,"end":737,"text":"18","tag":"quantity","fieldType":"NUMBER","score":0.666291134525521,"estimatedAccuracy":0.0},{"begin":813,"end":834,"text":"Awesome Cotton Bottle","tag":"product","fieldType":"TEXT","score":0.8321455440407156,"estimatedAccuracy":0.0},{"begin":843,"end":849,"text":"178.14","tag":"price","fieldType":"NUMBER","score":0.9212479833705026,"estimatedAccuracy":0.0},{"begin":857,"end":859,"text":"73","tag":"quantity","fieldType":"NUMBER","score":0.6101367013371749,"estimatedAccuracy":0.0},{"begin":862,"end":863,"text":"/","tag":"quantity","fieldType":"NUMBER","score":0.4860538428138306,"estimatedAccuracy":0.0},{"begin":925,"end":945,"text":"Mediocre Iron Gloves","tag":"product","fieldType":"TEXT","score":0.8158783609054695,"estimatedAccuracy":0.0},{"begin":954,"end":960,"text":"678.43","tag":"price","fieldType":"NUMBER","score":0.9212479833705026,"estimatedAccuracy":0.0},{"begin":968,"end":970,"text":"25","tag":"quantity","fieldType":"NUMBER","score":0.5921753669216093,"estimatedAccuracy":0.0},{"begin":973,"end":974,"text":"/","tag":"quantity","fieldType":"NUMBER","score":0.4860538428138306,"estimatedAccuracy":0.0},{"begin":1036,"end":1056,"text":"Awesome Copper Pants","tag":"product","fieldType":"TEXT","score":0.8641982696654283,"estimatedAccuracy":0.0},{"begin":1065,"end":1071,"text":"595.52","tag":"price","fieldType":"NUMBER","score":0.9074029510263968,"estimatedAccuracy":0.0},{"begin":1079,"end":1081,"text":"45","tag":"quantity","fieldType":"NUMBER","score":0.6013987361507519,"estimatedAccuracy":0.0},{"begin":1084,"end":1085,"text":"/","tag":"quantity","fieldType":"NUMBER","score":0.4748204853215382,"estimatedAccuracy":0.0},{"begin":1159,"end":1182,"text":"Durable Cotton Keyboard","tag":"product","fieldType":"TEXT","score":0.8025481472484878,"estimatedAccuracy":0.0},{"begin":1191,"end":1197,"text":"507.03","tag":"price","fieldType":"NUMBER","score":0.9212479833705026,"estimatedAccuracy":0.0},{"begin":1205,"end":1207,"text":"42","tag":"quantity","fieldType":"NUMBER","score":0.6911210608991533,"estimatedAccuracy":0.0},{"begin":1286,"end":1307,"text":"Heavy Duty Paper Coat","tag":"product","fieldType":"TEXT","score":0.8044520266849198,"estimatedAccuracy":0.0},{"begin":1316,"end":1321,"text":"81.38","tag":"price","fieldType":"NUMBER","score":0.9212479833705026,"estimatedAccuracy":0.0},{"begin":1329,"end":1331,"text":"53","tag":"quantity","fieldType":"NUMBER","score":0.7626254915709945,"estimatedAccuracy":0.0},{"begin":1469,"end":1479,"text":"200,186.75","tag":"total_amount","fieldType":"NUMBER","score":0.7530385582555225,"estimatedAccuracy":0.0}],"group":"invoice_number|price|product|quantity|supplier_name|total_amount","limeExplanation":{},"liblinearFeatureImportance":{}}