{"finalScore":0.819709699008105,"metaInfo":{"model":{"coreVersion":"10.3.0.39"}},"sumScore":18.03361337817831,"tagsCounter":22.0,"taggedText":"\u003cdocument\u003e\u003cbase\u003e\u003c/base\u003e\u003cmeta content\u003d\"text-html; charset\u003dutf-8\"\u003e\u003c/meta\u003e\u003cstyle type\u003d\"text/css\"\u003e\u003c/style\u003e\u003cdocument\u003e\u003cpage\u003e\u003cblock\u003e\u003ctext\u003e\u003cp\u003e\u003cpar\u003e\u003cspan\u003e\u003cline\u003e\u003cspan\u003e\u003cformatting\u003e\u003csupplier_name appendorder\u003d\"30\" class\u003d\"extraction-tag\" confidence\u003d\"1/1\" data-original-title\u003d\"supplier_name\" data-toggle\u003d\"tooltip\" data-value\u003d\"Jones-Jones\" fold-name\u003d\"fold3\" score\u003d\"0.6545220174404746\" style\u003d\"background-color: rgb(88, 50, 166);  color: rgb(255, 255, 255);   border: 2px solid rgb(125, 157, 1); \" tagorder\u003d\"29\"\u003eJones-Jones\u003c/supplier_name\u003e\u003c/formatting\u003e \u003c/span\u003e\u003c/line\u003e \u003c/span\u003e\u003c/par\u003e \u003c/p\u003e \n\u003c/text\u003e \u003c/block\u003e \u003cblock\u003e\u003ctext\u003e\u003cp\u003e\u003cpar\u003e\u003cspan\u003e\u003cline\u003e\u003cspan\u003e\u003cformatting\u003eINVOICE\u003c/formatting\u003e \u003c/span\u003e\u003c/line\u003e \u003c/span\u003e\u003c/par\u003e \u003c/p\u003e \n\u003c/text\u003e \u003c/block\u003e \u003cblock\u003e\u003ctext\u003e\u003cp\u003e\u003cpar\u003e\u003cspan\u003e\u003cline\u003e\u003cspan\u003e\u003cformatting\u003eEf\u003c/formatting\u003e \u003c/span\u003e\u003c/line\u003e \u003c/span\u003e\u003c/par\u003e \u003c/p\u003e \n\u003c/text\u003e \u003c/block\u003e \u003cblock\u003e\u003ctext\u003e\u003cp\u003e\u003cpar\u003e\u003cspan\u003e\u003cline\u003e\u003cspan\u003e\u003cformatting\u003eInvoice # \u003cinvoice_number class\u003d\"extraction-tag\" data-value\u003d\"1909614974\" fold-name\u003d\"fold5\" ml-tagorder\u003d\"30\" score\u003d\"0.8181726087781772\" tagorder\u003d\"30\"\u003e1909614974\u003c/invoice_number\u003e\u003c/formatting\u003e \u003c/span\u003e\u003c/line\u003e \u003c/span\u003e\u003c/par\u003e \u003cpar\u003e\u003cspan\u003e\u003cline\u003e\u003cspan\u003e\u003cformatting\u003eOrder date 0\u003c/formatting\u003e \u003c/span\u003e\u003c/line\u003e \u003c/span\u003e\u003c/par\u003e \u003cpar\u003e\u003cspan\u003e\u003cline\u003e\u003cspan\u003e\u003cformatting\u003eAccount number Xm8a38bN0bNu2M3O\u003c/formatting\u003e \u003c/span\u003e\u003c/line\u003e \u003c/span\u003e\u003c/par\u003e \u003c/p\u003e \n\u003c/text\u003e \u003c/block\u003e \u003cblock\u003e\u003ctext\u003e\u003cp\u003e\u003cpar\u003e\u003cspan\u003e\u003cline\u003e\u003cspan\u003e\u003cformatting\u003eShipment provided\u003c/formatting\u003e \u003c/span\u003e\u003c/line\u003e \u003c/span\u003e\u003c/par\u003e \u003c/p\u003e \n\u003c/text\u003e \u003c/block\u003e \u003cblock\u003e\u003ctext\u003e\u003cp\u003e\u003cpar\u003e\u003cspan\u003e\u003cline\u003e\u003cspan\u003e\u003cformatting\u003eBILL TO\u003c/formatting\u003e \u003c/span\u003e\u003c/line\u003e \u003c/span\u003e\u003c/par\u003e \u003cpar\u003e\u003cspan\u003e\u003cline\u003e\u003cspan\u003e\u003cformatting\u003eKip Kip Konopelski II\u003c/formatting\u003e \u003c/span\u003e\u003c/line\u003e \u003cline\u003e\u003cspan\u003e\u003cformatting\u003eRoycebury, GA 00541-1305\u003c/formatting\u003e \u003c/span\u003e\u003c/line\u003e \u003c/span\u003e\u003c/par\u003e \u003cpar\u003e\u003cspan\u003e\u003cline\u003e\u003cspan\u003e\u003cformatting\u003e10163-\u003c/formatting\u003e \u003c/span\u003e\u003c/line\u003e \u003c/span\u003e\u003c/par\u003e \u003cpar\u003e\u003cspan\u003e\u003cline\u003e\u003cspan\u003e\u003cformatting\u003e7526\u003c/formatting\u003e \u003c/span\u003e\u003c/line\u003e \u003c/span\u003e\u003c/par\u003e \u003cpar\u003e\u003cspan\u003e\u003cline\u003e\u003cspan\u003e\u003cformatting\u003eLilianabury\u003c/formatting\u003e \u003c/span\u003e\u003c/line\u003e \u003c/span\u003e\u003c/par\u003e \u003cpar\u003e\u003cspan\u003e\u003cline\u003e\u003cspan\u003e\u003cformatting\u003eBolivia\u003c/formatting\u003e \u003c/span\u003e\u003c/line\u003e \u003c/span\u003e\u003c/par\u003e \u003c/p\u003e \n\u003c/text\u003e \u003c/block\u003e \u003cblock\u003e\u003ctext\u003e\u003cp\u003e\u003cpar\u003e\u003cspan\u003e\u003cline\u003e\u003cspan\u003e\u003cformatting\u003e/\u003c/formatting\u003e \u003c/span\u003e\u003c/line\u003e \u003c/span\u003e\u003c/par\u003e \u003c/p\u003e \n\u003c/text\u003e \u003c/block\u003e \u003ctable border\u003d\"1\" style\u003d\"user-select: auto;\"\u003e\u003ctbody\u003e\u003ctr\u003e\u003ctd style\u003d\"vertical-align:middle;\"\u003e\u003ctext\u003e\u003cp\u003e\u003cpar\u003e\u003cspan\u003e\u003cline\u003e\u003cspan\u003e\u003cformatting\u003eProduct\u003c/formatting\u003e \u003c/span\u003e\u003c/line\u003e \u003c/span\u003e\u003c/par\u003e \u003c/p\u003e \n\u003c/text\u003e \u003c/td\u003e  \u003ctd style\u003d\"vertical-align:middle;\"\u003e\u003ctext\u003e\u003cp\u003e\u003cpar\u003e\u003cspan\u003e\u003cline\u003e\u003cspan\u003e\u003cformatting\u003ePrice\u003c/formatting\u003e \u003c/span\u003e\u003c/line\u003e \u003c/span\u003e\u003c/par\u003e \u003c/p\u003e \n\u003c/text\u003e \u003c/td\u003e  \u003ctd style\u003d\"vertical-align:middle;\"\u003e\u003ctext\u003e\u003cp\u003e\u003cpar\u003e\u003cspan\u003e\u003cline\u003e\u003cspan\u003e\u003cformatting\u003eQuantity\u003c/formatting\u003e \u003c/span\u003e\u003c/line\u003e \u003c/span\u003e\u003c/par\u003e \u003c/p\u003e \n\u003c/text\u003e \u003c/td\u003e  \u003ctd style\u003d\"vertical-align:middle;\"\u003e\u003ctext\u003e\u003cp\u003e\u003cpar\u003e\u003cspan\u003e\u003cline\u003e\u003cspan\u003e\u003cformatting\u003eDescription\u003c/formatting\u003e \u003c/span\u003e\u003c/line\u003e \u003c/span\u003e\u003c/par\u003e \u003c/p\u003e \n\u003c/text\u003e \u003c/td\u003e  \u003ctd style\u003d\"vertical-align:middle;\"\u003e\u003ctext\u003e\u003cp\u003e\u003cpar\u003e\u003cspan\u003e\u003cline\u003e\u003cspan\u003e\u003cformatting\u003eTotal\u003c/formatting\u003e \u003c/span\u003e\u003c/line\u003e \u003c/span\u003e\u003c/par\u003e \u003c/p\u003e \n\u003c/text\u003e \u003c/td\u003e  \u003c/tr\u003e \n\u003ctr\u003e\u003ctd style\u003d\"vertical-align:middle;\"\u003e\u003ctext\u003e\u003cp\u003e\u003cpar\u003e\u003cspan\u003e\u003cline\u003e\u003cspan\u003e\u003cformatting\u003e\u003cproduct appendorder\u003d\"3\" class\u003d\"extraction-tag\" confidence\u003d\"1/1\" data-original-title\u003d\"product\" data-toggle\u003d\"tooltip\" data-value\u003d\"Durable Silk Table\" fold-name\u003d\"fold2\" score\u003d\"0.8534180425325332\" style\u003d\"background-color: rgb(78, 135, 105);  color: rgb(0, 0, 0);   border: 2px dashed rgb(128, 0, 0); \" tabnumber\u003d\"0\" tagorder\u003d\"15\"\u003eDurable Silk Table\u003c/product\u003e\u003c/formatting\u003e \u003c/span\u003e\u003c/line\u003e \u003c/span\u003e\u003c/par\u003e \u003c/p\u003e \n\u003c/text\u003e \u003c/td\u003e  \u003ctd style\u003d\"vertical-align:middle;\"\u003e\u003ctext\u003e\u003cp\u003e\u003cpar\u003e\u003cspan\u003e\u003cline\u003e\u003cspan\u003e\u003cformatting\u003e$\u003cprice appendorder\u003d\"10\" class\u003d\"extraction-tag\" confidence\u003d\"1/1\" data-original-title\u003d\"price\" data-toggle\u003d\"tooltip\" data-value\u003d\"211.65\" fold-name\u003d\"fold1\" score\u003d\"0.9173326957895671\" style\u003d\"background-color: rgb(140, 250, 187);  color: rgb(0, 0, 0);   border: 2px dashed rgb(128, 0, 0); \" tabnumber\u003d\"0\" tagorder\u003d\"22\"\u003e211.65\u003c/price\u003e\u003c/formatting\u003e \u003c/span\u003e\u003c/line\u003e \u003c/span\u003e\u003c/par\u003e \u003c/p\u003e \n\u003c/text\u003e \u003c/td\u003e  \u003ctd style\u003d\"vertical-align:middle;\"\u003e\u003ctext\u003e\u003cp\u003e\u003cpar\u003e\u003cspan\u003e\u003cline\u003e\u003cspan\u003e\u003cformatting\u003e\u003cspan\u003e\u003cquantity appendorder\u003d\"11\" class\u003d\"extraction-tag\" confidence\u003d\"1/1\" data-original-title\u003d\"quantity\" data-toggle\u003d\"tooltip\" data-value\u003d\"51\" fold-name\u003d\"fold1\" score\u003d\"0.7544774145304132\" style\u003d\"background-color: rgb(11, 47, 140);  color: rgb(255, 255, 255);   border: 2px dashed rgb(128, 0, 0); \" tabnumber\u003d\"0\" tagorder\u003d\"9\"\u003e51\u003c/quantity\u003e\u003c/span\u003e\u003c/formatting\u003e \u003c/span\u003e\u003c/line\u003e \u003c/span\u003e\u003c/par\u003e \u003c/p\u003e \n\u003c/text\u003e \u003c/td\u003e  \u003ctd style\u003d\"vertical-align:middle;\"\u003e\u003ctext\u003e\u003cp\u003e\u003cpar\u003e\u003cspan\u003e\u003cline\u003e\u003cspan\u003e\u003cformatting\u003eThis date is not yet known\u003c/formatting\u003e \u003c/span\u003e\u003c/line\u003e \u003c/span\u003e\u003c/par\u003e \u003c/p\u003e \n\u003c/text\u003e \u003c/td\u003e  \u003ctd style\u003d\"vertical-align:middle;\"\u003e\u003ctext\u003e\u003cp\u003e\u003cpar\u003e\u003cspan\u003e\u003cline\u003e\u003cspan\u003e\u003cformatting\u003e$10,794\u003c/formatting\u003e \u003c/span\u003e\u003c/line\u003e \u003c/span\u003e\u003c/par\u003e \u003c/p\u003e \n\u003c/text\u003e \u003c/td\u003e  \u003c/tr\u003e \n\u003ctr\u003e\u003ctd style\u003d\"vertical-align:middle;\"\u003e\u003ctext\u003e\u003cp\u003e\u003cpar\u003e\u003cspan\u003e\u003cline\u003e\u003cspan\u003e\u003cformatting\u003e\u003cproduct appendorder\u003d\"13\" class\u003d\"extraction-tag\" confidence\u003d\"1/1\" data-original-title\u003d\"product\" data-toggle\u003d\"tooltip\" data-value\u003d\"Aerodynamic Aluminum Car\" fold-name\u003d\"fold2\" score\u003d\"0.8067039228596458\" style\u003d\"background-color: rgb(78, 135, 105);  color: rgb(0, 0, 0);   border: 2px dashed rgb(0, 128, 0); \" tabnumber\u003d\"1\" tagorder\u003d\"16\"\u003eAerodynamic Aluminum Car\u003c/product\u003e\u003c/formatting\u003e \u003c/span\u003e\u003c/line\u003e \u003c/span\u003e\u003c/par\u003e \u003c/p\u003e \n\u003c/text\u003e \u003c/td\u003e  \u003ctd style\u003d\"vertical-align:middle;\"\u003e\u003ctext\u003e\u003cp\u003e\u003cpar\u003e\u003cspan\u003e\u003cline\u003e\u003cspan\u003e\u003cformatting\u003e$\u003cprice appendorder\u003d\"14\" class\u003d\"extraction-tag\" confidence\u003d\"1/1\" data-original-title\u003d\"price\" data-toggle\u003d\"tooltip\" data-value\u003d\"135.40\" fold-name\u003d\"fold1\" score\u003d\"0.8318440740308393\" style\u003d\"background-color: rgb(140, 250, 187);  color: rgb(0, 0, 0);   border: 2px dashed rgb(0, 128, 0); \" tabnumber\u003d\"1\" tagorder\u003d\"23\"\u003e135.40\u003c/price\u003e\u003c/formatting\u003e \u003c/span\u003e\u003c/line\u003e \u003c/span\u003e\u003c/par\u003e \u003c/p\u003e \n\u003c/text\u003e \u003c/td\u003e  \u003ctd style\u003d\"vertical-align:middle;\"\u003e\u003ctext\u003e\u003cp\u003e\u003cpar\u003e\u003cspan\u003e\u003cline\u003e\u003cspan\u003e\u003cformatting\u003e\u003cspan\u003e\u003cquantity appendorder\u003d\"15\" class\u003d\"extraction-tag\" confidence\u003d\"1/1\" data-original-title\u003d\"quantity\" data-toggle\u003d\"tooltip\" data-value\u003d\"19\" fold-name\u003d\"fold1\" score\u003d\"0.7898906960249005\" style\u003d\"background-color: rgb(11, 47, 140);  color: rgb(255, 255, 255);   border: 2px dashed rgb(0, 128, 0); \" tabnumber\u003d\"1\" tagorder\u003d\"10\"\u003e19\u003c/quantity\u003e\u003c/span\u003e\u003c/formatting\u003e \u003c/span\u003e\u003c/line\u003e \u003c/span\u003e\u003c/par\u003e \u003c/p\u003e \n\u003c/text\u003e \u003c/td\u003e  \u003ctd style\u003d\"vertical-align:middle;\"\u003e\u003ctext\u003e\u003cp\u003e\u003cpar\u003e\u003cspan\u003e\u003cline\u003e\u003cspan\u003e\u003cformatting\u003eThe items will be delivered on 2018-01, which differs\u003c/formatting\u003e \u003c/span\u003e\u003c/line\u003e \u003c/span\u003e\u003c/par\u003e \u003c/p\u003e \n\u003c/text\u003e \u003c/td\u003e  \u003ctd style\u003d\"vertical-align:middle;\"\u003e\u003ctext\u003e\u003cp\u003e\u003cpar\u003e\u003cspan\u003e\u003cline\u003e\u003cspan\u003e\u003cformatting\u003e$2,572.6\u003c/formatting\u003e \u003c/span\u003e\u003c/line\u003e \u003c/span\u003e\u003c/par\u003e \u003c/p\u003e \n\u003c/text\u003e \u003c/td\u003e  \u003c/tr\u003e \n\u003ctr\u003e\u003ctd style\u003d\"vertical-align:middle;\"\u003e\u003ctext\u003e\u003cp\u003e\u003cpar\u003e\u003cspan\u003e\u003cline\u003e\u003cspan\u003e\u003cformatting\u003e\u003cproduct appendorder\u003d\"16\" class\u003d\"extraction-tag\" confidence\u003d\"1/1\" data-original-title\u003d\"product\" data-toggle\u003d\"tooltip\" data-value\u003d\"Rustic Copper Car\" fold-name\u003d\"fold2\" score\u003d\"0.8456687664859278\" style\u003d\"background-color: rgb(78, 135, 105);  color: rgb(0, 0, 0);   border: 2px dashed rgb(0, 0, 128); \" tabnumber\u003d\"2\" tagorder\u003d\"17\"\u003eRustic Copper Car\u003c/product\u003e\u003c/formatting\u003e \u003c/span\u003e\u003c/line\u003e \u003c/span\u003e\u003c/par\u003e \u003c/p\u003e \n\u003c/text\u003e \u003c/td\u003e  \u003ctd style\u003d\"vertical-align:middle;\"\u003e\u003ctext\u003e\u003cp\u003e\u003cpar\u003e\u003cspan\u003e\u003cline\u003e\u003cspan\u003e\u003cformatting\u003e$\u003cprice appendorder\u003d\"17\" class\u003d\"extraction-tag\" confidence\u003d\"1/1\" data-original-title\u003d\"price\" data-toggle\u003d\"tooltip\" data-value\u003d\"757.23\" fold-name\u003d\"fold1\" score\u003d\"0.9111713769965719\" style\u003d\"background-color: rgb(140, 250, 187);  color: rgb(0, 0, 0);   border: 2px dashed rgb(0, 0, 128); \" tabnumber\u003d\"2\" tagorder\u003d\"24\"\u003e757.23\u003c/price\u003e\u003c/formatting\u003e \u003c/span\u003e\u003c/line\u003e \u003c/span\u003e\u003c/par\u003e \u003c/p\u003e \n\u003c/text\u003e \u003c/td\u003e  \u003ctd style\u003d\"vertical-align:middle;\"\u003e\u003ctext\u003e\u003cp\u003e\u003cpar\u003e\u003cspan\u003e\u003cline\u003e\u003cspan\u003e\u003cformatting\u003e\u003cspan\u003e\u003cquantity appendorder\u003d\"18\" class\u003d\"extraction-tag\" confidence\u003d\"1/1\" data-original-title\u003d\"quantity\" data-toggle\u003d\"tooltip\" data-value\u003d\"21\" fold-name\u003d\"fold1\" score\u003d\"0.8099208156684276\" style\u003d\"background-color: rgb(11, 47, 140);  color: rgb(255, 255, 255);   border: 2px dashed rgb(0, 0, 128); \" tabnumber\u003d\"2\" tagorder\u003d\"11\"\u003e21\u003c/quantity\u003e\u003c/span\u003e\u003c/formatting\u003e \u003c/span\u003e\u003c/line\u003e \u003c/span\u003e\u003c/par\u003e \u003c/p\u003e \n\u003c/text\u003e \u003c/td\u003e  \u003ctd style\u003d\"vertical-align:middle;\"\u003e\u003ctext\u003e\u003cp\u003e\u003cpar\u003e\u003cspan\u003e\u003cline\u003e\u003cspan\u003e\u003cformatting\u003eIdentity of this call-off/order confirmation as a GDTI\u003c/formatting\u003e \u003c/span\u003e\u003c/line\u003e \u003c/span\u003e\u003c/par\u003e \u003c/p\u003e \n\u003c/text\u003e \u003c/td\u003e  \u003ctd style\u003d\"vertical-align:middle;\"\u003e\u003ctext\u003e\u003cp\u003e\u003cpar\u003e\u003cspan\u003e\u003cline\u003e\u003cspan\u003e\u003cformatting\u003e$15,901\u003c/formatting\u003e \u003c/span\u003e\u003c/line\u003e \u003c/span\u003e\u003c/par\u003e \u003c/p\u003e \n\u003c/text\u003e \u003c/td\u003e  \u003c/tr\u003e \n\u003ctr\u003e\u003ctd style\u003d\"vertical-align:middle;\"\u003e\u003ctext\u003e\u003cp\u003e\u003cpar\u003e\u003cspan\u003e\u003cline\u003e\u003cspan\u003e\u003cformatting\u003e\u003cproduct appendorder\u003d\"19\" class\u003d\"extraction-tag\" confidence\u003d\"1/1\" data-original-title\u003d\"product\" data-toggle\u003d\"tooltip\" data-value\u003d\"Synergistic Granite Coat\" fold-name\u003d\"fold2\" score\u003d\"0.7892123489630946\" style\u003d\"background-color: rgb(78, 135, 105);  color: rgb(0, 0, 0);   border: 2px dashed rgb(255, 0, 0); \" tabnumber\u003d\"3\" tagorder\u003d\"18\"\u003eSynergistic Granite Coat\u003c/product\u003e\u003c/formatting\u003e \u003c/span\u003e\u003c/line\u003e \u003c/span\u003e\u003c/par\u003e \u003c/p\u003e \n\u003c/text\u003e \u003c/td\u003e  \u003ctd style\u003d\"vertical-align:middle;\"\u003e\u003ctext\u003e\u003cp\u003e\u003cpar\u003e\u003cspan\u003e\u003cline\u003e\u003cspan\u003e\u003cformatting\u003e$\u003cprice appendorder\u003d\"20\" class\u003d\"extraction-tag\" confidence\u003d\"1/1\" data-original-title\u003d\"price\" data-toggle\u003d\"tooltip\" data-value\u003d\"457.08\" fold-name\u003d\"fold1\" score\u003d\"0.9061121293797428\" style\u003d\"background-color: rgb(140, 250, 187);  color: rgb(0, 0, 0);   border: 2px dashed rgb(255, 0, 0); \" tabnumber\u003d\"3\" tagorder\u003d\"25\"\u003e457.08\u003c/price\u003e\u003c/formatting\u003e \u003c/span\u003e\u003c/line\u003e \u003c/span\u003e\u003c/par\u003e \u003c/p\u003e \n\u003c/text\u003e \u003c/td\u003e  \u003ctd style\u003d\"vertical-align:middle;\"\u003e\u003ctext\u003e\u003cp\u003e\u003cpar\u003e\u003cspan\u003e\u003cline\u003e\u003cspan\u003e\u003cformatting\u003e\u003cspan\u003e\u003cquantity appendorder\u003d\"21\" class\u003d\"extraction-tag\" confidence\u003d\"1/1\" data-original-title\u003d\"quantity\" data-toggle\u003d\"tooltip\" data-value\u003d\"67\" fold-name\u003d\"fold1\" score\u003d\"0.8754866288720853\" style\u003d\"background-color: rgb(11, 47, 140);  color: rgb(255, 255, 255);   border: 2px dashed rgb(255, 0, 0); \" tabnumber\u003d\"3\" tagorder\u003d\"12\"\u003e67\u003c/quantity\u003e\u003c/span\u003e\u003c/formatting\u003e \u003c/span\u003e\u003c/line\u003e \u003c/span\u003e\u003c/par\u003e \u003c/p\u003e \n\u003c/text\u003e \u003c/td\u003e  \u003ctd style\u003d\"vertical-align:middle;\"\u003e\u003ctext\u003e\u003cp\u003e\u003cpar\u003e\u003cspan\u003e\u003cline\u003e\u003cspan\u003e\u003cformatting\u003eThe-4t\u0026pound;rrf is a^ckage of low-fat mjjk.\u003c/formatting\u003e \u003c/span\u003e\u003c/line\u003e \u003c/span\u003e\u003c/par\u003e \u003c/p\u003e \n\u003c/text\u003e \u003c/td\u003e  \u003ctd style\u003d\"vertical-align:middle;\"\u003e\u003ctext\u003e\u003cp\u003e\u003cpar\u003e\u003cspan\u003e\u003cline\u003e\u003cspan\u003e\u003cformatting\u003e$30,624\u003c/formatting\u003e \u003c/span\u003e\u003c/line\u003e \u003c/span\u003e\u003c/par\u003e \u003c/p\u003e \n\u003c/text\u003e \u003c/td\u003e  \u003c/tr\u003e \n\u003ctr\u003e\u003ctd style\u003d\"vertical-align:middle;\"\u003e\u003ctext\u003e\u003cp\u003e\u003cpar\u003e\u003cspan\u003e\u003cline\u003e\u003cspan\u003e\u003cformatting\u003e\u003cproduct appendorder\u003d\"22\" class\u003d\"extraction-tag\" confidence\u003d\"1/1\" data-original-title\u003d\"product\" data-toggle\u003d\"tooltip\" data-value\u003d\"Ergonomic Cotton Clock\" fold-name\u003d\"fold2\" score\u003d\"0.8282905774509065\" style\u003d\"background-color: rgb(78, 135, 105);  color: rgb(0, 0, 0);   border: 2px dotted rgb(0, 255, 0); \" tabnumber\u003d\"4\" tagorder\u003d\"19\"\u003eErgonomic Cotton Clock\u003c/product\u003e\u003c/formatting\u003e \u003c/span\u003e\u003c/line\u003e \u003c/span\u003e\u003c/par\u003e \u003c/p\u003e \n\u003c/text\u003e \u003c/td\u003e  \u003ctd style\u003d\"vertical-align:middle;\"\u003e\u003ctext\u003e\u003cp\u003e\u003cpar\u003e\u003cspan\u003e\u003cline\u003e\u003cspan\u003e\u003cformatting\u003e$\u003cprice appendorder\u003d\"23\" class\u003d\"extraction-tag\" confidence\u003d\"1/1\" data-original-title\u003d\"price\" data-toggle\u003d\"tooltip\" data-value\u003d\"967.47\" fold-name\u003d\"fold1\" score\u003d\"0.9061121293797428\" style\u003d\"background-color: rgb(140, 250, 187);  color: rgb(0, 0, 0);   border: 2px dotted rgb(0, 255, 0); \" tabnumber\u003d\"4\" tagorder\u003d\"26\"\u003e967.47\u003c/price\u003e\u003c/formatting\u003e \u003c/span\u003e\u003c/line\u003e \u003c/span\u003e\u003c/par\u003e \u003c/p\u003e \n\u003c/text\u003e \u003c/td\u003e  \u003ctd style\u003d\"vertical-align:middle;\"\u003e\u003ctext\u003e\u003cp\u003e\u003cpar\u003e\u003cspan\u003e\u003cline\u003e\u003cspan\u003e\u003cformatting\u003e\u003cspan\u003e\u003cquantity appendorder\u003d\"24\" class\u003d\"extraction-tag\" confidence\u003d\"1/1\" data-original-title\u003d\"quantity\" data-toggle\u003d\"tooltip\" data-value\u003d\"47\" fold-name\u003d\"fold1\" score\u003d\"0.8782259966192486\" style\u003d\"background-color: rgb(11, 47, 140);  color: rgb(255, 255, 255);   border: 2px dotted rgb(0, 255, 0); \" tabnumber\u003d\"4\" tagorder\u003d\"13\"\u003e47\u003c/quantity\u003e\u003c/span\u003e\u003c/formatting\u003e \u003c/span\u003e\u003c/line\u003e \u003c/span\u003e\u003c/par\u003e \u003c/p\u003e \n\u003c/text\u003e \u003c/td\u003e  \u003ctd style\u003d\"vertical-align:middle;\"\u003e\u003ctext\u003e\u003cp\u003e\u003cpar\u003e\u003cspan\u003e\u003cline\u003e\u003cspan\u003e\u003cformatting\u003e^fhe itemTis a package of iow^fat milk.\u003c/formatting\u003e \u003c/span\u003e\u003c/line\u003e \u003c/span\u003e\u003c/par\u003e \u003c/p\u003e \n\u003c/text\u003e \u003c/td\u003e  \u003ctd style\u003d\"vertical-align:middle;\"\u003e\u003ctext\u003e\u003cp\u003e\u003cpar\u003e\u003cspan\u003e\u003cline\u003e\u003cspan\u003e\u003cformatting\u003e$45,471\u003c/formatting\u003e \u003c/span\u003e\u003c/line\u003e \u003c/span\u003e\u003c/par\u003e \u003c/p\u003e \n\u003c/text\u003e \u003c/td\u003e  \u003c/tr\u003e \n\u003ctr\u003e\u003ctd style\u003d\"vertical-align:middle;\"\u003e\u003ctext\u003e\u003cp\u003e\u003cpar\u003e\u003cspan\u003e\u003cline\u003e\u003cspan\u003e\u003cformatting\u003e\u003cproduct appendorder\u003d\"25\" class\u003d\"extraction-tag\" confidence\u003d\"1/1\" data-original-title\u003d\"product\" data-toggle\u003d\"tooltip\" data-value\u003d\"Fantastic Steel Car\" fold-name\u003d\"fold2\" score\u003d\"0.798875861824714\" style\u003d\"background-color: rgb(78, 135, 105);  color: rgb(0, 0, 0);   border: 2px dotted rgb(0, 0, 255); \" tabnumber\u003d\"5\" tagorder\u003d\"20\"\u003eFantastic Steel Car\u003c/product\u003e\u003c/formatting\u003e \u003c/span\u003e\u003c/line\u003e \u003c/span\u003e\u003c/par\u003e \u003c/p\u003e \n\u003c/text\u003e \u003c/td\u003e  \u003ctd style\u003d\"vertical-align:middle;\"\u003e\u003ctext\u003e\u003cp\u003e\u003cpar\u003e\u003cspan\u003e\u003cline\u003e\u003cspan\u003e\u003cformatting\u003e$\u003cprice appendorder\u003d\"27\" class\u003d\"extraction-tag\" confidence\u003d\"1/1\" data-original-title\u003d\"price\" data-toggle\u003d\"tooltip\" data-value\u003d\"0.56\" fold-name\u003d\"fold1\" score\u003d\"0.9061121293797428\" style\u003d\"background-color: rgb(140, 250, 187);  color: rgb(0, 0, 0);   border: 2px dotted rgb(0, 0, 255); \" tabnumber\u003d\"5\" tagorder\u003d\"27\"\u003e0.56\u003c/price\u003e\u003c/formatting\u003e \u003c/span\u003e\u003c/line\u003e \u003c/span\u003e\u003c/par\u003e \u003c/p\u003e \n\u003c/text\u003e \u003c/td\u003e  \u003ctd style\u003d\"vertical-align:middle;\"\u003e\u003ctext\u003e\u003cp\u003e\u003cpar\u003e\u003cspan\u003e\u003cline\u003e\u003cspan\u003e\u003cformatting\u003e\u003cspan\u003e\u003cquantity appendorder\u003d\"26\" class\u003d\"extraction-tag\" confidence\u003d\"1/1\" data-original-title\u003d\"quantity\" data-toggle\u003d\"tooltip\" data-value\u003d\"17/^\" fold-name\u003d\"fold1\" score\u003d\"0.5876722744436037\" style\u003d\"background-color: rgb(11, 47, 140);  color: rgb(255, 255, 255);   border: 2px dotted rgb(0, 0, 255); \" tabnumber\u003d\"5\" tagorder\u003d\"14\"\u003e17/^\u003c/quantity\u003e\u003c/span\u003e\u003c/formatting\u003e \u003c/span\u003e\u003c/line\u003e \u003c/span\u003e\u003c/par\u003e \u003c/p\u003e \n\u003c/text\u003e \u003c/td\u003e  \u003ctd style\u003d\"vertical-align:middle;\"\u003e\u003ctext\u003e\u003cp\u003e\u003cpar\u003e\u003cspan\u003e\u003cline\u003e\u003cspan\u003e\u003cformatting\u003e-Tfvs date is not yetJsntSwn\u003c/formatting\u003e \u003c/span\u003e\u003c/line\u003e \u003c/span\u003e\u003c/par\u003e \u003c/p\u003e \n\u003c/text\u003e \u003c/td\u003e  \u003ctd style\u003d\"vertical-align:middle;\"\u003e\u003ctext\u003e\u003cp\u003e\u003cpar\u003e\u003cspan\u003e\u003cline\u003e\u003cspan\u003e\u003cformatting\u003e$9.52\u003c/formatting\u003e \u003c/span\u003e\u003c/line\u003e \u003c/span\u003e\u003c/par\u003e \u003c/p\u003e \n\u003c/text\u003e \u003c/td\u003e  \u003c/tr\u003e \n\u003ctr\u003e\u003ctd style\u003d\"vertical-align:middle;\"\u003e\u003ctext\u003e\u003cp\u003e\u003cpar\u003e\u003cspan\u003e\u003cline\u003e\u003cspan\u003e\u003cformatting\u003e\u003cproduct appendorder\u003d\"28\" class\u003d\"extraction-tag\" confidence\u003d\"1/1\" data-original-title\u003d\"product\" data-toggle\u003d\"tooltip\" data-value\u003d\"Intelligent Steel Bench\" fold-name\u003d\"fold2\" score\u003d\"0.6788028016949023\" style\u003d\"background-color: rgb(78, 135, 105);  color: rgb(0, 0, 0);   border: 2px dotted rgb(128, 128, 0); \" tabnumber\u003d\"6\" tagorder\u003d\"21\"\u003eIntelligent Steel Bench\u003c/product\u003e\u003c/formatting\u003e \u003c/span\u003e\u003c/line\u003e \u003c/span\u003e\u003c/par\u003e \u003c/p\u003e \n\u003c/text\u003e \u003c/td\u003e  \u003ctd style\u003d\"vertical-align:middle;\"\u003e\u003ctext\u003e\u003cp\u003e\u003cpar\u003e\u003cspan\u003e\u003cline\u003e\u003cspan\u003e\u003cformatting\u003e$\u003cprice appendorder\u003d\"29\" class\u003d\"extraction-tag\" confidence\u003d\"1/1\" data-original-title\u003d\"price\" data-toggle\u003d\"tooltip\" data-value\u003d\"577.04\" fold-name\u003d\"fold1\" score\u003d\"0.8855880690330464\" style\u003d\"background-color: rgb(140, 250, 187);  color: rgb(0, 0, 0);   border: 2px dotted rgb(128, 128, 0); \" tabnumber\u003d\"6\" tagorder\u003d\"28\"\u003e577.04\u003c/price\u003e\u003c/formatting\u003e \u003c/span\u003e\u003c/line\u003e \u003c/span\u003e\u003c/par\u003e \u003c/p\u003e \n\u003c/text\u003e \u003c/td\u003e  \u003ctd style\u003d\"vertical-align:middle;\"\u003e\u003ctext\u003e\u003cp\u003e\u003cpar\u003e\u003cspan\u003e\u003cline\u003e\u003cspan\u003e\u003cformatting\u003eIdentity of the ordered item as a GTIN\u003c/formatting\u003e \u003c/span\u003e\u003c/line\u003e \u003c/span\u003e\u003c/par\u003e \u003c/p\u003e \n\u003c/text\u003e \u003c/td\u003e  \u003ctd style\u003d\"vertical-align:middle;\"\u003e\u003ctext\u003e\u003cp\u003e\u003cpar\u003e\u003cspan\u003e\u003cline\u003e\u003cspan\u003e\u003cformatting\u003e$42,700\u003c/formatting\u003e \u003c/span\u003e\u003c/line\u003e \u003c/span\u003e\u003c/par\u003e \u003c/p\u003e \n\u003c/text\u003e \u003c/td\u003e  \u003c/tr\u003e \n\u003c/tbody\u003e\u003c/table\u003e\n\u003cblock\u003e\u003ctext\u003e\u003cp\u003e\u003cpar\u003e\u003cspan\u003e\u003cline\u003e\u003cspan\u003e\u003cformatting\u003e^^^80 BT\u0026deg;TAL $148,074.51\u003c/formatting\u003e \u003c/span\u003e\u003c/line\u003e \u003c/span\u003e\u003c/par\u003e \u003cpar\u003e\u003cspan\u003e\u003cline\u003e\u003cspan\u003e\u003cformatting\u003eTAX (20%) $29,614.90\u003c/formatting\u003e \u003c/span\u003e\u003c/line\u003e \u003c/span\u003e\u003c/par\u003e \u003cpar\u003e\u003cspan\u003e\u003cline\u003e\u003cspan\u003e\u003cformatting\u003e^ ^TQTAL_ ^ ^ ^^$\u003cspan\u003e177,689.41\u003c/span\u003e\u003c/formatting\u003e \u003c/span\u003e\u003c/line\u003e \u003c/span\u003e\u003c/par\u003e \u003cpar\u003e\u003cspan\u003e\u003cline\u003e\u003cspan\u003e\u003cformatting\u003e\u0026rdquo; Acccotintant\u0026rsquo;s siganture\u003c/formatting\u003e \u003c/span\u003e\u003c/line\u003e \u003c/span\u003e\u003c/par\u003e \u003c/p\u003e \n\u003c/text\u003e \u003c/block\u003e \u003cblock\u003e\u003ctext\u003e\u003cp\u003e\u003cpar\u003e\u003cspan\u003e\u003cline\u003e\u003cspan\u003e\u003cformatting\u003eOTHER OPTIONS\u003c/formatting\u003e \u003c/span\u003e\u003c/line\u003e \u003cline\u003e\u003cspan\u003e\u003cformatting\u003eAdditional package □\u003c/formatting\u003e \u003c/span\u003e\u003c/line\u003e \u003cline\u003e\u003cspan\u003e\u003cformatting\u003eCompany catalog\u003c/formatting\u003e \u003c/span\u003e\u003c/line\u003e \u003c/span\u003e\u003c/par\u003e \u003c/p\u003e \n\u003c/text\u003e \u003c/block\u003e \u003cblock\u003e\u003ctext\u003e\u003cp\u003e\u003cpar\u003e\u003cspan\u003e\u003cline\u003e\u003cspan\u003e\u003cformatting\u003ef j Y\u003c/formatting\u003e \u003c/span\u003e\u003c/line\u003e \u003c/span\u003e\u003c/par\u003e \u003cpar\u003e\u003cspan\u003e\u003cline\u003e\u003cspan\u003e\u003cformatting\u003e(A\u003c/formatting\u003e \u003c/span\u003e\u003c/line\u003e \u003c/span\u003e\u003c/par\u003e \u003c/p\u003e \n\u003c/text\u003e \u003c/block\u003e \u003cblock\u003e\u003ctext\u003e\u003cp\u003e\u003cpar\u003e\u003cspan\u003e\u003cline\u003e\u003cspan\u003e\u003cformatting\u003eInsurance\u003c/formatting\u003e \u003c/span\u003e\u003c/line\u003e \u003c/span\u003e\u003c/par\u003e \u003c/p\u003e \n\u003c/text\u003e \u003c/block\u003e \u003c/page\u003e\u003c/document\u003e   \u003c/document\u003e","tags":[{"begin":0,"end":11,"text":"Jones-Jones","tag":"supplier_name","fieldType":"COMPANY_NAME","score":0.6545220174404746,"estimatedAccuracy":0.0},{"begin":51,"end":61,"text":"1909614974","tag":"invoice_number","fieldType":"TEXT","score":0.8181726087781772,"estimatedAccuracy":0.0},{"begin":331,"end":349,"text":"Durable Silk Table","tag":"product","fieldType":"TEXT","score":0.8534180425325332,"estimatedAccuracy":0.0},{"begin":358,"end":364,"text":"211.65","tag":"price","fieldType":"NUMBER","score":0.9173326957895671,"estimatedAccuracy":0.0},{"begin":372,"end":374,"text":"51","tag":"quantity","fieldType":"NUMBER","score":0.7544774145304132,"estimatedAccuracy":0.0},{"begin":433,"end":457,"text":"Aerodynamic Aluminum Car","tag":"product","fieldType":"TEXT","score":0.8067039228596458,"estimatedAccuracy":0.0},{"begin":466,"end":472,"text":"135.40","tag":"price","fieldType":"NUMBER","score":0.8318440740308393,"estimatedAccuracy":0.0},{"begin":480,"end":482,"text":"19","tag":"quantity","fieldType":"NUMBER","score":0.7898906960249005,"estimatedAccuracy":0.0},{"begin":569,"end":586,"text":"Rustic Copper Car","tag":"product","fieldType":"TEXT","score":0.8456687664859278,"estimatedAccuracy":0.0},{"begin":595,"end":601,"text":"757.23","tag":"price","fieldType":"NUMBER","score":0.9111713769965719,"estimatedAccuracy":0.0},{"begin":609,"end":611,"text":"21","tag":"quantity","fieldType":"NUMBER","score":0.8099208156684276,"estimatedAccuracy":0.0},{"begin":698,"end":722,"text":"Synergistic Granite Coat","tag":"product","fieldType":"TEXT","score":0.7892123489630946,"estimatedAccuracy":0.0},{"begin":731,"end":737,"text":"457.08","tag":"price","fieldType":"NUMBER","score":0.9061121293797428,"estimatedAccuracy":0.0},{"begin":745,"end":747,"text":"67","tag":"quantity","fieldType":"NUMBER","score":0.8754866288720853,"estimatedAccuracy":0.0},{"begin":818,"end":840,"text":"Ergonomic Cotton Clock","tag":"product","fieldType":"TEXT","score":0.8282905774509065,"estimatedAccuracy":0.0},{"begin":849,"end":855,"text":"967.47","tag":"price","fieldType":"NUMBER","score":0.9061121293797428,"estimatedAccuracy":0.0},{"begin":863,"end":865,"text":"47","tag":"quantity","fieldType":"NUMBER","score":0.8782259966192486,"estimatedAccuracy":0.0},{"begin":937,"end":956,"text":"Fantastic Steel Car","tag":"product","fieldType":"TEXT","score":0.798875861824714,"estimatedAccuracy":0.0},{"begin":965,"end":969,"text":"0.56","tag":"price","fieldType":"NUMBER","score":0.9061121293797428,"estimatedAccuracy":0.0},{"begin":977,"end":981,"text":"17/^","tag":"quantity","fieldType":"NUMBER","score":0.5876722744436037,"estimatedAccuracy":0.0},{"begin":1040,"end":1063,"text":"Intelligent Steel Bench","tag":"product","fieldType":"TEXT","score":0.6788028016949023,"estimatedAccuracy":0.0},{"begin":1072,"end":1078,"text":"577.04","tag":"price","fieldType":"NUMBER","score":0.8855880690330464,"estimatedAccuracy":0.0}],"group":"invoice_number|price|product|quantity|supplier_name","limeExplanation":{},"liblinearFeatureImportance":{}}