{"finalScore":0.6746855220819888,"metaInfo":{"model":{"coreVersion":"10.3.0.39"}},"sumScore":3.3734276104099443,"tagsCounter":5.0,"taggedText":"\u003chtml\u003e\u003chead\u003e\u003cscript src\u003d\"https://ajax.googleapis.com/ajax/libs/jquery/2.2.0/jquery.min.js\"\u003e\u003c/script\u003e\u003c/head\u003e\u003cbody\u003e\u003cdocument languages\u003d\"\" producer\u003d\"Workfusion\" schemalocation\u003d\"http://ocr.crowdcomputingsystems.com/xml/schema-v1.xml\" version\u003d\"1.0\" xmlns\u003d\"http://ocr.crowdcomputingsystems.com/xml/schema-v1.xml\" xsi\u003d\"http://www.w3.org/2001/XMLSchema-instance\"\u003e \u003clink href\u003d\"https://s3.amazonaws.com/workfusion-resources/ocr/ocr-xml-viewer-0.3-scale-to-width.css\" rel\u003d\"stylesheet\" type\u003d\"text/css\"\u003e\u003c/link\u003e \u003cstyle\u003e\u003c/style\u003e\u003cpage data-pages\u003d\"1\" h\u003d\"528\" resolution\u003d\"120\" style\u003d\"height: 387px;\" w\u003d\"640\"\u003e \u003cblock b\u003d\"138\" blockname\u003d\"\" blocktype\u003d\"Text\" l\u003d\"36\" r\u003d\"170\" style\u003d\"transform: translate(79px, 79px); position: absolute; width: 294.381px; height: 70.4167px;\" t\u003d\"73\"\u003e \u003cregion\u003e \u003crect b\u003d\"138\" l\u003d\"36\" r\u003d\"170\" t\u003d\"73\"\u003e\u003c/rect\u003e  \u003c/region\u003e  \u003ctext\u003e \u003cpar linespacing\u003d\"1140\"\u003e \u003cline b\u003d\"88\" baseline\u003d\"85\" l\u003d\"38\" r\u003d\"139\" style\u003d\"transform: translate(4px, 1px); position: absolute;\" t\u003d\"74\"\u003e \u003cformatting lang\u003d\"EnglishUnitedStates\"\u003e \u003csupplier_name appendorder\u003d\"3\" class\u003d\"extraction-tag\" confidence\u003d\"1/1\" data-original-title\u003d\"Supplier name\" data-toggle\u003d\"tooltip\" data-value\u003d\"Becky Bedbug\" fold-name\u003d\"fold1\" score\u003d\"0.584379404348638\" style\u003d\"background-color: rgb(88, 50, 166);  color: rgb(255, 255, 255);   border: 2px solid rgb(125, 157, 1); \" tagorder\u003d\"1\"\u003eBecky Bedbug\u003c/supplier_name\u003e \u003c/formatting\u003e  \u003c/line\u003e  \u003cline b\u003d\"107\" baseline\u003d\"105\" l\u003d\"38\" r\u003d\"166\" style\u003d\"transform: translate(4px, 23px); position: absolute;\" t\u003d\"94\"\u003e \u003cformatting lang\u003d\"EnglishUnitedStates\"\u003e Becky Secretlastname \u003c/formatting\u003e  \u003c/line\u003e  \u003c/par\u003e  \u003cpar linespacing\u003d\"840\"\u003e \u003cline b\u003d\"120\" baseline\u003d\"119\" l\u003d\"38\" r\u003d\"153\" style\u003d\"transform: translate(4px, 41px); position: absolute;\" t\u003d\"111\"\u003e \u003cformatting lang\u003d\"EnglishUnitedStates\"\u003e www beckvbedbug com \u003c/formatting\u003e  \u003c/line\u003e  \u003cline b\u003d\"134\" baseline\u003d\"133\" l\u003d\"38\" r\u003d\"163\" style\u003d\"transform: translate(4px, 56px); position: absolute;\" t\u003d\"125\"\u003e \u003cformatting lang\u003d\"EnglishUnitedStates\"\u003e beckvbedbuq@qmail com \u003c/formatting\u003e  \u003c/line\u003e  \u003c/par\u003e  \u003c/text\u003e  \u003c/block\u003e  \u003cregion xmlns\u003d\"http://ocr.crowdcomputingsystems.com/xml/schema-v1.xml\"\u003e \u003crect b\u003d\"188\" l\u003d\"31\" r\u003d\"237\" t\u003d\"148\"\u003e\u003c/rect\u003e  \u003c/region\u003e \u003ctable b\u003d\"188\" blockname\u003d\"\" blocktype\u003d\"Table\" l\u003d\"31\" r\u003d\"237\" style\u003d\"transform: translate(68px, 160px); position: absolute; user-select: auto;\" t\u003d\"148\" xmlns\u003d\"\"\u003e \u003ctbody\u003e\u003ctr\u003e \u003ctd h\u003d\"14\" w\u003d\"37\"\u003e \u003ctext xmlns\u003d\"http://ocr.crowdcomputingsystems.com/xml/schema-v1.xml\"\u003e \u003cpar linespacing\u003d\"480\"\u003e \u003cline b\u003d\"158\" baseline\u003d\"158\" l\u003d\"38\" r\u003d\"62\" t\u003d\"150\"\u003e \u003cformatting lang\u003d\"EnglishUnitedStates\"\u003e IBAN \u003c/formatting\u003e  \u003c/line\u003e  \u003c/par\u003e  \u003c/text\u003e  \u003c/td\u003e   \u003ctd h\u003d\"14\" w\u003d\"169\"\u003e \u003ctext xmlns\u003d\"http://ocr.crowdcomputingsystems.com/xml/schema-v1.xml\"\u003e \u003cpar linespacing\u003d\"480\"\u003e \u003cline b\u003d\"158\" baseline\u003d\"158\" l\u003d\"76\" r\u003d\"135\" t\u003d\"150\"\u003e \u003cformatting lang\u003d\"EnglishUnitedStates\"\u003e 1234567890 \u003c/formatting\u003e  \u003c/line\u003e  \u003c/par\u003e  \u003c/text\u003e  \u003c/td\u003e   \u003c/tr\u003e \n \u003ctr\u003e \u003ctd h\u003d\"13\" w\u003d\"37\"\u003e \u003ctext xmlns\u003d\"http://ocr.crowdcomputingsystems.com/xml/schema-v1.xml\"\u003e \u003cpar linespacing\u003d\"480\"\u003e \u003cline b\u003d\"171\" baseline\u003d\"171\" l\u003d\"38\" r\u003d\"55\" t\u003d\"163\"\u003e \u003cformatting lang\u003d\"EnglishUnitedStates\"\u003e BIC \u003c/formatting\u003e  \u003c/line\u003e  \u003c/par\u003e  \u003c/text\u003e  \u003c/td\u003e   \u003ctd h\u003d\"13\" w\u003d\"169\"\u003e \u003ctext xmlns\u003d\"http://ocr.crowdcomputingsystems.com/xml/schema-v1.xml\"\u003e \u003cpar linespacing\u003d\"540\"\u003e \u003cline b\u003d\"171\" baseline\u003d\"171\" l\u003d\"76\" r\u003d\"135\" t\u003d\"162\"\u003e \u003cformatting lang\u003d\"EnglishUnitedStates\"\u003e 1234567890 \u003c/formatting\u003e  \u003c/line\u003e  \u003c/par\u003e  \u003c/text\u003e  \u003c/td\u003e   \u003c/tr\u003e \n \u003ctr\u003e \u003ctd h\u003d\"13\" w\u003d\"37\"\u003e \u003ctext xmlns\u003d\"http://ocr.crowdcomputingsystems.com/xml/schema-v1.xml\"\u003e \u003cpar linespacing\u003d\"540\"\u003e \u003cline b\u003d\"185\" baseline\u003d\"185\" l\u003d\"38\" r\u003d\"59\" t\u003d\"176\"\u003e \u003cformatting lang\u003d\"EnglishUnitedStates\"\u003e UTR \u003c/formatting\u003e  \u003c/line\u003e  \u003c/par\u003e  \u003c/text\u003e  \u003c/td\u003e   \u003ctd h\u003d\"13\" w\u003d\"169\"\u003e \u003ctext xmlns\u003d\"http://ocr.crowdcomputingsystems.com/xml/schema-v1.xml\"\u003e \u003cpar linespacing\u003d\"540\"\u003e \u003cline b\u003d\"185\" baseline\u003d\"185\" l\u003d\"76\" r\u003d\"135\" t\u003d\"176\"\u003e \u003cformatting lang\u003d\"EnglishUnitedStates\"\u003e 1234567890 \u003c/formatting\u003e  \u003c/line\u003e  \u003c/par\u003e  \u003c/text\u003e  \u003c/td\u003e   \u003c/tr\u003e \n \u003c/tbody\u003e\u003c/table\u003e\n \u003cblock b\u003d\"297\" blockname\u003d\"\" blocktype\u003d\"Text\" l\u003d\"36\" r\u003d\"170\" style\u003d\"transform: translate(79px, 238px); position: absolute; width: 294.381px; height: 83.4167px;\" t\u003d\"220\"\u003e \u003cregion\u003e \u003crect b\u003d\"297\" l\u003d\"36\" r\u003d\"170\" t\u003d\"220\"\u003e\u003c/rect\u003e  \u003c/region\u003e  \u003ctext\u003e \u003cpar linespacing\u003d\"660\"\u003e \u003cline b\u003d\"235\" baseline\u003d\"232\" l\u003d\"38\" r\u003d\"167\" style\u003d\"transform: translate(4px, 1px); position: absolute;\" t\u003d\"221\"\u003e \u003cformatting lang\u003d\"EnglishUnitedStates\"\u003e Company Address \u003c/formatting\u003e  \u003c/line\u003e  \u003c/par\u003e  \u003cpar linespacing\u003d\"840\"\u003e \u003cline b\u003d\"253\" baseline\u003d\"251\" l\u003d\"38\" r\u003d\"138\" style\u003d\"transform: translate(4px, 23px); position: absolute;\" t\u003d\"241\"\u003e \u003cformatting lang\u003d\"EnglishUnitedStates\"\u003e Sophie\u0027s Candles \u003c/formatting\u003e  \u003c/line\u003e  \u003c/par\u003e  \u003cpar linespacing\u003d\"840\"\u003e \u003cline b\u003d\"268\" baseline\u003d\"266\" l\u003d\"38\" r\u003d\"105\" style\u003d\"transform: translate(4px, 40px); position: absolute;\" t\u003d\"257\"\u003e \u003cformatting lang\u003d\"EnglishUnitedStates\"\u003e 12 High Street \u003c/formatting\u003e  \u003c/line\u003e  \u003c/par\u003e  \u003cpar linespacing\u003d\"840\"\u003e \u003cline b\u003d\"280\" baseline\u003d\"280\" l\u003d\"37\" r\u003d\"69\" style\u003d\"transform: translate(2px, 55px); position: absolute;\" t\u003d\"271\"\u003e \u003cformatting lang\u003d\"EnglishUnitedStates\"\u003e Oxford \u003c/formatting\u003e  \u003c/line\u003e  \u003c/par\u003e  \u003cpar linespacing\u003d\"840\"\u003e \u003cline b\u003d\"294\" baseline\u003d\"294\" l\u003d\"38\" r\u003d\"94\" style\u003d\"transform: translate(4px, 70px); position: absolute;\" t\u003d\"285\"\u003e \u003cformatting lang\u003d\"EnglishUnitedStates\"\u003e Oxfordshire \u003c/formatting\u003e  \u003c/line\u003e  \u003c/par\u003e  \u003c/text\u003e  \u003c/block\u003e  \u003cregion xmlns\u003d\"http://ocr.crowdcomputingsystems.com/xml/schema-v1.xml\"\u003e \u003crect b\u003d\"143\" l\u003d\"419\" r\u003d\"526\" t\u003d\"83\"\u003e\u003c/rect\u003e  \u003c/region\u003e \u003ctable b\u003d\"143\" blockname\u003d\"\" blocktype\u003d\"Table\" l\u003d\"419\" r\u003d\"526\" style\u003d\"transform: translate(920px, 90px); position: absolute; user-select: auto;\" t\u003d\"83\" xmlns\u003d\"\"\u003e \u003ctbody\u003e\u003ctr\u003e \u003ctd bottomborder\u003d\"White\" h\u003d\"33\" leftborder\u003d\"White\" rightborder\u003d\"White\" topborder\u003d\"White\" w\u003d\"28\"\u003e \u003ctext xmlns\u003d\"http://ocr.crowdcomputingsystems.com/xml/schema-v1.xml\"\u003e \u003cpar linespacing\u003d\"360\"\u003e \u003cline b\u003d\"91\" baseline\u003d\"89\" l\u003d\"419\" r\u003d\"447\" t\u003d\"83\"\u003e \u003cformatting lang\u003d\"EnglishUnitedStates\"\u003e 0 \u0026raquo; \u003c/formatting\u003e  \u003c/line\u003e  \u003c/par\u003e  \u003cpar leftindent\u003d\"1000\" linespacing\u003d\"1320\"\u003e \u003cline b\u003d\"113\" baseline\u003d\"113\" l\u003d\"436\" r\u003d\"446\" t\u003d\"91\"\u003e \u003cformatting lang\u003d\"EnglishUnitedStates\"\u003e I \u003c/formatting\u003e  \u003c/line\u003e  \u003c/par\u003e  \u003c/text\u003e  \u003c/td\u003e   \u003ctd bottomborder\u003d\"White\" h\u003d\"33\" leftborder\u003d\"White\" rightborder\u003d\"White\" topborder\u003d\"White\" w\u003d\"79\"\u003e \u003ctext xmlns\u003d\"http://ocr.crowdcomputingsystems.com/xml/schema-v1.xml\"\u003e \u003cpar linespacing\u003d\"1440\"\u003e \u003cline b\u003d\"113\" baseline\u003d\"114\" l\u003d\"447\" r\u003d\"524\" t\u003d\"90\"\u003e \u003cformatting lang\u003d\"EnglishUnitedStates\"\u003e KBCRY \u003c/formatting\u003e  \u003c/line\u003e  \u003c/par\u003e  \u003c/text\u003e  \u003c/td\u003e   \u003c/tr\u003e \n \u003ctr\u003e \u003ctd bottomborder\u003d\"White\" h\u003d\"27\" leftborder\u003d\"White\" rightborder\u003d\"White\" topborder\u003d\"White\" w\u003d\"28\"\u003e \u003ctext xmlns\u003d\"http://ocr.crowdcomputingsystems.com/xml/schema-v1.xml\"\u003e \u003cpar linespacing\u003d\"1140\"\u003e \u003cline b\u003d\"140\" baseline\u003d\"136\" l\u003d\"423\" r\u003d\"447\" t\u003d\"117\"\u003e \u003cformatting lang\u003d\"EnglishUnitedStates\"\u003e 1] \u003c/formatting\u003e  \u003c/line\u003e  \u003c/par\u003e  \u003c/text\u003e  \u003c/td\u003e   \u003ctd bottomborder\u003d\"White\" h\u003d\"27\" leftborder\u003d\"White\" rightborder\u003d\"White\" topborder\u003d\"White\" w\u003d\"79\"\u003e \u003ctext xmlns\u003d\"http://ocr.crowdcomputingsystems.com/xml/schema-v1.xml\"\u003e \u003cpar linespacing\u003d\"1500\"\u003e \u003cline b\u003d\"140\" baseline\u003d\"141\" l\u003d\"447\" r\u003d\"526\" t\u003d\"116\"\u003e \u003cformatting lang\u003d\"EnglishUnitedStates\"\u003e BDBOC \u003c/formatting\u003e  \u003c/line\u003e  \u003c/par\u003e  \u003c/text\u003e  \u003c/td\u003e   \u003c/tr\u003e \n \u003c/tbody\u003e\u003c/table\u003e\n \u003cregion xmlns\u003d\"http://ocr.crowdcomputingsystems.com/xml/schema-v1.xml\"\u003e \u003crect b\u003d\"222\" l\u003d\"343\" r\u003d\"609\" t\u003d\"182\"\u003e\u003c/rect\u003e  \u003c/region\u003e \u003ctable b\u003d\"222\" blockname\u003d\"\" blocktype\u003d\"Table\" l\u003d\"343\" r\u003d\"609\" style\u003d\"transform: translate(754px, 197px); position: absolute; user-select: auto;\" t\u003d\"182\" xmlns\u003d\"\"\u003e \u003ctbody\u003e\u003ctr\u003e \u003ctd h\u003d\"14\" w\u003d\"116\"\u003e \u003ctext xmlns\u003d\"http://ocr.crowdcomputingsystems.com/xml/schema-v1.xml\"\u003e \u003cpar linespacing\u003d\"540\"\u003e \u003cline b\u003d\"193\" baseline\u003d\"193\" l\u003d\"351\" r\u003d\"426\" t\u003d\"184\"\u003e \u003cformatting lang\u003d\"EnglishUnitedStates\"\u003e Invoice Number \u003c/formatting\u003e  \u003c/line\u003e  \u003c/par\u003e  \u003c/text\u003e  \u003c/td\u003e   \u003ctd h\u003d\"14\" w\u003d\"150\"\u003e \u003ctext xmlns\u003d\"http://ocr.crowdcomputingsystems.com/xml/schema-v1.xml\"\u003e \u003cpar align\u003d\"Right\" linespacing\u003d\"540\"\u003e \u003cline b\u003d\"193\" baseline\u003d\"193\" l\u003d\"527\" r\u003d\"602\" t\u003d\"184\"\u003e \u003cformatting lang\u003d\"EnglishUnitedStates\"\u003e \u003cinvoice_number appendorder\u003d\"4\" class\u003d\"extraction-tag\" confidence\u003d\"1/1\" data-original-title\u003d\"Invoice number\" data-toggle\u003d\"tooltip\" data-value\u003d\"SOP-23062015\" fold-name\u003d\"fold1\" score\u003d\"0.8166650737996758\" style\u003d\"background-color: rgb(0, 83, 98);  color: rgb(255, 255, 255);   border: 2px solid rgb(125, 157, 1); \" tagorder\u003d\"2\"\u003eSOP-23062015\u003c/invoice_number\u003e \u003c/formatting\u003e  \u003c/line\u003e  \u003c/par\u003e  \u003c/text\u003e  \u003c/td\u003e   \u003c/tr\u003e \n \u003ctr\u003e \u003ctd h\u003d\"13\" w\u003d\"116\"\u003e \u003ctext xmlns\u003d\"http://ocr.crowdcomputingsystems.com/xml/schema-v1.xml\"\u003e \u003cpar linespacing\u003d\"540\"\u003e \u003cline b\u003d\"206\" baseline\u003d\"206\" l\u003d\"351\" r\u003d\"372\" t\u003d\"197\"\u003e \u003cformatting lang\u003d\"EnglishUnitedStates\"\u003e Date \u003c/formatting\u003e  \u003c/line\u003e  \u003c/par\u003e  \u003c/text\u003e  \u003c/td\u003e   \u003ctd h\u003d\"13\" w\u003d\"150\"\u003e \u003ctext xmlns\u003d\"http://ocr.crowdcomputingsystems.com/xml/schema-v1.xml\"\u003e \u003cpar align\u003d\"Right\" linespacing\u003d\"540\"\u003e \u003cline b\u003d\"206\" baseline\u003d\"206\" l\u003d\"531\" r\u003d\"602\" t\u003d\"197\"\u003e \u003cformatting lang\u003d\"EnglishUnitedStates\"\u003e \u003cinvoice_date appendorder\u003d\"7\" class\u003d\"extraction-tag\" confidence\u003d\"1/1\" data-original-title\u003d\"Invoice date\" data-toggle\u003d\"tooltip\" data-value\u003d\"23* June 2015\" fold-name\u003d\"fold4\" score\u003d\"0.7715462601149001\" style\u003d\"background-color: rgb(17, 18, 43);  color: rgb(255, 255, 255);   border: 2px solid rgb(125, 157, 1); \" tagorder\u003d\"3\"\u003e23* June 2015\u003c/invoice_date\u003e \u003c/formatting\u003e  \u003c/line\u003e  \u003c/par\u003e  \u003c/text\u003e  \u003c/td\u003e   \u003c/tr\u003e \n \u003ctr\u003e \u003ctd h\u003d\"13\" w\u003d\"116\"\u003e \u003ctext xmlns\u003d\"http://ocr.crowdcomputingsystems.com/xml/schema-v1.xml\"\u003e \u003cpar linespacing\u003d\"480\"\u003e \u003cline b\u003d\"219\" baseline\u003d\"218\" l\u003d\"349\" r\u003d\"443\" t\u003d\"210\"\u003e \u003cformatting lang\u003d\"EnglishUnitedStates\"\u003e Amount Due (GBP) \u003c/formatting\u003e  \u003c/line\u003e  \u003c/par\u003e  \u003c/text\u003e  \u003c/td\u003e   \u003ctd h\u003d\"13\" w\u003d\"150\"\u003e \u003ctext xmlns\u003d\"http://ocr.crowdcomputingsystems.com/xml/schema-v1.xml\"\u003e \u003cpar align\u003d\"Right\" linespacing\u003d\"480\"\u003e \u003cline b\u003d\"218\" baseline\u003d\"218\" l\u003d\"575\" r\u003d\"602\" t\u003d\"210\"\u003e \u003cformatting lang\u003d\"EnglishUnitedStates\"\u003e 60 00 \u003c/formatting\u003e  \u003c/line\u003e  \u003c/par\u003e  \u003c/text\u003e  \u003c/td\u003e   \u003c/tr\u003e \n \u003c/tbody\u003e\u003c/table\u003e\n \u003cregion xmlns\u003d\"http://ocr.crowdcomputingsystems.com/xml/schema-v1.xml\"\u003e \u003crect b\u003d\"492\" l\u003d\"31\" r\u003d\"609\" t\u003d\"309\"\u003e\u003c/rect\u003e  \u003c/region\u003e \u003ctable b\u003d\"492\" blockname\u003d\"\" blocktype\u003d\"Table\" l\u003d\"31\" r\u003d\"609\" style\u003d\"transform: translate(68px, 335px); position: absolute; user-select: auto;\" t\u003d\"309\" xmlns\u003d\"\"\u003e \u003ctbody\u003e\u003ctr\u003e \u003ctd h\u003d\"16\" rightborder\u003d\"White\" w\u003d\"73\"\u003e \u003ctext xmlns\u003d\"http://ocr.crowdcomputingsystems.com/xml/schema-v1.xml\"\u003e \u003cpar linespacing\u003d\"600\"\u003e \u003cline b\u003d\"321\" baseline\u003d\"321\" l\u003d\"38\" r\u003d\"80\" t\u003d\"311\"\u003e \u003cformatting lang\u003d\"EnglishUnitedStates\"\u003e Service \u003c/formatting\u003e  \u003c/line\u003e  \u003c/par\u003e  \u003c/text\u003e  \u003c/td\u003e   \u003ctd h\u003d\"16\" leftborder\u003d\"White\" rightborder\u003d\"White\" w\u003d\"290\"\u003e \u003ctext xmlns\u003d\"http://ocr.crowdcomputingsystems.com/xml/schema-v1.xml\"\u003e \u003cpar linespacing\u003d\"720\"\u003e \u003cline b\u003d\"324\" baseline\u003d\"321\" l\u003d\"112\" r\u003d\"184\" t\u003d\"309\"\u003e \u003cformatting lang\u003d\"EnglishUnitedStates\"\u003e i Description \u003c/formatting\u003e  \u003c/line\u003e  \u003c/par\u003e  \u003c/text\u003e  \u003c/td\u003e   \u003ctd colspan\u003d\"2\" h\u003d\"16\" leftborder\u003d\"White\" w\u003d\"215\"\u003e \u003ctext xmlns\u003d\"http://ocr.crowdcomputingsystems.com/xml/schema-v1.xml\"\u003e \u003cpar align\u003d\"Right\" linespacing\u003d\"660\"\u003e \u003cline b\u003d\"324\" baseline\u003d\"321\" l\u003d\"404\" r\u003d\"601\" t\u003d\"310\"\u003e \u003cformatting lang\u003d\"EnglishUnitedStates\"\u003e Unit cost ǀ Quantity ǀ Total (GBP) \u003c/formatting\u003e  \u003c/line\u003e  \u003c/par\u003e  \u003c/text\u003e  \u003c/td\u003e   \u003c/tr\u003e \n \u003ctr\u003e \u003ctd h\u003d\"120\" rightborder\u003d\"White\" w\u003d\"73\"\u003e \u003ctext xmlns\u003d\"http://ocr.crowdcomputingsystems.com/xml/schema-v1.xml\"\u003e \u003cpar linespacing\u003d\"600\"\u003e \u003cline b\u003d\"354\" baseline\u003d\"352\" l\u003d\"38\" r\u003d\"91\" t\u003d\"342\"\u003e \u003cformatting lang\u003d\"EnglishUnitedStates\"\u003e Blog post \u003c/formatting\u003e  \u003c/line\u003e  \u003c/par\u003e  \u003c/text\u003e  \u003c/td\u003e   \u003ctd h\u003d\"120\" leftborder\u003d\"White\" rightborder\u003d\"White\" w\u003d\"290\"\u003e \u003ctext xmlns\u003d\"http://ocr.crowdcomputingsystems.com/xml/schema-v1.xml\"\u003e \u003cpar linespacing\u003d\"600\"\u003e \u003cline b\u003d\"354\" baseline\u003d\"352\" l\u003d\"116\" r\u003d\"384\" t\u003d\"342\"\u003e300-word post with 2 links to Sophie\u0026rsquo;s Candles\u003c/line\u003e  \u003c/par\u003e  \u003c/text\u003e  \u003c/td\u003e   \u003ctd colspan\u003d\"2\" h\u003d\"120\" leftborder\u003d\"White\" w\u003d\"215\"\u003e \u003ctext xmlns\u003d\"http://ocr.crowdcomputingsystems.com/xml/schema-v1.xml\"\u003e \u003cpar align\u003d\"Right\" linespacing\u003d\"600\"\u003e \u003cline b\u003d\"352\" baseline\u003d\"352\" l\u003d\"424\" r\u003d\"600\" t\u003d\"342\"\u003e60.00 \u003cquantity appendorder\u003d\"5\" class\u003d\"extraction-tag\" confidence\u003d\"1/1\" data-original-title\u003d\"construction_type\" data-toggle\u003d\"tooltip\" data-value\u003d\"1\" fold-name\u003d\"fold3\" injection\u003d\"true\" referencedatausedininjection\u003d\"manual\" score\u003d\"0.7092294579876794\" style\u003d\"background-color: rgb(11, 47, 140);  color: rgb(255, 255, 255);   border: 2px solid rgb(125, 157, 1); \" tagorder\u003d\"9988682\"\u003e1\u003c/quantity\u003e 60.00\u003c/line\u003e  \u003c/par\u003e  \u003c/text\u003e  \u003c/td\u003e   \u003c/tr\u003e \n \u003ctr\u003e \u003ctd colspan\u003d\"3\" h\u003d\"47\" w\u003d\"420\"\u003e \u003ctext xmlns\u003d\"http://ocr.crowdcomputingsystems.com/xml/schema-v1.xml\"\u003e \u003cpar linespacing\u003d\"-1\"\u003e\u003c/par\u003e  \u003c/text\u003e  \u003c/td\u003e   \u003ctd h\u003d\"47\" w\u003d\"158\"\u003e \u003ctext xmlns\u003d\"http://ocr.crowdcomputingsystems.com/xml/schema-v1.xml\"\u003e \u003cpar align\u003d\"Justified\" linespacing\u003d\"600\"\u003e \u003cline b\u003d\"486\" baseline\u003d\"486\" l\u003d\"457\" r\u003d\"596\" t\u003d\"476\"\u003e \u003cformatting lang\u003d\"EnglishUnitedStates\"\u003e Balance due: \u003ctotal_amount appendorder\u003d\"8\" class\u003d\"extraction-tag\" confidence\u003d\"1/1\" data-original-title\u003d\"Total amount\" data-toggle\u003d\"tooltip\" data-value\u003d\"60.00\" fold-name\u003d\"fold3\" score\u003d\"0.49160741415905096\" style\u003d\"background-color: rgb(27, 182, 226);  color: rgb(0, 0, 0);   border: 2px solid rgb(125, 157, 1); \" tagorder\u003d\"4\"\u003e60.00\u003c/total_amount\u003e \u003c/formatting\u003e  \u003c/line\u003e  \u003c/par\u003e  \u003c/text\u003e  \u003c/td\u003e   \u003c/tr\u003e \n \u003c/tbody\u003e\u003c/table\u003e\n \u003cblock b\u003d\"492\" blockname\u003d\"\" blocktype\u003d\"SeparatorsBox\" class\u003d\"hidden\" l\u003d\"31\" r\u003d\"609\" style\u003d\"transform: translate(68px, 335px); position: absolute;\" t\u003d\"309\"\u003e \u003cregion\u003e \u003crect b\u003d\"311\" l\u003d\"31\" r\u003d\"609\" t\u003d\"309\"\u003e\u003c/rect\u003e  \u003crect b\u003d\"490\" l\u003d\"31\" r\u003d\"609\" t\u003d\"311\"\u003e\u003c/rect\u003e  \u003crect b\u003d\"492\" l\u003d\"31\" r\u003d\"609\" t\u003d\"490\"\u003e\u003c/rect\u003e  \u003c/region\u003e  \u003cseparatorsbox\u003e \u003cseparator thickness\u003d\"2\" type\u003d\"Black\"\u003e \u003cstart x\u003d\"31\" y\u003d\"310\"\u003e\u003c/start\u003e \u003cend x\u003d\"609\" y\u003d\"310\"\u003e\u003c/end\u003e \u003c/separator\u003e \u003cseparator thickness\u003d\"2\" type\u003d\"Black\"\u003e \u003cstart x\u003d\"31\" y\u003d\"491\"\u003e\u003c/start\u003e \u003cend x\u003d\"609\" y\u003d\"491\"\u003e\u003c/end\u003e \u003c/separator\u003e \u003cseparator thickness\u003d\"1\" type\u003d\"Black\"\u003e \u003cstart x\u003d\"31\" y\u003d\"309\"\u003e\u003c/start\u003e \u003cend x\u003d\"31\" y\u003d\"492\"\u003e\u003c/end\u003e \u003c/separator\u003e \u003cseparator thickness\u003d\"1\" type\u003d\"Black\"\u003e \u003cstart x\u003d\"608\" y\u003d\"309\"\u003e\u003c/start\u003e \u003cend x\u003d\"608\" y\u003d\"492\"\u003e\u003c/end\u003e \u003c/separator\u003e \u003c/separatorsbox\u003e \u003c/block\u003e  \u003cblock b\u003d\"122\" blockname\u003d\"\" blocktype\u003d\"Separator\" l\u003d\"38\" r\u003d\"154\" style\u003d\"transform: translate(83px, 131px); position: absolute;\" t\u003d\"121\"\u003e \u003cregion\u003e \u003crect b\u003d\"122\" l\u003d\"38\" r\u003d\"154\" t\u003d\"121\"\u003e\u003c/rect\u003e  \u003c/region\u003e  \u003cseparator thickness\u003d\"1\" type\u003d\"Black\"\u003e \u003cstart x\u003d\"38\" y\u003d\"121\"\u003e\u003c/start\u003e \u003cend x\u003d\"154\" y\u003d\"121\"\u003e\u003c/end\u003e \u003c/separator\u003e \u003c/block\u003e  \u003cblock b\u003d\"136\" blockname\u003d\"\" blocktype\u003d\"Separator\" l\u003d\"38\" r\u003d\"164\" style\u003d\"transform: translate(83px, 146px); position: absolute;\" t\u003d\"135\"\u003e \u003cregion\u003e \u003crect b\u003d\"136\" l\u003d\"38\" r\u003d\"164\" t\u003d\"135\"\u003e\u003c/rect\u003e  \u003c/region\u003e  \u003cseparator thickness\u003d\"1\" type\u003d\"Black\"\u003e \u003cstart x\u003d\"38\" y\u003d\"135\"\u003e\u003c/start\u003e \u003cend x\u003d\"164\" y\u003d\"135\"\u003e\u003c/end\u003e \u003c/separator\u003e \u003c/block\u003e  \u003cblock b\u003d\"151\" blockname\u003d\"\" blocktype\u003d\"Separator\" class\u003d\"hidden\" l\u003d\"31\" r\u003d\"236\" style\u003d\"transform: translate(68px, 160px); position: absolute;\" t\u003d\"148\"\u003e \u003cregion\u003e \u003crect b\u003d\"151\" l\u003d\"31\" r\u003d\"236\" t\u003d\"148\"\u003e\u003c/rect\u003e  \u003c/region\u003e  \u003cseparator thickness\u003d\"3\" type\u003d\"Black\"\u003e \u003cstart x\u003d\"31\" y\u003d\"149\"\u003e\u003c/start\u003e \u003cend x\u003d\"236\" y\u003d\"149\"\u003e\u003c/end\u003e \u003c/separator\u003e \u003c/block\u003e  \u003cblock b\u003d\"164\" blockname\u003d\"\" blocktype\u003d\"Separator\" class\u003d\"hidden\" l\u003d\"31\" r\u003d\"237\" style\u003d\"transform: translate(68px, 174px); position: absolute;\" t\u003d\"161\"\u003e \u003cregion\u003e \u003crect b\u003d\"164\" l\u003d\"31\" r\u003d\"237\" t\u003d\"161\"\u003e\u003c/rect\u003e  \u003c/region\u003e  \u003cseparator thickness\u003d\"3\" type\u003d\"Black\"\u003e \u003cstart x\u003d\"31\" y\u003d\"162\"\u003e\u003c/start\u003e \u003cend x\u003d\"237\" y\u003d\"162\"\u003e\u003c/end\u003e \u003c/separator\u003e \u003c/block\u003e  \u003cblock b\u003d\"176\" blockname\u003d\"\" blocktype\u003d\"Separator\" l\u003d\"31\" r\u003d\"237\" style\u003d\"transform: translate(68px, 189px); position: absolute;\" t\u003d\"174\"\u003e \u003cregion\u003e \u003crect b\u003d\"176\" l\u003d\"31\" r\u003d\"237\" t\u003d\"174\"\u003e\u003c/rect\u003e  \u003c/region\u003e  \u003cseparator thickness\u003d\"2\" type\u003d\"Black\"\u003e \u003cstart x\u003d\"31\" y\u003d\"175\"\u003e\u003c/start\u003e \u003cend x\u003d\"237\" y\u003d\"175\"\u003e\u003c/end\u003e \u003c/separator\u003e \u003c/block\u003e  \u003cblock b\u003d\"184\" blockname\u003d\"\" blocktype\u003d\"Separator\" l\u003d\"343\" r\u003d\"609\" style\u003d\"transform: translate(754px, 197px); position: absolute;\" t\u003d\"182\"\u003e \u003cregion\u003e \u003crect b\u003d\"184\" l\u003d\"343\" r\u003d\"609\" t\u003d\"182\"\u003e\u003c/rect\u003e  \u003c/region\u003e  \u003cseparator thickness\u003d\"2\" type\u003d\"Black\"\u003e \u003cstart x\u003d\"343\" y\u003d\"183\"\u003e\u003c/start\u003e \u003cend x\u003d\"609\" y\u003d\"183\"\u003e\u003c/end\u003e \u003c/separator\u003e \u003c/block\u003e  \u003cblock b\u003d\"188\" blockname\u003d\"\" blocktype\u003d\"Separator\" l\u003d\"31\" r\u003d\"237\" style\u003d\"transform: translate(68px, 203px); position: absolute;\" t\u003d\"187\"\u003e \u003cregion\u003e \u003crect b\u003d\"188\" l\u003d\"31\" r\u003d\"237\" t\u003d\"187\"\u003e\u003c/rect\u003e  \u003c/region\u003e  \u003cseparator thickness\u003d\"1\" type\u003d\"Black\"\u003e \u003cstart x\u003d\"31\" y\u003d\"187\"\u003e\u003c/start\u003e \u003cend x\u003d\"237\" y\u003d\"187\"\u003e\u003c/end\u003e \u003c/separator\u003e \u003c/block\u003e  \u003cblock b\u003d\"198\" blockname\u003d\"\" blocktype\u003d\"Separator\" class\u003d\"hidden\" l\u003d\"343\" r\u003d\"609\" style\u003d\"transform: translate(754px, 211px); position: absolute;\" t\u003d\"195\"\u003e \u003cregion\u003e \u003crect b\u003d\"198\" l\u003d\"343\" r\u003d\"609\" t\u003d\"195\"\u003e\u003c/rect\u003e  \u003c/region\u003e  \u003cseparator thickness\u003d\"2\" type\u003d\"Black\"\u003e \u003cstart x\u003d\"343\" y\u003d\"196\"\u003e\u003c/start\u003e \u003cend x\u003d\"609\" y\u003d\"196\"\u003e\u003c/end\u003e \u003c/separator\u003e \u003c/block\u003e  \u003cblock b\u003d\"210\" blockname\u003d\"\" blocktype\u003d\"Separator\" l\u003d\"343\" r\u003d\"609\" style\u003d\"transform: translate(754px, 225px); position: absolute;\" t\u003d\"208\"\u003e \u003cregion\u003e \u003crect b\u003d\"210\" l\u003d\"343\" r\u003d\"609\" t\u003d\"208\"\u003e\u003c/rect\u003e  \u003c/region\u003e  \u003cseparator thickness\u003d\"2\" type\u003d\"Black\"\u003e \u003cstart x\u003d\"343\" y\u003d\"209\"\u003e\u003c/start\u003e \u003cend x\u003d\"609\" y\u003d\"209\"\u003e\u003c/end\u003e \u003c/separator\u003e \u003c/block\u003e  \u003cblock b\u003d\"222\" blockname\u003d\"\" blocktype\u003d\"Separator\" l\u003d\"343\" r\u003d\"609\" style\u003d\"transform: translate(754px, 238px); position: absolute;\" t\u003d\"220\"\u003e \u003cregion\u003e \u003crect b\u003d\"222\" l\u003d\"343\" r\u003d\"609\" t\u003d\"220\"\u003e\u003c/rect\u003e  \u003c/region\u003e  \u003cseparator thickness\u003d\"2\" type\u003d\"Black\"\u003e \u003cstart x\u003d\"343\" y\u003d\"221\"\u003e\u003c/start\u003e \u003cend x\u003d\"609\" y\u003d\"221\"\u003e\u003c/end\u003e \u003c/separator\u003e \u003c/block\u003e  \u003cblock b\u003d\"326\" blockname\u003d\"\" blocktype\u003d\"Separator\" l\u003d\"31\" r\u003d\"609\" style\u003d\"transform: translate(68px, 351px); position: absolute;\" t\u003d\"324\"\u003e \u003cregion\u003e \u003crect b\u003d\"326\" l\u003d\"31\" r\u003d\"609\" t\u003d\"324\"\u003e\u003c/rect\u003e  \u003c/region\u003e  \u003cseparator thickness\u003d\"2\" type\u003d\"Black\"\u003e \u003cstart x\u003d\"31\" y\u003d\"325\"\u003e\u003c/start\u003e \u003cend x\u003d\"609\" y\u003d\"325\"\u003e\u003c/end\u003e \u003c/separator\u003e \u003c/block\u003e  \u003cblock b\u003d\"446\" blockname\u003d\"\" blocktype\u003d\"Separator\" l\u003d\"31\" r\u003d\"609\" style\u003d\"transform: translate(68px, 482px); position: absolute;\" t\u003d\"445\"\u003e \u003cregion\u003e \u003crect b\u003d\"446\" l\u003d\"31\" r\u003d\"609\" t\u003d\"445\"\u003e\u003c/rect\u003e  \u003c/region\u003e  \u003cseparator thickness\u003d\"1\" type\u003d\"Black\"\u003e \u003cstart x\u003d\"31\" y\u003d\"445\"\u003e\u003c/start\u003e \u003cend x\u003d\"609\" y\u003d\"445\"\u003e\u003c/end\u003e \u003c/separator\u003e \u003c/block\u003e  \u003cblock b\u003d\"188\" blockname\u003d\"\" blocktype\u003d\"Separator\" l\u003d\"31\" r\u003d\"32\" style\u003d\"transform: translate(68px, 161px); position: absolute;\" t\u003d\"149\"\u003e \u003cregion\u003e \u003crect b\u003d\"188\" l\u003d\"31\" r\u003d\"32\" t\u003d\"149\"\u003e\u003c/rect\u003e  \u003c/region\u003e  \u003cseparator thickness\u003d\"1\" type\u003d\"Black\"\u003e \u003cstart x\u003d\"31\" y\u003d\"149\"\u003e\u003c/start\u003e \u003cend x\u003d\"31\" y\u003d\"188\"\u003e\u003c/end\u003e \u003c/separator\u003e \u003c/block\u003e  \u003cblock b\u003d\"188\" blockname\u003d\"\" blocktype\u003d\"Separator\" l\u003d\"68\" r\u003d\"69\" style\u003d\"transform: translate(149px, 160px); position: absolute;\" t\u003d\"148\"\u003e \u003cregion\u003e \u003crect b\u003d\"188\" l\u003d\"68\" r\u003d\"69\" t\u003d\"148\"\u003e\u003c/rect\u003e  \u003c/region\u003e  \u003cseparator thickness\u003d\"1\" type\u003d\"Black\"\u003e \u003cstart x\u003d\"68\" y\u003d\"148\"\u003e\u003c/start\u003e \u003cend x\u003d\"68\" y\u003d\"188\"\u003e\u003c/end\u003e \u003c/separator\u003e \u003c/block\u003e  \u003cblock b\u003d\"188\" blockname\u003d\"\" blocktype\u003d\"Separator\" l\u003d\"236\" r\u003d\"237\" style\u003d\"transform: translate(518px, 161px); position: absolute;\" t\u003d\"149\"\u003e \u003cregion\u003e \u003crect b\u003d\"188\" l\u003d\"236\" r\u003d\"237\" t\u003d\"149\"\u003e\u003c/rect\u003e  \u003c/region\u003e  \u003cseparator thickness\u003d\"1\" type\u003d\"Black\"\u003e \u003cstart x\u003d\"236\" y\u003d\"149\"\u003e\u003c/start\u003e \u003cend x\u003d\"236\" y\u003d\"188\"\u003e\u003c/end\u003e \u003c/separator\u003e \u003c/block\u003e  \u003cblock b\u003d\"222\" blockname\u003d\"\" blocktype\u003d\"Separator\" l\u003d\"343\" r\u003d\"345\" style\u003d\"transform: translate(754px, 197px); position: absolute;\" t\u003d\"182\"\u003e \u003cregion\u003e \u003crect b\u003d\"222\" l\u003d\"343\" r\u003d\"345\" t\u003d\"182\"\u003e\u003c/rect\u003e  \u003c/region\u003e  \u003cseparator thickness\u003d\"2\" type\u003d\"Black\"\u003e \u003cstart x\u003d\"344\" y\u003d\"182\"\u003e\u003c/start\u003e \u003cend x\u003d\"344\" y\u003d\"222\"\u003e\u003c/end\u003e \u003c/separator\u003e \u003c/block\u003e  \u003cblock b\u003d\"492\" blockname\u003d\"\" blocktype\u003d\"Separator\" l\u003d\"450\" r\u003d\"452\" style\u003d\"transform: translate(989px, 482px); position: absolute;\" t\u003d\"445\"\u003e \u003cregion\u003e \u003crect b\u003d\"492\" l\u003d\"450\" r\u003d\"452\" t\u003d\"445\"\u003e\u003c/rect\u003e  \u003c/region\u003e  \u003cseparator thickness\u003d\"2\" type\u003d\"Black\"\u003e \u003cstart x\u003d\"451\" y\u003d\"445\"\u003e\u003c/start\u003e \u003cend x\u003d\"451\" y\u003d\"492\"\u003e\u003c/end\u003e \u003c/separator\u003e \u003c/block\u003e  \u003cblock b\u003d\"222\" blockname\u003d\"\" blocktype\u003d\"Separator\" l\u003d\"458\" r\u003d\"460\" style\u003d\"transform: translate(1006px, 197px); position: absolute;\" t\u003d\"182\"\u003e \u003cregion\u003e \u003crect b\u003d\"222\" l\u003d\"458\" r\u003d\"460\" t\u003d\"182\"\u003e\u003c/rect\u003e  \u003c/region\u003e  \u003cseparator thickness\u003d\"2\" type\u003d\"Black\"\u003e \u003cstart x\u003d\"459\" y\u003d\"182\"\u003e\u003c/start\u003e \u003cend x\u003d\"459\" y\u003d\"222\"\u003e\u003c/end\u003e \u003c/separator\u003e \u003c/block\u003e  \u003cblock b\u003d\"222\" blockname\u003d\"\" blocktype\u003d\"Separator\" l\u003d\"608\" r\u003d\"609\" style\u003d\"transform: translate(1336px, 197px); position: absolute;\" t\u003d\"182\"\u003e \u003cregion\u003e \u003crect b\u003d\"222\" l\u003d\"608\" r\u003d\"609\" t\u003d\"182\"\u003e\u003c/rect\u003e  \u003c/region\u003e  \u003cseparator thickness\u003d\"1\" type\u003d\"Black\"\u003e \u003cstart x\u003d\"608\" y\u003d\"182\"\u003e\u003c/start\u003e \u003cend x\u003d\"608\" y\u003d\"222\"\u003e\u003c/end\u003e \u003c/separator\u003e \u003c/block\u003e  \u003c/page\u003e             \u003c/document\u003e\u003c/body\u003e\u003c/html\u003e","tags":[{"begin":13,"end":25,"text":"Becky Bedbug","tag":"supplier_name","fieldType":"COMPANY_NAME","score":0.584379404348638,"estimatedAccuracy":0.0},{"begin":555,"end":567,"text":"SOP-23062015","tag":"invoice_number","fieldType":"TEXT","score":0.8166650737996758,"estimatedAccuracy":0.0},{"begin":609,"end":622,"text":"23* June 2015","tag":"invoice_date","fieldType":"DATE","score":0.7715462601149001,"estimatedAccuracy":0.0},{"begin":906,"end":907,"text":"1","tag":"quantity","fieldType":"NUMBER","score":0.7092294579876794,"estimatedAccuracy":0.0},{"begin":953,"end":958,"text":"60.00","tag":"total_amount","fieldType":"NUMBER","score":0.49160741415905096,"estimatedAccuracy":0.0}],"group":"invoice_date|invoice_number|quantity|supplier_name|total_amount","limeExplanation":{},"liblinearFeatureImportance":{}}