{"finalScore":0.6928586716290349,"metaInfo":{"model":{"coreVersion":"10.3.0.39"}},"sumScore":7.621445387919384,"tagsCounter":11.0,"taggedText":"\u003chtml\u003e\u003chead\u003e\u003cscript src\u003d\"https://ajax.googleapis.com/ajax/libs/jquery/2.2.0/jquery.min.js\"\u003e\u003c/script\u003e\u003c/head\u003e\u003cbody\u003e\u003cdocument languages\u003d\"\" producer\u003d\"Workfusion\" schemalocation\u003d\"http://ocr.crowdcomputingsystems.com/xml/schema-v1.xml\" version\u003d\"1.0\" xmlns\u003d\"http://ocr.crowdcomputingsystems.com/xml/schema-v1.xml\" xsi\u003d\"http://www.w3.org/2001/XMLSchema-instance\"\u003e \u003clink href\u003d\"https://s3.amazonaws.com/workfusion-resources/ocr/ocr-xml-viewer-0.3-scale-to-width.css\" rel\u003d\"stylesheet\" type\u003d\"text/css\"\u003e\u003c/link\u003e \u003cstyle\u003e\u003c/style\u003e\u003cpage data-pages\u003d\"1\" h\u003d\"1754\" resolution\u003d\"150\" style\u003d\"height: 1440px;\" w\u003d\"1239\"\u003e \u003cblock b\u003d\"441\" blockname\u003d\"\" blocktype\u003d\"Text\" l\u003d\"157\" r\u003d\"1108\" style\u003d\"transform: translate(178px, 112px); position: absolute; width: 1079.18px; height: 270.4px;\" t\u003d\"129\"\u003e \u003cregion\u003e \u003crect b\u003d\"441\" l\u003d\"157\" r\u003d\"1108\" t\u003d\"129\"\u003e\u003c/rect\u003e  \u003c/region\u003e  \u003ctext\u003e \u003cpar align\u003d\"Right\" linespacing\u003d\"1390\"\u003e \u003cline b\u003d\"173\" baseline\u003d\"172\" l\u003d\"849\" r\u003d\"1105\" style\u003d\"transform: translate(785px, 12px); position: absolute;\" t\u003d\"143\"\u003e \u003cformatting lang\u003d\"EnglishUnitedStates\"\u003e \u003csupplier_name appendorder\u003d\"3\" class\u003d\"extraction-tag\" confidence\u003d\"1/1\" data-original-title\u003d\"Supplier name\" data-toggle\u003d\"tooltip\" data-value\u003d\"Nkoe Communications Corp.\" fold-name\u003d\"fold3\" score\u003d\"0.6531402368966014\" style\u003d\"background-color: rgb(88, 50, 166);  color: rgb(255, 255, 255);   border: 2px solid rgb(125, 157, 1); \" tagorder\u003d\"190821\"\u003eNkoe Communications Corp.\u003c/supplier_name\u003e \u003c/formatting\u003e  \u003c/line\u003e  \u003c/par\u003e  \u003cpar align\u003d\"Right\" linespacing\u003d\"1152\"\u003e \u003cline b\u003d\"309\" baseline\u003d\"309\" l\u003d\"1046\" r\u003d\"1101\" style\u003d\"transform: translate(1009px, 143px); position: absolute;\" t\u003d\"294\"\u003e \u003cformatting lang\u003d\"EnglishUnitedStates\"\u003e Tax ID \u003c/formatting\u003e  \u003c/line\u003e  \u003c/par\u003e  \u003cpar align\u003d\"Justified\" leftindent\u003d\"2000\" linespacing\u003d\"1296\"\u003e \u003cline b\u003d\"337\" baseline\u003d\"330\" l\u003d\"159\" r\u003d\"1101\" style\u003d\"transform: translate(2px, 159px); position: absolute;\" t\u003d\"313\"\u003e \u003cformatting lang\u003d\"EnglishUnitedStates\"\u003e Aorsloe lnc. phone: \u003c/formatting\u003e  \u003c/line\u003e  \u003c/par\u003e  \u003cpar align\u003d\"Justified\" leftindent\u003d\"2000\" linespacing\u003d\"1296\"\u003e \u003cline b\u003d\"357\" baseline\u003d\"357\" l\u003d\"161\" r\u003d\"1101\" style\u003d\"transform: translate(5px, 184px); position: absolute;\" t\u003d\"341\"\u003e \u003cformatting lang\u003d\"EnglishUnitedStates\"\u003e 10500 North De Anza Boulevard fax: \u003c/formatting\u003e  \u003c/line\u003e  \u003c/par\u003e  \u003cpar leftindent\u003d\"2000\" linespacing\u003d\"1296\" rightindent\u003d\"35700\"\u003e \u003cline b\u003d\"388\" baseline\u003d\"384\" l\u003d\"160\" r\u003d\"366\" style\u003d\"transform: translate(3px, 207px); position: absolute;\" t\u003d\"368\"\u003e \u003cformatting lang\u003d\"EnglishUnitedStates\"\u003e Cupertino, 95014-2033 \u003c/formatting\u003e  \u003c/line\u003e  \u003cline b\u003d\"411\" baseline\u003d\"410\" l\u003d\"160\" r\u003d\"187\" style\u003d\"transform: translate(3px, 231px); position: absolute;\" t\u003d\"395\"\u003e \u003cformatting lang\u003d\"EnglishUnitedStates\"\u003e CA \u003c/formatting\u003e  \u003c/line\u003e  \u003c/par\u003e  \u003cpar align\u003d\"Justified\" leftindent\u003d\"2000\" linespacing\u003d\"1296\"\u003e \u003cline b\u003d\"438\" baseline\u003d\"438\" l\u003d\"161\" r\u003d\"284\" style\u003d\"transform: translate(5px, 254px); position: absolute;\" t\u003d\"422\"\u003e \u003cformatting lang\u003d\"EnglishUnitedStates\"\u003e United States \u003c/formatting\u003e  \u003c/line\u003e  \u003c/par\u003e  \u003c/text\u003e  \u003c/block\u003e  \u003cblock b\u003d\"671\" blockname\u003d\"\" blocktype\u003d\"Text\" l\u003d\"157\" r\u003d\"1110\" style\u003d\"transform: translate(178px, 455px); position: absolute; width: 1081.45px; height: 126.533px;\" t\u003d\"525\"\u003e \u003cregion\u003e \u003crect b\u003d\"671\" l\u003d\"157\" r\u003d\"1110\" t\u003d\"525\"\u003e\u003c/rect\u003e  \u003c/region\u003e  \u003ctext\u003e \u003cpar align\u003d\"Justified\" leftindent\u003d\"2000\" linespacing\u003d\"860\"\u003e \u003cline b\u003d\"547\" baseline\u003d\"546\" l\u003d\"161\" r\u003d\"1106\" style\u003d\"transform: translate(5px, 3px); position: absolute;\" t\u003d\"528\"\u003e \u003cformatting lang\u003d\"EnglishUnitedStates\"\u003e RECHNUNG INV/20131125-01 Datum: \u003cinvoice_date appendorder\u003d\"4\" class\u003d\"extraction-tag\" confidence\u003d\"1/1\" data-original-title\u003d\"Invoice date\" data-toggle\u003d\"tooltip\" data-value\u003d\"25.11.2013\" fold-name\u003d\"fold4\" score\u003d\"0.701209048384242\" style\u003d\"background-color: rgb(17, 18, 43);  color: rgb(255, 255, 255);   border: 2px solid rgb(125, 157, 1); \" tagorder\u003d\"3\"\u003e25.11.2013\u003c/invoice_date\u003e \u003c/formatting\u003e  \u003c/line\u003e  \u003c/par\u003e  \u003cpar align\u003d\"Justified\" leftindent\u003d\"2000\" linespacing\u003d\"720\"\u003e \u003cline b\u003d\"605\" baseline\u003d\"601\" l\u003d\"159\" r\u003d\"555\" style\u003d\"transform: translate(2px, 53px); position: absolute;\" t\u003d\"586\"\u003e \u003cformatting lang\u003d\"EnglishUnitedStates\"\u003e This is invoice description with textile syntax: \u003c/formatting\u003e  \u003c/line\u003e  \u003c/par\u003e  \u003cpar leftindent\u003d\"3900\" linespacing\u003d\"670\"\u003e \u003cline b\u003d\"644\" baseline\u003d\"643\" l\u003d\"198\" r\u003d\"271\" style\u003d\"transform: translate(47px, 90px); position: absolute;\" t\u003d\"629\"\u003e \u003cformatting lang\u003d\"EnglishUnitedStates\"\u003e \u0026bull; Item 1 \u003c/formatting\u003e  \u003c/line\u003e  \u003c/par\u003e  \u003cpar leftindent\u003d\"3900\" linespacing\u003d\"670\"\u003e \u003cline b\u003d\"668\" baseline\u003d\"667\" l\u003d\"198\" r\u003d\"274\" style\u003d\"transform: translate(47px, 111px); position: absolute;\" t\u003d\"653\"\u003e \u003cformatting lang\u003d\"EnglishUnitedStates\"\u003e \u0026bull; Item 2 \u003c/formatting\u003e  \u003c/line\u003e  \u003c/par\u003e  \u003c/text\u003e  \u003c/block\u003e  \u003cregion xmlns\u003d\"http://ocr.crowdcomputingsystems.com/xml/schema-v1.xml\"\u003e \u003crect b\u003d\"932\" l\u003d\"156\" r\u003d\"1110\" t\u003d\"704\"\u003e\u003c/rect\u003e  \u003c/region\u003e \u003ctable b\u003d\"932\" blockname\u003d\"\" blocktype\u003d\"Table\" l\u003d\"156\" r\u003d\"1110\" style\u003d\"transform: translate(177px, 610px); position: absolute;\" t\u003d\"704\" xmlns\u003d\"\"\u003e \u003ctbody\u003e\u003ctr\u003e \u003ctd h\u003d\"31\" leftborder\u003d\"White\" rightborder\u003d\"White\" topborder\u003d\"White\" w\u003d\"42\"\u003e \u003ctext xmlns\u003d\"http://ocr.crowdcomputingsystems.com/xml/schema-v1.xml\"\u003e \u003cpar linespacing\u003d\"860\"\u003e \u003cline b\u003d\"724\" baseline\u003d\"725\" l\u003d\"159\" r\u003d\"172\" t\u003d\"707\"\u003e \u003cformatting lang\u003d\"EnglishUnitedStates\"\u003e # \u003c/formatting\u003e  \u003c/line\u003e  \u003c/par\u003e  \u003c/text\u003e  \u003c/td\u003e   \u003ctd h\u003d\"31\" leftborder\u003d\"White\" rightborder\u003d\"White\" topborder\u003d\"White\" w\u003d\"379\"\u003e \u003ctext xmlns\u003d\"http://ocr.crowdcomputingsystems.com/xml/schema-v1.xml\"\u003e \u003cpar leftindent\u003d\"1300\" linespacing\u003d\"770\"\u003e \u003cline b\u003d\"728\" baseline\u003d\"723\" l\u003d\"226\" r\u003d\"376\" t\u003d\"707\"\u003e \u003cformatting lang\u003d\"EnglishUnitedStates\"\u003e Beschreibung \u003c/formatting\u003e  \u003c/line\u003e  \u003c/par\u003e  \u003c/text\u003e  \u003c/td\u003e   \u003ctd h\u003d\"31\" leftborder\u003d\"White\" rightborder\u003d\"White\" topborder\u003d\"White\" w\u003d\"219\"\u003e \u003ctext xmlns\u003d\"http://ocr.crowdcomputingsystems.com/xml/schema-v1.xml\"\u003e \u003cpar align\u003d\"Right\" linespacing\u003d\"820\" rightindent\u003d\"2300\"\u003e \u003cline b\u003d\"728\" baseline\u003d\"724\" l\u003d\"676\" r\u003d\"748\" t\u003d\"707\"\u003e \u003cformatting lang\u003d\"EnglishUnitedStates\"\u003e Menge \u003c/formatting\u003e  \u003c/line\u003e  \u003c/par\u003e  \u003c/text\u003e  \u003c/td\u003e   \u003ctd h\u003d\"31\" leftborder\u003d\"White\" rightborder\u003d\"White\" topborder\u003d\"White\" w\u003d\"199\"\u003e \u003ctext xmlns\u003d\"http://ocr.crowdcomputingsystems.com/xml/schema-v1.xml\"\u003e \u003cpar align\u003d\"Right\" linespacing\u003d\"820\" rightindent\u003d\"1700\"\u003e \u003cline b\u003d\"728\" baseline\u003d\"724\" l\u003d\"843\" r\u003d\"960\" t\u003d\"707\"\u003e \u003cformatting lang\u003d\"EnglishUnitedStates\"\u003e Einzelpreis \u003c/formatting\u003e  \u003c/line\u003e  \u003c/par\u003e  \u003c/text\u003e  \u003c/td\u003e   \u003ctd h\u003d\"31\" leftborder\u003d\"White\" rightborder\u003d\"White\" topborder\u003d\"White\" w\u003d\"115\"\u003e \u003ctext xmlns\u003d\"http://ocr.crowdcomputingsystems.com/xml/schema-v1.xml\"\u003e \u003cpar align\u003d\"Right\" linespacing\u003d\"820\"\u003e \u003cline b\u003d\"724\" baseline\u003d\"724\" l\u003d\"1027\" r\u003d\"1106\" t\u003d\"707\"\u003e \u003cformatting lang\u003d\"EnglishUnitedStates\"\u003e Summe \u003c/formatting\u003e  \u003c/line\u003e  \u003c/par\u003e  \u003c/text\u003e  \u003c/td\u003e   \u003c/tr\u003e \n \u003ctr\u003e \u003ctd bottomborder\u003d\"White\" h\u003d\"39\" leftborder\u003d\"White\" rightborder\u003d\"White\" w\u003d\"42\"\u003e \u003ctext xmlns\u003d\"http://ocr.crowdcomputingsystems.com/xml/schema-v1.xml\"\u003e \u003cpar linespacing\u003d\"670\"\u003e \u003cline b\u003d\"760\" baseline\u003d\"761\" l\u003d\"161\" r\u003d\"166\" t\u003d\"747\"\u003e \u003cformatting lang\u003d\"EnglishUnitedStates\"\u003e 1 \u003c/formatting\u003e  \u003c/line\u003e  \u003c/par\u003e  \u003c/text\u003e  \u003c/td\u003e   \u003ctd bottomborder\u003d\"White\" h\u003d\"39\" leftborder\u003d\"White\" rightborder\u003d\"White\" w\u003d\"379\"\u003e \u003ctext xmlns\u003d\"http://ocr.crowdcomputingsystems.com/xml/schema-v1.xml\"\u003e \u003cpar leftindent\u003d\"1300\" linespacing\u003d\"670\"\u003e \u003cline b\u003d\"762\" baseline\u003d\"759\" l\u003d\"226\" r\u003d\"477\" t\u003d\"745\"\u003e\u003cproduct appendorder\u003d\"5\" class\u003d\"extraction-tag\" confidence\u003d\"1/1\" data-original-title\u003d\"construction_type\" data-toggle\u003d\"tooltip\" data-value\u003d\"Public access for support tickets\" fold-name\u003d\"fold1\" injection\u003d\"true\" referencedatausedininjection\u003d\"manual\" score\u003d\"0.57334241692015\" style\u003d\"background-color: rgb(78, 135, 105);  color: rgb(0, 0, 0);   border: 2px solid rgb(125, 157, 1); \" tagorder\u003d\"7717326\"\u003ePublic access for support tickets\u003c/product\u003e\u003c/line\u003e  \u003c/par\u003e  \u003c/text\u003e  \u003c/td\u003e   \u003ctd bottomborder\u003d\"White\" h\u003d\"39\" leftborder\u003d\"White\" rightborder\u003d\"White\" w\u003d\"219\"\u003e \u003ctext xmlns\u003d\"http://ocr.crowdcomputingsystems.com/xml/schema-v1.xml\"\u003e \u003cpar align\u003d\"Right\" linespacing\u003d\"720\" rightindent\u003d\"2300\"\u003e \u003cline b\u003d\"761\" baseline\u003d\"761\" l\u003d\"722\" r\u003d\"748\" t\u003d\"746\"\u003e\u003cprice class\u003d\"extraction-tag\" data-value\u003d\"6.5\" fold-name\u003d\"fold4\" ml-tagorder\u003d\"7717329\" score\u003d\"0.4760489560627902\" tagorder\u003d\"7717329\"\u003e6.5\u003c/price\u003e\u003c/line\u003e  \u003c/par\u003e  \u003c/text\u003e  \u003c/td\u003e   \u003ctd bottomborder\u003d\"White\" h\u003d\"39\" leftborder\u003d\"White\" rightborder\u003d\"White\" w\u003d\"199\"\u003e \u003ctext xmlns\u003d\"http://ocr.crowdcomputingsystems.com/xml/schema-v1.xml\"\u003e \u003cpar align\u003d\"Right\" linespacing\u003d\"770\" rightindent\u003d\"1700\"\u003e \u003cline b\u003d\"763\" baseline\u003d\"761\" l\u003d\"901\" r\u003d\"960\" t\u003d\"745\"\u003e$\u003cprice class\u003d\"extraction-tag\" data-value\u003d\"20.00\" fold-name\u003d\"fold4\" ml-tagorder\u003d\"7717330\" score\u003d\"0.7285482618509067\" tagorder\u003d\"7717330\"\u003e20.00\u003c/price\u003e\u003c/line\u003e  \u003c/par\u003e  \u003c/text\u003e  \u003c/td\u003e   \u003ctd bottomborder\u003d\"White\" h\u003d\"39\" leftborder\u003d\"White\" rightborder\u003d\"White\" w\u003d\"115\"\u003e \u003ctext xmlns\u003d\"http://ocr.crowdcomputingsystems.com/xml/schema-v1.xml\"\u003e \u003cpar align\u003d\"Right\" linespacing\u003d\"720\"\u003e \u003cline b\u003d\"763\" baseline\u003d\"761\" l\u003d\"1035\" r\u003d\"1105\" t\u003d\"746\"\u003e \u003cformatting lang\u003d\"EnglishUnitedStates\"\u003e $130.00 \u003c/formatting\u003e  \u003c/line\u003e  \u003c/par\u003e  \u003c/text\u003e  \u003c/td\u003e   \u003c/tr\u003e \n \u003ctr\u003e \u003ctd bottomborder\u003d\"White\" h\u003d\"42\" leftborder\u003d\"White\" rightborder\u003d\"White\" topborder\u003d\"White\" w\u003d\"42\"\u003e \u003ctext xmlns\u003d\"http://ocr.crowdcomputingsystems.com/xml/schema-v1.xml\"\u003e \u003cpar linespacing\u003d\"720\"\u003e \u003cline b\u003d\"802\" baseline\u003d\"802\" l\u003d\"160\" r\u003d\"169\" t\u003d\"787\"\u003e \u003cformatting lang\u003d\"EnglishUnitedStates\"\u003e 2 \u003c/formatting\u003e  \u003c/line\u003e  \u003c/par\u003e  \u003c/text\u003e  \u003c/td\u003e   \u003ctd bottomborder\u003d\"White\" h\u003d\"42\" leftborder\u003d\"White\" rightborder\u003d\"White\" topborder\u003d\"White\" w\u003d\"379\"\u003e \u003ctext xmlns\u003d\"http://ocr.crowdcomputingsystems.com/xml/schema-v1.xml\"\u003e \u003cpar leftindent\u003d\"1300\" linespacing\u003d\"670\"\u003e \u003cline b\u003d\"805\" baseline\u003d\"801\" l\u003d\"226\" r\u003d\"406\" t\u003d\"787\"\u003eHelpdesk plugin license\u003c/line\u003e  \u003c/par\u003e  \u003c/text\u003e  \u003c/td\u003e   \u003ctd bottomborder\u003d\"White\" h\u003d\"42\" leftborder\u003d\"White\" rightborder\u003d\"White\" topborder\u003d\"White\" w\u003d\"219\"\u003e \u003ctext xmlns\u003d\"http://ocr.crowdcomputingsystems.com/xml/schema-v1.xml\"\u003e \u003cpar align\u003d\"Right\" linespacing\u003d\"720\" rightindent\u003d\"2300\"\u003e \u003cline b\u003d\"802\" baseline\u003d\"802\" l\u003d\"723\" r\u003d\"747\" t\u003d\"787\"\u003e1.0\u003c/line\u003e  \u003c/par\u003e  \u003c/text\u003e  \u003c/td\u003e   \u003ctd bottomborder\u003d\"White\" h\u003d\"42\" leftborder\u003d\"White\" rightborder\u003d\"White\" topborder\u003d\"White\" w\u003d\"199\"\u003e \u003ctext xmlns\u003d\"http://ocr.crowdcomputingsystems.com/xml/schema-v1.xml\"\u003e \u003cpar align\u003d\"Right\" linespacing\u003d\"720\" rightindent\u003d\"1700\"\u003e \u003cline b\u003d\"804\" baseline\u003d\"802\" l\u003d\"890\" r\u003d\"960\" t\u003d\"787\"\u003e$\u003cprice class\u003d\"extraction-tag\" data-value\u003d\"156.00\" fold-name\u003d\"fold4\" ml-tagorder\u003d\"7717331\" score\u003d\"0.8164280977218472\" tagorder\u003d\"7717331\"\u003e156.00\u003c/price\u003e\u003c/line\u003e  \u003c/par\u003e  \u003c/text\u003e  \u003c/td\u003e   \u003ctd bottomborder\u003d\"White\" h\u003d\"42\" leftborder\u003d\"White\" rightborder\u003d\"White\" topborder\u003d\"White\" w\u003d\"115\"\u003e \u003ctext xmlns\u003d\"http://ocr.crowdcomputingsystems.com/xml/schema-v1.xml\"\u003e \u003cpar align\u003d\"Right\" linespacing\u003d\"720\"\u003e \u003cline b\u003d\"804\" baseline\u003d\"802\" l\u003d\"1035\" r\u003d\"1105\" t\u003d\"787\"\u003e \u003cformatting lang\u003d\"EnglishUnitedStates\"\u003e $156.00 \u003c/formatting\u003e  \u003c/line\u003e  \u003c/par\u003e  \u003c/text\u003e  \u003c/td\u003e   \u003c/tr\u003e \n \u003ctr\u003e \u003ctd bottomborder\u003d\"White\" h\u003d\"42\" leftborder\u003d\"White\" rightborder\u003d\"White\" topborder\u003d\"White\" w\u003d\"42\"\u003e \u003ctext xmlns\u003d\"http://ocr.crowdcomputingsystems.com/xml/schema-v1.xml\"\u003e \u003cpar linespacing\u003d\"720\"\u003e \u003cline b\u003d\"844\" baseline\u003d\"844\" l\u003d\"160\" r\u003d\"169\" t\u003d\"829\"\u003e \u003cformatting lang\u003d\"EnglishUnitedStates\"\u003e 3 \u003c/formatting\u003e  \u003c/line\u003e  \u003c/par\u003e  \u003c/text\u003e  \u003c/td\u003e   \u003ctd bottomborder\u003d\"White\" h\u003d\"42\" leftborder\u003d\"White\" rightborder\u003d\"White\" topborder\u003d\"White\" w\u003d\"379\"\u003e \u003ctext xmlns\u003d\"http://ocr.crowdcomputingsystems.com/xml/schema-v1.xml\"\u003e \u003cpar leftindent\u003d\"1300\" linespacing\u003d\"670\"\u003e \u003cline b\u003d\"845\" baseline\u003d\"842\" l\u003d\"226\" r\u003d\"335\" t\u003d\"828\"\u003eFinance plugin\u003c/line\u003e  \u003c/par\u003e  \u003c/text\u003e  \u003c/td\u003e   \u003ctd bottomborder\u003d\"White\" h\u003d\"42\" leftborder\u003d\"White\" rightborder\u003d\"White\" topborder\u003d\"White\" w\u003d\"219\"\u003e \u003ctext xmlns\u003d\"http://ocr.crowdcomputingsystems.com/xml/schema-v1.xml\"\u003e \u003cpar align\u003d\"Right\" linespacing\u003d\"720\" rightindent\u003d\"2300\"\u003e \u003cline b\u003d\"844\" baseline\u003d\"844\" l\u003d\"723\" r\u003d\"747\" t\u003d\"829\"\u003e1.0\u003c/line\u003e  \u003c/par\u003e  \u003c/text\u003e  \u003c/td\u003e   \u003ctd bottomborder\u003d\"White\" h\u003d\"42\" leftborder\u003d\"White\" rightborder\u003d\"White\" topborder\u003d\"White\" w\u003d\"199\"\u003e \u003ctext xmlns\u003d\"http://ocr.crowdcomputingsystems.com/xml/schema-v1.xml\"\u003e \u003cpar align\u003d\"Right\" linespacing\u003d\"720\" rightindent\u003d\"1700\"\u003e \u003cline b\u003d\"846\" baseline\u003d\"844\" l\u003d\"890\" r\u003d\"960\" t\u003d\"829\"\u003e$\u003cprice class\u003d\"extraction-tag\" data-value\u003d\"105.00\" fold-name\u003d\"fold4\" ml-tagorder\u003d\"7717332\" score\u003d\"0.8051211939475625\" tagorder\u003d\"7717332\"\u003e105.00\u003c/price\u003e\u003c/line\u003e  \u003c/par\u003e  \u003c/text\u003e  \u003c/td\u003e   \u003ctd bottomborder\u003d\"White\" h\u003d\"42\" leftborder\u003d\"White\" rightborder\u003d\"White\" topborder\u003d\"White\" w\u003d\"115\"\u003e \u003ctext xmlns\u003d\"http://ocr.crowdcomputingsystems.com/xml/schema-v1.xml\"\u003e \u003cpar align\u003d\"Right\" linespacing\u003d\"720\"\u003e \u003cline b\u003d\"846\" baseline\u003d\"844\" l\u003d\"1035\" r\u003d\"1105\" t\u003d\"829\"\u003e \u003cformatting lang\u003d\"EnglishUnitedStates\"\u003e $105.00 \u003c/formatting\u003e  \u003c/line\u003e  \u003c/par\u003e  \u003c/text\u003e  \u003c/td\u003e   \u003c/tr\u003e \n \u003ctr\u003e \u003ctd bottomborder\u003d\"White\" h\u003d\"42\" leftborder\u003d\"White\" rightborder\u003d\"White\" topborder\u003d\"White\" w\u003d\"42\"\u003e \u003ctext xmlns\u003d\"http://ocr.crowdcomputingsystems.com/xml/schema-v1.xml\"\u003e \u003cpar linespacing\u003d\"670\"\u003e \u003cline b\u003d\"885\" baseline\u003d\"885\" l\u003d\"159\" r\u003d\"169\" t\u003d\"871\"\u003e \u003cformatting lang\u003d\"EnglishUnitedStates\"\u003e 4 \u003c/formatting\u003e  \u003c/line\u003e  \u003c/par\u003e  \u003c/text\u003e  \u003c/td\u003e   \u003ctd bottomborder\u003d\"White\" h\u003d\"42\" leftborder\u003d\"White\" rightborder\u003d\"White\" topborder\u003d\"White\" w\u003d\"379\"\u003e \u003ctext xmlns\u003d\"http://ocr.crowdcomputingsystems.com/xml/schema-v1.xml\"\u003e \u003cpar leftindent\u003d\"1300\" linespacing\u003d\"670\"\u003e \u003cline b\u003d\"888\" baseline\u003d\"884\" l\u003d\"225\" r\u003d\"313\" t\u003d\"870\"\u003eCRM plugin\u003c/line\u003e  \u003c/par\u003e  \u003c/text\u003e  \u003c/td\u003e   \u003ctd bottomborder\u003d\"White\" h\u003d\"42\" leftborder\u003d\"White\" rightborder\u003d\"White\" topborder\u003d\"White\" w\u003d\"219\"\u003e \u003ctext xmlns\u003d\"http://ocr.crowdcomputingsystems.com/xml/schema-v1.xml\"\u003e \u003cpar align\u003d\"Right\" linespacing\u003d\"720\" rightindent\u003d\"2300\"\u003e \u003cline b\u003d\"886\" baseline\u003d\"886\" l\u003d\"723\" r\u003d\"747\" t\u003d\"871\"\u003e1.0\u003c/line\u003e  \u003c/par\u003e  \u003c/text\u003e  \u003c/td\u003e   \u003ctd bottomborder\u003d\"White\" h\u003d\"42\" leftborder\u003d\"White\" rightborder\u003d\"White\" topborder\u003d\"White\" w\u003d\"199\"\u003e \u003ctext xmlns\u003d\"http://ocr.crowdcomputingsystems.com/xml/schema-v1.xml\"\u003e \u003cpar align\u003d\"Right\" linespacing\u003d\"770\" rightindent\u003d\"1700\"\u003e \u003cline b\u003d\"888\" baseline\u003d\"886\" l\u003d\"901\" r\u003d\"960\" t\u003d\"870\"\u003e$\u003cprice class\u003d\"extraction-tag\" data-value\u003d\"99.00\" fold-name\u003d\"fold4\" ml-tagorder\u003d\"7717333\" score\u003d\"0.7740827331825991\" tagorder\u003d\"7717333\"\u003e99.00\u003c/price\u003e\u003c/line\u003e  \u003c/par\u003e  \u003c/text\u003e  \u003c/td\u003e   \u003ctd bottomborder\u003d\"White\" h\u003d\"42\" leftborder\u003d\"White\" rightborder\u003d\"White\" topborder\u003d\"White\" w\u003d\"115\"\u003e \u003ctext xmlns\u003d\"http://ocr.crowdcomputingsystems.com/xml/schema-v1.xml\"\u003e \u003cpar align\u003d\"Right\" linespacing\u003d\"720\"\u003e \u003cline b\u003d\"888\" baseline\u003d\"886\" l\u003d\"1047\" r\u003d\"1105\" t\u003d\"871\"\u003e \u003cformatting lang\u003d\"EnglishUnitedStates\"\u003e $99.00 \u003c/formatting\u003e  \u003c/line\u003e  \u003c/par\u003e  \u003c/text\u003e  \u003c/td\u003e   \u003c/tr\u003e \n \u003ctr\u003e \u003ctd bottomborder\u003d\"White\" h\u003d\"32\" leftborder\u003d\"White\" rightborder\u003d\"White\" topborder\u003d\"White\" w\u003d\"42\"\u003e \u003ctext xmlns\u003d\"http://ocr.crowdcomputingsystems.com/xml/schema-v1.xml\"\u003e \u003cpar linespacing\u003d\"720\"\u003e \u003cline b\u003d\"927\" baseline\u003d\"927\" l\u003d\"160\" r\u003d\"169\" t\u003d\"912\"\u003e \u003cformatting lang\u003d\"EnglishUnitedStates\"\u003e 5 \u003c/formatting\u003e  \u003c/line\u003e  \u003c/par\u003e  \u003c/text\u003e  \u003c/td\u003e   \u003ctd bottomborder\u003d\"White\" h\u003d\"32\" leftborder\u003d\"White\" rightborder\u003d\"White\" topborder\u003d\"White\" w\u003d\"379\"\u003e \u003ctext xmlns\u003d\"http://ocr.crowdcomputingsystems.com/xml/schema-v1.xml\"\u003e \u003cpar leftindent\u003d\"1300\" linespacing\u003d\"670\"\u003e \u003cline b\u003d\"929\" baseline\u003d\"925\" l\u003d\"226\" r\u003d\"339\" t\u003d\"911\"\u003eInvoices plugin\u003c/line\u003e  \u003c/par\u003e  \u003c/text\u003e  \u003c/td\u003e   \u003ctd bottomborder\u003d\"White\" h\u003d\"32\" leftborder\u003d\"White\" rightborder\u003d\"White\" topborder\u003d\"White\" w\u003d\"219\"\u003e \u003ctext xmlns\u003d\"http://ocr.crowdcomputingsystems.com/xml/schema-v1.xml\"\u003e \u003cpar align\u003d\"Right\" linespacing\u003d\"720\" rightindent\u003d\"2300\"\u003e \u003cline b\u003d\"927\" baseline\u003d\"927\" l\u003d\"723\" r\u003d\"747\" t\u003d\"912\"\u003e\u003cquantity appendorder\u003d\"5\" class\u003d\"extraction-tag\" confidence\u003d\"1/1\" data-original-title\u003d\"construction_type\" data-toggle\u003d\"tooltip\" data-value\u003d\"1.0\" fold-name\u003d\"fold4\" injection\u003d\"true\" referencedatausedininjection\u003d\"manual\" score\u003d\"0.5877833776337357\" style\u003d\"background-color: rgb(11, 47, 140);  color: rgb(255, 255, 255);   border: 2px solid rgb(125, 157, 1); \" tagorder\u003d\"995525\"\u003e1.0\u003c/quantity\u003e\u003c/line\u003e  \u003c/par\u003e  \u003c/text\u003e  \u003c/td\u003e   \u003ctd bottomborder\u003d\"White\" h\u003d\"32\" leftborder\u003d\"White\" rightborder\u003d\"White\" topborder\u003d\"White\" w\u003d\"199\"\u003e \u003ctext xmlns\u003d\"http://ocr.crowdcomputingsystems.com/xml/schema-v1.xml\"\u003e \u003cpar align\u003d\"Right\" linespacing\u003d\"720\" rightindent\u003d\"1700\"\u003e \u003cline b\u003d\"929\" baseline\u003d\"927\" l\u003d\"890\" r\u003d\"960\" t\u003d\"912\"\u003e$\u003cprice class\u003d\"extraction-tag\" data-value\u003d\"156.00\" fold-name\u003d\"fold4\" ml-tagorder\u003d\"7717335\" score\u003d\"0.7921817335126202\" tagorder\u003d\"7717335\"\u003e156.00\u003c/price\u003e\u003c/line\u003e  \u003c/par\u003e  \u003c/text\u003e  \u003c/td\u003e   \u003ctd bottomborder\u003d\"White\" h\u003d\"32\" leftborder\u003d\"White\" rightborder\u003d\"White\" topborder\u003d\"White\" w\u003d\"115\"\u003e \u003ctext xmlns\u003d\"http://ocr.crowdcomputingsystems.com/xml/schema-v1.xml\"\u003e \u003cpar align\u003d\"Right\" linespacing\u003d\"720\"\u003e \u003cline b\u003d\"929\" baseline\u003d\"927\" l\u003d\"1035\" r\u003d\"1105\" t\u003d\"912\"\u003e \u003cformatting lang\u003d\"EnglishUnitedStates\"\u003e $156.00 \u003c/formatting\u003e  \u003c/line\u003e  \u003c/par\u003e  \u003c/text\u003e  \u003c/td\u003e   \u003c/tr\u003e \n \u003c/tbody\u003e\u003c/table\u003e\n \u003cblock b\u003d\"1076\" blockname\u003d\"\" blocktype\u003d\"Text\" l\u003d\"711\" r\u003d\"1110\" style\u003d\"transform: translate(807px, 846px); position: absolute; width: 452.78px; height: 86.6667px;\" t\u003d\"976\"\u003e \u003cregion\u003e \u003crect b\u003d\"1076\" l\u003d\"711\" r\u003d\"1110\" t\u003d\"976\"\u003e\u003c/rect\u003e  \u003c/region\u003e  \u003ctext\u003e \u003cpar align\u003d\"Justified\" leftindent\u003d\"28700\" linespacing\u003d\"1392\"\u003e \u003cline b\u003d\"996\" baseline\u003d\"994\" l\u003d\"714\" r\u003d\"1105\" style\u003d\"transform: translate(3px, 2px); position: absolute;\" t\u003d\"978\"\u003e \u003cformatting lang\u003d\"EnglishUnitedStates\"\u003e Zwischensumme $646.00 \u003c/formatting\u003e  \u003c/line\u003e  \u003c/par\u003e  \u003cpar align\u003d\"Justified\" leftindent\u003d\"28700\" linespacing\u003d\"1392\"\u003e \u003cline b\u003d\"1027\" baseline\u003d\"1023\" l\u003d\"715\" r\u003d\"1105\" style\u003d\"transform: translate(5px, 27px); position: absolute;\" t\u003d\"1007\"\u003e \u003cformatting lang\u003d\"EnglishUnitedStates\"\u003e Rabatt (10.0%) -$64.60 \u003c/formatting\u003e  \u003c/line\u003e  \u003c/par\u003e  \u003cpar align\u003d\"Justified\" leftindent\u003d\"28700\" linespacing\u003d\"820\"\u003e \u003cline b\u003d\"1073\" baseline\u003d\"1071\" l\u003d\"715\" r\u003d\"1106\" style\u003d\"transform: translate(5px, 68px); position: absolute;\" t\u003d\"1054\"\u003e \u003cformatting lang\u003d\"EnglishUnitedStates\"\u003e Endsumme $\u003ctotal_amount appendorder\u003d\"5\" class\u003d\"extraction-tag\" confidence\u003d\"1/1\" data-original-title\u003d\"Total amount\" data-toggle\u003d\"tooltip\" data-value\u003d\"581.40\" fold-name\u003d\"fold3\" score\u003d\"0.7135593318063289\" style\u003d\"background-color: rgb(27, 182, 226);  color: rgb(0, 0, 0);   border: 2px solid rgb(125, 157, 1); \" tagorder\u003d\"4\"\u003e581.40\u003c/total_amount\u003e \u003c/formatting\u003e  \u003c/line\u003e  \u003c/par\u003e  \u003c/text\u003e  \u003c/block\u003e  \u003cblock b\u003d\"1147\" blockname\u003d\"\" blocktype\u003d\"Text\" l\u003d\"157\" r\u003d\"608\" style\u003d\"transform: translate(178px, 976px); position: absolute; width: 511.789px; height: 18.2px;\" t\u003d\"1126\"\u003e \u003cregion\u003e \u003crect b\u003d\"1147\" l\u003d\"157\" r\u003d\"608\" t\u003d\"1126\"\u003e\u003c/rect\u003e  \u003c/region\u003e  \u003ctext\u003e \u003cpar align\u003d\"Justified\" leftindent\u003d\"2000\" linespacing\u003d\"580\"\u003e \u003cline b\u003d\"1144\" baseline\u003d\"1140\" l\u003d\"159\" r\u003d\"605\" style\u003d\"transform: translate(2px, 2px); position: absolute;\" t\u003d\"1128\"\u003e \u003cformatting lang\u003d\"EnglishUnitedStates\"\u003e Your billing information (Bank, Address, IBAN, SWIFT \u0026amp; etc.) \u003c/formatting\u003e  \u003c/line\u003e  \u003c/par\u003e  \u003c/text\u003e  \u003c/block\u003e  \u003cblock b\u003d\"1661\" blockname\u003d\"\" blocktype\u003d\"Text\" l\u003d\"117\" r\u003d\"296\" style\u003d\"transform: translate(133px, 1420px); position: absolute; width: 203.127px; height: 19.9333px;\" t\u003d\"1638\"\u003e \u003cregion\u003e \u003crect b\u003d\"1661\" l\u003d\"117\" r\u003d\"296\" t\u003d\"1638\"\u003e\u003c/rect\u003e  \u003c/region\u003e  \u003ctext\u003e \u003cpar linespacing\u003d\"860\"\u003e \u003cline b\u003d\"1658\" baseline\u003d\"1658\" l\u003d\"120\" r\u003d\"293\" style\u003d\"transform: translate(3px, 2px); position: absolute;\" t\u003d\"1640\"\u003e \u003cformatting lang\u003d\"EnglishUnitedStates\"\u003e INV/20131125-01 \u003c/formatting\u003e  \u003c/line\u003e  \u003c/par\u003e  \u003c/text\u003e  \u003c/block\u003e  \u003cblock b\u003d\"1661\" blockname\u003d\"\" blocktype\u003d\"Text\" l\u003d\"1089\" r\u003d\"1120\" style\u003d\"transform: translate(1236px, 1420px); position: absolute; width: 35.1784px; height: 19.9333px;\" t\u003d\"1638\"\u003e \u003cregion\u003e \u003crect b\u003d\"1661\" l\u003d\"1089\" r\u003d\"1120\" t\u003d\"1638\"\u003e\u003c/rect\u003e  \u003c/region\u003e  \u003ctext\u003e \u003cpar linespacing\u003d\"860\"\u003e \u003cline b\u003d\"1658\" baseline\u003d\"1658\" l\u003d\"1091\" r\u003d\"1116\" style\u003d\"transform: translate(2px, 2px); position: absolute;\" t\u003d\"1640\"\u003e \u003cformatting lang\u003d\"EnglishUnitedStates\"\u003e 1/1 \u003c/formatting\u003e  \u003c/line\u003e  \u003c/par\u003e  \u003c/text\u003e  \u003c/block\u003e  \u003cblock b\u003d\"604\" blockname\u003d\"\" blocktype\u003d\"Separator\" class\u003d\"hidden\" l\u003d\"287\" r\u003d\"384\" style\u003d\"transform: translate(326px, 522px); position: absolute;\" t\u003d\"602\"\u003e \u003cregion\u003e \u003crect b\u003d\"604\" l\u003d\"287\" r\u003d\"384\" t\u003d\"602\"\u003e\u003c/rect\u003e  \u003c/region\u003e  \u003cseparator thickness\u003d\"2\" type\u003d\"Black\"\u003e \u003cstart x\u003d\"287\" y\u003d\"603\"\u003e\u003c/start\u003e \u003cend x\u003d\"384\" y\u003d\"603\"\u003e\u003c/end\u003e \u003c/separator\u003e \u003c/block\u003e  \u003cblock b\u003d\"737\" blockname\u003d\"\" blocktype\u003d\"Separator\" l\u003d\"159\" r\u003d\"1107\" style\u003d\"transform: translate(180px, 636px); position: absolute;\" t\u003d\"734\"\u003e \u003cregion\u003e \u003crect b\u003d\"737\" l\u003d\"159\" r\u003d\"1107\" t\u003d\"734\"\u003e\u003c/rect\u003e  \u003c/region\u003e  \u003cseparator thickness\u003d\"3\" type\u003d\"Black\"\u003e \u003cstart x\u003d\"159\" y\u003d\"735\"\u003e\u003c/start\u003e \u003cend x\u003d\"1107\" y\u003d\"735\"\u003e\u003c/end\u003e \u003c/separator\u003e \u003c/block\u003e  \u003cblock b\u003d\"1107\" blockname\u003d\"\" blocktype\u003d\"Separator\" l\u003d\"159\" r\u003d\"1107\" style\u003d\"transform: translate(180px, 958px); position: absolute;\" t\u003d\"1105\"\u003e \u003cregion\u003e \u003crect b\u003d\"1107\" l\u003d\"159\" r\u003d\"1107\" t\u003d\"1105\"\u003e\u003c/rect\u003e  \u003c/region\u003e  \u003cseparator thickness\u003d\"2\" type\u003d\"Black\"\u003e \u003cstart x\u003d\"159\" y\u003d\"1106\"\u003e\u003c/start\u003e \u003cend x\u003d\"1107\" y\u003d\"1106\"\u003e\u003c/end\u003e \u003c/separator\u003e \u003c/block\u003e  \u003c/page\u003e             \u003c/document\u003e\u003c/body\u003e\u003c/html\u003e","tags":[{"begin":13,"end":38,"text":"Nkoe Communications Corp.","tag":"supplier_name","fieldType":"COMPANY_NAME","score":0.6531402368966014,"estimatedAccuracy":0.0},{"begin":243,"end":253,"text":"25.11.2013","tag":"invoice_date","fieldType":"DATE","score":0.701209048384242,"estimatedAccuracy":0.0},{"begin":508,"end":541,"text":"Public access for support tickets","tag":"product","fieldType":"TEXT","score":0.57334241692015,"estimatedAccuracy":0.0},{"begin":553,"end":556,"text":"6.5","tag":"price","fieldType":"NUMBER","score":0.4760489560627902,"estimatedAccuracy":0.0},{"begin":569,"end":574,"text":"20.00","tag":"price","fieldType":"NUMBER","score":0.7285482618509067,"estimatedAccuracy":0.0},{"begin":683,"end":689,"text":"156.00","tag":"price","fieldType":"NUMBER","score":0.8164280977218472,"estimatedAccuracy":0.0},{"begin":789,"end":795,"text":"105.00","tag":"price","fieldType":"NUMBER","score":0.8051211939475625,"estimatedAccuracy":0.0},{"begin":891,"end":896,"text":"99.00","tag":"price","fieldType":"NUMBER","score":0.7740827331825991,"estimatedAccuracy":0.0},{"begin":980,"end":983,"text":"1.0","tag":"quantity","fieldType":"NUMBER","score":0.5877833776337357,"estimatedAccuracy":0.0},{"begin":996,"end":1002,"text":"156.00","tag":"price","fieldType":"NUMBER","score":0.7921817335126202,"estimatedAccuracy":0.0},{"begin":1123,"end":1129,"text":"581.40","tag":"total_amount","fieldType":"NUMBER","score":0.7135593318063289,"estimatedAccuracy":0.0}],"group":"invoice_date|price|product|quantity|supplier_name|total_amount","limeExplanation":{},"liblinearFeatureImportance":{}}