{"finalScore":0.5701120543963324,"metaInfo":{"model":{"coreVersion":"10.3.0.39"}},"sumScore":1.1402241087926648,"tagsCounter":2.0,"taggedText":"\u003chtml\u003e\u003chead\u003e\u003cscript src\u003d\"https://ajax.googleapis.com/ajax/libs/jquery/2.2.0/jquery.min.js\"\u003e\u003c/script\u003e\u003c/head\u003e\u003cbody\u003e\u003cdocument languages\u003d\"\" producer\u003d\"Workfusion\" schemalocation\u003d\"http://ocr.crowdcomputingsystems.com/xml/schema-v1.xml\" version\u003d\"1.0\" xmlns\u003d\"http://ocr.crowdcomputingsystems.com/xml/schema-v1.xml\" xsi\u003d\"http://www.w3.org/2001/XMLSchema-instance\"\u003e \u003clink href\u003d\"https://s3.amazonaws.com/workfusion-resources/ocr/ocr-xml-viewer-0.3-scale-to-width.css\" rel\u003d\"stylesheet\" type\u003d\"text/css\"\u003e\u003c/link\u003e \u003cstyle\u003e\u003c/style\u003e\u003cpage data-pages\u003d\"1\" h\u003d\"812\" resolution\u003d\"72\" style\u003d\"height: 1383px;\" w\u003d\"1352\"\u003e \u003cblock b\u003d\"72\" blockname\u003d\"\" blocktype\u003d\"Text\" l\u003d\"81\" r\u003d\"230\" style\u003d\"transform: translate(45px, 101px); position: absolute; width: 83.2064px; height: 28.8889px;\" t\u003d\"56\"\u003e \u003cregion\u003e \u003crect b\u003d\"72\" l\u003d\"81\" r\u003d\"230\" t\u003d\"56\"\u003e\u003c/rect\u003e  \u003c/region\u003e  \u003ctext\u003e \u003cpar align\u003d\"Right\" linespacing\u003d\"1000\"\u003e \u003cline b\u003d\"70\" baseline\u003d\"68\" l\u003d\"106\" r\u003d\"228\" style\u003d\"transform: translate(14px, 4px); position: absolute;\" t\u003d\"58\"\u003e \u003cformatting lang\u003d\"EnglishUnitedStates\"\u003e 0 show field editor \u003c/formatting\u003e  \u003c/line\u003e  \u003c/par\u003e  \u003c/text\u003e  \u003c/block\u003e  \u003cblock b\u003d\"232\" blockname\u003d\"\" blocktype\u003d\"Text\" l\u003d\"164\" r\u003d\"237\" style\u003d\"transform: translate(92px, 314px); position: absolute; width: 40.7655px; height: 104.722px;\" t\u003d\"174\"\u003e \u003cregion\u003e \u003crect b\u003d\"232\" l\u003d\"164\" r\u003d\"237\" t\u003d\"174\"\u003e\u003c/rect\u003e  \u003c/region\u003e  \u003ctext\u003e \u003cpar align\u003d\"Justified\" linespacing\u003d\"1000\" rightindent\u003d\"1200\"\u003e \u003cline b\u003d\"181\" baseline\u003d\"180\" l\u003d\"164\" r\u003d\"225\" style\u003d\"transform: translate(0px, 0px); position: absolute;\" t\u003d\"174\"\u003e \u003cformatting lang\u003d\"EnglishUnitedStates\"\u003e Accounts Payaote \u003c/formatting\u003e  \u003c/line\u003e  \u003cline b\u003d\"190\" baseline\u003d\"190\" l\u003d\"166\" r\u003d\"186\" style\u003d\"transform: translate(1px, 20px); position: absolute;\" t\u003d\"185\"\u003e \u003cformatting lang\u003d\"EnglishUnitedStates\"\u003e ntecn \u003c/formatting\u003e  \u003c/line\u003e  \u003c/par\u003e  \u003cpar linespacing\u003d\"1000\"\u003e \u003cline b\u003d\"200\" baseline\u003d\"200\" l\u003d\"164\" r\u003d\"232\" style\u003d\"transform: translate(0px, 36px); position: absolute;\" t\u003d\"194\"\u003e \u003cformatting lang\u003d\"EnglishUnitedStates\"\u003e 4120 FfetfrcMane \u003c/formatting\u003e  \u003c/line\u003e  \u003c/par\u003e  \u003cpar align\u003d\"Justified\" linespacing\u003d\"1000\"\u003e \u003cline b\u003d\"210\" baseline\u003d\"209\" l\u003d\"164\" r\u003d\"185\" style\u003d\"transform: translate(0px, 54px); position: absolute;\" t\u003d\"204\"\u003e \u003cformatting lang\u003d\"EnglishUnitedStates\"\u003e Aus:n \u003c/formatting\u003e  \u003c/line\u003e  \u003c/par\u003e  \u003cpar align\u003d\"Justified\" linespacing\u003d\"1000\"\u003e \u003cline b\u003d\"220\" baseline\u003d\"220\" l\u003d\"164\" r\u003d\"184\" style\u003d\"transform: translate(0px, 72px); position: absolute;\" t\u003d\"214\"\u003e \u003cformatting lang\u003d\"EnglishUnitedStates\"\u003e Texas \u003c/formatting\u003e  \u003c/line\u003e  \u003c/par\u003e  \u003cpar align\u003d\"Justified\" linespacing\u003d\"1000\"\u003e \u003cline b\u003d\"230\" baseline\u003d\"230\" l\u003d\"164\" r\u003d\"180\" style\u003d\"transform: translate(0px, 90px); position: absolute;\" t\u003d\"224\"\u003e \u003cformatting lang\u003d\"EnglishUnitedStates\"\u003e USA \u003c/formatting\u003e  \u003c/line\u003e  \u003c/par\u003e  \u003c/text\u003e  \u003c/block\u003e  \u003cblock b\u003d\"354\" blockname\u003d\"\" blocktype\u003d\"Text\" l\u003d\"150\" r\u003d\"256\" style\u003d\"transform: translate(84px, 533px); position: absolute; width: 59.1938px; height: 106.528px;\" t\u003d\"295\"\u003e \u003cregion\u003e \u003crect b\u003d\"354\" l\u003d\"150\" r\u003d\"256\" t\u003d\"295\"\u003e\u003c/rect\u003e  \u003c/region\u003e  \u003ctext\u003e \u003cpar linespacing\u003d\"1100\" rightindent\u003d\"3200\"\u003e \u003cline b\u003d\"301\" baseline\u003d\"301\" l\u003d\"154\" r\u003d\"217\" style\u003d\"transform: translate(2px, 0px); position: absolute;\" t\u003d\"295\"\u003e \u003cformatting lang\u003d\"EnglishUnitedStates\"\u003e Invoice Number \u003c/formatting\u003e  \u003c/line\u003e  \u003cline b\u003d\"312\" baseline\u003d\"312\" l\u003d\"154\" r\u003d\"203\" style\u003d\"transform: translate(2px, 20px); position: absolute;\" t\u003d\"306\"\u003e \u003cformatting lang\u003d\"EnglishUnitedStates\"\u003e Invoice Date \u003c/formatting\u003e  \u003c/line\u003e  \u003cline b\u003d\"323\" baseline\u003d\"323\" l\u003d\"153\" r\u003d\"215\" style\u003d\"transform: translate(2px, 40px); position: absolute;\" t\u003d\"317\"\u003e \u003cformatting lang\u003d\"EnglishUnitedStates\"\u003e Your Reference \u003c/formatting\u003e  \u003c/line\u003e  \u003c/par\u003e  \u003cpar linespacing\u003d\"600\"\u003e \u003cline b\u003d\"343\" baseline\u003d\"341\" l\u003d\"153\" r\u003d\"224\" style\u003d\"transform: translate(2px, 72px); position: absolute;\" t\u003d\"335\"\u003e \u003cformatting lang\u003d\"EnglishUnitedStates\"\u003e Qty Description \u003c/formatting\u003e  \u003c/line\u003e  \u003c/par\u003e  \u003cpar align\u003d\"Justified\" linespacing\u003d\"600\"\u003e \u003cline b\u003d\"352\" baseline\u003d\"351\" l\u003d\"154\" r\u003d\"251\" style\u003d\"transform: translate(2px, 90px); position: absolute;\" t\u003d\"345\"\u003e \u003cformatting lang\u003d\"EnglishUnitedStates\"\u003e i lafccur charge (\u0026lt;fayt) \u003c/formatting\u003e  \u003c/line\u003e  \u003c/par\u003e  \u003c/text\u003e  \u003c/block\u003e  \u003cblock b\u003d\"766\" blockname\u003d\"\" blocktype\u003d\"Text\" class\u003d\"hidden\" l\u003d\"48\" r\u003d\"286\" style\u003d\"transform: translate(27px, 72px); position: absolute; width: 132.907px; height: 1310.83px;\" t\u003d\"40\"\u003e \u003cregion\u003e \u003crect b\u003d\"79\" l\u003d\"48\" r\u003d\"264\" t\u003d\"40\"\u003e\u003c/rect\u003e  \u003crect b\u003d\"540\" l\u003d\"48\" r\u003d\"150\" t\u003d\"79\"\u003e\u003c/rect\u003e  \u003crect b\u003d\"697\" l\u003d\"48\" r\u003d\"282\" t\u003d\"540\"\u003e\u003c/rect\u003e  \u003crect b\u003d\"766\" l\u003d\"48\" r\u003d\"286\" t\u003d\"697\"\u003e\u003c/rect\u003e  \u003c/region\u003e  \u003ctext\u003e \u003cpar leftindent\u003d\"1600\" linespacing\u003d\"1100\"\u003e \u003cline b\u003d\"51\" baseline\u003d\"51\" l\u003d\"64\" r\u003d\"117\" style\u003d\"transform: translate(9px, 0px); position: absolute;\" t\u003d\"40\"\u003e \u003cformatting lang\u003d\"EnglishUnitedStates\"\u003e e o ~ \u003c/formatting\u003e  \u003c/line\u003e  \u003c/par\u003e  \u003cpar align\u003d\"Center\" linespacing\u003d\"1000\" rightindent\u003d\"400\"\u003e \u003cline b\u003d\"70\" baseline\u003d\"68\" l\u003d\"106\" r\u003d\"229\" style\u003d\"transform: translate(32px, 33px); position: absolute;\" t\u003d\"58\"\u003e \u003cformatting lang\u003d\"EnglishUnitedStates\"\u003e 0 Show field editor \u003c/formatting\u003e  \u003c/line\u003e  \u003c/par\u003e  \u003cpar leftindent\u003d\"3200\" linespacing\u003d\"300\"\u003e \u003cline b\u003d\"652\" baseline\u003d\"653\" l\u003d\"80\" r\u003d\"95\" style\u003d\"transform: translate(18px, 1101px); position: absolute;\" t\u003d\"650\"\u003e \u003cformatting lang\u003d\"EnglishUnitedStates\"\u003e \u0026raquo;\u0026raquo;\u0026laquo;\u0026bull;\u0026raquo; \u0026laquo; \u003c/formatting\u003e  \u003c/line\u003e  \u003c/par\u003e  \u003cpar align\u003d\"Justified\" leftindent\u003d\"800\" linespacing\u003d\"900\"\u003e \u003cline b\u003d\"696\" baseline\u003d\"692\" l\u003d\"56\" r\u003d\"281\" style\u003d\"transform: translate(4px, 1161px); position: absolute;\" t\u003d\"683\"\u003e \u003cformatting lang\u003d\"EnglishUnitedStates\"\u003e ■ ǀ Omnstft uu R0;n\u0026gt;ft*M) \u003c/formatting\u003e  \u003c/line\u003e  \u003c/par\u003e  \u003cpar align\u003d\"Justified\" leftindent\u003d\"800\" linespacing\u003d\"800\"\u003e \u003cline b\u003d\"702\" baseline\u003d\"701\" l\u003d\"56\" r\u003d\"285\" style\u003d\"transform: translate(4px, 1179px); position: absolute;\" t\u003d\"693\"\u003e \u003cformatting lang\u003d\"EnglishUnitedStates\"\u003e M I *iw5 n rn\u0026amp;W \u003c/formatting\u003e  \u003c/line\u003e  \u003c/par\u003e  \u003c/text\u003e  \u003c/block\u003e  \u003cblock b\u003d\"70\" blockname\u003d\"\" blocktype\u003d\"Text\" l\u003d\"312\" r\u003d\"359\" style\u003d\"transform: translate(174px, 110px); position: absolute; width: 26.2463px; height: 16.25px;\" t\u003d\"61\"\u003e \u003cregion\u003e \u003crect b\u003d\"70\" l\u003d\"312\" r\u003d\"359\" t\u003d\"61\"\u003e\u003c/rect\u003e  \u003c/region\u003e  \u003ctext\u003e \u003cpar linespacing\u003d\"700\"\u003e \u003cline b\u003d\"68\" baseline\u003d\"68\" l\u003d\"312\" r\u003d\"354\" style\u003d\"transform: translate(0px, 0px); position: absolute;\" t\u003d\"61\"\u003e \u003cformatting lang\u003d\"EnglishUnitedStates\"\u003e invoice \u003c/formatting\u003e  \u003c/line\u003e  \u003c/par\u003e  \u003c/text\u003e  \u003c/block\u003e  \u003cblock b\u003d\"76\" blockname\u003d\"\" blocktype\u003d\"Text\" l\u003d\"578\" r\u003d\"596\" style\u003d\"transform: translate(323px, 81px); position: absolute; width: 10.0518px; height: 55.9722px;\" t\u003d\"45\"\u003e \u003cregion\u003e \u003crect b\u003d\"76\" l\u003d\"578\" r\u003d\"596\" t\u003d\"45\"\u003e\u003c/rect\u003e  \u003c/region\u003e  \u003ctext\u003e \u003cpar align\u003d\"Justified\"\u003e \u003cline b\u003d\"75\" baseline\u003d\"76\" l\u003d\"580\" r\u003d\"595\" style\u003d\"transform: translate(1px, 0px); position: absolute;\" t\u003d\"45\"\u003e \u003cformatting lang\u003d\"EnglishUnitedStates\"\u003e t \u003c/formatting\u003e  \u003c/line\u003e  \u003c/par\u003e  \u003c/text\u003e  \u003c/block\u003e  \u003cblock b\u003d\"54\" blockname\u003d\"\" blocktype\u003d\"Text\" l\u003d\"638\" r\u003d\"714\" style\u003d\"transform: translate(356px, 69px); position: absolute; width: 42.4408px; height: 28.8889px;\" t\u003d\"38\"\u003e \u003cregion\u003e \u003crect b\u003d\"54\" l\u003d\"638\" r\u003d\"714\" t\u003d\"38\"\u003e\u003c/rect\u003e  \u003c/region\u003e  \u003ctext\u003e \u003cpar linespacing\u003d\"1000\"\u003e \u003cline b\u003d\"52\" baseline\u003d\"50\" l\u003d\"641\" r\u003d\"709\" style\u003d\"transform: translate(2px, 4px); position: absolute;\" t\u003d\"40\"\u003e \u003cformatting lang\u003d\"EnglishUnitedStates\"\u003e Easy Books \u003c/formatting\u003e  \u003c/line\u003e  \u003c/par\u003e  \u003c/text\u003e  \u003c/block\u003e  \u003cblock b\u003d\"157\" blockname\u003d\"\" blocktype\u003d\"Text\" l\u003d\"437\" r\u003d\"465\" style\u003d\"transform: translate(244px, 233px); position: absolute; width: 15.6361px; height: 50.5556px;\" t\u003d\"129\"\u003e \u003cregion\u003e \u003crect b\u003d\"157\" l\u003d\"437\" r\u003d\"465\" t\u003d\"129\"\u003e\u003c/rect\u003e  \u003c/region\u003e  \u003ctext\u003e \u003cpar align\u003d\"Justified\"\u003e \u003cline b\u003d\"155\" baseline\u003d\"157\" l\u003d\"440\" r\u003d\"462\" style\u003d\"transform: translate(2px, 7px); position: absolute;\" t\u003d\"133\"\u003e \u003cformatting lang\u003d\"EnglishUnitedStates\"\u003e * \u003c/formatting\u003e  \u003c/line\u003e  \u003c/par\u003e  \u003c/text\u003e  \u003c/block\u003e  \u003cblock b\u003d\"148\" blockname\u003d\"\" blocktype\u003d\"Text\" l\u003d\"467\" r\u003d\"527\" style\u003d\"transform: translate(261px, 237px); position: absolute; width: 33.5059px; height: 30.6944px;\" t\u003d\"131\"\u003e \u003cregion\u003e \u003crect b\u003d\"148\" l\u003d\"467\" r\u003d\"527\" t\u003d\"131\"\u003e\u003c/rect\u003e  \u003c/region\u003e  \u003ctext\u003e \u003cpar linespacing\u003d\"-1\"\u003e\u003c/par\u003e  \u003c/text\u003e  \u003c/block\u003e  \u003cblock b\u003d\"244\" blockname\u003d\"\" blocktype\u003d\"Text\" l\u003d\"435\" r\u003d\"515\" style\u003d\"transform: translate(243px, 314px); position: absolute; width: 44.6746px; height: 126.389px;\" t\u003d\"174\"\u003e \u003cregion\u003e \u003crect b\u003d\"244\" l\u003d\"435\" r\u003d\"515\" t\u003d\"174\"\u003e\u003c/rect\u003e  \u003c/region\u003e  \u003ctext\u003e \u003cpar linespacing\u003d\"1000\"\u003e \u003cline b\u003d\"181\" baseline\u003d\"180\" l\u003d\"438\" r\u003d\"470\" style\u003d\"transform: translate(2px, 0px); position: absolute;\" t\u003d\"174\"\u003e \u003cformatting lang\u003d\"EnglishUnitedStates\"\u003e Juidesys \u003c/formatting\u003e  \u003c/line\u003e  \u003cline b\u003d\"191\" baseline\u003d\"190\" l\u003d\"438\" r\u003d\"502\" style\u003d\"transform: translate(2px, 18px); position: absolute;\" t\u003d\"184\"\u003e \u003cformatting lang\u003d\"EnglishUnitedStates\"\u003e 15 Prctcxype Road \u003c/formatting\u003e  \u003c/line\u003e  \u003cline b\u003d\"201\" baseline\u003d\"199\" l\u003d\"438\" r\u003d\"481\" style\u003d\"transform: translate(2px, 36px); position: absolute;\" t\u003d\"194\"\u003e \u003cformatting lang\u003d\"EnglishUnitedStates\"\u003e Exampieoon \u003c/formatting\u003e  \u003c/line\u003e  \u003cline b\u003d\"211\" baseline\u003d\"210\" l\u003d\"438\" r\u003d\"480\" style\u003d\"transform: translate(2px, 54px); position: absolute;\" t\u003d\"204\"\u003e \u003cformatting lang\u003d\"EnglishUnitedStates\"\u003e SaTp4e$hre \u003c/formatting\u003e  \u003c/line\u003e  \u003cline b\u003d\"220\" baseline\u003d\"220\" l\u003d\"438\" r\u003d\"477\" style\u003d\"transform: translate(2px, 72px); position: absolute;\" t\u003d\"214\"\u003e \u003cformatting lang\u003d\"EnglishUnitedStates\"\u003e SA99 21DP \u003c/formatting\u003e  \u003c/line\u003e  \u003c/par\u003e  \u003cpar linespacing\u003d\"600\"\u003e \u003cline b\u003d\"241\" baseline\u003d\"240\" l\u003d\"439\" r\u003d\"510\" style\u003d\"transform: translate(2px, 108px); position: absolute;\" t\u003d\"234\"\u003e \u003cformatting lang\u003d\"EnglishUnitedStates\"\u003e \u0026diams; 44 {0) 7053 49T825 \u003c/formatting\u003e  \u003c/line\u003e  \u003c/par\u003e  \u003c/text\u003e  \u003c/block\u003e  \u003cblock b\u003d\"182\" blockname\u003d\"\" blocktype\u003d\"Text\" l\u003d\"556\" r\u003d\"641\" style\u003d\"transform: translate(310px, 143px); position: absolute; width: 47.4667px; height: 185.972px;\" t\u003d\"79\"\u003e \u003cregion\u003e \u003crect b\u003d\"182\" l\u003d\"556\" r\u003d\"641\" t\u003d\"79\"\u003e\u003c/rect\u003e  \u003c/region\u003e  \u003ctext\u003e \u003cpar linespacing\u003d\"2000\"\u003e \u003cline b\u003d\"95\" baseline\u003d\"93\" l\u003d\"559\" r\u003d\"608\" style\u003d\"transform: translate(2px, 4px); position: absolute;\" t\u003d\"81\"\u003e \u003cformatting lang\u003d\"EnglishUnitedStates\"\u003e Cj Save \u003c/formatting\u003e  \u003c/line\u003e  \u003cline b\u003d\"114\" baseline\u003d\"114\" l\u003d\"581\" r\u003d\"610\" style\u003d\"transform: translate(14px, 43px); position: absolute;\" t\u003d\"103\"\u003ePrint\u003c/line\u003e  \u003cline b\u003d\"138\" baseline\u003d\"135\" l\u003d\"561\" r\u003d\"614\" style\u003d\"transform: translate(3px, 81px); position: absolute;\" t\u003d\"124\"\u003e \u003cformatting lang\u003d\"EnglishUnitedStates\"\u003e ^ Email \u003c/formatting\u003e  \u003c/line\u003e  \u003cline b\u003d\"159\" baseline\u003d\"156\" l\u003d\"560\" r\u003d\"636\" style\u003d\"transform: translate(2px, 116px); position: absolute;\" t\u003d\"143\"\u003e \u003cformatting lang\u003d\"EnglishUnitedStates\"\u003e ^ Message \u003c/formatting\u003e  \u003c/line\u003e  \u003cline b\u003d\"180\" baseline\u003d\"177\" l\u003d\"561\" r\u003d\"631\" style\u003d\"transform: translate(3px, 153px); position: absolute;\" t\u003d\"164\"\u003e \u003cformatting lang\u003d\"EnglishUnitedStates\"\u003e ^ AirDrop \u003c/formatting\u003e  \u003c/line\u003e  \u003c/par\u003e  \u003c/text\u003e  \u003c/block\u003e  \u003cblock b\u003d\"101\" blockname\u003d\"\" blocktype\u003d\"Text\" l\u003d\"654\" r\u003d\"707\" style\u003d\"transform: translate(365px, 161px); position: absolute; width: 29.5969px; height: 21.6667px;\" t\u003d\"89\"\u003e \u003cregion\u003e \u003crect b\u003d\"101\" l\u003d\"654\" r\u003d\"707\" t\u003d\"89\"\u003e\u003c/rect\u003e  \u003c/region\u003e  \u003ctext\u003e \u003cpar linespacing\u003d\"800\"\u003e \u003cline b\u003d\"99\" baseline\u003d\"97\" l\u003d\"657\" r\u003d\"702\" style\u003d\"transform: translate(2px, 0px); position: absolute;\" t\u003d\"89\"\u003e \u003cformatting lang\u003d\"EnglishUnitedStates\"\u003e scription \u003c/formatting\u003e  \u003c/line\u003e  \u003c/par\u003e  \u003c/text\u003e  \u003c/block\u003e  \u003cblock b\u003d\"274\" blockname\u003d\"\" blocktype\u003d\"Text\" l\u003d\"298\" r\u003d\"384\" style\u003d\"transform: translate(166px, 473px); position: absolute; width: 48.0251px; height: 21.6667px;\" t\u003d\"262\"\u003e \u003cregion\u003e \u003crect b\u003d\"274\" l\u003d\"298\" r\u003d\"384\" t\u003d\"262\"\u003e\u003c/rect\u003e  \u003c/region\u003e  \u003ctext\u003e \u003cpar linespacing\u003d\"900\"\u003e \u003cline b\u003d\"272\" baseline\u003d\"272\" l\u003d\"301\" r\u003d\"379\" style\u003d\"transform: translate(2px, 2px); position: absolute;\" t\u003d\"263\"\u003e \u003cformatting lang\u003d\"EnglishUnitedStates\"\u003e Sales Invoice \u003c/formatting\u003e  \u003c/line\u003e  \u003c/par\u003e  \u003c/text\u003e  \u003c/block\u003e  \u003cblock b\u003d\"324\" blockname\u003d\"\" blocktype\u003d\"Text\" l\u003d\"303\" r\u003d\"348\" style\u003d\"transform: translate(169px, 531px); position: absolute; width: 25.1294px; height: 54.1667px;\" t\u003d\"294\"\u003e \u003cregion\u003e \u003crect b\u003d\"324\" l\u003d\"303\" r\u003d\"348\" t\u003d\"294\"\u003e\u003c/rect\u003e  \u003c/region\u003e  \u003ctext\u003e \u003cpar linespacing\u003d\"1100\"\u003e \u003cline b\u003d\"300\" baseline\u003d\"300\" l\u003d\"307\" r\u003d\"336\" style\u003d\"transform: translate(2px, 0px); position: absolute;\" t\u003d\"294\"\u003e \u003cformatting lang\u003d\"EnglishUnitedStates\"\u003e \u003cinvoice_number appendorder\u003d\"2\" class\u003d\"extraction-tag\" confidence\u003d\"1/1\" data-original-title\u003d\"Invoice number\" data-toggle\u003d\"tooltip\" data-value\u003d\"INV0C09\" fold-name\u003d\"fold1\" score\u003d\"0.5561161546313025\" style\u003d\"background-color: rgb(0, 83, 98);  color: rgb(255, 255, 255);   border: 2px solid rgb(125, 157, 1); \" tagorder\u003d\"1\"\u003eINV0C09\u003c/invoice_number\u003e \u003c/formatting\u003e  \u003c/line\u003e  \u003cline b\u003d\"312\" baseline\u003d\"311\" l\u003d\"307\" r\u003d\"343\" style\u003d\"transform: translate(2px, 20px); position: absolute;\" t\u003d\"305\"\u003e \u003cformatting lang\u003d\"EnglishUnitedStates\"\u003e \u003cinvoice_date appendorder\u003d\"3\" class\u003d\"extraction-tag\" confidence\u003d\"1/1\" data-original-title\u003d\"Invoice date\" data-toggle\u003d\"tooltip\" data-value\u003d\"9 Apr 2013\" fold-name\u003d\"fold4\" score\u003d\"0.5841079541613623\" style\u003d\"background-color: rgb(17, 18, 43);  color: rgb(255, 255, 255);   border: 2px solid rgb(125, 157, 1); \" tagorder\u003d\"2\"\u003e9 Apr 2013\u003c/invoice_date\u003e \u003c/formatting\u003e  \u003c/line\u003e  \u003cline b\u003d\"322\" baseline\u003d\"322\" l\u003d\"307\" r\u003d\"341\" style\u003d\"transform: translate(2px, 40px); position: absolute;\" t\u003d\"316\"\u003e \u003cformatting lang\u003d\"EnglishUnitedStates\"\u003e PO 45209 \u003c/formatting\u003e  \u003c/line\u003e  \u003c/par\u003e  \u003c/text\u003e  \u003c/block\u003e  \u003cblock b\u003d\"353\" blockname\u003d\"\" blocktype\u003d\"Text\" l\u003d\"460\" r\u003d\"500\" style\u003d\"transform: translate(257px, 605px); position: absolute; width: 22.3373px; height: 32.5px;\" t\u003d\"335\"\u003e \u003cregion\u003e \u003crect b\u003d\"353\" l\u003d\"460\" r\u003d\"500\" t\u003d\"335\"\u003e\u003c/rect\u003e  \u003c/region\u003e  \u003ctext\u003e \u003cpar align\u003d\"Right\" linespacing\u003d\"600\"\u003e \u003cline b\u003d\"341\" baseline\u003d\"341\" l\u003d\"463\" r\u003d\"495\" style\u003d\"transform: translate(2px, 0px); position: absolute;\" t\u003d\"335\"\u003e \u003cformatting lang\u003d\"EnglishUnitedStates\"\u003e Amount \u003c/formatting\u003e  \u003c/line\u003e  \u003c/par\u003e  \u003cpar align\u003d\"Right\" linespacing\u003d\"600\"\u003e \u003cline b\u003d\"351\" baseline\u003d\"351\" l\u003d\"472\" r\u003d\"495\" style\u003d\"transform: translate(7px, 18px); position: absolute;\" t\u003d\"345\"\u003e \u003cformatting lang\u003d\"EnglishUnitedStates\"\u003e 347 22 \u003c/formatting\u003e  \u003c/line\u003e  \u003c/par\u003e  \u003c/text\u003e  \u003c/block\u003e  \u003cblock b\u003d\"353\" blockname\u003d\"\" blocktype\u003d\"Text\" l\u003d\"507\" r\u003d\"530\" style\u003d\"transform: translate(283px, 605px); position: absolute; width: 12.8439px; height: 32.5px;\" t\u003d\"335\"\u003e \u003cregion\u003e \u003crect b\u003d\"353\" l\u003d\"507\" r\u003d\"530\" t\u003d\"335\"\u003e\u003c/rect\u003e  \u003c/region\u003e  \u003ctext\u003e \u003cpar linespacing\u003d\"600\"\u003e \u003cline b\u003d\"341\" baseline\u003d\"341\" l\u003d\"510\" r\u003d\"525\" style\u003d\"transform: translate(2px, 0px); position: absolute;\" t\u003d\"335\"\u003e \u003cformatting lang\u003d\"EnglishUnitedStates\"\u003e VAT \u003c/formatting\u003e  \u003c/line\u003e  \u003c/par\u003e  \u003cpar linespacing\u003d\"600\"\u003e \u003cline b\u003d\"351\" baseline\u003d\"351\" l\u003d\"507\" r\u003d\"525\" style\u003d\"transform: translate(0px, 18px); position: absolute;\" t\u003d\"345\"\u003e \u003cformatting lang\u003d\"EnglishUnitedStates\"\u003e 59 45 \u003c/formatting\u003e  \u003c/line\u003e  \u003c/par\u003e  \u003c/text\u003e  \u003c/block\u003e  \u003cregion xmlns\u003d\"http://ocr.crowdcomputingsystems.com/xml/schema-v1.xml\"\u003e \u003crect b\u003d\"506\" l\u003d\"390\" r\u003d\"527\" t\u003d\"458\"\u003e\u003c/rect\u003e  \u003c/region\u003e \u003ctable b\u003d\"506\" blockname\u003d\"\" blocktype\u003d\"Table\" l\u003d\"390\" r\u003d\"527\" style\u003d\"transform: translate(218px, 827px); position: absolute; user-select: auto;\" t\u003d\"458\" xmlns\u003d\"\"\u003e \u003ctbody\u003e\u003ctr\u003e \u003ctd bottomborder\u003d\"White\" h\u003d\"14\" leftborder\u003d\"White\" rightborder\u003d\"White\" topborder\u003d\"White\" w\u003d\"86\"\u003e \u003ctext xmlns\u003d\"http://ocr.crowdcomputingsystems.com/xml/schema-v1.xml\"\u003e \u003cpar linespacing\u003d\"600\"\u003e \u003cline b\u003d\"464\" baseline\u003d\"464\" l\u003d\"390\" r\u003d\"448\" t\u003d\"458\"\u003e \u003cformatting lang\u003d\"EnglishUnitedStates\"\u003e To-.aiNtfAnwit \u003c/formatting\u003e  \u003c/line\u003e  \u003c/par\u003e  \u003c/text\u003e  \u003c/td\u003e   \u003ctd bottomborder\u003d\"White\" h\u003d\"14\" leftborder\u003d\"White\" rightborder\u003d\"White\" topborder\u003d\"White\" w\u003d\"51\"\u003e \u003ctext xmlns\u003d\"http://ocr.crowdcomputingsystems.com/xml/schema-v1.xml\"\u003e \u003cpar align\u003d\"Right\" linespacing\u003d\"600\"\u003e \u003cline b\u003d\"464\" baseline\u003d\"464\" l\u003d\"502\" r\u003d\"525\" t\u003d\"458\"\u003e \u003cformatting lang\u003d\"EnglishUnitedStates\"\u003e 347 22 \u003c/formatting\u003e  \u003c/line\u003e  \u003c/par\u003e  \u003c/text\u003e  \u003c/td\u003e   \u003c/tr\u003e \n \u003ctr\u003e \u003ctd bottomborder\u003d\"White\" h\u003d\"20\" leftborder\u003d\"White\" rightborder\u003d\"White\" topborder\u003d\"White\" w\u003d\"86\"\u003e \u003ctext xmlns\u003d\"http://ocr.crowdcomputingsystems.com/xml/schema-v1.xml\"\u003e \u003cpar align\u003d\"Center\" leftindent\u003d\"800\" linespacing\u003d\"600\"\u003e \u003cline b\u003d\"485\" baseline\u003d\"484\" l\u003d\"413\" r\u003d\"448\" t\u003d\"478\"\u003e \u003cformatting lang\u003d\"EnglishUnitedStates\"\u003e VAT {20%) \u003c/formatting\u003e  \u003c/line\u003e  \u003c/par\u003e  \u003c/text\u003e  \u003c/td\u003e   \u003ctd bottomborder\u003d\"White\" h\u003d\"20\" leftborder\u003d\"White\" rightborder\u003d\"White\" topborder\u003d\"White\" w\u003d\"51\"\u003e \u003ctext xmlns\u003d\"http://ocr.crowdcomputingsystems.com/xml/schema-v1.xml\"\u003e \u003cpar align\u003d\"Right\" linespacing\u003d\"600\"\u003e \u003cline b\u003d\"484\" baseline\u003d\"484\" l\u003d\"506\" r\u003d\"525\" t\u003d\"478\"\u003e \u003cformatting lang\u003d\"EnglishUnitedStates\"\u003e 69 45 \u003c/formatting\u003e  \u003c/line\u003e  \u003c/par\u003e  \u003c/text\u003e  \u003c/td\u003e   \u003c/tr\u003e \n \u003ctr\u003e \u003ctd bottomborder\u003d\"White\" h\u003d\"14\" leftborder\u003d\"White\" rightborder\u003d\"White\" topborder\u003d\"White\" w\u003d\"86\"\u003e \u003ctext xmlns\u003d\"http://ocr.crowdcomputingsystems.com/xml/schema-v1.xml\"\u003e \u003cpar align\u003d\"Center\" leftindent\u003d\"800\" linespacing\u003d\"600\"\u003e \u003cline b\u003d\"504\" baseline\u003d\"504\" l\u003d\"406\" r\u003d\"449\" t\u003d\"498\"\u003e \u003cformatting lang\u003d\"EnglishUnitedStates\"\u003e ToCa Invoice \u003c/formatting\u003e  \u003c/line\u003e  \u003c/par\u003e  \u003c/text\u003e  \u003c/td\u003e   \u003ctd bottomborder\u003d\"White\" h\u003d\"14\" leftborder\u003d\"White\" rightborder\u003d\"White\" topborder\u003d\"White\" w\u003d\"51\"\u003e \u003ctext xmlns\u003d\"http://ocr.crowdcomputingsystems.com/xml/schema-v1.xml\"\u003e \u003cpar align\u003d\"Right\" linespacing\u003d\"600\"\u003e \u003cline b\u003d\"504\" baseline\u003d\"504\" l\u003d\"502\" r\u003d\"525\" t\u003d\"498\"\u003e \u003cformatting lang\u003d\"EnglishUnitedStates\"\u003e 4ie.67 \u003c/formatting\u003e  \u003c/line\u003e  \u003c/par\u003e  \u003c/text\u003e  \u003c/td\u003e   \u003c/tr\u003e \n \u003c/tbody\u003e\u003c/table\u003e\n \u003cblock b\u003d\"538\" blockname\u003d\"\" blocktype\u003d\"Text\" l\u003d\"150\" r\u003d\"507\" style\u003d\"transform: translate(84px, 933px); position: absolute; width: 199.36px; height: 37.9167px;\" t\u003d\"517\"\u003e \u003cregion\u003e \u003crect b\u003d\"538\" l\u003d\"150\" r\u003d\"507\" t\u003d\"517\"\u003e\u003c/rect\u003e  \u003c/region\u003e  \u003ctext\u003e \u003cpar align\u003d\"Justified\" linespacing\u003d\"1000\"\u003e \u003cline b\u003d\"526\" baseline\u003d\"524\" l\u003d\"153\" r\u003d\"502\" style\u003d\"transform: translate(2px, 2px); position: absolute;\" t\u003d\"518\"\u003e \u003cformatting lang\u003d\"EnglishUnitedStates\"\u003e AV amcunte are .r\u0026gt; GOP (siorting). Payment is olw 30 days from invoice daie. Late payment fees apply \u003c/formatting\u003e  \u003c/line\u003e  \u003cline b\u003d\"536\" baseline\u003d\"534\" l\u003d\"154\" r\u003d\"377\" style\u003d\"transform: translate(2px, 20px); position: absolute;\" t\u003d\"528\"\u003e \u003cformatting lang\u003d\"EnglishUnitedStates\"\u003e affcrv/aros, consisting of fixed pcraUy plus srnjx\u0027e \u0026gt;n!eres! at 13% \u003c/formatting\u003e  \u003c/line\u003e  \u003c/par\u003e  \u003c/text\u003e  \u003c/block\u003e  \u003cblock b\u003d\"704\" blockname\u003d\"\" blocktype\u003d\"Text\" class\u003d\"hidden\" l\u003d\"283\" r\u003d\"470\" style\u003d\"transform: translate(158px, 1240px); position: absolute; width: 104.427px; height: 30.6944px;\" t\u003d\"687\"\u003e \u003cregion\u003e \u003crect b\u003d\"696\" l\u003d\"283\" r\u003d\"470\" t\u003d\"687\"\u003e\u003c/rect\u003e  \u003crect b\u003d\"704\" l\u003d\"286\" r\u003d\"470\" t\u003d\"696\"\u003e\u003c/rect\u003e  \u003c/region\u003e  \u003ctext\u003e \u003cpar leftindent\u003d\"1600\" linespacing\u003d\"900\" startindent\u003d\"-1600\"\u003e \u003cline b\u003d\"693\" baseline\u003d\"692\" l\u003d\"283\" r\u003d\"465\" style\u003d\"transform: translate(0px, 0px); position: absolute;\" t\u003d\"687\"\u003e \u003cformatting lang\u003d\"EnglishUnitedStates\"\u003e Oita 15 Pftftfyp# fto*l \u0026pound;*a~c\u0026laquo;\u0026lt;fcn S\u0026raquo;r**\u0026raquo;\u0026raquo;fv*. SAM 21 BP \u003c/formatting\u003e  \u003c/line\u003e  \u003cline b\u003d\"701\" baseline\u003d\"700\" l\u003d\"299\" r\u003d\"454\" style\u003d\"transform: translate(9px, 16px); position: absolute;\" t\u003d\"696\"\u003e \u003cformatting lang\u003d\"EnglishUnitedStates\"\u003e W*o\u0026raquo; NO 12M5C7 VAT 123 1234 12 \u003c/formatting\u003e  \u003c/line\u003e  \u003c/par\u003e  \u003c/text\u003e  \u003c/block\u003e  \u003cblock b\u003d\"721\" blockname\u003d\"\" blocktype\u003d\"Text\" l\u003d\"565\" r\u003d\"584\" style\u003d\"transform: translate(316px, 1264px); position: absolute; width: 10.6102px; height: 37.9167px;\" t\u003d\"700\"\u003e \u003cregion\u003e \u003crect b\u003d\"721\" l\u003d\"565\" r\u003d\"584\" t\u003d\"700\"\u003e\u003c/rect\u003e  \u003c/region\u003e  \u003ctext\u003e \u003cpar linespacing\u003d\"-1\"\u003e\u003c/par\u003e  \u003c/text\u003e  \u003c/block\u003e  \u003cblock b\u003d\"99\" blockname\u003d\"\" blocktype\u003d\"Text\" l\u003d\"811\" r\u003d\"872\" style\u003d\"transform: translate(453px, 161px); position: absolute; width: 34.0643px; height: 18.0556px;\" t\u003d\"89\"\u003e \u003cregion\u003e \u003crect b\u003d\"99\" l\u003d\"811\" r\u003d\"872\" t\u003d\"89\"\u003e\u003c/rect\u003e  \u003c/region\u003e  \u003ctext\u003e \u003cpar linespacing\u003d\"800\"\u003e \u003cline b\u003d\"97\" baseline\u003d\"97\" l\u003d\"814\" r\u003d\"867\" style\u003d\"transform: translate(2px, 0px); position: absolute;\" t\u003d\"89\"\u003e \u003cformatting lang\u003d\"EnglishUnitedStates\"\u003e Account 1 \u003c/formatting\u003e  \u003c/line\u003e  \u003c/par\u003e  \u003c/text\u003e  \u003c/block\u003e  \u003cblock b\u003d\"99\" blockname\u003d\"\" blocktype\u003d\"Text\" l\u003d\"952\" r\u003d\"999\" style\u003d\"transform: translate(532px, 159px); position: absolute; width: 26.2463px; height: 19.8611px;\" t\u003d\"88\"\u003e \u003cregion\u003e \u003crect b\u003d\"99\" l\u003d\"952\" r\u003d\"999\" t\u003d\"88\"\u003e\u003c/rect\u003e  \u003c/region\u003e  \u003ctext\u003e \u003cpar linespacing\u003d\"800\"\u003e \u003cline b\u003d\"97\" baseline\u003d\"97\" l\u003d\"955\" r\u003d\"994\" style\u003d\"transform: translate(2px, 2px); position: absolute;\" t\u003d\"89\"\u003e \u003cformatting lang\u003d\"EnglishUnitedStates\"\u003e Product \u003c/formatting\u003e  \u003c/line\u003e  \u003c/par\u003e  \u003c/text\u003e  \u003c/block\u003e  \u003cblock b\u003d\"116\" blockname\u003d\"\" blocktype\u003d\"Text\" l\u003d\"811\" r\u003d\"853\" style\u003d\"transform: translate(453px, 190px); position: absolute; width: 23.4541px; height: 19.8611px;\" t\u003d\"105\"\u003e \u003cregion\u003e \u003crect b\u003d\"116\" l\u003d\"811\" r\u003d\"853\" t\u003d\"105\"\u003e\u003c/rect\u003e  \u003c/region\u003e  \u003ctext\u003e \u003cpar linespacing\u003d\"800\"\u003e \u003cline b\u003d\"114\" baseline\u003d\"114\" l\u003d\"814\" r\u003d\"848\" style\u003d\"transform: translate(2px, 2px); position: absolute;\" t\u003d\"106\"\u003e \u003cformatting lang\u003d\"EnglishUnitedStates\"\u003e Initech \u003c/formatting\u003e  \u003c/line\u003e  \u003c/par\u003e  \u003c/text\u003e  \u003c/block\u003e  \u003cblock b\u003d\"116\" blockname\u003d\"\" blocktype\u003d\"Text\" l\u003d\"951\" r\u003d\"995\" style\u003d\"transform: translate(531px, 190px); position: absolute; width: 24.571px; height: 19.8611px;\" t\u003d\"105\"\u003e \u003cregion\u003e \u003crect b\u003d\"116\" l\u003d\"951\" r\u003d\"995\" t\u003d\"105\"\u003e\u003c/rect\u003e  \u003c/region\u003e  \u003ctext\u003e \u003cpar linespacing\u003d\"800\"\u003e \u003cline b\u003d\"114\" baseline\u003d\"114\" l\u003d\"954\" r\u003d\"990\" style\u003d\"transform: translate(2px, 2px); position: absolute;\" t\u003d\"106\"\u003e \u003cformatting lang\u003d\"EnglishUnitedStates\"\u003e Labour \u003c/formatting\u003e  \u003c/line\u003e  \u003c/par\u003e  \u003c/text\u003e  \u003c/block\u003e  \u003cblock b\u003d\"98\" blockname\u003d\"\" blocktype\u003d\"Text\" l\u003d\"1068\" r\u003d\"1096\" style\u003d\"transform: translate(596px, 110px); position: absolute; width: 15.6361px; height: 66.8056px;\" t\u003d\"61\"\u003e \u003cregion\u003e \u003crect b\u003d\"98\" l\u003d\"1068\" r\u003d\"1096\" t\u003d\"61\"\u003e\u003c/rect\u003e  \u003c/region\u003e  \u003ctext\u003e \u003cpar align\u003d\"Justified\"\u003e \u003cline b\u003d\"87\" baseline\u003d\"88\" l\u003d\"1068\" r\u003d\"1096\" style\u003d\"transform: translate(0px, 0px); position: absolute;\" t\u003d\"61\"\u003e \u003cformatting lang\u003d\"EnglishUnitedStates\"\u003e M \u003c/formatting\u003e  \u003c/line\u003e  \u003c/par\u003e  \u003c/text\u003e  \u003c/block\u003e  \u003cblock b\u003d\"101\" blockname\u003d\"\" blocktype\u003d\"Text\" l\u003d\"1104\" r\u003d\"1146\" style\u003d\"transform: translate(617px, 119px); position: absolute; width: 23.4541px; height: 63.1944px;\" t\u003d\"66\"\u003e \u003cregion\u003e \u003crect b\u003d\"101\" l\u003d\"1104\" r\u003d\"1146\" t\u003d\"66\"\u003e\u003c/rect\u003e  \u003c/region\u003e  \u003ctext\u003e \u003cpar linespacing\u003d\"1000\"\u003e \u003cline b\u003d\"76\" baseline\u003d\"76\" l\u003d\"1105\" r\u003d\"1144\" style\u003d\"transform: translate(1px, 0px); position: absolute;\" t\u003d\"66\"\u003e \u003cformatting lang\u003d\"EnglishUnitedStates\"\u003e Search \u003c/formatting\u003e  \u003c/line\u003e  \u003c/par\u003e  \u003cpar leftindent\u003d\"700\" linespacing\u003d\"900\"\u003e \u003cline b\u003d\"99\" baseline\u003d\"98\" l\u003d\"1111\" r\u003d\"1129\" style\u003d\"transform: translate(4px, 42px); position: absolute;\" t\u003d\"89\"\u003e \u003cformatting lang\u003d\"EnglishUnitedStates\"\u003e Qty \u003c/formatting\u003e  \u003c/line\u003e  \u003c/par\u003e  \u003c/text\u003e  \u003c/block\u003e  \u003cblock b\u003d\"116\" blockname\u003d\"\" blocktype\u003d\"Text\" l\u003d\"1136\" r\u003d\"1142\" style\u003d\"transform: translate(634px, 191px); position: absolute; width: 3.35059px; height: 18.0556px;\" t\u003d\"106\"\u003e \u003cregion\u003e \u003crect b\u003d\"116\" l\u003d\"1136\" r\u003d\"1142\" t\u003d\"106\"\u003e\u003c/rect\u003e  \u003c/region\u003e  \u003ctext\u003e \u003cpar align\u003d\"Justified\"\u003e \u003cline b\u003d\"114\" baseline\u003d\"115\" l\u003d\"1136\" r\u003d\"1140\" style\u003d\"transform: translate(0px, 0px); position: absolute;\" t\u003d\"106\"\u003e1\u003c/line\u003e  \u003c/par\u003e  \u003c/text\u003e  \u003c/block\u003e  \u003cblock b\u003d\"88\" blockname\u003d\"\" blocktype\u003d\"Text\" l\u003d\"1158\" r\u003d\"1299\" style\u003d\"transform: translate(647px, 65px); position: absolute; width: 78.7389px; height: 93.8889px;\" t\u003d\"36\"\u003e \u003cregion\u003e \u003crect b\u003d\"88\" l\u003d\"1158\" r\u003d\"1299\" t\u003d\"36\"\u003e\u003c/rect\u003e  \u003c/region\u003e  \u003ctext\u003e \u003cpar align\u003d\"Right\" linespacing\u003d\"1100\" rightindent\u003d\"900\"\u003e \u003cline b\u003d\"52\" baseline\u003d\"49\" l\u003d\"1195\" r\u003d\"1290\" style\u003d\"transform: translate(21px, 4px); position: absolute;\" t\u003d\"38\"\u003e \u003cformatting lang\u003d\"EnglishUnitedStates\"\u003e ADD-ONS ** \u003c/formatting\u003e  \u003c/line\u003e  \u003c/par\u003e  \u003c/text\u003e  \u003c/block\u003e  \u003cblock b\u003d\"99\" blockname\u003d\"\" blocktype\u003d\"Text\" l\u003d\"1189\" r\u003d\"1233\" style\u003d\"transform: translate(664px, 161px); position: absolute; width: 24.571px; height: 18.0556px;\" t\u003d\"89\"\u003e \u003cregion\u003e \u003crect b\u003d\"99\" l\u003d\"1189\" r\u003d\"1233\" t\u003d\"89\"\u003e\u003c/rect\u003e  \u003c/region\u003e  \u003ctext\u003e \u003cpar linespacing\u003d\"800\"\u003e \u003cline b\u003d\"97\" baseline\u003d\"97\" l\u003d\"1189\" r\u003d\"1231\" style\u003d\"transform: translate(0px, 0px); position: absolute;\" t\u003d\"89\"\u003e \u003cformatting lang\u003d\"EnglishUnitedStates\"\u003e Amount \u003c/formatting\u003e  \u003c/line\u003e  \u003c/par\u003e  \u003c/text\u003e  \u003c/block\u003e  \u003cblock b\u003d\"116\" blockname\u003d\"\" blocktype\u003d\"Text\" l\u003d\"1179\" r\u003d\"1244\" style\u003d\"transform: translate(658px, 184px); position: absolute; width: 36.2981px; height: 25.2778px;\" t\u003d\"102\"\u003e \u003cregion\u003e \u003crect b\u003d\"116\" l\u003d\"1179\" r\u003d\"1244\" t\u003d\"102\"\u003e\u003c/rect\u003e  \u003c/region\u003e  \u003ctext\u003e \u003cpar align\u003d\"Right\" linespacing\u003d\"800\"\u003e \u003cline b\u003d\"114\" baseline\u003d\"114\" l\u003d\"1206\" r\u003d\"1242\" style\u003d\"transform: translate(15px, 7px); position: absolute;\" t\u003d\"106\"\u003e347.22\u003c/line\u003e  \u003c/par\u003e  \u003c/text\u003e  \u003c/block\u003e  \u003cblock b\u003d\"47\" blockname\u003d\"\" blocktype\u003d\"Separator\" class\u003d\"hidden\" l\u003d\"94\" r\u003d\"579\" style\u003d\"transform: translate(52px, 79px); position: absolute;\" t\u003d\"44\"\u003e \u003cregion\u003e \u003crect b\u003d\"45\" l\u003d\"105\" r\u003d\"579\" t\u003d\"44\"\u003e\u003c/rect\u003e  \u003crect b\u003d\"46\" l\u003d\"94\" r\u003d\"579\" t\u003d\"45\"\u003e\u003c/rect\u003e  \u003crect b\u003d\"47\" l\u003d\"94\" r\u003d\"105\" t\u003d\"46\"\u003e\u003c/rect\u003e  \u003c/region\u003e  \u003cseparator thickness\u003d\"2\" type\u003d\"Black\"\u003e \u003cstart x\u003d\"94\" y\u003d\"45\"\u003e\u003c/start\u003e \u003cend x\u003d\"579\" y\u003d\"45\"\u003e\u003c/end\u003e \u003c/separator\u003e \u003c/block\u003e  \u003cblock b\u003d\"57\" blockname\u003d\"\" blocktype\u003d\"Separator\" l\u003d\"1024\" r\u003d\"1158\" style\u003d\"transform: translate(572px, 90px); position: absolute;\" t\u003d\"50\"\u003e \u003cregion\u003e \u003crect b\u003d\"57\" l\u003d\"1024\" r\u003d\"1158\" t\u003d\"50\"\u003e\u003c/rect\u003e  \u003c/region\u003e  \u003cseparator thickness\u003d\"7\" type\u003d\"Black\"\u003e \u003cstart x\u003d\"1024\" y\u003d\"53\"\u003e\u003c/start\u003e \u003cend x\u003d\"1158\" y\u003d\"53\"\u003e\u003c/end\u003e \u003c/separator\u003e \u003c/block\u003e  \u003cblock b\u003d\"57\" blockname\u003d\"\" blocktype\u003d\"Separator\" l\u003d\"56\" r\u003d\"94\" style\u003d\"transform: translate(31px, 98px); position: absolute;\" t\u003d\"54\"\u003e \u003cregion\u003e \u003crect b\u003d\"57\" l\u003d\"56\" r\u003d\"94\" t\u003d\"54\"\u003e\u003c/rect\u003e  \u003c/region\u003e  \u003cseparator thickness\u003d\"3\" type\u003d\"Black\"\u003e \u003cstart x\u003d\"56\" y\u003d\"55\"\u003e\u003c/start\u003e \u003cend x\u003d\"94\" y\u003d\"55\"\u003e\u003c/end\u003e \u003c/separator\u003e \u003c/block\u003e  \u003cblock b\u003d\"56\" blockname\u003d\"\" blocktype\u003d\"Separator\" l\u003d\"261\" r\u003d\"416\" style\u003d\"transform: translate(146px, 98px); position: absolute;\" t\u003d\"54\"\u003e \u003cregion\u003e \u003crect b\u003d\"56\" l\u003d\"261\" r\u003d\"416\" t\u003d\"54\"\u003e\u003c/rect\u003e  \u003c/region\u003e  \u003cseparator thickness\u003d\"2\" type\u003d\"Black\"\u003e \u003cstart x\u003d\"261\" y\u003d\"55\"\u003e\u003c/start\u003e \u003cend x\u003d\"416\" y\u003d\"55\"\u003e\u003c/end\u003e \u003c/separator\u003e \u003c/block\u003e  \u003cblock b\u003d\"57\" blockname\u003d\"\" blocktype\u003d\"Separator\" class\u003d\"hidden\" l\u003d\"590\" r\u003d\"1024\" style\u003d\"transform: translate(329px, 101px); position: absolute;\" t\u003d\"56\"\u003e \u003cregion\u003e \u003crect b\u003d\"57\" l\u003d\"590\" r\u003d\"1024\" t\u003d\"56\"\u003e\u003c/rect\u003e  \u003c/region\u003e  \u003cseparator thickness\u003d\"1\" type\u003d\"Black\"\u003e \u003cstart x\u003d\"590\" y\u003d\"56\"\u003e\u003c/start\u003e \u003cend x\u003d\"1024\" y\u003d\"56\"\u003e\u003c/end\u003e \u003c/separator\u003e \u003c/block\u003e  \u003cblock b\u003d\"57\" blockname\u003d\"\" blocktype\u003d\"Separator\" l\u003d\"1186\" r\u003d\"1296\" style\u003d\"transform: translate(662px, 101px); position: absolute;\" t\u003d\"56\"\u003e \u003cregion\u003e \u003crect b\u003d\"57\" l\u003d\"1186\" r\u003d\"1296\" t\u003d\"56\"\u003e\u003c/rect\u003e  \u003c/region\u003e  \u003cseparator thickness\u003d\"1\" type\u003d\"Black\"\u003e \u003cstart x\u003d\"1186\" y\u003d\"56\"\u003e\u003c/start\u003e \u003cend x\u003d\"1296\" y\u003d\"56\"\u003e\u003c/end\u003e \u003c/separator\u003e \u003c/block\u003e  \u003cblock b\u003d\"63\" blockname\u003d\"\" blocktype\u003d\"Separator\" class\u003d\"hidden\" l\u003d\"1086\" r\u003d\"1250\" style\u003d\"transform: translate(606px, 110px); position: absolute;\" t\u003d\"61\"\u003e \u003cregion\u003e \u003crect b\u003d\"63\" l\u003d\"1086\" r\u003d\"1250\" t\u003d\"61\"\u003e\u003c/rect\u003e  \u003c/region\u003e  \u003cseparator thickness\u003d\"2\" type\u003d\"Black\"\u003e \u003cstart x\u003d\"1086\" y\u003d\"62\"\u003e\u003c/start\u003e \u003cend x\u003d\"1250\" y\u003d\"62\"\u003e\u003c/end\u003e \u003c/separator\u003e \u003c/block\u003e  \u003cblock b\u003d\"76\" blockname\u003d\"\" blocktype\u003d\"Separator\" l\u003d\"261\" r\u003d\"416\" style\u003d\"transform: translate(146px, 128px); position: absolute;\" t\u003d\"71\"\u003e \u003cregion\u003e \u003crect b\u003d\"76\" l\u003d\"261\" r\u003d\"416\" t\u003d\"71\"\u003e\u003c/rect\u003e  \u003c/region\u003e  \u003cseparator thickness\u003d\"5\" type\u003d\"Black\"\u003e \u003cstart x\u003d\"261\" y\u003d\"73\"\u003e\u003c/start\u003e \u003cend x\u003d\"416\" y\u003d\"73\"\u003e\u003c/end\u003e \u003c/separator\u003e \u003c/block\u003e  \u003cblock b\u003d\"82\" blockname\u003d\"\" blocktype\u003d\"Separator\" l\u003d\"110\" r\u003d\"543\" style\u003d\"transform: translate(61px, 143px); position: absolute;\" t\u003d\"79\"\u003e \u003cregion\u003e \u003crect b\u003d\"82\" l\u003d\"110\" r\u003d\"543\" t\u003d\"79\"\u003e\u003c/rect\u003e  \u003c/region\u003e  \u003cseparator thickness\u003d\"3\" type\u003d\"Black\"\u003e \u003cstart x\u003d\"110\" y\u003d\"80\"\u003e\u003c/start\u003e \u003cend x\u003d\"543\" y\u003d\"80\"\u003e\u003c/end\u003e \u003c/separator\u003e \u003c/block\u003e  \u003cblock b\u003d\"87\" blockname\u003d\"\" blocktype\u003d\"Separator\" class\u003d\"hidden\" l\u003d\"1083\" r\u003d\"1182\" style\u003d\"transform: translate(605px, 146px); position: absolute;\" t\u003d\"81\"\u003e \u003cregion\u003e \u003crect b\u003d\"87\" l\u003d\"1083\" r\u003d\"1182\" t\u003d\"81\"\u003e\u003c/rect\u003e  \u003c/region\u003e  \u003cseparator thickness\u003d\"6\" type\u003d\"Black\"\u003e \u003cstart x\u003d\"1083\" y\u003d\"84\"\u003e\u003c/start\u003e \u003cend x\u003d\"1182\" y\u003d\"84\"\u003e\u003c/end\u003e \u003c/separator\u003e \u003c/block\u003e  \u003cblock b\u003d\"87\" blockname\u003d\"\" blocktype\u003d\"Separator\" class\u003d\"hidden\" l\u003d\"658\" r\u003d\"1070\" style\u003d\"transform: translate(367px, 155px); position: absolute;\" t\u003d\"86\"\u003e \u003cregion\u003e \u003crect b\u003d\"87\" l\u003d\"658\" r\u003d\"1070\" t\u003d\"86\"\u003e\u003c/rect\u003e  \u003c/region\u003e  \u003cseparator thickness\u003d\"1\" type\u003d\"Black\"\u003e \u003cstart x\u003d\"658\" y\u003d\"86\"\u003e\u003c/start\u003e \u003cend x\u003d\"1070\" y\u003d\"86\"\u003e\u003c/end\u003e \u003c/separator\u003e \u003c/block\u003e  \u003cblock b\u003d\"88\" blockname\u003d\"\" blocktype\u003d\"Separator\" l\u003d\"1264\" r\u003d\"1298\" style\u003d\"transform: translate(706px, 155px); position: absolute;\" t\u003d\"86\"\u003e \u003cregion\u003e \u003crect b\u003d\"88\" l\u003d\"1264\" r\u003d\"1298\" t\u003d\"86\"\u003e\u003c/rect\u003e  \u003c/region\u003e  \u003cseparator thickness\u003d\"2\" type\u003d\"Black\"\u003e \u003cstart x\u003d\"1264\" y\u003d\"87\"\u003e\u003c/start\u003e \u003cend x\u003d\"1298\" y\u003d\"87\"\u003e\u003c/end\u003e \u003c/separator\u003e \u003c/block\u003e  \u003cblock b\u003d\"105\" blockname\u003d\"\" blocktype\u003d\"Separator\" l\u003d\"688\" r\u003d\"1180\" style\u003d\"transform: translate(384px, 186px); position: absolute;\" t\u003d\"103\"\u003e \u003cregion\u003e \u003crect b\u003d\"105\" l\u003d\"688\" r\u003d\"1180\" t\u003d\"103\"\u003e\u003c/rect\u003e  \u003c/region\u003e  \u003cseparator thickness\u003d\"2\" type\u003d\"Black\"\u003e \u003cstart x\u003d\"688\" y\u003d\"104\"\u003e\u003c/start\u003e \u003cend x\u003d\"1180\" y\u003d\"104\"\u003e\u003c/end\u003e \u003c/separator\u003e \u003c/block\u003e  \u003cblock b\u003d\"105\" blockname\u003d\"\" blocktype\u003d\"Separator\" l\u003d\"1198\" r\u003d\"1295\" style\u003d\"transform: translate(669px, 186px); position: absolute;\" t\u003d\"103\"\u003e \u003cregion\u003e \u003crect b\u003d\"105\" l\u003d\"1198\" r\u003d\"1295\" t\u003d\"103\"\u003e\u003c/rect\u003e  \u003c/region\u003e  \u003cseparator thickness\u003d\"2\" type\u003d\"Black\"\u003e \u003cstart x\u003d\"1198\" y\u003d\"104\"\u003e\u003c/start\u003e \u003cend x\u003d\"1295\" y\u003d\"104\"\u003e\u003c/end\u003e \u003c/separator\u003e \u003c/block\u003e  \u003cblock b\u003d\"123\" blockname\u003d\"\" blocktype\u003d\"Separator\" l\u003d\"660\" r\u003d\"1298\" style\u003d\"transform: translate(369px, 215px); position: absolute;\" t\u003d\"119\"\u003e \u003cregion\u003e \u003crect b\u003d\"120\" l\u003d\"660\" r\u003d\"1296\" t\u003d\"119\"\u003e\u003c/rect\u003e  \u003crect b\u003d\"122\" l\u003d\"660\" r\u003d\"1298\" t\u003d\"120\"\u003e\u003c/rect\u003e  \u003crect b\u003d\"123\" l\u003d\"1295\" r\u003d\"1298\" t\u003d\"122\"\u003e\u003c/rect\u003e  \u003c/region\u003e  \u003cseparator thickness\u003d\"3\" type\u003d\"Black\"\u003e \u003cstart x\u003d\"660\" y\u003d\"121\"\u003e\u003c/start\u003e \u003cend x\u003d\"1298\" y\u003d\"121\"\u003e\u003c/end\u003e \u003c/separator\u003e \u003c/block\u003e  \u003cblock b\u003d\"448\" blockname\u003d\"\" blocktype\u003d\"Separator\" l\u003d\"199\" r\u003d\"482\" style\u003d\"transform: translate(111px, 803px); position: absolute;\" t\u003d\"445\"\u003e \u003cregion\u003e \u003crect b\u003d\"448\" l\u003d\"199\" r\u003d\"482\" t\u003d\"445\"\u003e\u003c/rect\u003e  \u003c/region\u003e  \u003cseparator thickness\u003d\"3\" type\u003d\"Black\"\u003e \u003cstart x\u003d\"199\" y\u003d\"446\"\u003e\u003c/start\u003e \u003cend x\u003d\"482\" y\u003d\"446\"\u003e\u003c/end\u003e \u003c/separator\u003e \u003c/block\u003e  \u003cblock b\u003d\"681\" blockname\u003d\"\" blocktype\u003d\"Separator\" l\u003d\"155\" r\u003d\"526\" style\u003d\"transform: translate(87px, 1224px); position: absolute;\" t\u003d\"678\"\u003e \u003cregion\u003e \u003crect b\u003d\"681\" l\u003d\"155\" r\u003d\"526\" t\u003d\"678\"\u003e\u003c/rect\u003e  \u003c/region\u003e  \u003cseparator thickness\u003d\"3\" type\u003d\"Black\"\u003e \u003cstart x\u003d\"155\" y\u003d\"679\"\u003e\u003c/start\u003e \u003cend x\u003d\"526\" y\u003d\"679\"\u003e\u003c/end\u003e \u003c/separator\u003e \u003c/block\u003e  \u003cblock b\u003d\"725\" blockname\u003d\"\" blocktype\u003d\"Separator\" l\u003d\"230\" r\u003d\"570\" style\u003d\"transform: translate(128px, 1304px); position: absolute;\" t\u003d\"722\"\u003e \u003cregion\u003e \u003crect b\u003d\"725\" l\u003d\"230\" r\u003d\"570\" t\u003d\"722\"\u003e\u003c/rect\u003e  \u003c/region\u003e  \u003cseparator thickness\u003d\"3\" type\u003d\"Black\"\u003e \u003cstart x\u003d\"230\" y\u003d\"723\"\u003e\u003c/start\u003e \u003cend x\u003d\"570\" y\u003d\"723\"\u003e\u003c/end\u003e \u003c/separator\u003e \u003c/block\u003e  \u003cblock b\u003d\"739\" blockname\u003d\"\" blocktype\u003d\"Separator\" l\u003d\"448\" r\u003d\"1296\" style\u003d\"transform: translate(250px, 1322px); position: absolute;\" t\u003d\"732\"\u003e \u003cregion\u003e \u003crect b\u003d\"733\" l\u003d\"717\" r\u003d\"1296\" t\u003d\"732\"\u003e\u003c/rect\u003e  \u003crect b\u003d\"736\" l\u003d\"448\" r\u003d\"1296\" t\u003d\"733\"\u003e\u003c/rect\u003e  \u003crect b\u003d\"739\" l\u003d\"448\" r\u003d\"717\" t\u003d\"736\"\u003e\u003c/rect\u003e  \u003c/region\u003e  \u003cseparator thickness\u003d\"4\" type\u003d\"Black\"\u003e \u003cstart x\u003d\"448\" y\u003d\"735\"\u003e\u003c/start\u003e \u003cend x\u003d\"1296\" y\u003d\"735\"\u003e\u003c/end\u003e \u003c/separator\u003e \u003c/block\u003e  \u003cblock b\u003d\"739\" blockname\u003d\"\" blocktype\u003d\"Separator\" l\u003d\"256\" r\u003d\"384\" style\u003d\"transform: translate(143px, 1323px); position: absolute;\" t\u003d\"733\"\u003e \u003cregion\u003e \u003crect b\u003d\"739\" l\u003d\"256\" r\u003d\"384\" t\u003d\"733\"\u003e\u003c/rect\u003e  \u003c/region\u003e  \u003cseparator thickness\u003d\"6\" type\u003d\"Black\"\u003e \u003cstart x\u003d\"256\" y\u003d\"736\"\u003e\u003c/start\u003e \u003cend x\u003d\"384\" y\u003d\"736\"\u003e\u003c/end\u003e \u003c/separator\u003e \u003c/block\u003e  \u003cblock b\u003d\"759\" blockname\u003d\"\" blocktype\u003d\"Separator\" l\u003d\"83\" r\u003d\"1088\" style\u003d\"transform: translate(46px, 1365px); position: absolute;\" t\u003d\"756\"\u003e \u003cregion\u003e \u003crect b\u003d\"759\" l\u003d\"83\" r\u003d\"1088\" t\u003d\"756\"\u003e\u003c/rect\u003e  \u003c/region\u003e  \u003cseparator thickness\u003d\"3\" type\u003d\"Black\"\u003e \u003cstart x\u003d\"83\" y\u003d\"757\"\u003e\u003c/start\u003e \u003cend x\u003d\"1088\" y\u003d\"757\"\u003e\u003c/end\u003e \u003c/separator\u003e \u003c/block\u003e  \u003cblock b\u003d\"768\" blockname\u003d\"\" blocktype\u003d\"Separator\" l\u003d\"86\" r\u003d\"1276\" style\u003d\"transform: translate(48px, 1379px); position: absolute;\" t\u003d\"764\"\u003e \u003cregion\u003e \u003crect b\u003d\"766\" l\u003d\"1088\" r\u003d\"1276\" t\u003d\"764\"\u003e\u003c/rect\u003e  \u003crect b\u003d\"768\" l\u003d\"86\" r\u003d\"1266\" t\u003d\"766\"\u003e\u003c/rect\u003e  \u003c/region\u003e  \u003cseparator thickness\u003d\"3\" type\u003d\"Black\"\u003e \u003cstart x\u003d\"86\" y\u003d\"766\"\u003e\u003c/start\u003e \u003cend x\u003d\"1276\" y\u003d\"766\"\u003e\u003c/end\u003e \u003c/separator\u003e \u003c/block\u003e  \u003cblock b\u003d\"382\" blockname\u003d\"\" blocktype\u003d\"Separator\" l\u003d\"60\" r\u003d\"78\" style\u003d\"transform: translate(34px, 686px); position: absolute;\" t\u003d\"380\"\u003e \u003cregion\u003e \u003crect b\u003d\"382\" l\u003d\"60\" r\u003d\"78\" t\u003d\"380\"\u003e\u003c/rect\u003e  \u003c/region\u003e  \u003cseparator thickness\u003d\"2\" type\u003d\"Black\"\u003e \u003cstart x\u003d\"60\" y\u003d\"381\"\u003e\u003c/start\u003e \u003cend x\u003d\"78\" y\u003d\"381\"\u003e\u003c/end\u003e \u003c/separator\u003e \u003c/block\u003e  \u003cblock b\u003d\"736\" blockname\u003d\"\" blocktype\u003d\"Separator\" l\u003d\"46\" r\u003d\"48\" style\u003d\"transform: translate(26px, 141px); position: absolute;\" t\u003d\"78\"\u003e \u003cregion\u003e \u003crect b\u003d\"736\" l\u003d\"46\" r\u003d\"48\" t\u003d\"78\"\u003e\u003c/rect\u003e  \u003c/region\u003e  \u003cseparator thickness\u003d\"2\" type\u003d\"Black\"\u003e \u003cstart x\u003d\"47\" y\u003d\"78\"\u003e\u003c/start\u003e \u003cend x\u003d\"47\" y\u003d\"736\"\u003e\u003c/end\u003e \u003c/separator\u003e \u003c/block\u003e  \u003cblock b\u003d\"354\" blockname\u003d\"\" blocktype\u003d\"Separator\" l\u003d\"53\" r\u003d\"58\" style\u003d\"transform: translate(30px, 141px); position: absolute;\" t\u003d\"78\"\u003e \u003cregion\u003e \u003crect b\u003d\"354\" l\u003d\"53\" r\u003d\"58\" t\u003d\"78\"\u003e\u003c/rect\u003e  \u003c/region\u003e  \u003cseparator thickness\u003d\"5\" type\u003d\"Black\"\u003e \u003cstart x\u003d\"55\" y\u003d\"78\"\u003e\u003c/start\u003e \u003cend x\u003d\"55\" y\u003d\"354\"\u003e\u003c/end\u003e \u003c/separator\u003e \u003c/block\u003e  \u003cblock b\u003d\"483\" blockname\u003d\"\" blocktype\u003d\"Separator\" l\u003d\"53\" r\u003d\"57\" style\u003d\"transform: translate(30px, 688px); position: absolute;\" t\u003d\"381\"\u003e \u003cregion\u003e \u003crect b\u003d\"483\" l\u003d\"53\" r\u003d\"57\" t\u003d\"381\"\u003e\u003c/rect\u003e  \u003c/region\u003e  \u003cseparator thickness\u003d\"5\" type\u003d\"Black\"\u003e \u003cstart x\u003d\"55\" y\u003d\"381\"\u003e\u003c/start\u003e \u003cend x\u003d\"55\" y\u003d\"483\"\u003e\u003c/end\u003e \u003c/separator\u003e \u003c/block\u003e  \u003cblock b\u003d\"228\" blockname\u003d\"\" blocktype\u003d\"Separator\" l\u003d\"82\" r\u003d\"84\" style\u003d\"transform: translate(46px, 191px); position: absolute;\" t\u003d\"106\"\u003e \u003cregion\u003e \u003crect b\u003d\"228\" l\u003d\"82\" r\u003d\"84\" t\u003d\"106\"\u003e\u003c/rect\u003e  \u003c/region\u003e  \u003cseparator thickness\u003d\"2\" type\u003d\"Black\"\u003e \u003cstart x\u003d\"83\" y\u003d\"106\"\u003e\u003c/start\u003e \u003cend x\u003d\"83\" y\u003d\"228\"\u003e\u003c/end\u003e \u003c/separator\u003e \u003c/block\u003e  \u003cblock b\u003d\"338\" blockname\u003d\"\" blocktype\u003d\"Separator\" l\u003d\"82\" r\u003d\"84\" style\u003d\"transform: translate(46px, 433px); position: absolute;\" t\u003d\"240\"\u003e \u003cregion\u003e \u003crect b\u003d\"338\" l\u003d\"82\" r\u003d\"84\" t\u003d\"240\"\u003e\u003c/rect\u003e  \u003c/region\u003e  \u003cseparator thickness\u003d\"2\" type\u003d\"Black\"\u003e \u003cstart x\u003d\"83\" y\u003d\"240\"\u003e\u003c/start\u003e \u003cend x\u003d\"83\" y\u003d\"338\"\u003e\u003c/end\u003e \u003c/separator\u003e \u003c/block\u003e  \u003cblock b\u003d\"422\" blockname\u003d\"\" blocktype\u003d\"Separator\" l\u003d\"82\" r\u003d\"84\" style\u003d\"transform: translate(46px, 690px); position: absolute;\" t\u003d\"382\"\u003e \u003cregion\u003e \u003crect b\u003d\"422\" l\u003d\"82\" r\u003d\"84\" t\u003d\"382\"\u003e\u003c/rect\u003e  \u003c/region\u003e  \u003cseparator thickness\u003d\"3\" type\u003d\"Black\"\u003e \u003cstart x\u003d\"83\" y\u003d\"382\"\u003e\u003c/start\u003e \u003cend x\u003d\"83\" y\u003d\"422\"\u003e\u003c/end\u003e \u003c/separator\u003e \u003c/block\u003e  \u003cblock b\u003d\"480\" blockname\u003d\"\" blocktype\u003d\"Separator\" l\u003d\"82\" r\u003d\"84\" style\u003d\"transform: translate(46px, 780px); position: absolute;\" t\u003d\"432\"\u003e \u003cregion\u003e \u003crect b\u003d\"480\" l\u003d\"82\" r\u003d\"84\" t\u003d\"432\"\u003e\u003c/rect\u003e  \u003c/region\u003e  \u003cseparator thickness\u003d\"2\" type\u003d\"Black\"\u003e \u003cstart x\u003d\"83\" y\u003d\"432\"\u003e\u003c/start\u003e \u003cend x\u003d\"83\" y\u003d\"480\"\u003e\u003c/end\u003e \u003c/separator\u003e \u003c/block\u003e  \u003cblock b\u003d\"554\" blockname\u003d\"\" blocktype\u003d\"Separator\" l\u003d\"94\" r\u003d\"96\" style\u003d\"transform: translate(52px, 948px); position: absolute;\" t\u003d\"525\"\u003e \u003cregion\u003e \u003crect b\u003d\"554\" l\u003d\"94\" r\u003d\"96\" t\u003d\"525\"\u003e\u003c/rect\u003e  \u003c/region\u003e  \u003cseparator thickness\u003d\"2\" type\u003d\"Black\"\u003e \u003cstart x\u003d\"95\" y\u003d\"525\"\u003e\u003c/start\u003e \u003cend x\u003d\"95\" y\u003d\"554\"\u003e\u003c/end\u003e \u003c/separator\u003e \u003c/block\u003e  \u003cblock b\u003d\"448\" blockname\u003d\"\" blocktype\u003d\"Separator\" l\u003d\"98\" r\u003d\"100\" style\u003d\"transform: translate(55px, 693px); position: absolute;\" t\u003d\"384\"\u003e \u003cregion\u003e \u003crect b\u003d\"448\" l\u003d\"98\" r\u003d\"100\" t\u003d\"384\"\u003e\u003c/rect\u003e  \u003c/region\u003e  \u003cseparator thickness\u003d\"2\" type\u003d\"Black\"\u003e \u003cstart x\u003d\"99\" y\u003d\"384\"\u003e\u003c/start\u003e \u003cend x\u003d\"99\" y\u003d\"448\"\u003e\u003c/end\u003e \u003c/separator\u003e \u003c/block\u003e  \u003cblock b\u003d\"448\" blockname\u003d\"\" blocktype\u003d\"Separator\" l\u003d\"105\" r\u003d\"110\" style\u003d\"transform: translate(59px, 693px); position: absolute;\" t\u003d\"384\"\u003e \u003cregion\u003e \u003crect b\u003d\"448\" l\u003d\"105\" r\u003d\"110\" t\u003d\"384\"\u003e\u003c/rect\u003e  \u003c/region\u003e  \u003cseparator thickness\u003d\"5\" type\u003d\"Black\"\u003e \u003cstart x\u003d\"107\" y\u003d\"384\"\u003e\u003c/start\u003e \u003cend x\u003d\"107\" y\u003d\"448\"\u003e\u003c/end\u003e \u003c/separator\u003e \u003c/block\u003e  \u003cblock b\u003d\"704\" blockname\u003d\"\" blocktype\u003d\"Separator\" l\u003d\"569\" r\u003d\"580\" style\u003d\"transform: translate(318px, 339px); position: absolute;\" t\u003d\"188\"\u003e \u003cregion\u003e \u003crect b\u003d\"215\" l\u003d\"569\" r\u003d\"580\" t\u003d\"188\"\u003e\u003c/rect\u003e  \u003crect b\u003d\"256\" l\u003d\"569\" r\u003d\"580\" t\u003d\"215\"\u003e\u003c/rect\u003e  \u003crect b\u003d\"704\" l\u003d\"569\" r\u003d\"580\" t\u003d\"256\"\u003e\u003c/rect\u003e  \u003c/region\u003e  \u003cseparator thickness\u003d\"10\" type\u003d\"Black\"\u003e \u003cstart x\u003d\"574\" y\u003d\"188\"\u003e\u003c/start\u003e \u003cend x\u003d\"574\" y\u003d\"704\"\u003e\u003c/end\u003e \u003c/separator\u003e \u003c/block\u003e  \u003cblock b\u003d\"243\" blockname\u003d\"\" blocktype\u003d\"Separator\" l\u003d\"582\" r\u003d\"584\" style\u003d\"transform: translate(325px, 339px); position: absolute;\" t\u003d\"188\"\u003e \u003cregion\u003e \u003crect b\u003d\"243\" l\u003d\"582\" r\u003d\"584\" t\u003d\"188\"\u003e\u003c/rect\u003e  \u003c/region\u003e  \u003cseparator thickness\u003d\"2\" type\u003d\"Black\"\u003e \u003cstart x\u003d\"583\" y\u003d\"188\"\u003e\u003c/start\u003e \u003cend x\u003d\"583\" y\u003d\"243\"\u003e\u003c/end\u003e \u003c/separator\u003e \u003c/block\u003e  \u003cblock b\u003d\"354\" blockname\u003d\"\" blocktype\u003d\"Separator\" l\u003d\"582\" r\u003d\"583\" style\u003d\"transform: translate(325px, 603px); position: absolute;\" t\u003d\"334\"\u003e \u003cregion\u003e \u003crect b\u003d\"354\" l\u003d\"582\" r\u003d\"583\" t\u003d\"334\"\u003e\u003c/rect\u003e  \u003c/region\u003e  \u003cseparator thickness\u003d\"1\" type\u003d\"Black\"\u003e \u003cstart x\u003d\"582\" y\u003d\"334\"\u003e\u003c/start\u003e \u003cend x\u003d\"582\" y\u003d\"354\"\u003e\u003c/end\u003e \u003c/separator\u003e \u003c/block\u003e  \u003cblock b\u003d\"731\" blockname\u003d\"\" blocktype\u003d\"Separator\" l\u003d\"1294\" r\u003d\"1297\" style\u003d\"transform: translate(723px, 213px); position: absolute;\" t\u003d\"118\"\u003e \u003cregion\u003e \u003crect b\u003d\"731\" l\u003d\"1294\" r\u003d\"1297\" t\u003d\"118\"\u003e\u003c/rect\u003e  \u003c/region\u003e  \u003cseparator thickness\u003d\"2\" type\u003d\"Black\"\u003e \u003cstart x\u003d\"1295\" y\u003d\"118\"\u003e\u003c/start\u003e \u003cend x\u003d\"1295\" y\u003d\"731\"\u003e\u003c/end\u003e \u003c/separator\u003e \u003c/block\u003e  \u003cblock b\u003d\"103\" blockname\u003d\"\" blocktype\u003d\"Separator\" l\u003d\"1295\" r\u003d\"1297\" style\u003d\"transform: translate(723px, 98px); position: absolute;\" t\u003d\"54\"\u003e \u003cregion\u003e \u003crect b\u003d\"103\" l\u003d\"1295\" r\u003d\"1297\" t\u003d\"54\"\u003e\u003c/rect\u003e  \u003c/region\u003e  \u003cseparator thickness\u003d\"2\" type\u003d\"Black\"\u003e \u003cstart x\u003d\"1296\" y\u003d\"54\"\u003e\u003c/start\u003e \u003cend x\u003d\"1296\" y\u003d\"103\"\u003e\u003c/end\u003e \u003c/separator\u003e \u003c/block\u003e  \u003cblock b\u003d\"736\" blockname\u003d\"\" blocktype\u003d\"Separator\" l\u003d\"1304\" r\u003d\"1308\" style\u003d\"transform: translate(728px, 231px); position: absolute;\" t\u003d\"128\"\u003e \u003cregion\u003e \u003crect b\u003d\"736\" l\u003d\"1304\" r\u003d\"1308\" t\u003d\"128\"\u003e\u003c/rect\u003e  \u003c/region\u003e  \u003cseparator thickness\u003d\"4\" type\u003d\"Black\"\u003e \u003cstart x\u003d\"1306\" y\u003d\"128\"\u003e\u003c/start\u003e \u003cend x\u003d\"1306\" y\u003d\"736\"\u003e\u003c/end\u003e \u003c/separator\u003e \u003c/block\u003e  \u003cblock b\u003d\"546\" blockname\u003d\"\" blocktype\u003d\"Separator\" l\u003d\"582\" r\u003d\"583\" style\u003d\"transform: translate(325px, 834px); position: absolute;\" t\u003d\"462\"\u003e \u003cregion\u003e \u003crect b\u003d\"546\" l\u003d\"582\" r\u003d\"583\" t\u003d\"462\"\u003e\u003c/rect\u003e  \u003c/region\u003e  \u003cseparator thickness\u003d\"1\" type\u003d\"Dotted\"\u003e \u003cstart x\u003d\"582\" y\u003d\"462\"\u003e\u003c/start\u003e \u003cend x\u003d\"582\" y\u003d\"546\"\u003e\u003c/end\u003e \u003c/separator\u003e \u003c/block\u003e  \u003cblock b\u003d\"766\" blockname\u003d\"\" blocktype\u003d\"Text\" l\u003d\"1276\" r\u003d\"1306\" style\u003d\"transform: translate(713px, 1329px); position: absolute; width: 16.753px; height: 54.1667px;\" t\u003d\"736\"\u003e \u003cregion\u003e \u003crect b\u003d\"766\" l\u003d\"1276\" r\u003d\"1306\" t\u003d\"736\"\u003e\u003c/rect\u003e  \u003c/region\u003e  \u003ctext\u003e \u003cpar linespacing\u003d\"-1\"\u003e\u003c/par\u003e  \u003c/text\u003e  \u003c/block\u003e  \u003c/page\u003e   \u003c/document\u003e\u003c/body\u003e\u003c/html\u003e","tags":[{"begin":837,"end":844,"text":"INV0C09","tag":"invoice_number","fieldType":"TEXT","score":0.5561161546313025,"estimatedAccuracy":0.0},{"begin":851,"end":861,"text":"9 Apr 2013","tag":"invoice_date","fieldType":"DATE","score":0.5841079541613623,"estimatedAccuracy":0.0}],"group":"invoice_date|invoice_number","limeExplanation":{},"liblinearFeatureImportance":{}}