{"finalScore":0.6644668688561921,"metaInfo":{"model":{"coreVersion":"10.3.0.39"}},"sumScore":5.980201819705729,"tagsCounter":9.0,"taggedText":"\u003chtml\u003e\u003chead\u003e\u003cscript src\u003d\"https://ajax.googleapis.com/ajax/libs/jquery/2.2.0/jquery.min.js\"\u003e\u003c/script\u003e\u003c/head\u003e\u003cbody\u003e\u003cdocument languages\u003d\"\" producer\u003d\"Workfusion\" schemalocation\u003d\"http://ocr.crowdcomputingsystems.com/xml/schema-v1.xml\" version\u003d\"1.0\" xmlns\u003d\"http://ocr.crowdcomputingsystems.com/xml/schema-v1.xml\" xsi\u003d\"http://www.w3.org/2001/XMLSchema-instance\"\u003e \u003clink href\u003d\"https://s3.amazonaws.com/workfusion-resources/ocr/ocr-xml-viewer-0.3-scale-to-width.css\" rel\u003d\"stylesheet\" type\u003d\"text/css\"\u003e\u003c/link\u003e \u003cstyle\u003e\u003c/style\u003e\u003cpage data-pages\u003d\"1\" h\u003d\"3300\" resolution\u003d\"310\" style\u003d\"height: 1314px;\" w\u003d\"2550\"\u003e \u003cblock b\u003d\"360\" blockname\u003d\"\" blocktype\u003d\"Text\" l\u003d\"293\" r\u003d\"576\" style\u003d\"transform: translate(159px, 64px); position: absolute; width: 153.708px; height: 87.2258px;\" t\u003d\"152\"\u003e \u003cregion\u003e \u003crect b\u003d\"360\" l\u003d\"293\" r\u003d\"576\" t\u003d\"152\"\u003e\u003c/rect\u003e  \u003c/region\u003e  \u003ctext\u003e \u003cpar linespacing\u003d\"1301\"\u003e \u003cline b\u003d\"193\" baseline\u003d\"185\" l\u003d\"300\" r\u003d\"569\" style\u003d\"transform: translate(4px, 3px); position: absolute;\" t\u003d\"158\"\u003e \u003cformatting lang\u003d\"EnglishUnitedStates\"\u003e \u003csupplier_name appendorder\u003d\"3\" class\u003d\"extraction-tag\" confidence\u003d\"1/1\" data-original-title\u003d\"Supplier name\" data-toggle\u003d\"tooltip\" data-value\u003d\"Dogs Fly Design\" fold-name\u003d\"fold2\" score\u003d\"0.6400178014485959\" style\u003d\"background-color: rgb(88, 50, 166);  color: rgb(255, 255, 255);   border: 2px solid rgb(125, 157, 1); \" tagorder\u003d\"1\"\u003eDogs Fly Design\u003c/supplier_name\u003e \u003c/formatting\u003e  \u003c/line\u003e  \u003cline b\u003d\"241\" baseline\u003d\"241\" l\u003d\"301\" r\u003d\"555\" style\u003d\"transform: translate(4px, 26px); position: absolute;\" t\u003d\"214\"\u003e \u003cformatting lang\u003d\"EnglishUnitedStates\"\u003e 134 Wildoak St. \u003c/formatting\u003e  \u003c/line\u003e  \u003cline b\u003d\"305\" baseline\u003d\"297\" l\u003d\"299\" r\u003d\"549\" style\u003d\"transform: translate(3px, 49px); position: absolute;\" t\u003d\"270\"\u003e \u003cformatting lang\u003d\"EnglishUnitedStates\"\u003e Ojai CA 93023 \u003c/formatting\u003e  \u003c/line\u003e  \u003cline b\u003d\"354\" baseline\u003d\"354\" l\u003d\"300\" r\u003d\"520\" style\u003d\"transform: translate(4px, 73px); position: absolute;\" t\u003d\"327\"\u003e \u003cformatting lang\u003d\"EnglishUnitedStates\"\u003e United States \u003c/formatting\u003e  \u003c/line\u003e  \u003c/par\u003e  \u003c/text\u003e  \u003c/block\u003e  \u003cblock b\u003d\"186\" blockname\u003d\"\" blocktype\u003d\"Text\" l\u003d\"1848\" r\u003d\"1982\" style\u003d\"transform: translate(1004px, 61px); position: absolute; width: 72.7804px; height: 16.7742px;\" t\u003d\"146\"\u003e \u003cregion\u003e \u003crect b\u003d\"186\" l\u003d\"1848\" r\u003d\"1982\" t\u003d\"146\"\u003e\u003c/rect\u003e  \u003c/region\u003e  \u003ctext\u003e \u003cpar linespacing\u003d\"-1\"\u003e\u003c/par\u003e  \u003c/text\u003e  \u003c/block\u003e  \u003cblock b\u003d\"306\" blockname\u003d\"\" blocktype\u003d\"Text\" l\u003d\"1820\" r\u003d\"1954\" style\u003d\"transform: translate(989px, 62px); position: absolute; width: 72.7804px; height: 66.2581px;\" t\u003d\"148\"\u003e \u003cregion\u003e \u003crect b\u003d\"186\" l\u003d\"1820\" r\u003d\"1848\" t\u003d\"148\"\u003e\u003c/rect\u003e  \u003crect b\u003d\"306\" l\u003d\"1820\" r\u003d\"1954\" t\u003d\"186\"\u003e\u003c/rect\u003e  \u003c/region\u003e  \u003ctext\u003e \u003cpar linespacing\u003d\"3480\"\u003e \u003cline b\u003d\"306\" baseline\u003d\"300\" l\u003d\"1822\" r\u003d\"1954\" style\u003d\"transform: translate(1px, 1px); position: absolute;\" t\u003d\"150\"\u003e \u003cformatting lang\u003d\"EnglishUnitedStates\"\u003e hr \u003c/formatting\u003e  \u003c/line\u003e  \u003c/par\u003e  \u003c/text\u003e  \u003c/block\u003e  \u003cblock b\u003d\"270\" blockname\u003d\"\" blocktype\u003d\"Text\" l\u003d\"1960\" r\u003d\"2298\" style\u003d\"transform: translate(1065px, 81px); position: absolute; width: 183.58px; height: 31.871px;\" t\u003d\"194\"\u003e \u003cregion\u003e \u003crect b\u003d\"270\" l\u003d\"1960\" r\u003d\"2298\" t\u003d\"194\"\u003e\u003c/rect\u003e  \u003c/region\u003e  \u003ctext\u003e \u003cpar linespacing\u003d\"1420\"\u003e \u003cline b\u003d\"265\" baseline\u003d\"264\" l\u003d\"1965\" r\u003d\"2283\" style\u003d\"transform: translate(3px, 4px); position: absolute;\" t\u003d\"203\"\u003e \u003cformatting lang\u003d\"EnglishUnitedStates\"\u003e DOGS FLY DESIGN \u003c/formatting\u003e  \u003c/line\u003e  \u003c/par\u003e  \u003c/text\u003e  \u003c/block\u003e  \u003cblock b\u003d\"356\" blockname\u003d\"\" blocktype\u003d\"Text\" class\u003d\"hidden\" l\u003d\"1700\" r\u003d\"2414\" style\u003d\"transform: translate(923px, 114px); position: absolute; width: 387.8px; height: 35.2258px;\" t\u003d\"272\"\u003e \u003cregion\u003e \u003crect b\u003d\"316\" l\u003d\"1992\" r\u003d\"2414\" t\u003d\"272\"\u003e\u003c/rect\u003e  \u003crect b\u003d\"356\" l\u003d\"1700\" r\u003d\"2414\" t\u003d\"316\"\u003e\u003c/rect\u003e  \u003c/region\u003e  \u003ctext\u003e \u003cpar leftindent\u003d\"9300\" linespacing\u003d\"490\"\u003e \u003cline b\u003d\"298\" baseline\u003d\"298\" l\u003d\"2102\" r\u003d\"2287\" style\u003d\"transform: translate(218px, 2px); position: absolute;\" t\u003d\"277\"\u003e \u003cformatting lang\u003d\"EnglishUnitedStates\"\u003e WE MAKE IT HAPPEN. \u003c/formatting\u003e  \u003c/line\u003e  \u003c/par\u003e  \u003cpar linespacing\u003d\"580\"\u003e \u003cline b\u003d\"351\" baseline\u003d\"344\" l\u003d\"1708\" r\u003d\"2398\" style\u003d\"transform: translate(4px, 20px); position: absolute;\" t\u003d\"319\"\u003e \u003cformatting lang\u003d\"EnglishUnitedStates\"\u003e www.DogsFlyDesign.com - EIN #26-2918890 \u003c/formatting\u003e  \u003c/line\u003e  \u003c/par\u003e  \u003c/text\u003e  \u003c/block\u003e  \u003cblock b\u003d\"818\" blockname\u003d\"\" blocktype\u003d\"Text\" l\u003d\"293\" r\u003d\"556\" style\u003d\"transform: translate(159px, 323px); position: absolute; width: 142.845px; height: 19.7097px;\" t\u003d\"771\"\u003e \u003cregion\u003e \u003crect b\u003d\"818\" l\u003d\"293\" r\u003d\"556\" t\u003d\"771\"\u003e\u003c/rect\u003e  \u003c/region\u003e  \u003ctext\u003e \u003cpar linespacing\u003d\"630\"\u003e \u003cline b\u003d\"812\" baseline\u003d\"804\" l\u003d\"299\" r\u003d\"549\" style\u003d\"transform: translate(3px, 3px); position: absolute;\" t\u003d\"777\"\u003e \u003cformatting lang\u003d\"EnglishUnitedStates\"\u003e Ojai CA 93023 \u003c/formatting\u003e  \u003c/line\u003e  \u003c/par\u003e  \u003c/text\u003e  \u003c/block\u003e  \u003cblock b\u003d\"772\" blockname\u003d\"\" blocktype\u003d\"Text\" l\u003d\"1507\" r\u003d\"2389\" style\u003d\"transform: translate(819px, 252px); position: absolute; width: 479.047px; height: 71.2903px;\" t\u003d\"602\"\u003e \u003cregion\u003e \u003crect b\u003d\"772\" l\u003d\"1507\" r\u003d\"2389\" t\u003d\"602\"\u003e\u003c/rect\u003e  \u003c/region\u003e  \u003ctext\u003e \u003cpar align\u003d\"Justified\" linespacing\u003d\"1301\"\u003e \u003cline b\u003d\"635\" baseline\u003d\"635\" l\u003d\"1513\" r\u003d\"2383\" style\u003d\"transform: translate(3px, 3px); position: absolute;\" t\u003d\"608\"\u003e \u003cformatting lang\u003d\"EnglishUnitedStates\"\u003e Invoice# \u003cinvoice_number appendorder\u003d\"11\" class\u003d\"extraction-tag\" confidence\u003d\"1/1\" data-original-title\u003d\"Invoice number\" data-toggle\u003d\"tooltip\" data-value\u003d\"1217\" fold-name\u003d\"fold5\" score\u003d\"0.8049410151184576\" style\u003d\"background-color: rgb(0, 83, 98);  color: rgb(255, 255, 255);   border: 2px solid rgb(125, 157, 1); \" tagorder\u003d\"6\"\u003e1217\u003c/invoice_number\u003e \u003c/formatting\u003e  \u003c/line\u003e  \u003c/par\u003e  \u003cpar align\u003d\"Justified\" linespacing\u003d\"1301\"\u003e \u003cline b\u003d\"699\" baseline\u003d\"691\" l\u003d\"1513\" r\u003d\"2382\" style\u003d\"transform: translate(3px, 26px); position: absolute;\" t\u003d\"664\"\u003e \u003cformatting lang\u003d\"EnglishUnitedStates\"\u003e Invoice Date \u003cinvoice_date appendorder\u003d\"12\" class\u003d\"extraction-tag\" confidence\u003d\"1/1\" data-original-title\u003d\"Invoice date\" data-toggle\u003d\"tooltip\" data-value\u003d\"August 28, 2014\" fold-name\u003d\"fold3\" score\u003d\"0.7189180130549987\" style\u003d\"background-color: rgb(17, 18, 43);  color: rgb(255, 255, 255);   border: 2px solid rgb(125, 157, 1); \" tagorder\u003d\"7\"\u003eAugust 28, 2014\u003c/invoice_date\u003e \u003c/formatting\u003e  \u003c/line\u003e  \u003c/par\u003e  \u003cpar align\u003d\"Justified\" linespacing\u003d\"670\"\u003e \u003cline b\u003d\"766\" baseline\u003d\"763\" l\u003d\"1516\" r\u003d\"2379\" style\u003d\"transform: translate(5px, 55px); position: absolute;\" t\u003d\"734\"\u003e \u003cformatting lang\u003d\"EnglishUnitedStates\"\u003e Amount Due $421.05 USD \u003c/formatting\u003e  \u003c/line\u003e  \u003c/par\u003e  \u003c/text\u003e  \u003c/block\u003e  \u003cregion xmlns\u003d\"http://ocr.crowdcomputingsystems.com/xml/schema-v1.xml\"\u003e \u003crect b\u003d\"1227\" l\u003d\"139\" r\u003d\"2409\" t\u003d\"986\"\u003e\u003c/rect\u003e  \u003c/region\u003e \u003ctable b\u003d\"1227\" blockname\u003d\"\" blocktype\u003d\"Table\" l\u003d\"139\" r\u003d\"2409\" style\u003d\"transform: translate(75px, 413px); position: absolute; user-select: auto;\" t\u003d\"986\" xmlns\u003d\"\"\u003e \u003ctbody\u003e\u003ctr\u003e \u003ctd bottomborder\u003d\"White\" h\u003d\"97\" leftborder\u003d\"White\" rightborder\u003d\"White\" topborder\u003d\"White\" w\u003d\"273\"\u003e \u003ctext xmlns\u003d\"http://ocr.crowdcomputingsystems.com/xml/schema-v1.xml\"\u003e \u003cpar leftindent\u003d\"700\" linespacing\u003d\"630\"\u003e \u003cline b\u003d\"1045\" baseline\u003d\"1045\" l\u003d\"169\" r\u003d\"253\" t\u003d\"1018\"\u003e \u003cformatting lang\u003d\"EnglishUnitedStates\"\u003e Task \u003c/formatting\u003e  \u003c/line\u003e  \u003c/par\u003e  \u003c/text\u003e  \u003c/td\u003e   \u003ctd bottomborder\u003d\"White\" h\u003d\"97\" leftborder\u003d\"White\" rightborder\u003d\"White\" topborder\u003d\"White\" w\u003d\"988\"\u003e \u003ctext xmlns\u003d\"http://ocr.crowdcomputingsystems.com/xml/schema-v1.xml\"\u003e \u003cpar leftindent\u003d\"2700\" linespacing\u003d\"630\"\u003e \u003cline b\u003d\"1059\" baseline\u003d\"1051\" l\u003d\"522\" r\u003d\"828\" t\u003d\"1024\"\u003e \u003cformatting lang\u003d\"EnglishUnitedStates\"\u003e Time Entry Notes \u003c/formatting\u003e  \u003c/line\u003e  \u003c/par\u003e  \u003c/text\u003e  \u003c/td\u003e   \u003ctd bottomborder\u003d\"White\" h\u003d\"97\" leftborder\u003d\"White\" rightborder\u003d\"White\" topborder\u003d\"White\" w\u003d\"533\"\u003e \u003ctext xmlns\u003d\"http://ocr.crowdcomputingsystems.com/xml/schema-v1.xml\"\u003e \u003cpar leftindent\u003d\"8900\" linespacing\u003d\"630\"\u003e \u003cline b\u003d\"1045\" baseline\u003d\"1045\" l\u003d\"1790\" r\u003d\"1868\" t\u003d\"1018\"\u003e \u003cformatting lang\u003d\"EnglishUnitedStates\"\u003e Rate \u003c/formatting\u003e  \u003c/line\u003e  \u003c/par\u003e  \u003c/text\u003e  \u003c/td\u003e   \u003ctd bottomborder\u003d\"White\" h\u003d\"97\" leftborder\u003d\"White\" rightborder\u003d\"White\" topborder\u003d\"White\" w\u003d\"222\"\u003e \u003ctext xmlns\u003d\"http://ocr.crowdcomputingsystems.com/xml/schema-v1.xml\"\u003e \u003cpar align\u003d\"Center\" linespacing\u003d\"630\" rightindent\u003d\"400\"\u003e \u003cline b\u003d\"1045\" baseline\u003d\"1045\" l\u003d\"1998\" r\u003d\"2101\" t\u003d\"1018\"\u003e \u003cformatting lang\u003d\"EnglishUnitedStates\"\u003e Hours \u003c/formatting\u003e  \u003c/line\u003e  \u003c/par\u003e  \u003c/text\u003e  \u003c/td\u003e   \u003ctd bottomborder\u003d\"White\" h\u003d\"97\" leftborder\u003d\"White\" rightborder\u003d\"White\" topborder\u003d\"White\" w\u003d\"254\"\u003e \u003ctext xmlns\u003d\"http://ocr.crowdcomputingsystems.com/xml/schema-v1.xml\"\u003e \u003cpar align\u003d\"Right\" linespacing\u003d\"630\"\u003e \u003cline b\u003d\"1045\" baseline\u003d\"1045\" l\u003d\"2207\" r\u003d\"2379\" t\u003d\"1018\"\u003e \u003cformatting lang\u003d\"EnglishUnitedStates\"\u003e Line Total \u003c/formatting\u003e  \u003c/line\u003e  \u003c/par\u003e  \u003c/text\u003e  \u003c/td\u003e   \u003c/tr\u003e \n \u003ctr\u003e \u003ctd bottomborder\u003d\"White\" h\u003d\"78\" leftborder\u003d\"White\" rightborder\u003d\"White\" topborder\u003d\"White\" w\u003d\"273\"\u003e \u003ctext xmlns\u003d\"http://ocr.crowdcomputingsystems.com/xml/schema-v1.xml\"\u003e \u003cpar leftindent\u003d\"700\" linespacing\u003d\"630\"\u003e \u003cline b\u003d\"1143\" baseline\u003d\"1135\" l\u003d\"171\" r\u003d\"282\" t\u003d\"1108\"\u003e \u003cformatting lang\u003d\"EnglishUnitedStates\"\u003e Design \u003c/formatting\u003e  \u003c/line\u003e  \u003c/par\u003e  \u003c/text\u003e  \u003c/td\u003e   \u003ctd bottomborder\u003d\"White\" h\u003d\"78\" leftborder\u003d\"White\" rightborder\u003d\"White\" topborder\u003d\"White\" w\u003d\"988\"\u003e \u003ctext xmlns\u003d\"http://ocr.crowdcomputingsystems.com/xml/schema-v1.xml\"\u003e \u003cpar leftindent\u003d\"2700\" linespacing\u003d\"630\"\u003e \u003cline b\u003d\"1143\" baseline\u003d\"1135\" l\u003d\"532\" r\u003d\"802\" t\u003d\"1108\"\u003e \u003cformatting lang\u003d\"EnglishUnitedStates\"\u003e Invitation Design \u003c/formatting\u003e  \u003c/line\u003e  \u003c/par\u003e  \u003c/text\u003e  \u003c/td\u003e   \u003ctd bottomborder\u003d\"White\" h\u003d\"78\" leftborder\u003d\"White\" rightborder\u003d\"White\" topborder\u003d\"White\" w\u003d\"533\"\u003e \u003ctext xmlns\u003d\"http://ocr.crowdcomputingsystems.com/xml/schema-v1.xml\"\u003e \u003cpar leftindent\u003d\"8900\" linespacing\u003d\"630\"\u003e \u003cline b\u003d\"1135\" baseline\u003d\"1135\" l\u003d\"1777\" r\u003d\"1867\" t\u003d\"1108\"\u003e \u003cformatting lang\u003d\"EnglishUnitedStates\"\u003e \u003cprice class\u003d\"extraction-tag\" data-value\u003d\"75.00\" fold-name\u003d\"fold4\" ml-tagorder\u003d\"9664773\" score\u003d\"0.5233375204008194\" tagorder\u003d\"9664773\"\u003e75.00\u003c/price\u003e \u003c/formatting\u003e  \u003c/line\u003e  \u003c/par\u003e  \u003c/text\u003e  \u003c/td\u003e   \u003ctd bottomborder\u003d\"White\" h\u003d\"78\" leftborder\u003d\"White\" rightborder\u003d\"White\" topborder\u003d\"White\" w\u003d\"222\"\u003e \u003ctext xmlns\u003d\"http://ocr.crowdcomputingsystems.com/xml/schema-v1.xml\"\u003e \u003cpar align\u003d\"Center\" linespacing\u003d\"630\" rightindent\u003d\"1000\"\u003e \u003cline b\u003d\"1135\" baseline\u003d\"1135\" l\u003d\"2031\" r\u003d\"2101\" t\u003d\"1108\"\u003e \u003cformatting lang\u003d\"EnglishUnitedStates\"\u003e 2.43 \u003c/formatting\u003e  \u003c/line\u003e  \u003c/par\u003e  \u003c/text\u003e  \u003c/td\u003e   \u003ctd bottomborder\u003d\"White\" h\u003d\"78\" leftborder\u003d\"White\" rightborder\u003d\"White\" topborder\u003d\"White\" w\u003d\"254\"\u003e \u003ctext xmlns\u003d\"http://ocr.crowdcomputingsystems.com/xml/schema-v1.xml\"\u003e \u003cpar align\u003d\"Right\" linespacing\u003d\"630\"\u003e \u003cline b\u003d\"1135\" baseline\u003d\"1135\" l\u003d\"2274\" r\u003d\"2382\" t\u003d\"1108\"\u003e \u003cformatting lang\u003d\"EnglishUnitedStates\"\u003e 182.25 \u003c/formatting\u003e  \u003c/line\u003e  \u003c/par\u003e  \u003c/text\u003e  \u003c/td\u003e   \u003c/tr\u003e \n \u003ctr\u003e \u003ctd bottomborder\u003d\"White\" h\u003d\"66\" leftborder\u003d\"White\" rightborder\u003d\"White\" topborder\u003d\"White\" w\u003d\"273\"\u003e \u003ctext xmlns\u003d\"http://ocr.crowdcomputingsystems.com/xml/schema-v1.xml\"\u003e \u003cpar leftindent\u003d\"700\" linespacing\u003d\"630\"\u003e \u003cline b\u003d\"1213\" baseline\u003d\"1213\" l\u003d\"169\" r\u003d\"302\" t\u003d\"1186\"\u003e \u003cformatting lang\u003d\"EnglishUnitedStates\"\u003e Website \u003c/formatting\u003e  \u003c/line\u003e  \u003c/par\u003e  \u003c/text\u003e  \u003c/td\u003e   \u003ctd bottomborder\u003d\"White\" h\u003d\"66\" leftborder\u003d\"White\" rightborder\u003d\"White\" topborder\u003d\"White\" w\u003d\"988\"\u003e \u003ctext xmlns\u003d\"http://ocr.crowdcomputingsystems.com/xml/schema-v1.xml\"\u003e \u003cpar leftindent\u003d\"2700\" linespacing\u003d\"630\"\u003e \u003cline b\u003d\"1221\" baseline\u003d\"1213\" l\u003d\"531\" r\u003d\"1024\" t\u003d\"1186\"\u003e \u003cformatting lang\u003d\"EnglishUnitedStates\"\u003e Posted new show and images \u003c/formatting\u003e  \u003c/line\u003e  \u003c/par\u003e  \u003c/text\u003e  \u003c/td\u003e   \u003ctd bottomborder\u003d\"White\" h\u003d\"66\" leftborder\u003d\"White\" rightborder\u003d\"White\" topborder\u003d\"White\" w\u003d\"533\"\u003e \u003ctext xmlns\u003d\"http://ocr.crowdcomputingsystems.com/xml/schema-v1.xml\"\u003e \u003cpar leftindent\u003d\"8900\" linespacing\u003d\"630\"\u003e \u003cline b\u003d\"1213\" baseline\u003d\"1213\" l\u003d\"1777\" r\u003d\"1867\" t\u003d\"1186\"\u003e \u003cformatting lang\u003d\"EnglishUnitedStates\"\u003e \u003cprice class\u003d\"extraction-tag\" data-value\u003d\"75.00\" fold-name\u003d\"fold4\" ml-tagorder\u003d\"9664774\" score\u003d\"0.46821190827232184\" tagorder\u003d\"9664774\"\u003e75.00\u003c/price\u003e \u003c/formatting\u003e  \u003c/line\u003e  \u003c/par\u003e  \u003c/text\u003e  \u003c/td\u003e   \u003ctd bottomborder\u003d\"White\" h\u003d\"66\" leftborder\u003d\"White\" rightborder\u003d\"White\" topborder\u003d\"White\" w\u003d\"222\"\u003e \u003ctext xmlns\u003d\"http://ocr.crowdcomputingsystems.com/xml/schema-v1.xml\"\u003e \u003cpar align\u003d\"Center\" linespacing\u003d\"630\" rightindent\u003d\"400\"\u003e \u003cline b\u003d\"1213\" baseline\u003d\"1213\" l\u003d\"2011\" r\u003d\"2101\" t\u003d\"1186\"\u003e \u003cformatting lang\u003d\"EnglishUnitedStates\"\u003e 0.895 \u003c/formatting\u003e  \u003c/line\u003e  \u003c/par\u003e  \u003c/text\u003e  \u003c/td\u003e   \u003ctd bottomborder\u003d\"White\" h\u003d\"66\" leftborder\u003d\"White\" rightborder\u003d\"White\" topborder\u003d\"White\" w\u003d\"254\"\u003e \u003ctext xmlns\u003d\"http://ocr.crowdcomputingsystems.com/xml/schema-v1.xml\"\u003e \u003cpar align\u003d\"Right\" linespacing\u003d\"630\"\u003e \u003cline b\u003d\"1213\" baseline\u003d\"1213\" l\u003d\"2292\" r\u003d\"2382\" t\u003d\"1186\"\u003e \u003cformatting lang\u003d\"EnglishUnitedStates\"\u003e 67.13 \u003c/formatting\u003e  \u003c/line\u003e  \u003c/par\u003e  \u003c/text\u003e  \u003c/td\u003e   \u003c/tr\u003e \n \u003c/tbody\u003e\u003c/table\u003e\n \u003cblock b\u003d\"1283\" blockname\u003d\"\" blocktype\u003d\"Text\" l\u003d\"165\" r\u003d\"395\" style\u003d\"transform: translate(90px, 518px); position: absolute; width: 124.922px; height: 19.7097px;\" t\u003d\"1236\"\u003e \u003cregion\u003e \u003crect b\u003d\"1283\" l\u003d\"165\" r\u003d\"395\" t\u003d\"1236\"\u003e\u003c/rect\u003e  \u003c/region\u003e  \u003ctext\u003e \u003cpar linespacing\u003d\"630\"\u003e \u003cline b\u003d\"1277\" baseline\u003d\"1269\" l\u003d\"171\" r\u003d\"389\" style\u003d\"transform: translate(3px, 3px); position: absolute;\" t\u003d\"1242\"\u003e \u003cformatting lang\u003d\"EnglishUnitedStates\"\u003e Development \u003c/formatting\u003e  \u003c/line\u003e  \u003c/par\u003e  \u003c/text\u003e  \u003c/block\u003e  \u003cregion xmlns\u003d\"http://ocr.crowdcomputingsystems.com/xml/schema-v1.xml\"\u003e \u003crect b\u003d\"1633\" l\u003d\"140\" r\u003d\"2405\" t\u003d\"1370\"\u003e\u003c/rect\u003e  \u003c/region\u003e \u003ctable b\u003d\"1633\" blockname\u003d\"\" blocktype\u003d\"Table\" l\u003d\"140\" r\u003d\"2405\" style\u003d\"transform: translate(76px, 575px); position: absolute; user-select: auto;\" t\u003d\"1370\" xmlns\u003d\"\"\u003e \u003ctbody\u003e\u003ctr\u003e \u003ctd bottomborder\u003d\"White\" h\u003d\"98\" leftborder\u003d\"White\" rightborder\u003d\"White\" topborder\u003d\"White\" w\u003d\"269\"\u003e \u003ctext xmlns\u003d\"http://ocr.crowdcomputingsystems.com/xml/schema-v1.xml\"\u003e \u003cpar leftindent\u003d\"700\" linespacing\u003d\"630\"\u003e \u003cline b\u003d\"1429\" baseline\u003d\"1429\" l\u003d\"171\" r\u003d\"243\" t\u003d\"1402\"\u003e \u003cformatting lang\u003d\"EnglishUnitedStates\"\u003e Item \u003c/formatting\u003e  \u003c/line\u003e  \u003c/par\u003e  \u003c/text\u003e  \u003c/td\u003e   \u003ctd bottomborder\u003d\"White\" h\u003d\"98\" leftborder\u003d\"White\" rightborder\u003d\"White\" topborder\u003d\"White\" w\u003d\"828\"\u003e \u003ctext xmlns\u003d\"http://ocr.crowdcomputingsystems.com/xml/schema-v1.xml\"\u003e \u003cpar leftindent\u003d\"2700\" linespacing\u003d\"630\"\u003e \u003cline b\u003d\"1443\" baseline\u003d\"1435\" l\u003d\"524\" r\u003d\"726\" t\u003d\"1408\"\u003e \u003cformatting lang\u003d\"EnglishUnitedStates\"\u003e Description \u003c/formatting\u003e  \u003c/line\u003e  \u003c/par\u003e  \u003c/text\u003e  \u003c/td\u003e   \u003ctd bottomborder\u003d\"White\" h\u003d\"98\" leftborder\u003d\"White\" rightborder\u003d\"White\" topborder\u003d\"White\" w\u003d\"673\"\u003e \u003ctext xmlns\u003d\"http://ocr.crowdcomputingsystems.com/xml/schema-v1.xml\"\u003e \u003cpar align\u003d\"Right\" linespacing\u003d\"630\" rightindent\u003d\"1000\"\u003e \u003cline b\u003d\"1429\" baseline\u003d\"1429\" l\u003d\"1705\" r\u003d\"1868\" t\u003d\"1402\"\u003e \u003cformatting lang\u003d\"EnglishUnitedStates\"\u003e Unit Cost \u003c/formatting\u003e  \u003c/line\u003e  \u003c/par\u003e  \u003c/text\u003e  \u003c/td\u003e   \u003ctd bottomborder\u003d\"White\" h\u003d\"98\" leftborder\u003d\"White\" rightborder\u003d\"White\" topborder\u003d\"White\" w\u003d\"245\"\u003e \u003ctext xmlns\u003d\"http://ocr.crowdcomputingsystems.com/xml/schema-v1.xml\"\u003e \u003cpar align\u003d\"Right\" linespacing\u003d\"630\" rightindent\u003d\"1300\"\u003e \u003cline b\u003d\"1437\" baseline\u003d\"1429\" l\u003d\"1953\" r\u003d\"2102\" t\u003d\"1402\"\u003e \u003cformatting lang\u003d\"EnglishUnitedStates\"\u003e Quantity \u003c/formatting\u003e  \u003c/line\u003e  \u003c/par\u003e  \u003c/text\u003e  \u003c/td\u003e   \u003ctd bottomborder\u003d\"White\" h\u003d\"98\" leftborder\u003d\"White\" rightborder\u003d\"White\" topborder\u003d\"White\" w\u003d\"250\"\u003e \u003ctext xmlns\u003d\"http://ocr.crowdcomputingsystems.com/xml/schema-v1.xml\"\u003e \u003cpar align\u003d\"Right\" linespacing\u003d\"630\"\u003e \u003cline b\u003d\"1429\" baseline\u003d\"1429\" l\u003d\"2207\" r\u003d\"2379\" t\u003d\"1402\"\u003e \u003cformatting lang\u003d\"EnglishUnitedStates\"\u003e Line Total \u003c/formatting\u003e  \u003c/line\u003e  \u003c/par\u003e  \u003c/text\u003e  \u003c/td\u003e   \u003c/tr\u003e \n \u003ctr\u003e \u003ctd bottomborder\u003d\"White\" h\u003d\"78\" leftborder\u003d\"White\" rightborder\u003d\"White\" topborder\u003d\"White\" w\u003d\"269\"\u003e \u003ctext xmlns\u003d\"http://ocr.crowdcomputingsystems.com/xml/schema-v1.xml\"\u003e \u003cpar leftindent\u003d\"700\" linespacing\u003d\"630\"\u003e \u003cline b\u003d\"1527\" baseline\u003d\"1519\" l\u003d\"171\" r\u003d\"294\" t\u003d\"1492\"\u003e \u003cformatting lang\u003d\"EnglishUnitedStates\"\u003e Printing \u003c/formatting\u003e  \u003c/line\u003e  \u003c/par\u003e  \u003c/text\u003e  \u003c/td\u003e   \u003ctd bottomborder\u003d\"White\" h\u003d\"78\" leftborder\u003d\"White\" rightborder\u003d\"White\" topborder\u003d\"White\" w\u003d\"828\"\u003e \u003ctext xmlns\u003d\"http://ocr.crowdcomputingsystems.com/xml/schema-v1.xml\"\u003e \u003cpar leftindent\u003d\"2700\" linespacing\u003d\"630\"\u003e \u003cline b\u003d\"1519\" baseline\u003d\"1519\" l\u003d\"530\" r\u003d\"768\" t\u003d\"1492\"\u003e\u003cproduct appendorder\u003d\"5\" class\u003d\"extraction-tag\" confidence\u003d\"1/1\" data-original-title\u003d\"construction_type\" data-toggle\u003d\"tooltip\" data-value\u003d\"500 Invitations\" fold-name\u003d\"fold1\" injection\u003d\"true\" referencedatausedininjection\u003d\"manual\" score\u003d\"0.5720082156049622\" style\u003d\"background-color: rgb(78, 135, 105);  color: rgb(0, 0, 0);   border: 2px solid rgb(125, 157, 1); \" tagorder\u003d\"5983040\"\u003e500 Invitations\u003c/product\u003e\u003c/line\u003e  \u003c/par\u003e  \u003c/text\u003e  \u003c/td\u003e   \u003ctd bottomborder\u003d\"White\" h\u003d\"78\" leftborder\u003d\"White\" rightborder\u003d\"White\" topborder\u003d\"White\" w\u003d\"673\"\u003e \u003ctext xmlns\u003d\"http://ocr.crowdcomputingsystems.com/xml/schema-v1.xml\"\u003e \u003cpar align\u003d\"Right\" linespacing\u003d\"630\" rightindent\u003d\"1000\"\u003e \u003cline b\u003d\"1519\" baseline\u003d\"1519\" l\u003d\"1758\" r\u003d\"1867\" t\u003d\"1492\"\u003e\u003cprice appendorder\u003d\"5\" class\u003d\"extraction-tag\" confidence\u003d\"1/1\" data-original-title\u003d\"construction_type\" data-toggle\u003d\"tooltip\" data-value\u003d\"167.50\" fold-name\u003d\"fold4\" injection\u003d\"true\" referencedatausedininjection\u003d\"manual\" score\u003d\"0.8428711958916284\" style\u003d\"background-color: rgb(140, 250, 187);  color: rgb(0, 0, 0);   border: 2px solid rgb(125, 157, 1); \" tagorder\u003d\"9664770\"\u003e167.50\u003c/price\u003e\u003c/line\u003e  \u003c/par\u003e  \u003c/text\u003e  \u003c/td\u003e   \u003ctd bottomborder\u003d\"White\" h\u003d\"78\" leftborder\u003d\"White\" rightborder\u003d\"White\" topborder\u003d\"White\" w\u003d\"245\"\u003e \u003ctext xmlns\u003d\"http://ocr.crowdcomputingsystems.com/xml/schema-v1.xml\"\u003e \u003cpar align\u003d\"Right\" linespacing\u003d\"630\" rightindent\u003d\"1300\"\u003e \u003cline b\u003d\"1519\" baseline\u003d\"1519\" l\u003d\"2086\" r\u003d\"2096\" t\u003d\"1492\"\u003e\u003cquantity appendorder\u003d\"5\" class\u003d\"extraction-tag\" confidence\u003d\"1/1\" data-original-title\u003d\"construction_type\" data-toggle\u003d\"tooltip\" data-value\u003d\"1\" fold-name\u003d\"fold5\" injection\u003d\"true\" referencedatausedininjection\u003d\"manual\" score\u003d\"0.8618669833965515\" style\u003d\"background-color: rgb(11, 47, 140);  color: rgb(255, 255, 255);   border: 2px solid rgb(125, 157, 1); \" tagorder\u003d\"5154243\"\u003e1\u003c/quantity\u003e\u003c/line\u003e  \u003c/par\u003e  \u003c/text\u003e  \u003c/td\u003e   \u003ctd bottomborder\u003d\"White\" h\u003d\"78\" leftborder\u003d\"White\" rightborder\u003d\"White\" topborder\u003d\"White\" w\u003d\"250\"\u003e \u003ctext xmlns\u003d\"http://ocr.crowdcomputingsystems.com/xml/schema-v1.xml\"\u003e \u003cpar align\u003d\"Right\" linespacing\u003d\"630\"\u003e \u003cline b\u003d\"1519\" baseline\u003d\"1519\" l\u003d\"2274\" r\u003d\"2382\" t\u003d\"1492\"\u003e \u003cformatting lang\u003d\"EnglishUnitedStates\"\u003e 167.50 \u003c/formatting\u003e  \u003c/line\u003e  \u003c/par\u003e  \u003c/text\u003e  \u003c/td\u003e   \u003c/tr\u003e \n \u003c/tbody\u003e\u003c/table\u003e\n \u003cregion xmlns\u003d\"http://ocr.crowdcomputingsystems.com/xml/schema-v1.xml\"\u003e \u003crect b\u003d\"1953\" l\u003d\"1550\" r\u003d\"2406\" t\u003d\"1649\"\u003e\u003c/rect\u003e  \u003c/region\u003e \u003ctable b\u003d\"1953\" blockname\u003d\"\" blocktype\u003d\"Table\" l\u003d\"1550\" r\u003d\"2406\" style\u003d\"transform: translate(842px, 692px); position: absolute; user-select: auto;\" t\u003d\"1649\" xmlns\u003d\"\"\u003e \u003ctbody\u003e\u003ctr\u003e \u003ctd bottomborder\u003d\"White\" h\u003d\"47\" leftborder\u003d\"White\" rightborder\u003d\"White\" topborder\u003d\"White\" w\u003d\"428\"\u003e \u003ctext xmlns\u003d\"http://ocr.crowdcomputingsystems.com/xml/schema-v1.xml\"\u003e \u003cpar linespacing\u003d\"630\"\u003e \u003cline b\u003d\"1682\" baseline\u003d\"1682\" l\u003d\"1573\" r\u003d\"1719\" t\u003d\"1655\"\u003e \u003cformatting lang\u003d\"EnglishUnitedStates\"\u003e Subtotal \u003c/formatting\u003e  \u003c/line\u003e  \u003c/par\u003e  \u003c/text\u003e  \u003c/td\u003e   \u003ctd bottomborder\u003d\"White\" h\u003d\"47\" leftborder\u003d\"White\" rightborder\u003d\"White\" topborder\u003d\"White\" w\u003d\"428\"\u003e \u003ctext xmlns\u003d\"http://ocr.crowdcomputingsystems.com/xml/schema-v1.xml\"\u003e \u003cpar align\u003d\"Right\" linespacing\u003d\"630\"\u003e \u003cline b\u003d\"1682\" baseline\u003d\"1682\" l\u003d\"2271\" r\u003d\"2382\" t\u003d\"1655\"\u003e \u003cformatting lang\u003d\"EnglishUnitedStates\"\u003e 416.88 \u003c/formatting\u003e  \u003c/line\u003e  \u003c/par\u003e  \u003c/text\u003e  \u003c/td\u003e   \u003c/tr\u003e \n \u003ctr\u003e \u003ctd bottomborder\u003d\"White\" h\u003d\"59\" leftborder\u003d\"White\" rightborder\u003d\"White\" topborder\u003d\"White\" w\u003d\"428\"\u003e \u003ctext xmlns\u003d\"http://ocr.crowdcomputingsystems.com/xml/schema-v1.xml\"\u003e \u003cpar linespacing\u003d\"630\"\u003e \u003cline b\u003d\"1746\" baseline\u003d\"1738\" l\u003d\"1576\" r\u003d\"1755\" t\u003d\"1711\"\u003e \u003cformatting lang\u003d\"EnglishUnitedStates\"\u003e 1% for Ojai \u003c/formatting\u003e  \u003c/line\u003e  \u003c/par\u003e  \u003c/text\u003e  \u003c/td\u003e   \u003ctd bottomborder\u003d\"White\" h\u003d\"59\" leftborder\u003d\"White\" rightborder\u003d\"White\" topborder\u003d\"White\" w\u003d\"428\"\u003e \u003ctext xmlns\u003d\"http://ocr.crowdcomputingsystems.com/xml/schema-v1.xml\"\u003e \u003cpar align\u003d\"Right\" linespacing\u003d\"630\"\u003e \u003cline b\u003d\"1738\" baseline\u003d\"1738\" l\u003d\"2311\" r\u003d\"2382\" t\u003d\"1711\"\u003e \u003cformatting lang\u003d\"EnglishUnitedStates\"\u003e 4.17 \u003c/formatting\u003e  \u003c/line\u003e  \u003c/par\u003e  \u003c/text\u003e  \u003c/td\u003e   \u003c/tr\u003e \n \u003ctr\u003e \u003ctd bottomborder\u003d\"White\" h\u003d\"66\" leftborder\u003d\"White\" rightborder\u003d\"White\" topborder\u003d\"White\" w\u003d\"428\"\u003e \u003ctext xmlns\u003d\"http://ocr.crowdcomputingsystems.com/xml/schema-v1.xml\"\u003e \u003cpar linespacing\u003d\"630\"\u003e \u003cline b\u003d\"1807\" baseline\u003d\"1807\" l\u003d\"1573\" r\u003d\"1659\" t\u003d\"1780\"\u003e \u003cformatting lang\u003d\"EnglishUnitedStates\"\u003e Total \u003c/formatting\u003e  \u003c/line\u003e  \u003c/par\u003e  \u003c/text\u003e  \u003c/td\u003e   \u003ctd bottomborder\u003d\"White\" h\u003d\"66\" leftborder\u003d\"White\" rightborder\u003d\"White\" topborder\u003d\"White\" w\u003d\"428\"\u003e \u003ctext xmlns\u003d\"http://ocr.crowdcomputingsystems.com/xml/schema-v1.xml\"\u003e \u003cpar align\u003d\"Right\" linespacing\u003d\"630\"\u003e \u003cline b\u003d\"1807\" baseline\u003d\"1807\" l\u003d\"2271\" r\u003d\"2383\" t\u003d\"1780\"\u003e \u003cformatting lang\u003d\"EnglishUnitedStates\"\u003e \u003ctotal_amount appendorder\u003d\"15\" class\u003d\"extraction-tag\" confidence\u003d\"1/1\" data-original-title\u003d\"Total amount\" data-toggle\u003d\"tooltip\" data-value\u003d\"421.05\" fold-name\u003d\"fold1\" score\u003d\"0.548029166517393\" style\u003d\"background-color: rgb(27, 182, 226);  color: rgb(0, 0, 0);   border: 2px solid rgb(125, 157, 1); \" tagorder\u003d\"8\"\u003e421.05\u003c/total_amount\u003e \u003c/formatting\u003e  \u003c/line\u003e  \u003c/par\u003e  \u003c/text\u003e  \u003c/td\u003e   \u003c/tr\u003e \n \u003ctr\u003e \u003ctd bottomborder\u003d\"White\" h\u003d\"68\" leftborder\u003d\"White\" rightborder\u003d\"White\" topborder\u003d\"White\" w\u003d\"428\"\u003e \u003ctext xmlns\u003d\"http://ocr.crowdcomputingsystems.com/xml/schema-v1.xml\"\u003e \u003cpar linespacing\u003d\"630\"\u003e \u003cline b\u003d\"1863\" baseline\u003d\"1863\" l\u003d\"1572\" r\u003d\"1784\" t\u003d\"1836\"\u003e \u003cformatting lang\u003d\"EnglishUnitedStates\"\u003e Amount Paid \u003c/formatting\u003e  \u003c/line\u003e  \u003c/par\u003e  \u003c/text\u003e  \u003c/td\u003e   \u003ctd bottomborder\u003d\"White\" h\u003d\"68\" leftborder\u003d\"White\" rightborder\u003d\"White\" topborder\u003d\"White\" w\u003d\"428\"\u003e \u003ctext xmlns\u003d\"http://ocr.crowdcomputingsystems.com/xml/schema-v1.xml\"\u003e \u003cpar align\u003d\"Right\" linespacing\u003d\"630\"\u003e \u003cline b\u003d\"1863\" baseline\u003d\"1863\" l\u003d\"2300\" r\u003d\"2382\" t\u003d\"1836\"\u003e \u003cformatting lang\u003d\"EnglishUnitedStates\"\u003e -0.00 \u003c/formatting\u003e  \u003c/line\u003e  \u003c/par\u003e  \u003c/text\u003e  \u003c/td\u003e   \u003c/tr\u003e \n \u003ctr\u003e \u003ctd bottomborder\u003d\"White\" h\u003d\"64\" leftborder\u003d\"White\" rightborder\u003d\"White\" topborder\u003d\"White\" w\u003d\"428\"\u003e \u003ctext xmlns\u003d\"http://ocr.crowdcomputingsystems.com/xml/schema-v1.xml\"\u003e \u003cpar linespacing\u003d\"630\"\u003e \u003cline b\u003d\"1944\" baseline\u003d\"1944\" l\u003d\"1578\" r\u003d\"1800\" t\u003d\"1917\"\u003e \u003cformatting lang\u003d\"EnglishUnitedStates\"\u003e Amount Due \u003c/formatting\u003e  \u003c/line\u003e  \u003c/par\u003e  \u003c/text\u003e  \u003c/td\u003e   \u003ctd bottomborder\u003d\"White\" h\u003d\"64\" leftborder\u003d\"White\" rightborder\u003d\"White\" topborder\u003d\"White\" w\u003d\"428\"\u003e \u003ctext xmlns\u003d\"http://ocr.crowdcomputingsystems.com/xml/schema-v1.xml\"\u003e \u003cpar align\u003d\"Right\" linespacing\u003d\"670\"\u003e \u003cline b\u003d\"1947\" baseline\u003d\"1944\" l\u003d\"2157\" r\u003d\"2379\" t\u003d\"1915\"\u003e \u003cformatting lang\u003d\"EnglishUnitedStates\"\u003e $421.05 USD \u003c/formatting\u003e  \u003c/line\u003e  \u003c/par\u003e  \u003c/text\u003e  \u003c/td\u003e   \u003c/tr\u003e \n \u003c/tbody\u003e\u003c/table\u003e\n \u003cblock b\u003d\"2801\" blockname\u003d\"\" blocktype\u003d\"Text\" l\u003d\"140\" r\u003d\"2403\" style\u003d\"transform: translate(76px, 855px); position: absolute; width: 1229.12px; height: 319.548px;\" t\u003d\"2039\"\u003e \u003cregion\u003e \u003crect b\u003d\"2753\" l\u003d\"140\" r\u003d\"2403\" t\u003d\"2039\"\u003e\u003c/rect\u003e  \u003crect b\u003d\"2801\" l\u003d\"1789\" r\u003d\"2403\" t\u003d\"2753\"\u003e\u003c/rect\u003e  \u003c/region\u003e  \u003ctext\u003e \u003cpar linespacing\u003d\"630\"\u003e \u003cline b\u003d\"2072\" baseline\u003d\"2072\" l\u003d\"147\" r\u003d\"257\" style\u003d\"transform: translate(4px, 3px); position: absolute;\" t\u003d\"2045\"\u003e \u003cformatting lang\u003d\"EnglishUnitedStates\"\u003e Terms \u003c/formatting\u003e  \u003c/line\u003e  \u003c/par\u003e  \u003cpar linespacing\u003d\"1301\" rightindent\u003d\"12400\"\u003e \u003cline b\u003d\"2137\" baseline\u003d\"2129\" l\u003d\"146\" r\u003d\"1876\" style\u003d\"transform: translate(3px, 26px); position: absolute;\" t\u003d\"2102\"\u003e \u003cformatting lang\u003d\"EnglishUnitedStates\"\u003e All above services are complete. Please remit payment to the address above within 15 days. Invoices 30 \u003c/formatting\u003e  \u003c/line\u003e  \u003cline b\u003d\"2193\" baseline\u003d\"2185\" l\u003d\"147\" r\u003d\"1857\" style\u003d\"transform: translate(4px, 50px); position: absolute;\" t\u003d\"2158\"\u003e \u003cformatting lang\u003d\"EnglishUnitedStates\"\u003e days past due will be subject to a 5% late fee. An additional 5% will be charged for each subsequent 30 \u003c/formatting\u003e  \u003c/line\u003e  \u003cline b\u003d\"2249\" baseline\u003d\"2241\" l\u003d\"147\" r\u003d\"1066\" style\u003d\"transform: translate(4px, 73px); position: absolute;\" t\u003d\"2214\"\u003e \u003cformatting lang\u003d\"EnglishUnitedStates\"\u003e days. Please make checks payable to Dogs Fly Design. \u003c/formatting\u003e  \u003c/line\u003e  \u003c/par\u003e  \u003cpar linespacing\u003d\"1301\" rightindent\u003d\"12400\"\u003e \u003cline b\u003d\"2362\" baseline\u003d\"2354\" l\u003d\"150\" r\u003d\"1887\" style\u003d\"transform: translate(5px, 121px); position: absolute;\" t\u003d\"2327\"\u003e \u003cformatting lang\u003d\"EnglishUnitedStates\"\u003e 1 % has been added to your bill to help protect the views, trails, water and wildlife of the Ojai Valley. If you \u003c/formatting\u003e  \u003c/line\u003e  \u003cline b\u003d\"2418\" baseline\u003d\"2410\" l\u003d\"146\" r\u003d\"1511\" style\u003d\"transform: translate(3px, 144px); position: absolute;\" t\u003d\"2383\"\u003e \u003cformatting lang\u003d\"EnglishUnitedStates\"\u003e wish not to participate, please let me know and I will gladly remove it from your bill. \u003c/formatting\u003e  \u003c/line\u003e  \u003c/par\u003e  \u003cpar linespacing\u003d\"1324\" rightindent\u003d\"12400\"\u003e \u003cline b\u003d\"2530\" baseline\u003d\"2522\" l\u003d\"149\" r\u003d\"1800\" style\u003d\"transform: translate(5px, 191px); position: absolute;\" t\u003d\"2495\"\u003e \u003cformatting lang\u003d\"EnglishUnitedStates\"\u003e For more information on the 1% program, and to see how your business can participate, please visit \u003c/formatting\u003e  \u003c/line\u003e  \u003cline b\u003d\"2587\" baseline\u003d\"2579\" l\u003d\"147\" r\u003d\"441\" style\u003d\"transform: translate(4px, 215px); position: absolute;\" t\u003d\"2552\"\u003e \u003cformatting lang\u003d\"EnglishUnitedStates\"\u003e ovlc.org/1 percent \u003c/formatting\u003e  \u003c/line\u003e  \u003c/par\u003e  \u003cpar linespacing\u003d\"1510\"\u003e \u003cline b\u003d\"2747\" baseline\u003d\"2740\" l\u003d\"159\" r\u003d\"387\" style\u003d\"transform: translate(10px, 267px); position: absolute;\" t\u003d\"2675\"\u003e \u003cformatting lang\u003d\"EnglishUnitedStates\"\u003e l%FOR \u003c/formatting\u003e  \u003c/line\u003e  \u003c/par\u003e  \u003cpar align\u003d\"Right\" linespacing\u003d\"810\"\u003e \u003cline b\u003d\"2795\" baseline\u003d\"2788\" l\u003d\"1795\" r\u003d\"2397\" style\u003d\"transform: translate(899px, 299px); position: absolute;\" t\u003d\"2753\"\u003e \u003cformatting lang\u003d\"EnglishUnitedStates\"\u003e This invoice was sent using Flif BOOKS \u003c/formatting\u003e  \u003c/line\u003e  \u003c/par\u003e  \u003c/text\u003e  \u003c/block\u003e  \u003cblock b\u003d\"2922\" blockname\u003d\"\" blocktype\u003d\"Text\" l\u003d\"210\" r\u003d\"327\" style\u003d\"transform: translate(114px, 1212px); position: absolute; width: 63.5471px; height: 13.8387px;\" t\u003d\"2889\"\u003e \u003cregion\u003e \u003crect b\u003d\"2922\" l\u003d\"210\" r\u003d\"327\" t\u003d\"2889\"\u003e\u003c/rect\u003e  \u003c/region\u003e  \u003ctext\u003e \u003cpar leftindent\u003d\"1800\" linespacing\u003d\"510\"\u003e \u003cline b\u003d\"2916\" baseline\u003d\"2916\" l\u003d\"216\" r\u003d\"321\" style\u003d\"transform: translate(3px, 2px); position: absolute;\" t\u003d\"2894\"\u003e \u003cformatting lang\u003d\"EnglishUnitedStates\"\u003e partner \u003c/formatting\u003e  \u003c/line\u003e  \u003c/par\u003e  \u003c/text\u003e  \u003c/block\u003e  \u003cblock b\u003d\"2859\" blockname\u003d\"\" blocktype\u003d\"Text\" l\u003d\"143\" r\u003d\"393\" style\u003d\"transform: translate(78px, 1156px); position: absolute; width: 135.784px; height: 42.7742px;\" t\u003d\"2757\"\u003e \u003cregion\u003e \u003crect b\u003d\"2859\" l\u003d\"143\" r\u003d\"393\" t\u003d\"2757\"\u003e\u003c/rect\u003e  \u003c/region\u003e  \u003ctext\u003e \u003cpar linespacing\u003d\"1840\"\u003e \u003cline b\u003d\"2857\" baseline\u003d\"2838\" l\u003d\"145\" r\u003d\"391\" style\u003d\"transform: translate(1px, 1px); position: absolute;\" t\u003d\"2759\"\u003e \u003cformatting lang\u003d\"EnglishUnitedStates\"\u003e OJAI \u003c/formatting\u003e  \u003c/line\u003e  \u003c/par\u003e  \u003c/text\u003e  \u003c/block\u003e  \u003cblock b\u003d\"3133\" blockname\u003d\"\" blocktype\u003d\"Text\" l\u003d\"275\" r\u003d\"2273\" style\u003d\"transform: translate(149px, 1291px); position: absolute; width: 1085.19px; height: 23.0645px;\" t\u003d\"3078\"\u003e \u003cregion\u003e \u003crect b\u003d\"3133\" l\u003d\"275\" r\u003d\"2273\" t\u003d\"3078\"\u003e\u003c/rect\u003e  \u003c/region\u003e  \u003ctext\u003e \u003cpar align\u003d\"Center\" leftindent\u003d\"100\" linespacing\u003d\"790\"\u003e \u003cline b\u003d\"3127\" baseline\u003d\"3118\" l\u003d\"281\" r\u003d\"2267\" style\u003d\"transform: translate(3px, 3px); position: absolute;\" t\u003d\"3084\"\u003e \u003cformatting lang\u003d\"EnglishUnitedStates\"\u003e No need to print this invoice and send it back to me. Please save the paper, I already have a copyl \u003c/formatting\u003e  \u003c/line\u003e  \u003c/par\u003e  \u003c/text\u003e  \u003c/block\u003e  \u003cblock b\u003d\"2874\" blockname\u003d\"\" blocktype\u003d\"Separator\" l\u003d\"166\" r\u003d\"369\" style\u003d\"transform: translate(90px, 1203px); position: absolute;\" t\u003d\"2868\"\u003e \u003cregion\u003e \u003crect b\u003d\"2874\" l\u003d\"166\" r\u003d\"369\" t\u003d\"2868\"\u003e\u003c/rect\u003e  \u003c/region\u003e  \u003cseparator thickness\u003d\"2\" type\u003d\"Black\"\u003e \u003cstart x\u003d\"166\" y\u003d\"2871\"\u003e\u003c/start\u003e \u003cend x\u003d\"369\" y\u003d\"2871\"\u003e\u003c/end\u003e \u003c/separator\u003e \u003c/block\u003e  \u003cblock b\u003d\"1472\" blockname\u003d\"\" blocktype\u003d\"Text\" class\u003d\"hidden\" l\u003d\"145\" r\u003d\"2403\" style\u003d\"transform: translate(79px, 575px); position: absolute; width: 1226.4px; height: 42.7742px;\" t\u003d\"1370\"\u003e \u003cregion\u003e \u003crect b\u003d\"1472\" l\u003d\"145\" r\u003d\"2403\" t\u003d\"1370\"\u003e\u003c/rect\u003e  \u003c/region\u003e  \u003ctext\u003e \u003cpar align\u003d\"Justified\" linespacing\u003d\"670\"\u003e \u003cline b\u003d\"1443\" baseline\u003d\"1431\" l\u003d\"171\" r\u003d\"2379\" style\u003d\"transform: translate(14px, 13px); position: absolute;\" t\u003d\"1402\"\u003e \u003cformatting lang\u003d\"EnglishUnitedStates\"\u003e Item Description Unit Cost Quantity Line Total \u003c/formatting\u003e  \u003c/line\u003e  \u003c/par\u003e  \u003c/text\u003e  \u003c/block\u003e  \u003cblock b\u003d\"1087\" blockname\u003d\"\" blocktype\u003d\"Text\" class\u003d\"hidden\" l\u003d\"145\" r\u003d\"2403\" style\u003d\"transform: translate(79px, 413px); position: absolute; width: 1226.4px; height: 42.3548px;\" t\u003d\"986\"\u003e \u003cregion\u003e \u003crect b\u003d\"1087\" l\u003d\"145\" r\u003d\"2403\" t\u003d\"986\"\u003e\u003c/rect\u003e  \u003c/region\u003e  \u003ctext\u003e \u003cpar align\u003d\"Justified\" linespacing\u003d\"670\"\u003e \u003cline b\u003d\"1059\" baseline\u003d\"1047\" l\u003d\"169\" r\u003d\"2379\" style\u003d\"transform: translate(13px, 13px); position: absolute;\" t\u003d\"1018\"\u003e \u003cformatting lang\u003d\"EnglishUnitedStates\"\u003e Task Time Entry Notes Rate Hours Line Total \u003c/formatting\u003e  \u003c/line\u003e  \u003c/par\u003e  \u003c/text\u003e  \u003c/block\u003e  \u003cblock b\u003d\"793\" blockname\u003d\"\" blocktype\u003d\"Text\" l\u003d\"1492\" r\u003d\"2403\" style\u003d\"transform: translate(810px, 295px); position: absolute; width: 494.798px; height: 37.3226px;\" t\u003d\"704\"\u003e \u003cregion\u003e \u003crect b\u003d\"793\" l\u003d\"1492\" r\u003d\"2403\" t\u003d\"704\"\u003e\u003c/rect\u003e  \u003c/region\u003e  \u003ctext\u003e \u003cpar align\u003d\"Justified\" linespacing\u003d\"670\"\u003e \u003cline b\u003d\"766\" baseline\u003d\"763\" l\u003d\"1516\" r\u003d\"2379\" style\u003d\"transform: translate(13px, 13px); position: absolute;\" t\u003d\"734\"\u003e \u003cformatting lang\u003d\"EnglishUnitedStates\"\u003e Amount Due $421.05 USD \u003c/formatting\u003e  \u003c/line\u003e  \u003c/par\u003e  \u003c/text\u003e  \u003c/block\u003e  \u003cblock b\u003d\"1975\" blockname\u003d\"\" blocktype\u003d\"Text\" class\u003d\"hidden\" l\u003d\"1555\" r\u003d\"2403\" style\u003d\"transform: translate(845px, 791px); position: absolute; width: 460.58px; height: 37.3226px;\" t\u003d\"1886\"\u003e \u003cregion\u003e \u003crect b\u003d\"1975\" l\u003d\"1555\" r\u003d\"2403\" t\u003d\"1886\"\u003e\u003c/rect\u003e  \u003c/region\u003e  \u003ctext\u003e \u003cpar align\u003d\"Justified\" linespacing\u003d\"670\"\u003e \u003cline b\u003d\"1947\" baseline\u003d\"1944\" l\u003d\"1578\" r\u003d\"2379\" style\u003d\"transform: translate(12px, 12px); position: absolute;\" t\u003d\"1915\"\u003e \u003cformatting lang\u003d\"EnglishUnitedStates\"\u003e Amount Due $421.05 USD \u003c/formatting\u003e  \u003c/line\u003e  \u003c/par\u003e  \u003c/text\u003e  \u003c/block\u003e  \u003c/page\u003e     \u003c/document\u003e\u003c/body\u003e\u003c/html\u003e","tags":[{"begin":13,"end":28,"text":"Dogs Fly Design","tag":"supplier_name","fieldType":"COMPANY_NAME","score":0.6400178014485959,"estimatedAccuracy":0.0},{"begin":318,"end":322,"text":"1217","tag":"invoice_number","fieldType":"TEXT","score":0.8049410151184576,"estimatedAccuracy":0.0},{"begin":345,"end":360,"text":"August 28, 2014","tag":"invoice_date","fieldType":"DATE","score":0.7189180130549987,"estimatedAccuracy":0.0},{"begin":599,"end":604,"text":"75.00","tag":"price","fieldType":"NUMBER","score":0.5233375204008194,"estimatedAccuracy":0.0},{"begin":736,"end":741,"text":"75.00","tag":"price","fieldType":"NUMBER","score":0.46821190827232184,"estimatedAccuracy":0.0},{"begin":999,"end":1014,"text":"500 Invitations","tag":"product","fieldType":"TEXT","score":0.5720082156049622,"estimatedAccuracy":0.0},{"begin":1026,"end":1032,"text":"167.50","tag":"price","fieldType":"NUMBER","score":0.8428711958916284,"estimatedAccuracy":0.0},{"begin":1044,"end":1045,"text":"1","tag":"quantity","fieldType":"NUMBER","score":0.8618669833965515,"estimatedAccuracy":0.0},{"begin":1220,"end":1226,"text":"421.05","tag":"total_amount","fieldType":"NUMBER","score":0.548029166517393,"estimatedAccuracy":0.0}],"group":"invoice_date|invoice_number|price|product|quantity|supplier_name|total_amount","limeExplanation":{},"liblinearFeatureImportance":{}}