{"finalScore":0.699761902864531,"metaInfo":{"model":{"coreVersion":"10.3.0.39"}},"sumScore":3.4988095143226547,"tagsCounter":5.0,"taggedText":"\u003chtml\u003e\u003chead\u003e\u003cscript src\u003d\"https://ajax.googleapis.com/ajax/libs/jquery/2.2.0/jquery.min.js\"\u003e\u003c/script\u003e\u003c/head\u003e\u003cbody\u003e\u003cdocument languages\u003d\"\" producer\u003d\"Workfusion\" schemalocation\u003d\"http://ocr.crowdcomputingsystems.com/xml/schema-v1.xml\" version\u003d\"1.0\" xmlns\u003d\"http://ocr.crowdcomputingsystems.com/xml/schema-v1.xml\" xsi\u003d\"http://www.w3.org/2001/XMLSchema-instance\"\u003e \u003clink href\u003d\"https://s3.amazonaws.com/workfusion-resources/ocr/ocr-xml-viewer-0.3-scale-to-width.css\" rel\u003d\"stylesheet\" type\u003d\"text/css\"\u003e\u003c/link\u003e \u003cstyle\u003e\u003c/style\u003e\u003cpage data-pages\u003d\"1\" h\u003d\"689\" resolution\u003d\"96\" style\u003d\"height: 866px;\" w\u003d\"463\"\u003e \u003cblock b\u003d\"69\" blockname\u003d\"\" blocktype\u003d\"Text\" l\u003d\"288\" r\u003d\"393\" style\u003d\"transform: translate(862px, 70px); position: absolute; width: 314.093px; height: 23.0208px;\" t\u003d\"52\"\u003e \u003cregion\u003e \u003crect b\u003d\"69\" l\u003d\"288\" r\u003d\"393\" t\u003d\"52\"\u003e\u003c/rect\u003e  \u003c/region\u003e  \u003ctext\u003e \u003cpar linespacing\u003d\"750\"\u003e \u003cline b\u003d\"66\" baseline\u003d\"63\" l\u003d\"289\" r\u003d\"390\" style\u003d\"transform: translate(3px, 1px); position: absolute;\" t\u003d\"53\"\u003e \u003cformatting lang\u003d\"EnglishUnitedStates\"\u003e [lnsert logo here] \u003c/formatting\u003e  \u003c/line\u003e  \u003c/par\u003e  \u003c/text\u003e  \u003c/block\u003e  \u003cblock b\u003d\"99\" blockname\u003d\"\" blocktype\u003d\"Text\" l\u003d\"25\" r\u003d\"272\" style\u003d\"transform: translate(75px, 66px); position: absolute; width: 738.866px; height: 67.7083px;\" t\u003d\"49\"\u003e \u003cregion\u003e \u003crect b\u003d\"99\" l\u003d\"25\" r\u003d\"272\" t\u003d\"49\"\u003e\u003c/rect\u003e  \u003c/region\u003e  \u003ctext\u003e \u003cpar align\u003d\"Justified\" linespacing\u003d\"380\"\u003e \u003cline b\u003d\"75\" baseline\u003d\"74\" l\u003d\"27\" r\u003d\"166\" style\u003d\"transform: translate(6px, 27px); position: absolute;\" t\u003d\"69\"\u003e \u003cformatting lang\u003d\"EnglishUnitedStates\"\u003e 3t\u0026laquo;: .*ac\u0027tz Cty Sve \u003dc*:\u0026laquo;e. Ccuiry \u003c/formatting\u003e  \u003c/line\u003e  \u003c/par\u003e  \u003cpar align\u003d\"Justified\" linespacing\u003d\"675\"\u003e \u003cline b\u003d\"86\" baseline\u003d\"85\" l\u003d\"27\" r\u003d\"269\" style\u003d\"transform: translate(6px, 42px); position: absolute;\" t\u003d\"80\"\u003e \u003cformatting lang\u003d\"EnglishUnitedStates\"\u003e Til: 145\u0026copy; 5*56-123*. ;*5Q 3456-1235. 3~iM tom \u003c/formatting\u003e  \u003c/line\u003e  \u003c/par\u003e  \u003cpar align\u003d\"Justified\" linespacing\u003d\"675\"\u003e \u003cline b\u003d\"96\" baseline\u003d\"95\" l\u003d\"26\" r\u003d\"247\" style\u003d\"transform: translate(3px, 56px); position: absolute;\" t\u003d\"90\"\u003e \u003cformatting lang\u003d\"EnglishUnitedStates\"\u003e WHt \u0026laquo;nw\u0026lt;am can To Rr^SMon yc\u0026laquo; vsi reg ro \u003c/formatting\u003e  \u003c/line\u003e  \u003c/par\u003e  \u003c/text\u003e  \u003c/block\u003e  \u003cblock b\u003d\"174\" blockname\u003d\"\" blocktype\u003d\"Text\" l\u003d\"33\" r\u003d\"160\" style\u003d\"transform: translate(99px, 156px); position: absolute; width: 379.903px; height: 79.8958px;\" t\u003d\"115\"\u003e \u003cregion\u003e \u003crect b\u003d\"165\" l\u003d\"33\" r\u003d\"160\" t\u003d\"115\"\u003e\u003c/rect\u003e  \u003crect b\u003d\"174\" l\u003d\"33\" r\u003d\"87\" t\u003d\"165\"\u003e\u003c/rect\u003e  \u003c/region\u003e  \u003c/block\u003e  \u003cblock b\u003d\"177\" blockname\u003d\"\" blocktype\u003d\"Text\" l\u003d\"288\" r\u003d\"405\" style\u003d\"transform: translate(862px, 146px); position: absolute; width: 349.989px; height: 93.4375px;\" t\u003d\"108\"\u003e \u003cregion\u003e \u003crect b\u003d\"177\" l\u003d\"288\" r\u003d\"405\" t\u003d\"108\"\u003e\u003c/rect\u003e  \u003c/region\u003e  \u003ctext\u003e \u003cpar align\u003d\"Justified\" linespacing\u003d\"750\"\u003e \u003cline b\u003d\"119\" baseline\u003d\"119\" l\u003d\"290\" r\u003d\"338\" style\u003d\"transform: translate(6px, 1px); position: absolute;\" t\u003d\"109\"\u003e \u003cformatting lang\u003d\"EnglishUnitedStates\"\u003e INVOICE \u003c/formatting\u003e  \u003c/line\u003e  \u003c/par\u003e  \u003cpar align\u003d\"Justified\" linespacing\u003d\"750\"\u003e \u003cline b\u003d\"130\" baseline\u003d\"130\" l\u003d\"290\" r\u003d\"401\" style\u003d\"transform: translate(6px, 22px); position: absolute;\" t\u003d\"124\"\u003e \u003cformatting lang\u003d\"EnglishUnitedStates\"\u003e n ocew 1C\u0026laquo;1 \u003c/formatting\u003e  \u003c/line\u003e  \u003c/par\u003e  \u003cpar align\u003d\"Justified\" linespacing\u003d\"750\"\u003e \u003cline b\u003d\"141\" baseline\u003d\"142\" l\u003d\"290\" r\u003d\"402\" style\u003d\"transform: translate(6px, 37px); position: absolute;\" t\u003d\"135\"\u003e \u003cformatting lang\u003d\"EnglishUnitedStates\"\u003e CBS 21,08.2013 \u003c/formatting\u003e  \u003c/line\u003e  \u003c/par\u003e  \u003cpar linespacing\u003d\"750\" rightindent\u003d\"6200\"\u003e \u003cline b\u003d\"152\" baseline\u003d\"152\" l\u003d\"289\" r\u003d\"324\" style\u003d\"transform: translate(3px, 50px); position: absolute;\" t\u003d\"145\"\u003e \u003cformatting lang\u003d\"EnglishUnitedStates\"\u003e YOurReB \u003c/formatting\u003e  \u003c/line\u003e  \u003cline b\u003d\"162\" baseline\u003d\"162\" l\u003d\"290\" r\u003d\"321\" style\u003d\"transform: translate(6px, 64px); position: absolute;\" t\u003d\"155\"\u003e \u003cformatting lang\u003d\"EnglishUnitedStates\"\u003e OurReB \u003c/formatting\u003e  \u003c/line\u003e  \u003c/par\u003e  \u003cpar align\u003d\"Justified\" linespacing\u003d\"750\"\u003e \u003cline b\u003d\"174\" baseline\u003d\"172\" l\u003d\"290\" r\u003d\"402\" style\u003d\"transform: translate(6px, 79px); position: absolute;\" t\u003d\"166\"\u003e \u003cformatting lang\u003d\"EnglishUnitedStates\"\u003e Creot terns 30 days \u003c/formatting\u003e  \u003c/line\u003e  \u003c/par\u003e  \u003c/text\u003e  \u003c/block\u003e  \u003cregion xmlns\u003d\"http://ocr.crowdcomputingsystems.com/xml/schema-v1.xml\"\u003e \u003crect b\u003d\"547\" l\u003d\"26\" r\u003d\"405\" t\u003d\"196\"\u003e\u003c/rect\u003e  \u003c/region\u003e \u003ctable b\u003d\"547\" blockname\u003d\"\" blocktype\u003d\"Table\" l\u003d\"26\" r\u003d\"405\" style\u003d\"transform: translate(78px, 265px); position: absolute; user-select: auto;\" t\u003d\"196\" xmlns\u003d\"\"\u003e \u003ctbody\u003e\u003ctr\u003e \u003ctd h\u003d\"11\" w\u003d\"196\"\u003e \u003ctext xmlns\u003d\"http://ocr.crowdcomputingsystems.com/xml/schema-v1.xml\"\u003e \u003cpar leftindent\u003d\"800\" linespacing\u003d\"450\"\u003e \u003cline b\u003d\"205\" baseline\u003d\"203\" l\u003d\"37\" r\u003d\"79\" t\u003d\"197\"\u003e \u003cformatting lang\u003d\"EnglishUnitedStates\"\u003e Descnptai \u003c/formatting\u003e  \u003c/line\u003e  \u003c/par\u003e  \u003c/text\u003e  \u003c/td\u003e   \u003ctd h\u003d\"11\" w\u003d\"37\"\u003e \u003ctext xmlns\u003d\"http://ocr.crowdcomputingsystems.com/xml/schema-v1.xml\"\u003e \u003cpar linespacing\u003d\"450\"\u003e \u003cline b\u003d\"205\" baseline\u003d\"203\" l\u003d\"227\" r\u003d\"256\" t\u003d\"197\"\u003e \u003cformatting lang\u003d\"EnglishUnitedStates\"\u003e Quanta \u003c/formatting\u003e  \u003c/line\u003e  \u003c/par\u003e  \u003c/text\u003e  \u003c/td\u003e   \u003ctd h\u003d\"11\" w\u003d\"30\"\u003e \u003ctext xmlns\u003d\"http://ocr.crowdcomputingsystems.com/xml/schema-v1.xml\"\u003e \u003cpar linespacing\u003d\"450\"\u003e \u003cline b\u003d\"203\" baseline\u003d\"203\" l\u003d\"260\" r\u003d\"272\" t\u003d\"197\"\u003e \u003cformatting lang\u003d\"EnglishUnitedStates\"\u003e UM \u003c/formatting\u003e  \u003c/line\u003e  \u003c/par\u003e  \u003c/text\u003e  \u003c/td\u003e   \u003ctd h\u003d\"11\" w\u003d\"52\"\u003e \u003ctext xmlns\u003d\"http://ocr.crowdcomputingsystems.com/xml/schema-v1.xml\"\u003e \u003cpar align\u003d\"Right\" linespacing\u003d\"450\"\u003e \u003cline b\u003d\"203\" baseline\u003d\"203\" l\u003d\"304\" r\u003d\"338\" t\u003d\"197\"\u003e \u003cformatting lang\u003d\"EnglishUnitedStates\"\u003e Unit Price \u003c/formatting\u003e  \u003c/line\u003e  \u003c/par\u003e  \u003c/text\u003e  \u003c/td\u003e   \u003ctd h\u003d\"11\" w\u003d\"64\"\u003e \u003ctext xmlns\u003d\"http://ocr.crowdcomputingsystems.com/xml/schema-v1.xml\"\u003e \u003cpar align\u003d\"Right\" linespacing\u003d\"450\"\u003e \u003cline b\u003d\"203\" baseline\u003d\"203\" l\u003d\"370\" r\u003d\"399\" t\u003d\"197\"\u003e \u003cformatting lang\u003d\"EnglishUnitedStates\"\u003e Amount \u003c/formatting\u003e  \u003c/line\u003e  \u003c/par\u003e  \u003c/text\u003e  \u003c/td\u003e   \u003c/tr\u003e \n \u003ctr\u003e \u003ctd bottomborder\u003d\"White\" h\u003d\"21\" w\u003d\"196\"\u003e \u003ctext xmlns\u003d\"http://ocr.crowdcomputingsystems.com/xml/schema-v1.xml\"\u003e \u003cpar leftindent\u003d\"800\" linespacing\u003d\"450\"\u003e \u003cline b\u003d\"226\" baseline\u003d\"224\" l\u003d\"37\" r\u003d\"189\" t\u003d\"218\"\u003e \u003cformatting lang\u003d\"EnglishUnitedStates\"\u003e Bantng aiiwaisa-o ceingiDrwroenojse \u003c/formatting\u003e  \u003c/line\u003e  \u003c/par\u003e  \u003c/text\u003e  \u003c/td\u003e   \u003ctd bottomborder\u003d\"White\" h\u003d\"21\" w\u003d\"37\"\u003e \u003ctext xmlns\u003d\"http://ocr.crowdcomputingsystems.com/xml/schema-v1.xml\"\u003e \u003cpar linespacing\u003d\"-1\"\u003e\u003c/par\u003e  \u003c/text\u003e  \u003c/td\u003e   \u003ctd bottomborder\u003d\"White\" h\u003d\"21\" w\u003d\"30\"\u003e \u003ctext xmlns\u003d\"http://ocr.crowdcomputingsystems.com/xml/schema-v1.xml\"\u003e \u003cpar linespacing\u003d\"-1\"\u003e\u003c/par\u003e  \u003c/text\u003e  \u003c/td\u003e   \u003ctd bottomborder\u003d\"White\" h\u003d\"21\" w\u003d\"52\"\u003e \u003ctext xmlns\u003d\"http://ocr.crowdcomputingsystems.com/xml/schema-v1.xml\"\u003e \u003cpar linespacing\u003d\"-1\"\u003e\u003c/par\u003e  \u003c/text\u003e  \u003c/td\u003e   \u003ctd bottomborder\u003d\"White\" h\u003d\"21\" w\u003d\"64\"\u003e \u003ctext xmlns\u003d\"http://ocr.crowdcomputingsystems.com/xml/schema-v1.xml\"\u003e \u003cpar align\u003d\"Right\" linespacing\u003d\"450\"\u003e \u003cline b\u003d\"225\" baseline\u003d\"224\" l\u003d\"367\" r\u003d\"401\" t\u003d\"218\"\u003e \u003cformatting lang\u003d\"EnglishUnitedStates\"\u003e 52.00300 \u003c/formatting\u003e  \u003c/line\u003e  \u003c/par\u003e  \u003c/text\u003e  \u003c/td\u003e   \u003c/tr\u003e \n \u003ctr\u003e \u003ctd bottomborder\u003d\"White\" h\u003d\"15\" topborder\u003d\"White\" w\u003d\"196\"\u003e \u003ctext xmlns\u003d\"http://ocr.crowdcomputingsystems.com/xml/schema-v1.xml\"\u003e \u003cpar leftindent\u003d\"800\" linespacing\u003d\"450\"\u003e \u003cline b\u003d\"236\" baseline\u003d\"234\" l\u003d\"37\" r\u003d\"198\" t\u003d\"228\"\u003e \u003cformatting lang\u003d\"EnglishUnitedStates\"\u003e i rcijpes a 1 wall a*o ceilng sur^ce p e taratcn \u003c/formatting\u003e  \u003c/line\u003e  \u003c/par\u003e  \u003c/text\u003e  \u003c/td\u003e   \u003ctd bottomborder\u003d\"White\" h\u003d\"15\" topborder\u003d\"White\" w\u003d\"37\"\u003e \u003ctext xmlns\u003d\"http://ocr.crowdcomputingsystems.com/xml/schema-v1.xml\"\u003e \u003cpar linespacing\u003d\"-1\"\u003e\u003c/par\u003e  \u003c/text\u003e  \u003c/td\u003e   \u003ctd bottomborder\u003d\"White\" h\u003d\"15\" topborder\u003d\"White\" w\u003d\"30\"\u003e \u003ctext xmlns\u003d\"http://ocr.crowdcomputingsystems.com/xml/schema-v1.xml\"\u003e \u003cpar linespacing\u003d\"-1\"\u003e\u003c/par\u003e  \u003c/text\u003e  \u003c/td\u003e   \u003ctd bottomborder\u003d\"White\" h\u003d\"15\" topborder\u003d\"White\" w\u003d\"52\"\u003e \u003ctext xmlns\u003d\"http://ocr.crowdcomputingsystems.com/xml/schema-v1.xml\"\u003e \u003cpar linespacing\u003d\"-1\"\u003e\u003c/par\u003e  \u003c/text\u003e  \u003c/td\u003e   \u003ctd bottomborder\u003d\"White\" h\u003d\"15\" topborder\u003d\"White\" w\u003d\"64\"\u003e \u003ctext xmlns\u003d\"http://ocr.crowdcomputingsystems.com/xml/schema-v1.xml\"\u003e \u003cpar leftindent\u003d\"1600\" linespacing\u003d\"-1\"\u003e\u003c/par\u003e  \u003c/text\u003e  \u003c/td\u003e   \u003c/tr\u003e \n \u003ctr\u003e \u003ctd bottomborder\u003d\"White\" h\u003d\"16\" topborder\u003d\"White\" w\u003d\"196\"\u003e \u003ctext xmlns\u003d\"http://ocr.crowdcomputingsystems.com/xml/schema-v1.xml\"\u003e \u003cpar leftindent\u003d\"800\" linespacing\u003d\"450\"\u003e \u003cline b\u003d\"257\" baseline\u003d\"255\" l\u003d\"36\" r\u003d\"66\" t\u003d\"249\"\u003e \u003cformatting lang\u003d\"EnglishUnitedStates\"\u003e Slopes \u003c/formatting\u003e  \u003c/line\u003e  \u003c/par\u003e  \u003c/text\u003e  \u003c/td\u003e   \u003ctd bottomborder\u003d\"White\" h\u003d\"16\" topborder\u003d\"White\" w\u003d\"37\"\u003e \u003ctext xmlns\u003d\"http://ocr.crowdcomputingsystems.com/xml/schema-v1.xml\"\u003e \u003cpar linespacing\u003d\"-1\"\u003e\u003c/par\u003e  \u003c/text\u003e  \u003c/td\u003e   \u003ctd bottomborder\u003d\"White\" h\u003d\"16\" topborder\u003d\"White\" w\u003d\"30\"\u003e \u003ctext xmlns\u003d\"http://ocr.crowdcomputingsystems.com/xml/schema-v1.xml\"\u003e \u003cpar linespacing\u003d\"-1\"\u003e\u003c/par\u003e  \u003c/text\u003e  \u003c/td\u003e   \u003ctd bottomborder\u003d\"White\" h\u003d\"16\" topborder\u003d\"White\" w\u003d\"52\"\u003e \u003ctext xmlns\u003d\"http://ocr.crowdcomputingsystems.com/xml/schema-v1.xml\"\u003e \u003cpar linespacing\u003d\"-1\"\u003e\u003c/par\u003e  \u003c/text\u003e  \u003c/td\u003e   \u003ctd bottomborder\u003d\"White\" h\u003d\"16\" topborder\u003d\"White\" w\u003d\"64\"\u003e \u003ctext xmlns\u003d\"http://ocr.crowdcomputingsystems.com/xml/schema-v1.xml\"\u003e \u003cpar leftindent\u003d\"1600\" linespacing\u003d\"-1\"\u003e\u003c/par\u003e  \u003c/text\u003e  \u003c/td\u003e   \u003c/tr\u003e \n \u003ctr\u003e \u003ctd bottomborder\u003d\"White\" h\u003d\"10\" topborder\u003d\"White\" w\u003d\"196\"\u003e \u003ctext xmlns\u003d\"http://ocr.crowdcomputingsystems.com/xml/schema-v1.xml\"\u003e \u003cpar leftindent\u003d\"800\" linespacing\u003d\"450\"\u003e \u003cline b\u003d\"267\" baseline\u003d\"265\" l\u003d\"36\" r\u003d\"70\" t\u003d\"259\"\u003ewall pant\u003c/line\u003e  \u003c/par\u003e  \u003c/text\u003e  \u003c/td\u003e   \u003ctd bottomborder\u003d\"White\" h\u003d\"10\" topborder\u003d\"White\" w\u003d\"37\"\u003e \u003ctext xmlns\u003d\"http://ocr.crowdcomputingsystems.com/xml/schema-v1.xml\"\u003e \u003cpar align\u003d\"Center\" leftindent\u003d\"100\" linespacing\u003d\"450\"\u003e \u003cline b\u003d\"265\" baseline\u003d\"265\" l\u003d\"236\" r\u003d\"244\" t\u003d\"259\"\u003e\u003cquantity appendorder\u003d\"5\" class\u003d\"extraction-tag\" confidence\u003d\"1/1\" data-original-title\u003d\"construction_type\" data-toggle\u003d\"tooltip\" data-value\u003d\"10\" fold-name\u003d\"fold1\" injection\u003d\"true\" referencedatausedininjection\u003d\"manual\" score\u003d\"0.7026574481098178\" style\u003d\"background-color: rgb(11, 47, 140);  color: rgb(255, 255, 255);   border: 2px solid rgb(125, 157, 1); \" tagorder\u003d\"8548235\"\u003e10\u003c/quantity\u003e\u003c/line\u003e  \u003c/par\u003e  \u003c/text\u003e  \u003c/td\u003e   \u003ctd bottomborder\u003d\"White\" h\u003d\"10\" topborder\u003d\"White\" w\u003d\"30\"\u003e \u003ctext xmlns\u003d\"http://ocr.crowdcomputingsystems.com/xml/schema-v1.xml\"\u003e \u003cpar linespacing\u003d\"530\"\u003e \u003cline b\u003d\"265\" baseline\u003d\"266\" l\u003d\"260\" r\u003d\"279\" t\u003d\"259\"\u003e \u003cformatting lang\u003d\"EnglishUnitedStates\"\u003e Sitns \u003c/formatting\u003e  \u003c/line\u003e  \u003c/par\u003e  \u003c/text\u003e  \u003c/td\u003e   \u003ctd bottomborder\u003d\"White\" h\u003d\"10\" topborder\u003d\"White\" w\u003d\"52\"\u003e \u003ctext xmlns\u003d\"http://ocr.crowdcomputingsystems.com/xml/schema-v1.xml\"\u003e \u003cpar align\u003d\"Right\" linespacing\u003d\"450\"\u003e \u003cline b\u003d\"266\" baseline\u003d\"265\" l\u003d\"316\" r\u003d\"339\" t\u003d\"259\"\u003e\u003cprice appendorder\u003d\"5\" class\u003d\"extraction-tag\" confidence\u003d\"1/1\" data-original-title\u003d\"construction_type\" data-toggle\u003d\"tooltip\" data-value\u003d\"57803\" fold-name\u003d\"fold1\" injection\u003d\"true\" referencedatausedininjection\u003d\"manual\" score\u003d\"0.8688575814623342\" style\u003d\"background-color: rgb(140, 250, 187);  color: rgb(0, 0, 0);   border: 2px solid rgb(125, 157, 1); \" tagorder\u003d\"5082935\"\u003e57803\u003c/price\u003e\u003c/line\u003e  \u003c/par\u003e  \u003c/text\u003e  \u003c/td\u003e   \u003ctd bottomborder\u003d\"White\" h\u003d\"10\" topborder\u003d\"White\" w\u003d\"64\"\u003e \u003ctext xmlns\u003d\"http://ocr.crowdcomputingsystems.com/xml/schema-v1.xml\"\u003e \u003cpar align\u003d\"Right\" linespacing\u003d\"450\"\u003e \u003cline b\u003d\"266\" baseline\u003d\"265\" l\u003d\"374\" r\u003d\"401\" t\u003d\"259\"\u003e \u003cformatting lang\u003d\"EnglishUnitedStates\"\u003e S7830C \u003c/formatting\u003e  \u003c/line\u003e  \u003c/par\u003e  \u003c/text\u003e  \u003c/td\u003e   \u003c/tr\u003e \n \u003ctr\u003e \u003ctd h\u003d\"202\" topborder\u003d\"White\" w\u003d\"196\"\u003e \u003ctext xmlns\u003d\"http://ocr.crowdcomputingsystems.com/xml/schema-v1.xml\"\u003e \u003cpar leftindent\u003d\"800\" linespacing\u003d\"450\"\u003e \u003cline b\u003d\"278\" baseline\u003d\"276\" l\u003d\"37\" r\u003d\"79\" t\u003d\"270\"\u003eceiingpare\u003c/line\u003e  \u003c/par\u003e  \u003c/text\u003e  \u003c/td\u003e   \u003ctd h\u003d\"202\" topborder\u003d\"White\" w\u003d\"37\"\u003e \u003ctext xmlns\u003d\"http://ocr.crowdcomputingsystems.com/xml/schema-v1.xml\"\u003e \u003cpar align\u003d\"Center\" leftindent\u003d\"100\" linespacing\u003d\"450\"\u003e \u003cline b\u003d\"276\" baseline\u003d\"276\" l\u003d\"237\" r\u003d\"241\" t\u003d\"270\"\u003e\u003cquantity appendorder\u003d\"5\" class\u003d\"extraction-tag\" confidence\u003d\"1/1\" data-original-title\u003d\"construction_type\" data-toggle\u003d\"tooltip\" data-value\u003d\"6\" fold-name\u003d\"fold1\" injection\u003d\"true\" referencedatausedininjection\u003d\"manual\" score\u003d\"0.7496860828432999\" style\u003d\"background-color: rgb(11, 47, 140);  color: rgb(255, 255, 255);   border: 2px solid rgb(125, 157, 1); \" tagorder\u003d\"2453639\"\u003e6\u003c/quantity\u003e\u003c/line\u003e  \u003c/par\u003e  \u003c/text\u003e  \u003c/td\u003e   \u003ctd h\u003d\"202\" topborder\u003d\"White\" w\u003d\"30\"\u003e \u003ctext xmlns\u003d\"http://ocr.crowdcomputingsystems.com/xml/schema-v1.xml\"\u003e \u003cpar linespacing\u003d\"530\"\u003e \u003cline b\u003d\"276\" baseline\u003d\"277\" l\u003d\"260\" r\u003d\"279\" t\u003d\"270\"\u003e \u003cformatting lang\u003d\"EnglishUnitedStates\"\u003e sitns \u003c/formatting\u003e  \u003c/line\u003e  \u003c/par\u003e  \u003c/text\u003e  \u003c/td\u003e   \u003ctd h\u003d\"202\" topborder\u003d\"White\" w\u003d\"52\"\u003e \u003ctext xmlns\u003d\"http://ocr.crowdcomputingsystems.com/xml/schema-v1.xml\"\u003e \u003cpar align\u003d\"Right\" linespacing\u003d\"450\"\u003e \u003cline b\u003d\"277\" baseline\u003d\"276\" l\u003d\"316\" r\u003d\"339\" t\u003d\"270\"\u003e\u003cprice class\u003d\"extraction-tag\" data-value\u003d\"566\" fold-name\u003d\"fold1\" ml-tagorder\u003d\"8548238\" score\u003d\"0.6883191435729838\" tagorder\u003d\"8548238\"\u003e566\u003c/price\u003e \u003cprice class\u003d\"extraction-tag\" data-value\u003d\"03\" fold-name\u003d\"fold1\" ml-tagorder\u003d\"8548239\" score\u003d\"0.4892892583342188\" tagorder\u003d\"8548239\"\u003e03\u003c/price\u003e\u003c/line\u003e  \u003c/par\u003e  \u003c/text\u003e  \u003c/td\u003e   \u003ctd h\u003d\"202\" topborder\u003d\"White\" w\u003d\"64\"\u003e \u003ctext xmlns\u003d\"http://ocr.crowdcomputingsystems.com/xml/schema-v1.xml\"\u003e \u003cpar align\u003d\"Right\" linespacing\u003d\"450\"\u003e \u003cline b\u003d\"277\" baseline\u003d\"276\" l\u003d\"374\" r\u003d\"401\" t\u003d\"270\"\u003e \u003cformatting lang\u003d\"EnglishUnitedStates\"\u003e 53S60C \u003c/formatting\u003e  \u003c/line\u003e  \u003c/par\u003e  \u003c/text\u003e  \u003c/td\u003e   \u003c/tr\u003e \n \u003ctr\u003e \u003ctd bottomborder\u003d\"White\" h\u003d\"10\" leftborder\u003d\"White\" rightborder\u003d\"White\" w\u003d\"196\"\u003e \u003ctext xmlns\u003d\"http://ocr.crowdcomputingsystems.com/xml/schema-v1.xml\"\u003e \u003cpar linespacing\u003d\"-1\"\u003e\u003c/par\u003e  \u003c/text\u003e  \u003c/td\u003e   \u003ctd bottomborder\u003d\"White\" h\u003d\"10\" leftborder\u003d\"White\" rightborder\u003d\"White\" w\u003d\"37\"\u003e \u003ctext xmlns\u003d\"http://ocr.crowdcomputingsystems.com/xml/schema-v1.xml\"\u003e \u003cpar linespacing\u003d\"-1\"\u003e\u003c/par\u003e  \u003c/text\u003e  \u003c/td\u003e   \u003ctd bottomborder\u003d\"White\" h\u003d\"10\" leftborder\u003d\"White\" w\u003d\"30\"\u003e \u003ctext xmlns\u003d\"http://ocr.crowdcomputingsystems.com/xml/schema-v1.xml\"\u003e \u003cpar linespacing\u003d\"-1\"\u003e\u003c/par\u003e  \u003c/text\u003e  \u003c/td\u003e   \u003ctd h\u003d\"10\" w\u003d\"52\"\u003e \u003ctext xmlns\u003d\"http://ocr.crowdcomputingsystems.com/xml/schema-v1.xml\"\u003e \u003cpar align\u003d\"Right\" linespacing\u003d\"530\"\u003e \u003cline b\u003d\"477\" baseline\u003d\"478\" l\u003d\"306\" r\u003d\"339\" t\u003d\"471\"\u003e \u003cformatting lang\u003d\"EnglishUnitedStates\"\u003e 5uD TOBI \u003c/formatting\u003e  \u003c/line\u003e  \u003c/par\u003e  \u003c/text\u003e  \u003c/td\u003e   \u003ctd h\u003d\"10\" w\u003d\"64\"\u003e \u003ctext xmlns\u003d\"http://ocr.crowdcomputingsystems.com/xml/schema-v1.xml\"\u003e \u003cpar leftindent\u003d\"1600\" linespacing\u003d\"-1\"\u003e\u003c/par\u003e  \u003c/text\u003e  \u003c/td\u003e   \u003c/tr\u003e \n \u003ctr\u003e \u003ctd h\u003d\"10\" leftborder\u003d\"White\" rightborder\u003d\"White\" topborder\u003d\"White\" w\u003d\"196\"\u003e \u003ctext xmlns\u003d\"http://ocr.crowdcomputingsystems.com/xml/schema-v1.xml\"\u003e \u003cpar linespacing\u003d\"450\"\u003e \u003cline b\u003d\"487\" baseline\u003d\"487\" l\u003d\"27\" r\u003d\"65\" t\u003d\"481\"\u003e \u003cformatting lang\u003d\"EnglishUnitedStates\"\u003e Comments \u003c/formatting\u003e  \u003c/line\u003e  \u003c/par\u003e  \u003c/text\u003e  \u003c/td\u003e   \u003ctd h\u003d\"10\" leftborder\u003d\"White\" rightborder\u003d\"White\" topborder\u003d\"White\" w\u003d\"37\"\u003e \u003ctext xmlns\u003d\"http://ocr.crowdcomputingsystems.com/xml/schema-v1.xml\"\u003e \u003cpar linespacing\u003d\"-1\"\u003e\u003c/par\u003e  \u003c/text\u003e  \u003c/td\u003e   \u003ctd bottomborder\u003d\"White\" h\u003d\"10\" leftborder\u003d\"White\" topborder\u003d\"White\" w\u003d\"30\"\u003e \u003ctext xmlns\u003d\"http://ocr.crowdcomputingsystems.com/xml/schema-v1.xml\"\u003e \u003cpar linespacing\u003d\"-1\"\u003e\u003c/par\u003e  \u003c/text\u003e  \u003c/td\u003e   \u003ctd h\u003d\"10\" w\u003d\"52\"\u003e \u003ctext xmlns\u003d\"http://ocr.crowdcomputingsystems.com/xml/schema-v1.xml\"\u003e \u003cpar align\u003d\"Right\" linespacing\u003d\"380\"\u003e \u003cline b\u003d\"487\" baseline\u003d\"487\" l\u003d\"327\" r\u003d\"339\" t\u003d\"482\"\u003e \u003cformatting lang\u003d\"EnglishUnitedStates\"\u003e Tai \u003c/formatting\u003e  \u003c/line\u003e  \u003c/par\u003e  \u003c/text\u003e  \u003c/td\u003e   \u003ctd h\u003d\"10\" w\u003d\"64\"\u003e \u003ctext xmlns\u003d\"http://ocr.crowdcomputingsystems.com/xml/schema-v1.xml\"\u003e \u003cpar align\u003d\"Right\" linespacing\u003d\"450\"\u003e \u003cline b\u003d\"488\" baseline\u003d\"487\" l\u003d\"374\" r\u003d\"401\" t\u003d\"481\"\u003e \u003cformatting lang\u003d\"EnglishUnitedStates\"\u003e 5517.6C \u003c/formatting\u003e  \u003c/line\u003e  \u003c/par\u003e  \u003c/text\u003e  \u003c/td\u003e   \u003c/tr\u003e \n \u003ctr\u003e \u003ctd bottomborder\u003d\"White\" h\u003d\"11\" rightborder\u003d\"White\" w\u003d\"196\"\u003e \u003ctext xmlns\u003d\"http://ocr.crowdcomputingsystems.com/xml/schema-v1.xml\"\u003e \u003cpar linespacing\u003d\"-1\"\u003e\u003c/par\u003e  \u003c/text\u003e  \u003c/td\u003e   \u003ctd bottomborder\u003d\"White\" h\u003d\"11\" leftborder\u003d\"White\" w\u003d\"37\"\u003e \u003ctext xmlns\u003d\"http://ocr.crowdcomputingsystems.com/xml/schema-v1.xml\"\u003e \u003cpar linespacing\u003d\"-1\"\u003e\u003c/par\u003e  \u003c/text\u003e  \u003c/td\u003e   \u003ctd bottomborder\u003d\"White\" h\u003d\"11\" topborder\u003d\"White\" w\u003d\"30\"\u003e \u003ctext xmlns\u003d\"http://ocr.crowdcomputingsystems.com/xml/schema-v1.xml\"\u003e \u003cpar linespacing\u003d\"-1\"\u003e\u003c/par\u003e  \u003c/text\u003e  \u003c/td\u003e   \u003ctd h\u003d\"11\" w\u003d\"52\"\u003e \u003ctext xmlns\u003d\"http://ocr.crowdcomputingsystems.com/xml/schema-v1.xml\"\u003e \u003cpar align\u003d\"Right\" linespacing\u003d\"450\"\u003e \u003cline b\u003d\"498\" baseline\u003d\"498\" l\u003d\"293\" r\u003d\"339\" t\u003d\"492\"\u003e \u003cformatting lang\u003d\"EnglishUnitedStates\"\u003e irvaceToBl \u003c/formatting\u003e  \u003c/line\u003e  \u003c/par\u003e  \u003c/text\u003e  \u003c/td\u003e   \u003ctd h\u003d\"11\" w\u003d\"64\"\u003e \u003ctext xmlns\u003d\"http://ocr.crowdcomputingsystems.com/xml/schema-v1.xml\"\u003e \u003cpar align\u003d\"Right\" linespacing\u003d\"450\"\u003e \u003cline b\u003d\"499\" baseline\u003d\"498\" l\u003d\"367\" r\u003d\"401\" t\u003d\"492\"\u003e \u003cformatting lang\u003d\"EnglishUnitedStates\"\u003e 53.493.60 \u003c/formatting\u003e  \u003c/line\u003e  \u003c/par\u003e  \u003c/text\u003e  \u003c/td\u003e   \u003c/tr\u003e \n \u003ctr\u003e \u003ctd bottomborder\u003d\"White\" h\u003d\"21\" rightborder\u003d\"White\" topborder\u003d\"White\" w\u003d\"196\"\u003e \u003ctext xmlns\u003d\"http://ocr.crowdcomputingsystems.com/xml/schema-v1.xml\"\u003e \u003cpar linespacing\u003d\"-1\"\u003e\u003c/par\u003e  \u003c/text\u003e  \u003c/td\u003e   \u003ctd bottomborder\u003d\"White\" h\u003d\"21\" leftborder\u003d\"White\" topborder\u003d\"White\" w\u003d\"37\"\u003e \u003ctext xmlns\u003d\"http://ocr.crowdcomputingsystems.com/xml/schema-v1.xml\"\u003e \u003cpar linespacing\u003d\"-1\"\u003e\u003c/par\u003e  \u003c/text\u003e  \u003c/td\u003e   \u003ctd bottomborder\u003d\"White\" h\u003d\"21\" topborder\u003d\"White\" w\u003d\"30\"\u003e \u003ctext xmlns\u003d\"http://ocr.crowdcomputingsystems.com/xml/schema-v1.xml\"\u003e \u003cpar linespacing\u003d\"-1\"\u003e\u003c/par\u003e  \u003c/text\u003e  \u003c/td\u003e   \u003ctd h\u003d\"21\" w\u003d\"52\"\u003e \u003ctext xmlns\u003d\"http://ocr.crowdcomputingsystems.com/xml/schema-v1.xml\"\u003e \u003cpar align\u003d\"Right\" linespacing\u003d\"825\"\u003e \u003cline b\u003d\"510\" baseline\u003d\"508\" l\u003d\"311\" r\u003d\"339\" t\u003d\"500\"\u003e \u003cformatting lang\u003d\"EnglishUnitedStates\"\u003e Be\u0026rsquo;W/ \u003c/formatting\u003e  \u003c/line\u003e  \u003cline b\u003d\"519\" baseline\u003d\"519\" l\u003d\"292\" r\u003d\"340\" t\u003d\"513\"\u003e \u003cformatting lang\u003d\"EnglishUnitedStates\"\u003e A mount Pa d \u003c/formatting\u003e  \u003c/line\u003e  \u003c/par\u003e  \u003c/text\u003e  \u003c/td\u003e   \u003ctd h\u003d\"21\" w\u003d\"64\"\u003e \u003ctext xmlns\u003d\"http://ocr.crowdcomputingsystems.com/xml/schema-v1.xml\"\u003e \u003cpar leftindent\u003d\"1600\" linespacing\u003d\"-1\"\u003e\u003c/par\u003e  \u003c/text\u003e  \u003c/td\u003e   \u003c/tr\u003e \n \u003ctr\u003e \u003ctd h\u003d\"24\" rightborder\u003d\"White\" topborder\u003d\"White\" w\u003d\"196\"\u003e \u003ctext xmlns\u003d\"http://ocr.crowdcomputingsystems.com/xml/schema-v1.xml\"\u003e \u003cpar linespacing\u003d\"-1\"\u003e\u003c/par\u003e  \u003c/text\u003e  \u003c/td\u003e   \u003ctd h\u003d\"24\" leftborder\u003d\"White\" topborder\u003d\"White\" w\u003d\"37\"\u003e \u003ctext xmlns\u003d\"http://ocr.crowdcomputingsystems.com/xml/schema-v1.xml\"\u003e \u003cpar linespacing\u003d\"-1\"\u003e\u003c/par\u003e  \u003c/text\u003e  \u003c/td\u003e   \u003ctd bottomborder\u003d\"White\" h\u003d\"24\" topborder\u003d\"White\" w\u003d\"30\"\u003e \u003ctext xmlns\u003d\"http://ocr.crowdcomputingsystems.com/xml/schema-v1.xml\"\u003e \u003cpar linespacing\u003d\"-1\"\u003e\u003c/par\u003e  \u003c/text\u003e  \u003c/td\u003e   \u003ctd bottomborder\u003d\"White\" h\u003d\"24\" w\u003d\"52\"\u003e \u003ctext xmlns\u003d\"http://ocr.crowdcomputingsystems.com/xml/schema-v1.xml\"\u003e \u003cpar align\u003d\"Right\" linespacing\u003d\"530\"\u003e \u003cline b\u003d\"531\" baseline\u003d\"532\" l\u003d\"294\" r\u003d\"339\" t\u003d\"525\"\u003e \u003cformatting lang\u003d\"EnglishUnitedStates\"\u003e Baa nee Die \u003c/formatting\u003e  \u003c/line\u003e  \u003c/par\u003e  \u003c/text\u003e  \u003c/td\u003e   \u003ctd bottomborder\u003d\"White\" h\u003d\"24\" w\u003d\"64\"\u003e \u003ctext xmlns\u003d\"http://ocr.crowdcomputingsystems.com/xml/schema-v1.xml\"\u003e \u003cpar align\u003d\"Right\" linespacing\u003d\"530\"\u003e \u003cline b\u003d\"532\" baseline\u003d\"531\" l\u003d\"362\" r\u003d\"400\" t\u003d\"524\"\u003e \u003cformatting lang\u003d\"EnglishUnitedStates\"\u003e S3 433 ft \u003c/formatting\u003e  \u003c/line\u003e  \u003c/par\u003e  \u003c/text\u003e  \u003c/td\u003e   \u003c/tr\u003e \n \u003c/tbody\u003e\u003c/table\u003e\n \u003cblock b\u003d\"628\" blockname\u003d\"\" blocktype\u003d\"Text\" l\u003d\"25\" r\u003d\"269\" style\u003d\"transform: translate(75px, 779px); position: absolute; width: 729.892px; height: 71.7708px;\" t\u003d\"575\"\u003e \u003cregion\u003e \u003crect b\u003d\"628\" l\u003d\"25\" r\u003d\"269\" t\u003d\"575\"\u003e\u003c/rect\u003e  \u003c/region\u003e  \u003ctext\u003e \u003cpar linespacing\u003d\"750\"\u003e \u003cline b\u003d\"583\" baseline\u003d\"583\" l\u003d\"27\" r\u003d\"99\" style\u003d\"transform: translate(6px, 3px); position: absolute;\" t\u003d\"577\"\u003e \u003cformatting lang\u003d\"EnglishUnitedStates\"\u003e Terms 8 Conditions \u003c/formatting\u003e  \u003c/line\u003e  \u003c/par\u003e  \u003cpar linespacing\u003d\"750\"\u003e \u003cline b\u003d\"595\" baseline\u003d\"595\" l\u003d\"26\" r\u003d\"266\" style\u003d\"transform: translate(3px, 19px); position: absolute;\" t\u003d\"589\"\u003e \u003cformatting lang\u003d\"EnglishUnitedStates\"\u003e - \u003dewe rnsM cneetf ffwM \u0026raquo;y -e*3 My as \u0026lt; \u0026raquo;\u0026quot;\u0026gt;OUR B-\u0026gt;3NE3S NAM E \u003c/formatting\u003e  \u003c/line\u003e  \u003c/par\u003e  \u003cpar linespacing\u003d\"750\" rightindent\u003d\"10400\"\u003e \u003cline b\u003d\"606\" baseline\u003d\"604\" l\u003d\"26\" r\u003d\"244\" style\u003d\"transform: translate(3px, 33px); position: absolute;\" t\u003d\"599\"\u003e \u003cformatting lang\u003d\"EnglishUnitedStates\"\u003e - \u0026ldquo;a \u0026quot;ve-n\u0026raquo; \u0026quot;oy aso m ^na* oi wfe ra-tfe \u0026raquo; WWBWg scocm \u003c/formatting\u003e  \u003c/line\u003e  \u003cline b\u003d\"614\" baseline\u003d\"614\" l\u003d\"26\" r\u003d\"81\" style\u003d\"transform: translate(3px, 45px); position: absolute;\" t\u003d\"608\"\u003e \u003cformatting lang\u003d\"EnglishUnitedStates\"\u003e AxojitName : \u003c/formatting\u003e  \u003c/line\u003e  \u003c/par\u003e  \u003cpar linespacing\u003d\"750\"\u003e \u003cline b\u003d\"625\" baseline\u003d\"625\" l\u003d\"26\" r\u003d\"72\" style\u003d\"transform: translate(3px, 60px); position: absolute;\" t\u003d\"619\"\u003e \u003cformatting lang\u003d\"EnglishUnitedStates\"\u003e AXOJltSO* \u003c/formatting\u003e  \u003c/line\u003e  \u003c/par\u003e  \u003c/text\u003e  \u003c/block\u003e  \u003cblock b\u003d\"640\" blockname\u003d\"\" blocktype\u003d\"Text\" l\u003d\"148\" r\u003d\"257\" style\u003d\"transform: translate(443px, 850px); position: absolute; width: 326.058px; height: 16.25px;\" t\u003d\"628\"\u003e \u003cregion\u003e \u003crect b\u003d\"640\" l\u003d\"148\" r\u003d\"257\" t\u003d\"628\"\u003e\u003c/rect\u003e  \u003c/region\u003e  \u003ctext\u003e \u003cpar leftindent\u003d\"9300\" linespacing\u003d\"450\"\u003e \u003cline b\u003d\"637\" baseline\u003d\"635\" l\u003d\"149\" r\u003d\"254\" style\u003d\"transform: translate(3px, 1px); position: absolute;\" t\u003d\"629\"\u003e \u003cformatting lang\u003d\"EnglishUnitedStates\"\u003e Ttian*you fay our Business \u003c/formatting\u003e  \u003c/line\u003e  \u003c/par\u003e  \u003c/text\u003e  \u003c/block\u003e  \u003cblock b\u003d\"689\" blockname\u003d\"\" blocktype\u003d\"SeparatorsBox\" class\u003d\"hidden\" l\u003d\"0\" r\u003d\"463\" style\u003d\"transform: translate(0px, 0px); position: absolute;\" t\u003d\"0\"\u003e \u003cregion\u003e \u003crect b\u003d\"5\" l\u003d\"0\" r\u003d\"463\" t\u003d\"0\"\u003e\u003c/rect\u003e  \u003crect b\u003d\"684\" l\u003d\"0\" r\u003d\"463\" t\u003d\"5\"\u003e\u003c/rect\u003e  \u003crect b\u003d\"687\" l\u003d\"0\" r\u003d\"463\" t\u003d\"684\"\u003e\u003c/rect\u003e  \u003crect b\u003d\"689\" l\u003d\"2\" r\u003d\"463\" t\u003d\"687\"\u003e\u003c/rect\u003e  \u003c/region\u003e  \u003cseparatorsbox\u003e \u003cseparator thickness\u003d\"5\" type\u003d\"Black\"\u003e \u003cstart x\u003d\"0\" y\u003d\"2\"\u003e\u003c/start\u003e \u003cend x\u003d\"463\" y\u003d\"2\"\u003e\u003c/end\u003e \u003c/separator\u003e \u003cseparator thickness\u003d\"4\" type\u003d\"Black\"\u003e \u003cstart x\u003d\"2\" y\u003d\"686\"\u003e\u003c/start\u003e \u003cend x\u003d\"463\" y\u003d\"686\"\u003e\u003c/end\u003e \u003c/separator\u003e \u003cseparator thickness\u003d\"4\" type\u003d\"Black\"\u003e \u003cstart x\u003d\"2\" y\u003d\"0\"\u003e\u003c/start\u003e \u003cend x\u003d\"2\" y\u003d\"687\"\u003e\u003c/end\u003e \u003c/separator\u003e \u003cseparator thickness\u003d\"5\" type\u003d\"Black\"\u003e \u003cstart x\u003d\"460\" y\u003d\"0\"\u003e\u003c/start\u003e \u003cend x\u003d\"460\" y\u003d\"689\"\u003e\u003c/end\u003e \u003c/separator\u003e \u003c/separatorsbox\u003e \u003c/block\u003e  \u003cblock b\u003d\"110\" blockname\u003d\"\" blocktype\u003d\"Separator\" l\u003d\"27\" r\u003d\"260\" style\u003d\"transform: translate(81px, 148px); position: absolute;\" t\u003d\"109\"\u003e \u003cregion\u003e \u003crect b\u003d\"110\" l\u003d\"27\" r\u003d\"260\" t\u003d\"109\"\u003e\u003c/rect\u003e  \u003c/region\u003e  \u003cseparator thickness\u003d\"1\" type\u003d\"Black\"\u003e \u003cstart x\u003d\"27\" y\u003d\"109\"\u003e\u003c/start\u003e \u003cend x\u003d\"260\" y\u003d\"109\"\u003e\u003c/end\u003e \u003c/separator\u003e \u003c/block\u003e  \u003cblock b\u003d\"176\" blockname\u003d\"\" blocktype\u003d\"Separator\" l\u003d\"27\" r\u003d\"260\" style\u003d\"transform: translate(81px, 237px); position: absolute;\" t\u003d\"175\"\u003e \u003cregion\u003e \u003crect b\u003d\"176\" l\u003d\"27\" r\u003d\"260\" t\u003d\"175\"\u003e\u003c/rect\u003e  \u003c/region\u003e  \u003cseparator thickness\u003d\"1\" type\u003d\"Black\"\u003e \u003cstart x\u003d\"27\" y\u003d\"175\"\u003e\u003c/start\u003e \u003cend x\u003d\"260\" y\u003d\"175\"\u003e\u003c/end\u003e \u003c/separator\u003e \u003c/block\u003e  \u003cblock b\u003d\"197\" blockname\u003d\"\" blocktype\u003d\"Separator\" l\u003d\"26\" r\u003d\"405\" style\u003d\"transform: translate(78px, 265px); position: absolute;\" t\u003d\"196\"\u003e \u003cregion\u003e \u003crect b\u003d\"197\" l\u003d\"26\" r\u003d\"405\" t\u003d\"196\"\u003e\u003c/rect\u003e  \u003c/region\u003e  \u003cseparator thickness\u003d\"1\" type\u003d\"Black\"\u003e \u003cstart x\u003d\"26\" y\u003d\"196\"\u003e\u003c/start\u003e \u003cend x\u003d\"405\" y\u003d\"196\"\u003e\u003c/end\u003e \u003c/separator\u003e \u003c/block\u003e  \u003cblock b\u003d\"208\" blockname\u003d\"\" blocktype\u003d\"Separator\" l\u003d\"26\" r\u003d\"405\" style\u003d\"transform: translate(78px, 279px); position: absolute;\" t\u003d\"206\"\u003e \u003cregion\u003e \u003crect b\u003d\"208\" l\u003d\"26\" r\u003d\"405\" t\u003d\"206\"\u003e\u003c/rect\u003e  \u003c/region\u003e  \u003cseparator thickness\u003d\"2\" type\u003d\"Black\"\u003e \u003cstart x\u003d\"26\" y\u003d\"207\"\u003e\u003c/start\u003e \u003cend x\u003d\"405\" y\u003d\"207\"\u003e\u003c/end\u003e \u003c/separator\u003e \u003c/block\u003e  \u003cblock b\u003d\"473\" blockname\u003d\"\" blocktype\u003d\"Separator\" class\u003d\"hidden\" l\u003d\"26\" r\u003d\"405\" style\u003d\"transform: translate(78px, 636px); position: absolute;\" t\u003d\"470\"\u003e \u003cregion\u003e \u003crect b\u003d\"473\" l\u003d\"26\" r\u003d\"405\" t\u003d\"470\"\u003e\u003c/rect\u003e  \u003c/region\u003e  \u003cseparator thickness\u003d\"3\" type\u003d\"Black\"\u003e \u003cstart x\u003d\"26\" y\u003d\"471\"\u003e\u003c/start\u003e \u003cend x\u003d\"405\" y\u003d\"471\"\u003e\u003c/end\u003e \u003c/separator\u003e \u003c/block\u003e  \u003cblock b\u003d\"483\" blockname\u003d\"\" blocktype\u003d\"Separator\" class\u003d\"hidden\" l\u003d\"288\" r\u003d\"405\" style\u003d\"transform: translate(862px, 650px); position: absolute;\" t\u003d\"480\"\u003e \u003cregion\u003e \u003crect b\u003d\"483\" l\u003d\"288\" r\u003d\"405\" t\u003d\"480\"\u003e\u003c/rect\u003e  \u003c/region\u003e  \u003cseparator thickness\u003d\"3\" type\u003d\"Black\"\u003e \u003cstart x\u003d\"288\" y\u003d\"481\"\u003e\u003c/start\u003e \u003cend x\u003d\"405\" y\u003d\"481\"\u003e\u003c/end\u003e \u003c/separator\u003e \u003c/block\u003e  \u003cblock b\u003d\"492\" blockname\u003d\"\" blocktype\u003d\"Separator\" l\u003d\"26\" r\u003d\"260\" style\u003d\"transform: translate(78px, 665px); position: absolute;\" t\u003d\"491\"\u003e \u003cregion\u003e \u003crect b\u003d\"492\" l\u003d\"26\" r\u003d\"260\" t\u003d\"491\"\u003e\u003c/rect\u003e  \u003c/region\u003e  \u003cseparator thickness\u003d\"1\" type\u003d\"Black\"\u003e \u003cstart x\u003d\"26\" y\u003d\"491\"\u003e\u003c/start\u003e \u003cend x\u003d\"260\" y\u003d\"491\"\u003e\u003c/end\u003e \u003c/separator\u003e \u003c/block\u003e  \u003cblock b\u003d\"492\" blockname\u003d\"\" blocktype\u003d\"Separator\" l\u003d\"288\" r\u003d\"405\" style\u003d\"transform: translate(862px, 665px); position: absolute;\" t\u003d\"491\"\u003e \u003cregion\u003e \u003crect b\u003d\"492\" l\u003d\"288\" r\u003d\"405\" t\u003d\"491\"\u003e\u003c/rect\u003e  \u003c/region\u003e  \u003cseparator thickness\u003d\"1\" type\u003d\"Black\"\u003e \u003cstart x\u003d\"288\" y\u003d\"491\"\u003e\u003c/start\u003e \u003cend x\u003d\"405\" y\u003d\"491\"\u003e\u003c/end\u003e \u003c/separator\u003e \u003c/block\u003e  \u003cblock b\u003d\"504\" blockname\u003d\"\" blocktype\u003d\"Separator\" class\u003d\"hidden\" l\u003d\"288\" r\u003d\"405\" style\u003d\"transform: translate(862px, 678px); position: absolute;\" t\u003d\"501\"\u003e \u003cregion\u003e \u003crect b\u003d\"504\" l\u003d\"288\" r\u003d\"405\" t\u003d\"501\"\u003e\u003c/rect\u003e  \u003c/region\u003e  \u003cseparator thickness\u003d\"3\" type\u003d\"Black\"\u003e \u003cstart x\u003d\"288\" y\u003d\"502\"\u003e\u003c/start\u003e \u003cend x\u003d\"405\" y\u003d\"502\"\u003e\u003c/end\u003e \u003c/separator\u003e \u003c/block\u003e  \u003cblock b\u003d\"513\" blockname\u003d\"\" blocktype\u003d\"Separator\" l\u003d\"288\" r\u003d\"405\" style\u003d\"transform: translate(862px, 692px); position: absolute;\" t\u003d\"511\"\u003e \u003cregion\u003e \u003crect b\u003d\"513\" l\u003d\"288\" r\u003d\"405\" t\u003d\"511\"\u003e\u003c/rect\u003e  \u003c/region\u003e  \u003cseparator thickness\u003d\"2\" type\u003d\"Black\"\u003e \u003cstart x\u003d\"288\" y\u003d\"512\"\u003e\u003c/start\u003e \u003cend x\u003d\"405\" y\u003d\"512\"\u003e\u003c/end\u003e \u003c/separator\u003e \u003c/block\u003e  \u003cblock b\u003d\"524\" blockname\u003d\"\" blocktype\u003d\"Separator\" l\u003d\"288\" r\u003d\"402\" style\u003d\"transform: translate(862px, 707px); position: absolute;\" t\u003d\"522\"\u003e \u003cregion\u003e \u003crect b\u003d\"524\" l\u003d\"288\" r\u003d\"402\" t\u003d\"522\"\u003e\u003c/rect\u003e  \u003c/region\u003e  \u003cseparator thickness\u003d\"2\" type\u003d\"Black\"\u003e \u003cstart x\u003d\"288\" y\u003d\"523\"\u003e\u003c/start\u003e \u003cend x\u003d\"402\" y\u003d\"523\"\u003e\u003c/end\u003e \u003c/separator\u003e \u003c/block\u003e  \u003cblock b\u003d\"536\" blockname\u003d\"\" blocktype\u003d\"Separator\" l\u003d\"288\" r\u003d\"405\" style\u003d\"transform: translate(862px, 723px); position: absolute;\" t\u003d\"534\"\u003e \u003cregion\u003e \u003crect b\u003d\"536\" l\u003d\"288\" r\u003d\"405\" t\u003d\"534\"\u003e\u003c/rect\u003e  \u003c/region\u003e  \u003cseparator thickness\u003d\"2\" type\u003d\"Black\"\u003e \u003cstart x\u003d\"288\" y\u003d\"535\"\u003e\u003c/start\u003e \u003cend x\u003d\"405\" y\u003d\"535\"\u003e\u003c/end\u003e \u003c/separator\u003e \u003c/block\u003e  \u003cblock b\u003d\"547\" blockname\u003d\"\" blocktype\u003d\"Separator\" l\u003d\"26\" r\u003d\"260\" style\u003d\"transform: translate(78px, 738px); position: absolute;\" t\u003d\"545\"\u003e \u003cregion\u003e \u003crect b\u003d\"547\" l\u003d\"26\" r\u003d\"260\" t\u003d\"545\"\u003e\u003c/rect\u003e  \u003c/region\u003e  \u003cseparator thickness\u003d\"2\" type\u003d\"Black\"\u003e \u003cstart x\u003d\"26\" y\u003d\"546\"\u003e\u003c/start\u003e \u003cend x\u003d\"260\" y\u003d\"546\"\u003e\u003c/end\u003e \u003c/separator\u003e \u003c/block\u003e  \u003cblock b\u003d\"472\" blockname\u003d\"\" blocktype\u003d\"Separator\" l\u003d\"26\" r\u003d\"28\" style\u003d\"transform: translate(78px, 265px); position: absolute;\" t\u003d\"196\"\u003e \u003cregion\u003e \u003crect b\u003d\"472\" l\u003d\"26\" r\u003d\"28\" t\u003d\"196\"\u003e\u003c/rect\u003e  \u003c/region\u003e  \u003cseparator thickness\u003d\"2\" type\u003d\"Black\"\u003e \u003cstart x\u003d\"27\" y\u003d\"196\"\u003e\u003c/start\u003e \u003cend x\u003d\"27\" y\u003d\"472\"\u003e\u003c/end\u003e \u003c/separator\u003e \u003c/block\u003e  \u003cblock b\u003d\"547\" blockname\u003d\"\" blocktype\u003d\"Separator\" l\u003d\"26\" r\u003d\"28\" style\u003d\"transform: translate(78px, 665px); position: absolute;\" t\u003d\"491\"\u003e \u003cregion\u003e \u003crect b\u003d\"547\" l\u003d\"26\" r\u003d\"28\" t\u003d\"491\"\u003e\u003c/rect\u003e  \u003c/region\u003e  \u003cseparator thickness\u003d\"2\" type\u003d\"Black\"\u003e \u003cstart x\u003d\"27\" y\u003d\"491\"\u003e\u003c/start\u003e \u003cend x\u003d\"27\" y\u003d\"547\"\u003e\u003c/end\u003e \u003c/separator\u003e \u003c/block\u003e  \u003cblock b\u003d\"176\" blockname\u003d\"\" blocktype\u003d\"Separator\" l\u003d\"27\" r\u003d\"28\" style\u003d\"transform: translate(81px, 148px); position: absolute;\" t\u003d\"109\"\u003e \u003cregion\u003e \u003crect b\u003d\"176\" l\u003d\"27\" r\u003d\"28\" t\u003d\"109\"\u003e\u003c/rect\u003e  \u003c/region\u003e  \u003cseparator thickness\u003d\"1\" type\u003d\"Black\"\u003e \u003cstart x\u003d\"27\" y\u003d\"109\"\u003e\u003c/start\u003e \u003cend x\u003d\"27\" y\u003d\"176\"\u003e\u003c/end\u003e \u003c/separator\u003e \u003c/block\u003e  \u003cblock b\u003d\"472\" blockname\u003d\"\" blocktype\u003d\"Separator\" l\u003d\"221\" r\u003d\"223\" style\u003d\"transform: translate(661px, 265px); position: absolute;\" t\u003d\"196\"\u003e \u003cregion\u003e \u003crect b\u003d\"472\" l\u003d\"221\" r\u003d\"223\" t\u003d\"196\"\u003e\u003c/rect\u003e  \u003c/region\u003e  \u003cseparator thickness\u003d\"2\" type\u003d\"Black\"\u003e \u003cstart x\u003d\"222\" y\u003d\"196\"\u003e\u003c/start\u003e \u003cend x\u003d\"222\" y\u003d\"472\"\u003e\u003c/end\u003e \u003c/separator\u003e \u003c/block\u003e  \u003cblock b\u003d\"176\" blockname\u003d\"\" blocktype\u003d\"Separator\" l\u003d\"259\" r\u003d\"260\" style\u003d\"transform: translate(775px, 148px); position: absolute;\" t\u003d\"109\"\u003e \u003cregion\u003e \u003crect b\u003d\"176\" l\u003d\"259\" r\u003d\"260\" t\u003d\"109\"\u003e\u003c/rect\u003e  \u003c/region\u003e  \u003cseparator thickness\u003d\"1\" type\u003d\"Black\"\u003e \u003cstart x\u003d\"259\" y\u003d\"109\"\u003e\u003c/start\u003e \u003cend x\u003d\"259\" y\u003d\"176\"\u003e\u003c/end\u003e \u003c/separator\u003e \u003c/block\u003e  \u003cblock b\u003d\"472\" blockname\u003d\"\" blocktype\u003d\"Separator\" class\u003d\"hidden\" l\u003d\"259\" r\u003d\"261\" style\u003d\"transform: translate(775px, 265px); position: absolute;\" t\u003d\"196\"\u003e \u003cregion\u003e \u003crect b\u003d\"472\" l\u003d\"259\" r\u003d\"261\" t\u003d\"196\"\u003e\u003c/rect\u003e  \u003c/region\u003e  \u003cseparator thickness\u003d\"2\" type\u003d\"Black\"\u003e \u003cstart x\u003d\"260\" y\u003d\"196\"\u003e\u003c/start\u003e \u003cend x\u003d\"260\" y\u003d\"472\"\u003e\u003c/end\u003e \u003c/separator\u003e \u003c/block\u003e  \u003cblock b\u003d\"547\" blockname\u003d\"\" blocktype\u003d\"Separator\" l\u003d\"259\" r\u003d\"260\" style\u003d\"transform: translate(775px, 665px); position: absolute;\" t\u003d\"491\"\u003e \u003cregion\u003e \u003crect b\u003d\"547\" l\u003d\"259\" r\u003d\"260\" t\u003d\"491\"\u003e\u003c/rect\u003e  \u003c/region\u003e  \u003cseparator thickness\u003d\"1\" type\u003d\"Black\"\u003e \u003cstart x\u003d\"259\" y\u003d\"491\"\u003e\u003c/start\u003e \u003cend x\u003d\"259\" y\u003d\"547\"\u003e\u003c/end\u003e \u003c/separator\u003e \u003c/block\u003e  \u003cblock b\u003d\"536\" blockname\u003d\"\" blocktype\u003d\"Separator\" l\u003d\"288\" r\u003d\"290\" style\u003d\"transform: translate(862px, 265px); position: absolute;\" t\u003d\"196\"\u003e \u003cregion\u003e \u003crect b\u003d\"536\" l\u003d\"288\" r\u003d\"290\" t\u003d\"196\"\u003e\u003c/rect\u003e  \u003c/region\u003e  \u003cseparator thickness\u003d\"2\" type\u003d\"Black\"\u003e \u003cstart x\u003d\"289\" y\u003d\"196\"\u003e\u003c/start\u003e \u003cend x\u003d\"289\" y\u003d\"536\"\u003e\u003c/end\u003e \u003c/separator\u003e \u003c/block\u003e  \u003cblock b\u003d\"536\" blockname\u003d\"\" blocktype\u003d\"Separator\" l\u003d\"340\" r\u003d\"343\" style\u003d\"transform: translate(1017px, 265px); position: absolute;\" t\u003d\"196\"\u003e \u003cregion\u003e \u003crect b\u003d\"536\" l\u003d\"340\" r\u003d\"343\" t\u003d\"196\"\u003e\u003c/rect\u003e  \u003c/region\u003e  \u003cseparator thickness\u003d\"3\" type\u003d\"Black\"\u003e \u003cstart x\u003d\"341\" y\u003d\"196\"\u003e\u003c/start\u003e \u003cend x\u003d\"341\" y\u003d\"536\"\u003e\u003c/end\u003e \u003c/separator\u003e \u003c/block\u003e  \u003cblock b\u003d\"536\" blockname\u003d\"\" blocktype\u003d\"Separator\" l\u003d\"402\" r\u003d\"405\" style\u003d\"transform: translate(1203px, 265px); position: absolute;\" t\u003d\"196\"\u003e \u003cregion\u003e \u003crect b\u003d\"536\" l\u003d\"402\" r\u003d\"405\" t\u003d\"196\"\u003e\u003c/rect\u003e  \u003c/region\u003e  \u003cseparator thickness\u003d\"3\" type\u003d\"Black\"\u003e \u003cstart x\u003d\"403\" y\u003d\"196\"\u003e\u003c/start\u003e \u003cend x\u003d\"403\" y\u003d\"536\"\u003e\u003c/end\u003e \u003c/separator\u003e \u003c/block\u003e  \u003c/page\u003e             \u003c/document\u003e\u003c/body\u003e\u003c/html\u003e","tags":[{"begin":773,"end":775,"text":"10","tag":"quantity","fieldType":"NUMBER","score":0.7026574481098178,"estimatedAccuracy":0.0},{"begin":809,"end":814,"text":"57803","tag":"price","fieldType":"NUMBER","score":0.8688575814623342,"estimatedAccuracy":0.0},{"begin":875,"end":876,"text":"6","tag":"quantity","fieldType":"NUMBER","score":0.7496860828432999,"estimatedAccuracy":0.0},{"begin":910,"end":913,"text":"566","tag":"price","fieldType":"NUMBER","score":0.6883191435729838,"estimatedAccuracy":0.0},{"begin":914,"end":916,"text":"03","tag":"price","fieldType":"NUMBER","score":0.4892892583342188,"estimatedAccuracy":0.0}],"group":"price|quantity","limeExplanation":{},"liblinearFeatureImportance":{}}