{"finalScore":0.6789496996779757,"metaInfo":{"model":{"coreVersion":"10.3.0.39"}},"sumScore":10.863195194847611,"tagsCounter":16.0,"taggedText":"\u003chtml\u003e\u003chead\u003e\u003cscript src\u003d\"https://ajax.googleapis.com/ajax/libs/jquery/2.2.0/jquery.min.js\"\u003e\u003c/script\u003e\u003c/head\u003e\u003cbody\u003e\u003cdocument languages\u003d\"\" producer\u003d\"Workfusion\" schemalocation\u003d\"http://ocr.crowdcomputingsystems.com/xml/schema-v1.xml\" version\u003d\"1.0\" xmlns\u003d\"http://ocr.crowdcomputingsystems.com/xml/schema-v1.xml\" xsi\u003d\"http://www.w3.org/2001/XMLSchema-instance\"\u003e \u003clink href\u003d\"https://s3.amazonaws.com/workfusion-resources/ocr/ocr-xml-viewer-0.3-scale-to-width.css\" rel\u003d\"stylesheet\" type\u003d\"text/css\"\u003e\u003c/link\u003e \u003cstyle\u003e\u003c/style\u003e\u003cpage data-pages\u003d\"1\" h\u003d\"741\" resolution\u003d\"96\" style\u003d\"height: 978px;\" w\u003d\"585\"\u003e \u003cblock b\u003d\"109\" blockname\u003d\"\" blocktype\u003d\"Text\" l\u003d\"54\" r\u003d\"119\" style\u003d\"transform: translate(128px, 57px); position: absolute; width: 153.889px; height: 90.7292px;\" t\u003d\"42\"\u003e \u003cregion\u003e \u003crect b\u003d\"109\" l\u003d\"54\" r\u003d\"119\" t\u003d\"42\"\u003e\u003c/rect\u003e  \u003c/region\u003e  \u003ctext\u003e \u003cpar linespacing\u003d\"4130\"\u003e \u003cline b\u003d\"107\" baseline\u003d\"100\" l\u003d\"57\" r\u003d\"117\" style\u003d\"transform: translate(7px, 4px); position: absolute;\" t\u003d\"45\"\u003e \u003cformatting lang\u003d\"EnglishUnitedStates\"\u003e 4$ \u003c/formatting\u003e  \u003c/line\u003e  \u003c/par\u003e  \u003c/text\u003e  \u003c/block\u003e  \u003cblock b\u003d\"101\" blockname\u003d\"\" blocktype\u003d\"Text\" l\u003d\"123\" r\u003d\"306\" style\u003d\"transform: translate(291px, 49px); position: absolute; width: 433.256px; height: 88.0208px;\" t\u003d\"36\"\u003e \u003cregion\u003e \u003crect b\u003d\"101\" l\u003d\"123\" r\u003d\"306\" t\u003d\"36\"\u003e\u003c/rect\u003e  \u003c/region\u003e  \u003ctext\u003e \u003cpar linespacing\u003d\"900\"\u003e \u003cline b\u003d\"54\" baseline\u003d\"50\" l\u003d\"125\" r\u003d\"303\" style\u003d\"transform: translate(5px, 3px); position: absolute;\" t\u003d\"38\"\u003e \u003cformatting lang\u003d\"EnglishUnitedStates\"\u003e \u003csupplier_name class\u003d\"extraction-tag\" data-value\u003d\"Your Company Name\" fold-name\u003d\"fold3\" ml-tagorder\u003d\"9556991\" score\u003d\"0.5417549692955422\" tagorder\u003d\"9556991\"\u003eYour Company Name\u003c/supplier_name\u003e \u003c/formatting\u003e  \u003c/line\u003e  \u003c/par\u003e  \u003cpar linespacing\u003d\"900\"\u003e \u003cline b\u003d\"72\" baseline\u003d\"72\" l\u003d\"124\" r\u003d\"188\" style\u003d\"transform: translate(2px, 38px); position: absolute;\" t\u003d\"64\"\u003e \u003cformatting lang\u003d\"EnglishUnitedStates\"\u003e Street Address \u003c/formatting\u003e  \u003c/line\u003e  \u003c/par\u003e  \u003cpar linespacing\u003d\"900\"\u003e \u003cline b\u003d\"87\" baseline\u003d\"85\" l\u003d\"124\" r\u003d\"206\" style\u003d\"transform: translate(2px, 54px); position: absolute;\" t\u003d\"76\"\u003e \u003cformatting lang\u003d\"EnglishUnitedStates\"\u003e City. ST ZIP Code \u003c/formatting\u003e  \u003c/line\u003e  \u003c/par\u003e  \u003cpar linespacing\u003d\"900\"\u003e \u003cline b\u003d\"98\" baseline\u003d\"97\" l\u003d\"124\" r\u003d\"273\" style\u003d\"transform: translate(2px, 70px); position: absolute;\" t\u003d\"88\"\u003e \u003cformatting lang\u003d\"EnglishUnitedStates\"\u003e Phone Number.Web Address. etc \u003c/formatting\u003e  \u003c/line\u003e  \u003c/par\u003e  \u003c/text\u003e  \u003c/block\u003e  \u003cblock b\u003d\"100\" blockname\u003d\"\" blocktype\u003d\"Text\" l\u003d\"384\" r\u003d\"532\" style\u003d\"transform: translate(909px, 102px); position: absolute; width: 350.393px; height: 33.8542px;\" t\u003d\"75\"\u003e \u003cregion\u003e \u003crect b\u003d\"100\" l\u003d\"384\" r\u003d\"532\" t\u003d\"75\"\u003e\u003c/rect\u003e  \u003c/region\u003e  \u003ctext\u003e \u003cpar linespacing\u003d\"825\" startindent\u003d\"1600\"\u003e \u003cline b\u003d\"86\" baseline\u003d\"85\" l\u003d\"405\" r\u003d\"529\" style\u003d\"transform: translate(50px, 3px); position: absolute;\" t\u003d\"77\"\u003e \u003cformatting lang\u003d\"EnglishUnitedStates\"\u003e DATE: \u003cinvoice_date appendorder\u003d\"2\" class\u003d\"extraction-tag\" confidence\u003d\"1/1\" data-original-title\u003d\"Invoice date\" data-toggle\u003d\"tooltip\" data-value\u003d\"November 17.2006\" fold-name\u003d\"fold2\" score\u003d\"0.7001361132523437\" style\u003d\"background-color: rgb(17, 18, 43);  color: rgb(255, 255, 255);   border: 2px solid rgb(125, 157, 1); \" tagorder\u003d\"1\"\u003eNovember 17.2006\u003c/invoice_date\u003e \u003c/formatting\u003e  \u003c/line\u003e  \u003cline b\u003d\"97\" baseline\u003d\"97\" l\u003d\"386\" r\u003d\"485\" style\u003d\"transform: translate(5px, 18px); position: absolute;\" t\u003d\"88\"\u003e \u003cformatting lang\u003d\"EnglishUnitedStates\"\u003e INVOICE a \u003cinvoice_number appendorder\u003d\"3\" class\u003d\"extraction-tag\" confidence\u003d\"1/1\" data-original-title\u003d\"Invoice number\" data-toggle\u003d\"tooltip\" data-value\u003d\"INVI000\" fold-name\u003d\"fold4\" score\u003d\"0.5715064158616284\" style\u003d\"background-color: rgb(0, 83, 98);  color: rgb(255, 255, 255);   border: 2px solid rgb(125, 157, 1); \" tagorder\u003d\"2\"\u003eINVI000\u003c/invoice_number\u003e \u003c/formatting\u003e  \u003c/line\u003e  \u003c/par\u003e  \u003c/text\u003e  \u003c/block\u003e  \u003cblock b\u003d\"206\" blockname\u003d\"\" blocktype\u003d\"Text\" l\u003d\"70\" r\u003d\"220\" style\u003d\"transform: translate(166px, 195px); position: absolute; width: 355.128px; height: 83.9583px;\" t\u003d\"144\"\u003e \u003cregion\u003e \u003crect b\u003d\"206\" l\u003d\"70\" r\u003d\"220\" t\u003d\"144\"\u003e\u003c/rect\u003e  \u003c/region\u003e  \u003ctext\u003e \u003cpar align\u003d\"Justified\" leftindent\u003d\"1500\" linespacing\u003d\"900\"\u003e \u003cline b\u003d\"154\" baseline\u003d\"153\" l\u003d\"72\" r\u003d\"152\" style\u003d\"transform: translate(5px, 1px); position: absolute;\" t\u003d\"145\"\u003e \u003cformatting lang\u003d\"EnglishUnitedStates\"\u003e Bill To: C1007 \u003c/formatting\u003e  \u003c/line\u003e  \u003c/par\u003e  \u003cpar leftindent\u003d\"5400\" linespacing\u003d\"900\" rightindent\u003d\"3200\"\u003e \u003cline b\u003d\"168\" baseline\u003d\"166\" l\u003d\"123\" r\u003d\"188\" style\u003d\"transform: translate(125px, 19px); position: absolute;\" t\u003d\"158\"\u003e \u003cformatting lang\u003d\"EnglishUnitedStates\"\u003e ABC Company \u003c/formatting\u003e  \u003c/line\u003e  \u003cline b\u003d\"180\" baseline\u003d\"178\" l\u003d\"125\" r\u003d\"217\" style\u003d\"transform: translate(130px, 35px); position: absolute;\" t\u003d\"170\"\u003e \u003cformatting lang\u003d\"EnglishUnitedStates\"\u003e 123 Big Forest Valley \u003c/formatting\u003e  \u003c/line\u003e  \u003cline b\u003d\"192\" baseline\u003d\"190\" l\u003d\"124\" r\u003d\"209\" style\u003d\"transform: translate(128px, 51px); position: absolute;\" t\u003d\"182\"\u003e \u003cformatting lang\u003d\"EnglishUnitedStates\"\u003e Ollawa, On Z12345 \u003c/formatting\u003e  \u003c/line\u003e  \u003cline b\u003d\"203\" baseline\u003d\"203\" l\u003d\"124\" r\u003d\"157\" style\u003d\"transform: translate(128px, 69px); position: absolute;\" t\u003d\"195\"\u003e \u003cformatting lang\u003d\"EnglishUnitedStates\"\u003e Canada \u003c/formatting\u003e  \u003c/line\u003e  \u003c/par\u003e  \u003c/text\u003e  \u003c/block\u003e  \u003cblock b\u003d\"206\" blockname\u003d\"\" blocktype\u003d\"Text\" l\u003d\"370\" r\u003d\"489\" style\u003d\"transform: translate(876px, 195px); position: absolute; width: 281.735px; height: 83.9583px;\" t\u003d\"144\"\u003e \u003cregion\u003e \u003crect b\u003d\"206\" l\u003d\"370\" r\u003d\"489\" t\u003d\"144\"\u003e\u003c/rect\u003e  \u003c/region\u003e  \u003ctext\u003e \u003cpar linespacing\u003d\"900\"\u003e \u003cline b\u003d\"156\" baseline\u003d\"154\" l\u003d\"372\" r\u003d\"411\" style\u003d\"transform: translate(5px, 3px); position: absolute;\" t\u003d\"146\"\u003e \u003cformatting lang\u003d\"EnglishUnitedStates\"\u003e Ship To: \u003c/formatting\u003e  \u003c/line\u003e  \u003c/par\u003e  \u003cpar linespacing\u003d\"900\"\u003e \u003cline b\u003d\"166\" baseline\u003d\"166\" l\u003d\"371\" r\u003d\"420\" style\u003d\"transform: translate(2px, 19px); position: absolute;\" t\u003d\"158\"\u003e \u003cformatting lang\u003d\"EnglishUnitedStates\"\u003e SH Name 1 \u003c/formatting\u003e  \u003c/line\u003e  \u003cline b\u003d\"178\" baseline\u003d\"178\" l\u003d\"371\" r\u003d\"430\" style\u003d\"transform: translate(2px, 35px); position: absolute;\" t\u003d\"170\"\u003e \u003cformatting lang\u003d\"EnglishUnitedStates\"\u003e SH Address I \u003c/formatting\u003e  \u003c/line\u003e  \u003cline b\u003d\"193\" baseline\u003d\"191\" l\u003d\"371\" r\u003d\"486\" style\u003d\"transform: translate(2px, 51px); position: absolute;\" t\u003d\"182\"\u003e \u003cformatting lang\u003d\"EnglishUnitedStates\"\u003e SH CityState 1 SHZ12345 \u003c/formatting\u003e  \u003c/line\u003e  \u003cline b\u003d\"203\" baseline\u003d\"203\" l\u003d\"371\" r\u003d\"392\" style\u003d\"transform: translate(2px, 69px); position: absolute;\" t\u003d\"195\"\u003e \u003cformatting lang\u003d\"EnglishUnitedStates\"\u003e USA \u003c/formatting\u003e  \u003c/line\u003e  \u003c/par\u003e  \u003c/text\u003e  \u003c/block\u003e  \u003cregion xmlns\u003d\"http://ocr.crowdcomputingsystems.com/xml/schema-v1.xml\"\u003e \u003crect b\u003d\"278\" l\u003d\"54\" r\u003d\"535\" t\u003d\"239\"\u003e\u003c/rect\u003e  \u003c/region\u003e \u003ctable b\u003d\"278\" blockname\u003d\"\" blocktype\u003d\"Table\" l\u003d\"54\" r\u003d\"535\" style\u003d\"transform: translate(128px, 324px); position: absolute; user-select: auto;\" t\u003d\"239\" xmlns\u003d\"\"\u003e \u003ctbody\u003e\u003ctr\u003e \u003ctd h\u003d\"20\" w\u003d\"68\"\u003e \u003ctext xmlns\u003d\"http://ocr.crowdcomputingsystems.com/xml/schema-v1.xml\"\u003e \u003cpar align\u003d\"Center\" linespacing\u003d\"530\" rightindent\u003d\"100\"\u003e \u003cline b\u003d\"251\" baseline\u003d\"250\" l\u003d\"75\" r\u003d\"102\" t\u003d\"243\"\u003e \u003cformatting lang\u003d\"EnglishUnitedStates\"\u003e P.O.a \u003c/formatting\u003e  \u003c/line\u003e  \u003c/par\u003e  \u003c/text\u003e  \u003c/td\u003e   \u003ctd h\u003d\"20\" w\u003d\"119\"\u003e \u003ctext xmlns\u003d\"http://ocr.crowdcomputingsystems.com/xml/schema-v1.xml\"\u003e \u003cpar align\u003d\"Center\" leftindent\u003d\"100\" linespacing\u003d\"600\"\u003e \u003cline b\u003d\"253\" baseline\u003d\"251\" l\u003d\"142\" r\u003d\"221\" t\u003d\"243\"\u003e \u003cformatting lang\u003d\"EnglishUnitedStates\"\u003e Sales Rep. Name \u003c/formatting\u003e  \u003c/line\u003e  \u003c/par\u003e  \u003c/text\u003e  \u003c/td\u003e   \u003ctd h\u003d\"20\" w\u003d\"57\"\u003e \u003ctext xmlns\u003d\"http://ocr.crowdcomputingsystems.com/xml/schema-v1.xml\"\u003e \u003cpar linespacing\u003d\"600\"\u003e \u003cline b\u003d\"254\" baseline\u003d\"252\" l\u003d\"247\" r\u003d\"292\" t\u003d\"244\"\u003e \u003cformatting lang\u003d\"EnglishUnitedStates\"\u003e Ship Date \u003c/formatting\u003e  \u003c/line\u003e  \u003c/par\u003e  \u003c/text\u003e  \u003c/td\u003e   \u003ctd h\u003d\"20\" w\u003d\"72\"\u003e \u003ctext xmlns\u003d\"http://ocr.crowdcomputingsystems.com/xml/schema-v1.xml\"\u003e \u003cpar align\u003d\"Center\" linespacing\u003d\"600\"\u003e \u003cline b\u003d\"253\" baseline\u003d\"251\" l\u003d\"315\" r\u003d\"353\" t\u003d\"243\"\u003e \u003cformatting lang\u003d\"EnglishUnitedStates\"\u003e Ship Via \u003c/formatting\u003e  \u003c/line\u003e  \u003c/par\u003e  \u003c/text\u003e  \u003c/td\u003e   \u003ctd h\u003d\"20\" w\u003d\"75\"\u003e \u003ctext xmlns\u003d\"http://ocr.crowdcomputingsystems.com/xml/schema-v1.xml\"\u003e \u003cpar align\u003d\"Center\" leftindent\u003d\"100\" linespacing\u003d\"600\"\u003e \u003cline b\u003d\"252\" baseline\u003d\"252\" l\u003d\"392\" r\u003d\"422\" t\u003d\"244\"\u003e \u003cformatting lang\u003d\"EnglishUnitedStates\"\u003e Terms \u003c/formatting\u003e  \u003c/line\u003e  \u003c/par\u003e  \u003c/text\u003e  \u003c/td\u003e   \u003ctd h\u003d\"20\" w\u003d\"90\"\u003e \u003ctext xmlns\u003d\"http://ocr.crowdcomputingsystems.com/xml/schema-v1.xml\"\u003e \u003cpar align\u003d\"Center\" leftindent\u003d\"100\" linespacing\u003d\"600\"\u003e \u003cline b\u003d\"252\" baseline\u003d\"252\" l\u003d\"469\" r\u003d\"510\" t\u003d\"244\"\u003e \u003cformatting lang\u003d\"EnglishUnitedStates\"\u003e Due Date \u003c/formatting\u003e  \u003c/line\u003e  \u003c/par\u003e  \u003c/text\u003e  \u003c/td\u003e   \u003c/tr\u003e \n \u003ctr\u003e \u003ctd h\u003d\"19\" w\u003d\"68\"\u003e \u003ctext xmlns\u003d\"http://ocr.crowdcomputingsystems.com/xml/schema-v1.xml\"\u003e \u003cpar linespacing\u003d\"600\"\u003e \u003cline b\u003d\"271\" baseline\u003d\"271\" l\u003d\"60\" r\u003d\"117\" t\u003d\"263\"\u003e \u003cformatting lang\u003d\"EnglishUnitedStates\"\u003e 0200612005 \u003c/formatting\u003e  \u003c/line\u003e  \u003c/par\u003e  \u003c/text\u003e  \u003c/td\u003e   \u003ctd h\u003d\"19\" w\u003d\"119\"\u003e \u003ctext xmlns\u003d\"http://ocr.crowdcomputingsystems.com/xml/schema-v1.xml\"\u003e \u003cpar align\u003d\"Center\" leftindent\u003d\"100\" linespacing\u003d\"600\"\u003e \u003cline b\u003d\"271\" baseline\u003d\"271\" l\u003d\"166\" r\u003d\"194\" t\u003d\"263\"\u003e \u003cformatting lang\u003d\"EnglishUnitedStates\"\u003e Salesl \u003c/formatting\u003e  \u003c/line\u003e  \u003c/par\u003e  \u003c/text\u003e  \u003c/td\u003e   \u003ctd h\u003d\"19\" w\u003d\"57\"\u003e \u003ctext xmlns\u003d\"http://ocr.crowdcomputingsystems.com/xml/schema-v1.xml\"\u003e \u003cpar linespacing\u003d\"680\"\u003e \u003cline b\u003d\"272\" baseline\u003d\"272\" l\u003d\"245\" r\u003d\"294\" t\u003d\"263\"\u003e \u003cformatting lang\u003d\"EnglishUnitedStates\"\u003e 11/17/2006 \u003c/formatting\u003e  \u003c/line\u003e  \u003c/par\u003e  \u003c/text\u003e  \u003c/td\u003e   \u003ctd h\u003d\"19\" w\u003d\"72\"\u003e \u003ctext xmlns\u003d\"http://ocr.crowdcomputingsystems.com/xml/schema-v1.xml\"\u003e \u003cpar align\u003d\"Center\" linespacing\u003d\"600\"\u003e \u003cline b\u003d\"271\" baseline\u003d\"271\" l\u003d\"324\" r\u003d\"344\" t\u003d\"263\"\u003e \u003cformatting lang\u003d\"EnglishUnitedStates\"\u003e UPS \u003c/formatting\u003e  \u003c/line\u003e  \u003c/par\u003e  \u003c/text\u003e  \u003c/td\u003e   \u003ctd h\u003d\"19\" w\u003d\"75\"\u003e \u003ctext xmlns\u003d\"http://ocr.crowdcomputingsystems.com/xml/schema-v1.xml\"\u003e \u003cpar align\u003d\"Center\" leftindent\u003d\"100\" linespacing\u003d\"600\"\u003e \u003cline b\u003d\"271\" baseline\u003d\"271\" l\u003d\"396\" r\u003d\"418\" t\u003d\"263\"\u003e \u003cformatting lang\u003d\"EnglishUnitedStates\"\u003e Net 7 \u003c/formatting\u003e  \u003c/line\u003e  \u003c/par\u003e  \u003c/text\u003e  \u003c/td\u003e   \u003ctd h\u003d\"19\" w\u003d\"90\"\u003e \u003ctext xmlns\u003d\"http://ocr.crowdcomputingsystems.com/xml/schema-v1.xml\"\u003e \u003cpar leftindent\u003d\"1800\" linespacing\u003d\"-1\"\u003e\u003c/par\u003e  \u003c/text\u003e  \u003c/td\u003e   \u003c/tr\u003e \n \u003c/tbody\u003e\u003c/table\u003e\n \u003cregion xmlns\u003d\"http://ocr.crowdcomputingsystems.com/xml/schema-v1.xml\"\u003e \u003crect b\u003d\"681\" l\u003d\"52\" r\u003d\"535\" t\u003d\"297\"\u003e\u003c/rect\u003e  \u003c/region\u003e \u003ctable b\u003d\"681\" blockname\u003d\"\" blocktype\u003d\"Table\" l\u003d\"52\" r\u003d\"535\" style\u003d\"transform: translate(123px, 402px); position: absolute; user-select: auto;\" t\u003d\"297\" xmlns\u003d\"\"\u003e \u003ctbody\u003e\u003ctr\u003e \u003ctd h\u003d\"20\" w\u003d\"70\"\u003e \u003ctext xmlns\u003d\"http://ocr.crowdcomputingsystems.com/xml/schema-v1.xml\"\u003e \u003cpar leftindent\u003d\"900\" linespacing\u003d\"600\"\u003e \u003cline b\u003d\"309\" baseline\u003d\"309\" l\u003d\"64\" r\u003d\"113\" t\u003d\"301\"\u003e \u003cformatting lang\u003d\"EnglishUnitedStates\"\u003e Product ID \u003c/formatting\u003e  \u003c/line\u003e  \u003c/par\u003e  \u003c/text\u003e  \u003c/td\u003e   \u003ctd h\u003d\"20\" w\u003d\"176\"\u003e \u003ctext xmlns\u003d\"http://ocr.crowdcomputingsystems.com/xml/schema-v1.xml\"\u003e \u003cpar align\u003d\"Center\" leftindent\u003d\"100\" linespacing\u003d\"600\"\u003e \u003cline b\u003d\"311\" baseline\u003d\"309\" l\u003d\"183\" r\u003d\"236\" t\u003d\"301\"\u003e \u003cformatting lang\u003d\"EnglishUnitedStates\"\u003e Description \u003c/formatting\u003e  \u003c/line\u003e  \u003c/par\u003e  \u003c/text\u003e  \u003c/td\u003e   \u003ctd h\u003d\"20\" w\u003d\"72\"\u003e \u003ctext xmlns\u003d\"http://ocr.crowdcomputingsystems.com/xml/schema-v1.xml\"\u003e \u003cpar align\u003d\"Right\" linespacing\u003d\"600\" rightindent\u003d\"1100\"\u003e \u003cline b\u003d\"311\" baseline\u003d\"309\" l\u003d\"314\" r\u003d\"354\" t\u003d\"301\"\u003e \u003cformatting lang\u003d\"EnglishUnitedStates\"\u003e Ouantity \u003c/formatting\u003e  \u003c/line\u003e  \u003c/par\u003e  \u003c/text\u003e  \u003c/td\u003e   \u003ctd h\u003d\"20\" w\u003d\"75\"\u003e \u003ctext xmlns\u003d\"http://ocr.crowdcomputingsystems.com/xml/schema-v1.xml\"\u003e \u003cpar leftindent\u003d\"1100\" linespacing\u003d\"600\"\u003e \u003cline b\u003d\"310\" baseline\u003d\"310\" l\u003d\"385\" r\u003d\"430\" t\u003d\"302\"\u003e \u003cformatting lang\u003d\"EnglishUnitedStates\"\u003e Unit Price \u003c/formatting\u003e  \u003c/line\u003e  \u003c/par\u003e  \u003c/text\u003e  \u003c/td\u003e   \u003ctd h\u003d\"20\" w\u003d\"90\"\u003e \u003ctext xmlns\u003d\"http://ocr.crowdcomputingsystems.com/xml/schema-v1.xml\"\u003e \u003cpar align\u003d\"Center\" leftindent\u003d\"100\" linespacing\u003d\"600\"\u003e \u003cline b\u003d\"310\" baseline\u003d\"310\" l\u003d\"466\" r\u003d\"513\" t\u003d\"302\"\u003e \u003cformatting lang\u003d\"EnglishUnitedStates\"\u003e Line Total \u003c/formatting\u003e  \u003c/line\u003e  \u003c/par\u003e  \u003c/text\u003e  \u003c/td\u003e   \u003c/tr\u003e \n \u003ctr\u003e \u003ctd bottomborder\u003d\"White\" h\u003d\"19\" w\u003d\"70\"\u003e \u003ctext xmlns\u003d\"http://ocr.crowdcomputingsystems.com/xml/schema-v1.xml\"\u003e \u003cpar linespacing\u003d\"600\"\u003e \u003cline b\u003d\"329\" baseline\u003d\"329\" l\u003d\"57\" r\u003d\"85\" t\u003d\"321\"\u003e \u003cformatting lang\u003d\"EnglishUnitedStates\"\u003e P1003 \u003c/formatting\u003e  \u003c/line\u003e  \u003c/par\u003e  \u003c/text\u003e  \u003c/td\u003e   \u003ctd bottomborder\u003d\"White\" h\u003d\"19\" w\u003d\"176\"\u003e \u003ctext xmlns\u003d\"http://ocr.crowdcomputingsystems.com/xml/schema-v1.xml\"\u003e \u003cpar linespacing\u003d\"680\"\u003e \u003cline b\u003d\"329\" baseline\u003d\"329\" l\u003d\"124\" r\u003d\"188\" t\u003d\"320\"\u003e\u003cproduct appendorder\u003d\"5\" class\u003d\"extraction-tag\" confidence\u003d\"1/1\" data-original-title\u003d\"construction_type\" data-toggle\u003d\"tooltip\" data-value\u003d\"Motorola E815\" fold-name\u003d\"fold3\" injection\u003d\"true\" referencedatausedininjection\u003d\"manual\" score\u003d\"0.7408166558446367\" style\u003d\"background-color: rgb(78, 135, 105);  color: rgb(0, 0, 0);   border: 2px solid rgb(125, 157, 1); \" tagorder\u003d\"8011090\"\u003eMotorola E815\u003c/product\u003e\u003c/line\u003e  \u003c/par\u003e  \u003c/text\u003e  \u003c/td\u003e   \u003ctd bottomborder\u003d\"White\" h\u003d\"19\" w\u003d\"72\"\u003e \u003ctext xmlns\u003d\"http://ocr.crowdcomputingsystems.com/xml/schema-v1.xml\"\u003e \u003cpar align\u003d\"Right\" linespacing\u003d\"680\" rightindent\u003d\"1100\"\u003e \u003cline b\u003d\"329\" baseline\u003d\"329\" l\u003d\"345\" r\u003d\"355\" t\u003d\"320\"\u003e10\u003c/line\u003e  \u003c/par\u003e  \u003c/text\u003e  \u003c/td\u003e   \u003ctd bottomborder\u003d\"White\" h\u003d\"19\" w\u003d\"75\"\u003e \u003ctext xmlns\u003d\"http://ocr.crowdcomputingsystems.com/xml/schema-v1.xml\"\u003e \u003cpar align\u003d\"Right\" linespacing\u003d\"600\"\u003e \u003cline b\u003d\"329\" baseline\u003d\"329\" l\u003d\"410\" r\u003d\"439\" t\u003d\"321\"\u003e\u003cprice class\u003d\"extraction-tag\" data-value\u003d\"420\" fold-name\u003d\"fold1\" ml-tagorder\u003d\"9556995\" score\u003d\"0.7443063167375343\" tagorder\u003d\"9556995\"\u003e420\u003c/price\u003e \u003cprice class\u003d\"extraction-tag\" data-value\u003d\"00\" fold-name\u003d\"fold1\" ml-tagorder\u003d\"9556996\" score\u003d\"0.6403418096573986\" tagorder\u003d\"9556996\"\u003e00\u003c/price\u003e\u003c/line\u003e  \u003c/par\u003e  \u003c/text\u003e  \u003c/td\u003e   \u003ctd bottomborder\u003d\"White\" h\u003d\"19\" w\u003d\"90\"\u003e \u003ctext xmlns\u003d\"http://ocr.crowdcomputingsystems.com/xml/schema-v1.xml\"\u003e \u003cpar align\u003d\"Right\" linespacing\u003d\"750\"\u003e \u003cline b\u003d\"330\" baseline\u003d\"331\" l\u003d\"490\" r\u003d\"527\" t\u003d\"321\"\u003e \u003cformatting lang\u003d\"EnglishUnitedStates\"\u003e 4.200.00 \u003c/formatting\u003e  \u003c/line\u003e  \u003c/par\u003e  \u003c/text\u003e  \u003c/td\u003e   \u003c/tr\u003e \n \u003ctr\u003e \u003ctd bottomborder\u003d\"White\" h\u003d\"19\" topborder\u003d\"White\" w\u003d\"70\"\u003e \u003ctext xmlns\u003d\"http://ocr.crowdcomputingsystems.com/xml/schema-v1.xml\"\u003e \u003cpar linespacing\u003d\"680\"\u003e \u003cline b\u003d\"349\" baseline\u003d\"349\" l\u003d\"57\" r\u003d\"85\" t\u003d\"340\"\u003e \u003cformatting lang\u003d\"EnglishUnitedStates\"\u003e P1000 \u003c/formatting\u003e  \u003c/line\u003e  \u003c/par\u003e  \u003c/text\u003e  \u003c/td\u003e   \u003ctd bottomborder\u003d\"White\" h\u003d\"19\" topborder\u003d\"White\" w\u003d\"176\"\u003e \u003ctext xmlns\u003d\"http://ocr.crowdcomputingsystems.com/xml/schema-v1.xml\"\u003e \u003cpar linespacing\u003d\"600\"\u003e \u003cline b\u003d\"348\" baseline\u003d\"348\" l\u003d\"124\" r\u003d\"173\" t\u003d\"340\"\u003e\u003cproduct appendorder\u003d\"5\" class\u003d\"extraction-tag\" confidence\u003d\"1/1\" data-original-title\u003d\"construction_type\" data-toggle\u003d\"tooltip\" data-value\u003d\"Nokia 3220\" fold-name\u003d\"fold3\" injection\u003d\"true\" referencedatausedininjection\u003d\"manual\" score\u003d\"0.594691005562263\" style\u003d\"background-color: rgb(78, 135, 105);  color: rgb(0, 0, 0);   border: 2px solid rgb(125, 157, 1); \" tagorder\u003d\"9556991\"\u003eNokia 3220\u003c/product\u003e\u003c/line\u003e  \u003c/par\u003e  \u003c/text\u003e  \u003c/td\u003e   \u003ctd bottomborder\u003d\"White\" h\u003d\"19\" topborder\u003d\"White\" w\u003d\"72\"\u003e \u003ctext xmlns\u003d\"http://ocr.crowdcomputingsystems.com/xml/schema-v1.xml\"\u003e \u003cpar align\u003d\"Right\" linespacing\u003d\"600\" rightindent\u003d\"1100\"\u003e \u003cline b\u003d\"348\" baseline\u003d\"348\" l\u003d\"345\" r\u003d\"355\" t\u003d\"340\"\u003e12\u003c/line\u003e  \u003c/par\u003e  \u003c/text\u003e  \u003c/td\u003e   \u003ctd bottomborder\u003d\"White\" h\u003d\"19\" topborder\u003d\"White\" w\u003d\"75\"\u003e \u003ctext xmlns\u003d\"http://ocr.crowdcomputingsystems.com/xml/schema-v1.xml\"\u003e \u003cpar align\u003d\"Right\" linespacing\u003d\"680\"\u003e \u003cline b\u003d\"349\" baseline\u003d\"349\" l\u003d\"411\" r\u003d\"439\" t\u003d\"340\"\u003e\u003cprice appendorder\u003d\"5\" class\u003d\"extraction-tag\" confidence\u003d\"1/1\" data-original-title\u003d\"construction_type\" data-toggle\u003d\"tooltip\" data-value\u003d\"199.99\" fold-name\u003d\"fold1\" injection\u003d\"true\" referencedatausedininjection\u003d\"manual\" score\u003d\"0.960171375818138\" style\u003d\"background-color: rgb(140, 250, 187);  color: rgb(0, 0, 0);   border: 2px solid rgb(125, 157, 1); \" tagorder\u003d\"2146694\"\u003e199.99\u003c/price\u003e\u003c/line\u003e  \u003c/par\u003e  \u003c/text\u003e  \u003c/td\u003e   \u003ctd bottomborder\u003d\"White\" h\u003d\"19\" topborder\u003d\"White\" w\u003d\"90\"\u003e \u003ctext xmlns\u003d\"http://ocr.crowdcomputingsystems.com/xml/schema-v1.xml\"\u003e \u003cpar align\u003d\"Right\" linespacing\u003d\"680\"\u003e \u003cline b\u003d\"350\" baseline\u003d\"349\" l\u003d\"490\" r\u003d\"527\" t\u003d\"340\"\u003e \u003cformatting lang\u003d\"EnglishUnitedStates\"\u003e 239988 \u003c/formatting\u003e  \u003c/line\u003e  \u003c/par\u003e  \u003c/text\u003e  \u003c/td\u003e   \u003c/tr\u003e \n \u003ctr\u003e \u003ctd bottomborder\u003d\"White\" h\u003d\"18\" topborder\u003d\"White\" w\u003d\"70\"\u003e \u003ctext xmlns\u003d\"http://ocr.crowdcomputingsystems.com/xml/schema-v1.xml\"\u003e \u003cpar linespacing\u003d\"530\"\u003e \u003cline b\u003d\"368\" baseline\u003d\"367\" l\u003d\"57\" r\u003d\"84\" t\u003d\"360\"\u003e \u003cformatting lang\u003d\"EnglishUnitedStates\"\u003e P1004 \u003c/formatting\u003e  \u003c/line\u003e  \u003c/par\u003e  \u003c/text\u003e  \u003c/td\u003e   \u003ctd bottomborder\u003d\"White\" h\u003d\"18\" topborder\u003d\"White\" w\u003d\"176\"\u003e \u003ctext xmlns\u003d\"http://ocr.crowdcomputingsystems.com/xml/schema-v1.xml\"\u003e \u003cpar linespacing\u003d\"600\"\u003e \u003cline b\u003d\"367\" baseline\u003d\"367\" l\u003d\"124\" r\u003d\"201\" t\u003d\"359\"\u003e\u003cproduct appendorder\u003d\"5\" class\u003d\"extraction-tag\" confidence\u003d\"1/1\" data-original-title\u003d\"construction_type\" data-toggle\u003d\"tooltip\" data-value\u003d\"Non-taxable item\" fold-name\u003d\"fold3\" injection\u003d\"true\" referencedatausedininjection\u003d\"manual\" score\u003d\"0.5789828973553203\" style\u003d\"background-color: rgb(78, 135, 105);  color: rgb(0, 0, 0);   border: 2px solid rgb(125, 157, 1); \" tagorder\u003d\"1717592\"\u003eNon-taxable item\u003c/product\u003e\u003c/line\u003e  \u003c/par\u003e  \u003c/text\u003e  \u003c/td\u003e   \u003ctd bottomborder\u003d\"White\" h\u003d\"18\" topborder\u003d\"White\" w\u003d\"72\"\u003e \u003ctext xmlns\u003d\"http://ocr.crowdcomputingsystems.com/xml/schema-v1.xml\"\u003e \u003cpar align\u003d\"Right\" linespacing\u003d\"600\" rightindent\u003d\"1100\"\u003e \u003cline b\u003d\"367\" baseline\u003d\"367\" l\u003d\"350\" r\u003d\"355\" t\u003d\"359\"\u003e5\u003c/line\u003e  \u003c/par\u003e  \u003c/text\u003e  \u003c/td\u003e   \u003ctd bottomborder\u003d\"White\" h\u003d\"18\" topborder\u003d\"White\" w\u003d\"75\"\u003e \u003ctext xmlns\u003d\"http://ocr.crowdcomputingsystems.com/xml/schema-v1.xml\"\u003e \u003cpar align\u003d\"Right\" linespacing\u003d\"600\"\u003e \u003cline b\u003d\"368\" baseline\u003d\"368\" l\u003d\"410\" r\u003d\"439\" t\u003d\"360\"\u003e\u003cprice class\u003d\"extraction-tag\" data-value\u003d\"200\" fold-name\u003d\"fold1\" ml-tagorder\u003d\"9557000\" score\u003d\"0.7935767253104175\" tagorder\u003d\"9557000\"\u003e200\u003c/price\u003e \u003cprice class\u003d\"extraction-tag\" data-value\u003d\"00\" fold-name\u003d\"fold1\" ml-tagorder\u003d\"9557001\" score\u003d\"0.5994082505609296\" tagorder\u003d\"9557001\"\u003e00\u003c/price\u003e\u003c/line\u003e  \u003c/par\u003e  \u003c/text\u003e  \u003c/td\u003e   \u003ctd bottomborder\u003d\"White\" h\u003d\"18\" topborder\u003d\"White\" w\u003d\"90\"\u003e \u003ctext xmlns\u003d\"http://ocr.crowdcomputingsystems.com/xml/schema-v1.xml\"\u003e \u003cpar align\u003d\"Right\" linespacing\u003d\"600\"\u003e \u003cline b\u003d\"369\" baseline\u003d\"368\" l\u003d\"491\" r\u003d\"527\" t\u003d\"360\"\u003e \u003cformatting lang\u003d\"EnglishUnitedStates\"\u003e 1.00000 \u003c/formatting\u003e  \u003c/line\u003e  \u003c/par\u003e  \u003c/text\u003e  \u003c/td\u003e   \u003c/tr\u003e \n \u003ctr\u003e \u003ctd bottomborder\u003d\"White\" h\u003d\"21\" topborder\u003d\"White\" w\u003d\"70\"\u003e \u003ctext xmlns\u003d\"http://ocr.crowdcomputingsystems.com/xml/schema-v1.xml\"\u003e \u003cpar linespacing\u003d\"600\"\u003e \u003cline b\u003d\"387\" baseline\u003d\"387\" l\u003d\"57\" r\u003d\"85\" t\u003d\"379\"\u003e \u003cformatting lang\u003d\"EnglishUnitedStates\"\u003e P1002 \u003c/formatting\u003e  \u003c/line\u003e  \u003c/par\u003e  \u003c/text\u003e  \u003c/td\u003e   \u003ctd bottomborder\u003d\"White\" h\u003d\"21\" topborder\u003d\"White\" w\u003d\"176\"\u003e \u003ctext xmlns\u003d\"http://ocr.crowdcomputingsystems.com/xml/schema-v1.xml\"\u003e \u003cpar linespacing\u003d\"600\"\u003e \u003cline b\u003d\"386\" baseline\u003d\"386\" l\u003d\"124\" r\u003d\"182\" t\u003d\"378\"\u003e\u003cproduct appendorder\u003d\"5\" class\u003d\"extraction-tag\" confidence\u003d\"1/1\" data-original-title\u003d\"construction_type\" data-toggle\u003d\"tooltip\" data-value\u003d\"Itisa service\" fold-name\u003d\"fold3\" injection\u003d\"true\" referencedatausedininjection\u003d\"manual\" score\u003d\"0.5564173190539106\" style\u003d\"background-color: rgb(78, 135, 105);  color: rgb(0, 0, 0);   border: 2px solid rgb(125, 157, 1); \" tagorder\u003d\"2312313\"\u003eItisa service\u003c/product\u003e\u003c/line\u003e  \u003c/par\u003e  \u003c/text\u003e  \u003c/td\u003e   \u003ctd bottomborder\u003d\"White\" h\u003d\"21\" topborder\u003d\"White\" w\u003d\"72\"\u003e \u003ctext xmlns\u003d\"http://ocr.crowdcomputingsystems.com/xml/schema-v1.xml\"\u003e \u003cpar align\u003d\"Right\" linespacing\u003d\"680\" rightindent\u003d\"1100\"\u003e \u003cline b\u003d\"387\" baseline\u003d\"387\" l\u003d\"342\" r\u003d\"355\" t\u003d\"378\"\u003e3.2\u003c/line\u003e  \u003c/par\u003e  \u003c/text\u003e  \u003c/td\u003e   \u003ctd bottomborder\u003d\"White\" h\u003d\"21\" topborder\u003d\"White\" w\u003d\"75\"\u003e \u003ctext xmlns\u003d\"http://ocr.crowdcomputingsystems.com/xml/schema-v1.xml\"\u003e \u003cpar align\u003d\"Right\" linespacing\u003d\"600\"\u003e \u003cline b\u003d\"387\" baseline\u003d\"387\" l\u003d\"410\" r\u003d\"439\" t\u003d\"379\"\u003e\u003cprice appendorder\u003d\"5\" class\u003d\"extraction-tag\" confidence\u003d\"1/1\" data-original-title\u003d\"construction_type\" data-toggle\u003d\"tooltip\" data-value\u003d\"255.52\" fold-name\u003d\"fold1\" injection\u003d\"true\" referencedatausedininjection\u003d\"manual\" score\u003d\"0.8808677901027238\" style\u003d\"background-color: rgb(140, 250, 187);  color: rgb(0, 0, 0);   border: 2px solid rgb(125, 157, 1); \" tagorder\u003d\"465007\"\u003e255.52\u003c/price\u003e\u003c/line\u003e  \u003c/par\u003e  \u003c/text\u003e  \u003c/td\u003e   \u003ctd bottomborder\u003d\"White\" h\u003d\"21\" topborder\u003d\"White\" w\u003d\"90\"\u003e \u003ctext xmlns\u003d\"http://ocr.crowdcomputingsystems.com/xml/schema-v1.xml\"\u003e \u003cpar align\u003d\"Right\" linespacing\u003d\"600\"\u003e \u003cline b\u003d\"387\" baseline\u003d\"387\" l\u003d\"498\" r\u003d\"527\" t\u003d\"379\"\u003e \u003cformatting lang\u003d\"EnglishUnitedStates\"\u003e 817.66 \u003c/formatting\u003e  \u003c/line\u003e  \u003c/par\u003e  \u003c/text\u003e  \u003c/td\u003e   \u003c/tr\u003e \n \u003ctr\u003e \u003ctd bottomborder\u003d\"White\" h\u003d\"18\" topborder\u003d\"White\" w\u003d\"70\"\u003e \u003ctext xmlns\u003d\"http://ocr.crowdcomputingsystems.com/xml/schema-v1.xml\"\u003e \u003cpar linespacing\u003d\"680\"\u003e \u003cline b\u003d\"406\" baseline\u003d\"406\" l\u003d\"57\" r\u003d\"85\" t\u003d\"397\"\u003e \u003cformatting lang\u003d\"EnglishUnitedStates\"\u003e P1006 \u003c/formatting\u003e  \u003c/line\u003e  \u003c/par\u003e  \u003c/text\u003e  \u003c/td\u003e   \u003ctd bottomborder\u003d\"White\" h\u003d\"18\" topborder\u003d\"White\" w\u003d\"176\"\u003e \u003ctext xmlns\u003d\"http://ocr.crowdcomputingsystems.com/xml/schema-v1.xml\"\u003e \u003cpar linespacing\u003d\"680\"\u003e \u003cline b\u003d\"406\" baseline\u003d\"406\" l\u003d\"124\" r\u003d\"227\" t\u003d\"397\"\u003e\u003cproduct appendorder\u003d\"5\" class\u003d\"extraction-tag\" confidence\u003d\"1/1\" data-original-title\u003d\"construction_type\" data-toggle\u003d\"tooltip\" data-value\u003d\"Motorola V3 Razr Black\" fold-name\u003d\"fold3\" injection\u003d\"true\" referencedatausedininjection\u003d\"manual\" score\u003d\"0.6675152873128685\" style\u003d\"background-color: rgb(78, 135, 105);  color: rgb(0, 0, 0);   border: 2px solid rgb(125, 157, 1); \" tagorder\u003d\"9330933\"\u003eMotorola V3 Razr Black\u003c/product\u003e\u003c/line\u003e  \u003c/par\u003e  \u003c/text\u003e  \u003c/td\u003e   \u003ctd bottomborder\u003d\"White\" h\u003d\"18\" topborder\u003d\"White\" w\u003d\"72\"\u003e \u003ctext xmlns\u003d\"http://ocr.crowdcomputingsystems.com/xml/schema-v1.xml\"\u003e \u003cpar align\u003d\"Right\" linespacing\u003d\"680\" rightindent\u003d\"1100\"\u003e \u003cline b\u003d\"406\" baseline\u003d\"406\" l\u003d\"345\" r\u003d\"355\" t\u003d\"397\"\u003e10\u003c/line\u003e  \u003c/par\u003e  \u003c/text\u003e  \u003c/td\u003e   \u003ctd bottomborder\u003d\"White\" h\u003d\"18\" topborder\u003d\"White\" w\u003d\"75\"\u003e \u003ctext xmlns\u003d\"http://ocr.crowdcomputingsystems.com/xml/schema-v1.xml\"\u003e \u003cpar align\u003d\"Right\" linespacing\u003d\"680\"\u003e \u003cline b\u003d\"406\" baseline\u003d\"406\" l\u003d\"410\" r\u003d\"439\" t\u003d\"397\"\u003e\u003cprice class\u003d\"extraction-tag\" data-value\u003d\"500\" fold-name\u003d\"fold1\" ml-tagorder\u003d\"9557005\" score\u003d\"0.6828923404389635\" tagorder\u003d\"9557005\"\u003e500\u003c/price\u003e \u003cprice class\u003d\"extraction-tag\" data-value\u003d\"00\" fold-name\u003d\"fold1\" ml-tagorder\u003d\"9557006\" score\u003d\"0.6098099226829934\" tagorder\u003d\"9557006\"\u003e00\u003c/price\u003e\u003c/line\u003e  \u003c/par\u003e  \u003c/text\u003e  \u003c/td\u003e   \u003ctd bottomborder\u003d\"White\" h\u003d\"18\" topborder\u003d\"White\" w\u003d\"90\"\u003e \u003ctext xmlns\u003d\"http://ocr.crowdcomputingsystems.com/xml/schema-v1.xml\"\u003e \u003cpar align\u003d\"Right\" linespacing\u003d\"680\"\u003e \u003cline b\u003d\"407\" baseline\u003d\"406\" l\u003d\"490\" r\u003d\"527\" t\u003d\"397\"\u003e \u003cformatting lang\u003d\"EnglishUnitedStates\"\u003e 5.00000 \u003c/formatting\u003e  \u003c/line\u003e  \u003c/par\u003e  \u003c/text\u003e  \u003c/td\u003e   \u003c/tr\u003e \n \u003ctr\u003e \u003ctd bottomborder\u003d\"White\" colspan\u003d\"4\" h\u003d\"19\" leftborder\u003d\"White\" w\u003d\"393\"\u003e \u003ctext xmlns\u003d\"http://ocr.crowdcomputingsystems.com/xml/schema-v1.xml\"\u003e \u003cpar align\u003d\"Right\" linespacing\u003d\"600\"\u003e \u003cline b\u003d\"560\" baseline\u003d\"560\" l\u003d\"385\" r\u003d\"437\" t\u003d\"552\"\u003e \u003cformatting lang\u003d\"EnglishUnitedStates\"\u003e SUBTOTAL \u003c/formatting\u003e  \u003c/line\u003e  \u003c/par\u003e  \u003c/text\u003e  \u003c/td\u003e   \u003ctd h\u003d\"19\" w\u003d\"90\"\u003e \u003ctext xmlns\u003d\"http://ocr.crowdcomputingsystems.com/xml/schema-v1.xml\"\u003e \u003cpar align\u003d\"Right\" linespacing\u003d\"600\"\u003e \u003cline b\u003d\"561\" baseline\u003d\"559\" l\u003d\"486\" r\u003d\"527\" t\u003d\"551\"\u003e \u003cformatting lang\u003d\"EnglishUnitedStates\"\u003e 13.417.54 \u003c/formatting\u003e  \u003c/line\u003e  \u003c/par\u003e  \u003c/text\u003e  \u003c/td\u003e   \u003c/tr\u003e \n \u003ctr\u003e \u003ctd colspan\u003d\"2\" h\u003d\"20\" leftborder\u003d\"White\" topborder\u003d\"White\" w\u003d\"246\"\u003e \u003ctext xmlns\u003d\"http://ocr.crowdcomputingsystems.com/xml/schema-v1.xml\"\u003e \u003cpar linespacing\u003d\"600\"\u003e \u003cline b\u003d\"579\" baseline\u003d\"579\" l\u003d\"58\" r\u003d\"87\" t\u003d\"571\"\u003e \u003cformatting lang\u003d\"EnglishUnitedStates\"\u003e Notesr \u003c/formatting\u003e  \u003c/line\u003e  \u003c/par\u003e  \u003c/text\u003e  \u003c/td\u003e   \u003ctd bottomborder\u003d\"White\" colspan\u003d\"2\" h\u003d\"115\" rowspan\u003d\"6\" topborder\u003d\"White\" w\u003d\"147\"\u003e \u003ctext xmlns\u003d\"http://ocr.crowdcomputingsystems.com/xml/schema-v1.xml\"\u003e \u003cpar align\u003d\"Justified\" leftindent\u003d\"3700\" linespacing\u003d\"1350\"\u003e \u003cline b\u003d\"579\" baseline\u003d\"579\" l\u003d\"348\" r\u003d\"434\" t\u003d\"571\"\u003e \u003cformatting lang\u003d\"EnglishUnitedStates\"\u003e PST 650% \u003c/formatting\u003e  \u003c/line\u003e  \u003c/par\u003e  \u003cpar align\u003d\"Justified\" leftindent\u003d\"3700\" linespacing\u003d\"1350\"\u003e \u003cline b\u003d\"598\" baseline\u003d\"598\" l\u003d\"347\" r\u003d\"434\" t\u003d\"590\"\u003e \u003cformatting lang\u003d\"EnglishUnitedStates\"\u003e GST 3 20% \u003c/formatting\u003e  \u003c/line\u003e  \u003c/par\u003e  \u003cpar align\u003d\"Right\" linespacing\u003d\"1350\" rightindent\u003d\"700\"\u003e \u003cline b\u003d\"618\" baseline\u003d\"618\" l\u003d\"326\" r\u003d\"436\" t\u003d\"609\"\u003e \u003cformatting lang\u003d\"EnglishUnitedStates\"\u003e SHIPPING \u0026amp; HANDLING \u003c/formatting\u003e  \u003c/line\u003e  \u003c/par\u003e  \u003cpar align\u003d\"Right\" linespacing\u003d\"1350\" rightindent\u003d\"700\"\u003e \u003cline b\u003d\"636\" baseline\u003d\"636\" l\u003d\"404\" r\u003d\"436\" t\u003d\"628\"\u003e \u003cformatting lang\u003d\"EnglishUnitedStates\"\u003e TOTAL \u003c/formatting\u003e  \u003c/line\u003e  \u003c/par\u003e  \u003cpar align\u003d\"Right\" linespacing\u003d\"1350\" rightindent\u003d\"700\"\u003e \u003cline b\u003d\"654\" baseline\u003d\"654\" l\u003d\"414\" r\u003d\"436\" t\u003d\"646\"\u003e \u003cformatting lang\u003d\"EnglishUnitedStates\"\u003e PAID \u003c/formatting\u003e  \u003c/line\u003e  \u003c/par\u003e  \u003cpar align\u003d\"Right\" linespacing\u003d\"680\" rightindent\u003d\"700\"\u003e \u003cline b\u003d\"672\" baseline\u003d\"672\" l\u003d\"380\" r\u003d\"436\" t\u003d\"663\"\u003e \u003cformatting lang\u003d\"EnglishUnitedStates\"\u003e TOTAL DUE \u003c/formatting\u003e  \u003c/line\u003e  \u003c/par\u003e  \u003c/text\u003e  \u003c/td\u003e   \u003ctd h\u003d\"20\" w\u003d\"90\"\u003e \u003ctext xmlns\u003d\"http://ocr.crowdcomputingsystems.com/xml/schema-v1.xml\"\u003e \u003cpar align\u003d\"Right\" linespacing\u003d\"600\"\u003e \u003cline b\u003d\"579\" baseline\u003d\"579\" l\u003d\"498\" r\u003d\"527\" t\u003d\"571\"\u003e \u003cformatting lang\u003d\"EnglishUnitedStates\"\u003e 807.14 \u003c/formatting\u003e  \u003c/line\u003e  \u003c/par\u003e  \u003c/text\u003e  \u003c/td\u003e   \u003c/tr\u003e \n \u003ctr\u003e \u003ctd colspan\u003d\"2\" h\u003d\"95\" leftborder\u003d\"White\" rowspan\u003d\"5\" w\u003d\"246\"\u003e \u003ctext xmlns\u003d\"http://ocr.crowdcomputingsystems.com/xml/schema-v1.xml\"\u003e \u003cpar linespacing\u003d\"-1\"\u003e\u003c/par\u003e  \u003c/text\u003e  \u003c/td\u003e   \u003ctd h\u003d\"18\" w\u003d\"90\"\u003e \u003ctext xmlns\u003d\"http://ocr.crowdcomputingsystems.com/xml/schema-v1.xml\"\u003e \u003cpar align\u003d\"Right\" linespacing\u003d\"600\"\u003e \u003cline b\u003d\"598\" baseline\u003d\"598\" l\u003d\"498\" r\u003d\"527\" t\u003d\"590\"\u003e \u003cformatting lang\u003d\"EnglishUnitedStates\"\u003e 397.36 \u003c/formatting\u003e  \u003c/line\u003e  \u003c/par\u003e  \u003c/text\u003e  \u003c/td\u003e   \u003c/tr\u003e \n \u003ctr\u003e \u003ctd h\u003d\"19\" w\u003d\"90\"\u003e \u003ctext xmlns\u003d\"http://ocr.crowdcomputingsystems.com/xml/schema-v1.xml\"\u003e \u003cpar leftindent\u003d\"5200\" linespacing\u003d\"300\"\u003e \u003cline b\u003d\"615\" baseline\u003d\"618\" l\u003d\"514\" r\u003d\"517\" t\u003d\"614\"\u003e \u003cformatting lang\u003d\"EnglishUnitedStates\"\u003e - \u003c/formatting\u003e  \u003c/line\u003e  \u003c/par\u003e  \u003c/text\u003e  \u003c/td\u003e   \u003c/tr\u003e \n \u003ctr\u003e \u003ctd h\u003d\"19\" w\u003d\"90\"\u003e \u003ctext xmlns\u003d\"http://ocr.crowdcomputingsystems.com/xml/schema-v1.xml\"\u003e \u003cpar align\u003d\"Right\" linespacing\u003d\"600\"\u003e \u003cline b\u003d\"637\" baseline\u003d\"636\" l\u003d\"486\" r\u003d\"527\" t\u003d\"628\"\u003e \u003cformatting lang\u003d\"EnglishUnitedStates\"\u003e 14.62204 \u003c/formatting\u003e  \u003c/line\u003e  \u003c/par\u003e  \u003c/text\u003e  \u003c/td\u003e   \u003c/tr\u003e \n \u003ctr\u003e \u003ctd h\u003d\"18\" w\u003d\"90\"\u003e \u003ctext xmlns\u003d\"http://ocr.crowdcomputingsystems.com/xml/schema-v1.xml\"\u003e \u003cpar leftindent\u003d\"5200\" linespacing\u003d\"80\"\u003e \u003cline b\u003d\"655\" baseline\u003d\"654\" l\u003d\"514\" r\u003d\"517\" t\u003d\"653\"\u003e \u003cformatting lang\u003d\"EnglishUnitedStates\"\u003e . \u003c/formatting\u003e  \u003c/line\u003e  \u003c/par\u003e  \u003c/text\u003e  \u003c/td\u003e   \u003c/tr\u003e \n \u003ctr\u003e \u003ctd h\u003d\"21\" w\u003d\"90\"\u003e \u003ctext xmlns\u003d\"http://ocr.crowdcomputingsystems.com/xml/schema-v1.xml\"\u003e \u003cpar align\u003d\"Right\" linespacing\u003d\"600\"\u003e \u003cline b\u003d\"675\" baseline\u003d\"674\" l\u003d\"486\" r\u003d\"527\" t\u003d\"666\"\u003e \u003cformatting lang\u003d\"EnglishUnitedStates\"\u003e 14.62204 \u003c/formatting\u003e  \u003c/line\u003e  \u003c/par\u003e  \u003c/text\u003e  \u003c/td\u003e   \u003c/tr\u003e \n \u003c/tbody\u003e\u003c/table\u003e\n \u003cblock b\u003d\"707\" blockname\u003d\"\" blocktype\u003d\"Text\" l\u003d\"208\" r\u003d\"380\" style\u003d\"transform: translate(492px, 941px); position: absolute; width: 407.214px; height: 16.25px;\" t\u003d\"695\"\u003e \u003cregion\u003e \u003crect b\u003d\"707\" l\u003d\"208\" r\u003d\"380\" t\u003d\"695\"\u003e\u003c/rect\u003e  \u003c/region\u003e  \u003ctext\u003e \u003cpar linespacing\u003d\"600\"\u003e \u003cline b\u003d\"704\" baseline\u003d\"704\" l\u003d\"209\" r\u003d\"377\" style\u003d\"transform: translate(2px, 1px); position: absolute;\" t\u003d\"696\"\u003e \u003cformatting lang\u003d\"EnglishUnitedStates\"\u003e THANK YOU FOR YOUR BUSINESS\u0027 \u003c/formatting\u003e  \u003c/line\u003e  \u003c/par\u003e  \u003c/text\u003e  \u003c/block\u003e  \u003cblock b\u003d\"741\" blockname\u003d\"\" blocktype\u003d\"SeparatorsBox\" class\u003d\"hidden\" l\u003d\"0\" r\u003d\"585\" style\u003d\"transform: translate(0px, 0px); position: absolute;\" t\u003d\"0\"\u003e \u003cregion\u003e \u003crect b\u003d\"1\" l\u003d\"0\" r\u003d\"585\" t\u003d\"0\"\u003e\u003c/rect\u003e  \u003crect b\u003d\"740\" l\u003d\"0\" r\u003d\"585\" t\u003d\"1\"\u003e\u003c/rect\u003e  \u003crect b\u003d\"741\" l\u003d\"0\" r\u003d\"585\" t\u003d\"740\"\u003e\u003c/rect\u003e  \u003c/region\u003e  \u003cseparatorsbox\u003e \u003cseparator thickness\u003d\"1\" type\u003d\"Black\"\u003e \u003cstart x\u003d\"0\" y\u003d\"0\"\u003e\u003c/start\u003e \u003cend x\u003d\"585\" y\u003d\"0\"\u003e\u003c/end\u003e \u003c/separator\u003e \u003cseparator thickness\u003d\"1\" type\u003d\"Black\"\u003e \u003cstart x\u003d\"0\" y\u003d\"740\"\u003e\u003c/start\u003e \u003cend x\u003d\"585\" y\u003d\"740\"\u003e\u003c/end\u003e \u003c/separator\u003e \u003cseparator thickness\u003d\"1\" type\u003d\"Black\"\u003e \u003cstart x\u003d\"0\" y\u003d\"0\"\u003e\u003c/start\u003e \u003cend x\u003d\"0\" y\u003d\"741\"\u003e\u003c/end\u003e \u003c/separator\u003e \u003cseparator thickness\u003d\"1\" type\u003d\"Black\"\u003e \u003cstart x\u003d\"584\" y\u003d\"0\"\u003e\u003c/start\u003e \u003cend x\u003d\"584\" y\u003d\"741\"\u003e\u003c/end\u003e \u003c/separator\u003e \u003c/separatorsbox\u003e \u003c/block\u003e  \u003cblock b\u003d\"241\" blockname\u003d\"\" blocktype\u003d\"Separator\" l\u003d\"54\" r\u003d\"535\" style\u003d\"transform: translate(128px, 324px); position: absolute;\" t\u003d\"239\"\u003e \u003cregion\u003e \u003crect b\u003d\"241\" l\u003d\"54\" r\u003d\"535\" t\u003d\"239\"\u003e\u003c/rect\u003e  \u003c/region\u003e  \u003cseparator thickness\u003d\"2\" type\u003d\"Black\"\u003e \u003cstart x\u003d\"54\" y\u003d\"240\"\u003e\u003c/start\u003e \u003cend x\u003d\"535\" y\u003d\"240\"\u003e\u003c/end\u003e \u003c/separator\u003e \u003c/block\u003e  \u003cblock b\u003d\"260\" blockname\u003d\"\" blocktype\u003d\"Separator\" l\u003d\"54\" r\u003d\"535\" style\u003d\"transform: translate(128px, 349px); position: absolute;\" t\u003d\"258\"\u003e \u003cregion\u003e \u003crect b\u003d\"260\" l\u003d\"54\" r\u003d\"535\" t\u003d\"258\"\u003e\u003c/rect\u003e  \u003c/region\u003e  \u003cseparator thickness\u003d\"2\" type\u003d\"Black\"\u003e \u003cstart x\u003d\"54\" y\u003d\"259\"\u003e\u003c/start\u003e \u003cend x\u003d\"535\" y\u003d\"259\"\u003e\u003c/end\u003e \u003c/separator\u003e \u003c/block\u003e  \u003cblock b\u003d\"278\" blockname\u003d\"\" blocktype\u003d\"Separator\" l\u003d\"55\" r\u003d\"535\" style\u003d\"transform: translate(130px, 375px); position: absolute;\" t\u003d\"277\"\u003e \u003cregion\u003e \u003crect b\u003d\"278\" l\u003d\"55\" r\u003d\"535\" t\u003d\"277\"\u003e\u003c/rect\u003e  \u003c/region\u003e  \u003cseparator thickness\u003d\"1\" type\u003d\"Black\"\u003e \u003cstart x\u003d\"55\" y\u003d\"277\"\u003e\u003c/start\u003e \u003cend x\u003d\"535\" y\u003d\"277\"\u003e\u003c/end\u003e \u003c/separator\u003e \u003c/block\u003e  \u003cblock b\u003d\"299\" blockname\u003d\"\" blocktype\u003d\"Separator\" l\u003d\"55\" r\u003d\"535\" style\u003d\"transform: translate(130px, 402px); position: absolute;\" t\u003d\"297\"\u003e \u003cregion\u003e \u003crect b\u003d\"299\" l\u003d\"55\" r\u003d\"535\" t\u003d\"297\"\u003e\u003c/rect\u003e  \u003c/region\u003e  \u003cseparator thickness\u003d\"2\" type\u003d\"Black\"\u003e \u003cstart x\u003d\"55\" y\u003d\"298\"\u003e\u003c/start\u003e \u003cend x\u003d\"535\" y\u003d\"298\"\u003e\u003c/end\u003e \u003c/separator\u003e \u003c/block\u003e  \u003cblock b\u003d\"318\" blockname\u003d\"\" blocktype\u003d\"Separator\" l\u003d\"54\" r\u003d\"535\" style\u003d\"transform: translate(128px, 428px); position: absolute;\" t\u003d\"316\"\u003e \u003cregion\u003e \u003crect b\u003d\"318\" l\u003d\"54\" r\u003d\"535\" t\u003d\"316\"\u003e\u003c/rect\u003e  \u003c/region\u003e  \u003cseparator thickness\u003d\"2\" type\u003d\"Black\"\u003e \u003cstart x\u003d\"54\" y\u003d\"317\"\u003e\u003c/start\u003e \u003cend x\u003d\"535\" y\u003d\"317\"\u003e\u003c/end\u003e \u003c/separator\u003e \u003c/block\u003e  \u003cblock b\u003d\"548\" blockname\u003d\"\" blocktype\u003d\"Separator\" l\u003d\"54\" r\u003d\"535\" style\u003d\"transform: translate(128px, 739px); position: absolute;\" t\u003d\"546\"\u003e \u003cregion\u003e \u003crect b\u003d\"548\" l\u003d\"54\" r\u003d\"535\" t\u003d\"546\"\u003e\u003c/rect\u003e  \u003c/region\u003e  \u003cseparator thickness\u003d\"2\" type\u003d\"Black\"\u003e \u003cstart x\u003d\"54\" y\u003d\"547\"\u003e\u003c/start\u003e \u003cend x\u003d\"535\" y\u003d\"547\"\u003e\u003c/end\u003e \u003c/separator\u003e \u003c/block\u003e  \u003cblock b\u003d\"567\" blockname\u003d\"\" blocktype\u003d\"Separator\" l\u003d\"445\" r\u003d\"535\" style\u003d\"transform: translate(1054px, 766px); position: absolute;\" t\u003d\"566\"\u003e \u003cregion\u003e \u003crect b\u003d\"567\" l\u003d\"445\" r\u003d\"535\" t\u003d\"566\"\u003e\u003c/rect\u003e  \u003c/region\u003e  \u003cseparator thickness\u003d\"1\" type\u003d\"Black\"\u003e \u003cstart x\u003d\"445\" y\u003d\"566\"\u003e\u003c/start\u003e \u003cend x\u003d\"535\" y\u003d\"566\"\u003e\u003c/end\u003e \u003c/separator\u003e \u003c/block\u003e  \u003cblock b\u003d\"586\" blockname\u003d\"\" blocktype\u003d\"Separator\" l\u003d\"192\" r\u003d\"216\" style\u003d\"transform: translate(455px, 792px); position: absolute;\" t\u003d\"585\"\u003e \u003cregion\u003e \u003crect b\u003d\"586\" l\u003d\"192\" r\u003d\"216\" t\u003d\"585\"\u003e\u003c/rect\u003e  \u003c/region\u003e  \u003cseparator thickness\u003d\"1\" type\u003d\"Black\"\u003e \u003cstart x\u003d\"192\" y\u003d\"585\"\u003e\u003c/start\u003e \u003cend x\u003d\"216\" y\u003d\"585\"\u003e\u003c/end\u003e \u003c/separator\u003e \u003c/block\u003e  \u003cblock b\u003d\"587\" blockname\u003d\"\" blocktype\u003d\"Separator\" l\u003d\"445\" r\u003d\"535\" style\u003d\"transform: translate(1054px, 792px); position: absolute;\" t\u003d\"585\"\u003e \u003cregion\u003e \u003crect b\u003d\"587\" l\u003d\"445\" r\u003d\"535\" t\u003d\"585\"\u003e\u003c/rect\u003e  \u003c/region\u003e  \u003cseparator thickness\u003d\"2\" type\u003d\"Black\"\u003e \u003cstart x\u003d\"445\" y\u003d\"586\"\u003e\u003c/start\u003e \u003cend x\u003d\"535\" y\u003d\"586\"\u003e\u003c/end\u003e \u003c/separator\u003e \u003c/block\u003e  \u003cblock b\u003d\"605\" blockname\u003d\"\" blocktype\u003d\"Separator\" l\u003d\"445\" r\u003d\"535\" style\u003d\"transform: translate(1054px, 817px); position: absolute;\" t\u003d\"603\"\u003e \u003cregion\u003e \u003crect b\u003d\"605\" l\u003d\"445\" r\u003d\"535\" t\u003d\"603\"\u003e\u003c/rect\u003e  \u003c/region\u003e  \u003cseparator thickness\u003d\"2\" type\u003d\"Black\"\u003e \u003cstart x\u003d\"445\" y\u003d\"604\"\u003e\u003c/start\u003e \u003cend x\u003d\"535\" y\u003d\"604\"\u003e\u003c/end\u003e \u003c/separator\u003e \u003c/block\u003e  \u003cblock b\u003d\"624\" blockname\u003d\"\" blocktype\u003d\"Separator\" l\u003d\"445\" r\u003d\"535\" style\u003d\"transform: translate(1054px, 844px); position: absolute;\" t\u003d\"623\"\u003e \u003cregion\u003e \u003crect b\u003d\"624\" l\u003d\"445\" r\u003d\"535\" t\u003d\"623\"\u003e\u003c/rect\u003e  \u003c/region\u003e  \u003cseparator thickness\u003d\"1\" type\u003d\"Black\"\u003e \u003cstart x\u003d\"445\" y\u003d\"623\"\u003e\u003c/start\u003e \u003cend x\u003d\"535\" y\u003d\"623\"\u003e\u003c/end\u003e \u003c/separator\u003e \u003c/block\u003e  \u003cblock b\u003d\"643\" blockname\u003d\"\" blocktype\u003d\"Separator\" l\u003d\"445\" r\u003d\"535\" style\u003d\"transform: translate(1054px, 868px); position: absolute;\" t\u003d\"641\"\u003e \u003cregion\u003e \u003crect b\u003d\"643\" l\u003d\"445\" r\u003d\"535\" t\u003d\"641\"\u003e\u003c/rect\u003e  \u003c/region\u003e  \u003cseparator thickness\u003d\"2\" type\u003d\"Black\"\u003e \u003cstart x\u003d\"445\" y\u003d\"642\"\u003e\u003c/start\u003e \u003cend x\u003d\"535\" y\u003d\"642\"\u003e\u003c/end\u003e \u003c/separator\u003e \u003c/block\u003e  \u003cblock b\u003d\"661\" blockname\u003d\"\" blocktype\u003d\"Separator\" l\u003d\"445\" r\u003d\"535\" style\u003d\"transform: translate(1054px, 892px); position: absolute;\" t\u003d\"659\"\u003e \u003cregion\u003e \u003crect b\u003d\"661\" l\u003d\"445\" r\u003d\"535\" t\u003d\"659\"\u003e\u003c/rect\u003e  \u003c/region\u003e  \u003cseparator thickness\u003d\"2\" type\u003d\"Black\"\u003e \u003cstart x\u003d\"445\" y\u003d\"660\"\u003e\u003c/start\u003e \u003cend x\u003d\"535\" y\u003d\"660\"\u003e\u003c/end\u003e \u003c/separator\u003e \u003c/block\u003e  \u003cblock b\u003d\"678\" blockname\u003d\"\" blocktype\u003d\"Separator\" l\u003d\"128\" r\u003d\"256\" style\u003d\"transform: translate(303px, 917px); position: absolute;\" t\u003d\"677\"\u003e \u003cregion\u003e \u003crect b\u003d\"678\" l\u003d\"128\" r\u003d\"256\" t\u003d\"677\"\u003e\u003c/rect\u003e  \u003c/region\u003e  \u003cseparator thickness\u003d\"1\" type\u003d\"Black\"\u003e \u003cstart x\u003d\"128\" y\u003d\"677\"\u003e\u003c/start\u003e \u003cend x\u003d\"256\" y\u003d\"677\"\u003e\u003c/end\u003e \u003c/separator\u003e \u003c/block\u003e  \u003cblock b\u003d\"678\" blockname\u003d\"\" blocktype\u003d\"Separator\" l\u003d\"445\" r\u003d\"535\" style\u003d\"transform: translate(1054px, 917px); position: absolute;\" t\u003d\"677\"\u003e \u003cregion\u003e \u003crect b\u003d\"678\" l\u003d\"445\" r\u003d\"535\" t\u003d\"677\"\u003e\u003c/rect\u003e  \u003c/region\u003e  \u003cseparator thickness\u003d\"1\" type\u003d\"Black\"\u003e \u003cstart x\u003d\"445\" y\u003d\"677\"\u003e\u003c/start\u003e \u003cend x\u003d\"535\" y\u003d\"677\"\u003e\u003c/end\u003e \u003c/separator\u003e \u003c/block\u003e  \u003cblock b\u003d\"278\" blockname\u003d\"\" blocktype\u003d\"Separator\" l\u003d\"54\" r\u003d\"56\" style\u003d\"transform: translate(128px, 324px); position: absolute;\" t\u003d\"239\"\u003e \u003cregion\u003e \u003crect b\u003d\"278\" l\u003d\"54\" r\u003d\"56\" t\u003d\"239\"\u003e\u003c/rect\u003e  \u003c/region\u003e  \u003cseparator thickness\u003d\"2\" type\u003d\"Black\"\u003e \u003cstart x\u003d\"55\" y\u003d\"239\"\u003e\u003c/start\u003e \u003cend x\u003d\"55\" y\u003d\"278\"\u003e\u003c/end\u003e \u003c/separator\u003e \u003c/block\u003e  \u003cblock b\u003d\"548\" blockname\u003d\"\" blocktype\u003d\"Separator\" l\u003d\"54\" r\u003d\"56\" style\u003d\"transform: translate(128px, 402px); position: absolute;\" t\u003d\"297\"\u003e \u003cregion\u003e \u003crect b\u003d\"548\" l\u003d\"54\" r\u003d\"56\" t\u003d\"297\"\u003e\u003c/rect\u003e  \u003c/region\u003e  \u003cseparator thickness\u003d\"2\" type\u003d\"Black\"\u003e \u003cstart x\u003d\"55\" y\u003d\"297\"\u003e\u003c/start\u003e \u003cend x\u003d\"55\" y\u003d\"548\"\u003e\u003c/end\u003e \u003c/separator\u003e \u003c/block\u003e  \u003cblock b\u003d\"278\" blockname\u003d\"\" blocktype\u003d\"Separator\" l\u003d\"122\" r\u003d\"123\" style\u003d\"transform: translate(289px, 324px); position: absolute;\" t\u003d\"239\"\u003e \u003cregion\u003e \u003crect b\u003d\"278\" l\u003d\"122\" r\u003d\"123\" t\u003d\"239\"\u003e\u003c/rect\u003e  \u003c/region\u003e  \u003cseparator thickness\u003d\"1\" type\u003d\"Black\"\u003e \u003cstart x\u003d\"122\" y\u003d\"239\"\u003e\u003c/start\u003e \u003cend x\u003d\"122\" y\u003d\"278\"\u003e\u003c/end\u003e \u003c/separator\u003e \u003c/block\u003e  \u003cblock b\u003d\"548\" blockname\u003d\"\" blocktype\u003d\"Separator\" l\u003d\"122\" r\u003d\"123\" style\u003d\"transform: translate(289px, 402px); position: absolute;\" t\u003d\"297\"\u003e \u003cregion\u003e \u003crect b\u003d\"548\" l\u003d\"122\" r\u003d\"123\" t\u003d\"297\"\u003e\u003c/rect\u003e  \u003c/region\u003e  \u003cseparator thickness\u003d\"1\" type\u003d\"Black\"\u003e \u003cstart x\u003d\"122\" y\u003d\"297\"\u003e\u003c/start\u003e \u003cend x\u003d\"122\" y\u003d\"548\"\u003e\u003c/end\u003e \u003c/separator\u003e \u003c/block\u003e  \u003cblock b\u003d\"278\" blockname\u003d\"\" blocktype\u003d\"Separator\" l\u003d\"240\" r\u003d\"242\" style\u003d\"transform: translate(568px, 324px); position: absolute;\" t\u003d\"239\"\u003e \u003cregion\u003e \u003crect b\u003d\"278\" l\u003d\"240\" r\u003d\"242\" t\u003d\"239\"\u003e\u003c/rect\u003e  \u003c/region\u003e  \u003cseparator thickness\u003d\"2\" type\u003d\"Black\"\u003e \u003cstart x\u003d\"241\" y\u003d\"239\"\u003e\u003c/start\u003e \u003cend x\u003d\"241\" y\u003d\"278\"\u003e\u003c/end\u003e \u003c/separator\u003e \u003c/block\u003e  \u003cblock b\u003d\"278\" blockname\u003d\"\" blocktype\u003d\"Separator\" l\u003d\"297\" r\u003d\"299\" style\u003d\"transform: translate(703px, 324px); position: absolute;\" t\u003d\"239\"\u003e \u003cregion\u003e \u003crect b\u003d\"278\" l\u003d\"297\" r\u003d\"299\" t\u003d\"239\"\u003e\u003c/rect\u003e  \u003c/region\u003e  \u003cseparator thickness\u003d\"2\" type\u003d\"Black\"\u003e \u003cstart x\u003d\"298\" y\u003d\"239\"\u003e\u003c/start\u003e \u003cend x\u003d\"298\" y\u003d\"278\"\u003e\u003c/end\u003e \u003c/separator\u003e \u003c/block\u003e  \u003cblock b\u003d\"548\" blockname\u003d\"\" blocktype\u003d\"Separator\" l\u003d\"297\" r\u003d\"299\" style\u003d\"transform: translate(703px, 402px); position: absolute;\" t\u003d\"297\"\u003e \u003cregion\u003e \u003crect b\u003d\"548\" l\u003d\"297\" r\u003d\"299\" t\u003d\"297\"\u003e\u003c/rect\u003e  \u003c/region\u003e  \u003cseparator thickness\u003d\"2\" type\u003d\"Black\"\u003e \u003cstart x\u003d\"298\" y\u003d\"297\"\u003e\u003c/start\u003e \u003cend x\u003d\"298\" y\u003d\"548\"\u003e\u003c/end\u003e \u003c/separator\u003e \u003c/block\u003e  \u003cblock b\u003d\"278\" blockname\u003d\"\" blocktype\u003d\"Separator\" l\u003d\"369\" r\u003d\"371\" style\u003d\"transform: translate(874px, 324px); position: absolute;\" t\u003d\"239\"\u003e \u003cregion\u003e \u003crect b\u003d\"278\" l\u003d\"369\" r\u003d\"371\" t\u003d\"239\"\u003e\u003c/rect\u003e  \u003c/region\u003e  \u003cseparator thickness\u003d\"2\" type\u003d\"Black\"\u003e \u003cstart x\u003d\"370\" y\u003d\"239\"\u003e\u003c/start\u003e \u003cend x\u003d\"370\" y\u003d\"278\"\u003e\u003c/end\u003e \u003c/separator\u003e \u003c/block\u003e  \u003cblock b\u003d\"548\" blockname\u003d\"\" blocktype\u003d\"Separator\" l\u003d\"369\" r\u003d\"371\" style\u003d\"transform: translate(874px, 402px); position: absolute;\" t\u003d\"297\"\u003e \u003cregion\u003e \u003crect b\u003d\"548\" l\u003d\"369\" r\u003d\"371\" t\u003d\"297\"\u003e\u003c/rect\u003e  \u003c/region\u003e  \u003cseparator thickness\u003d\"2\" type\u003d\"Black\"\u003e \u003cstart x\u003d\"370\" y\u003d\"297\"\u003e\u003c/start\u003e \u003cend x\u003d\"370\" y\u003d\"548\"\u003e\u003c/end\u003e \u003c/separator\u003e \u003c/block\u003e  \u003cblock b\u003d\"278\" blockname\u003d\"\" blocktype\u003d\"Separator\" l\u003d\"444\" r\u003d\"446\" style\u003d\"transform: translate(1051px, 324px); position: absolute;\" t\u003d\"239\"\u003e \u003cregion\u003e \u003crect b\u003d\"278\" l\u003d\"444\" r\u003d\"446\" t\u003d\"239\"\u003e\u003c/rect\u003e  \u003c/region\u003e  \u003cseparator thickness\u003d\"2\" type\u003d\"Black\"\u003e \u003cstart x\u003d\"445\" y\u003d\"239\"\u003e\u003c/start\u003e \u003cend x\u003d\"445\" y\u003d\"278\"\u003e\u003c/end\u003e \u003c/separator\u003e \u003c/block\u003e  \u003cblock b\u003d\"678\" blockname\u003d\"\" blocktype\u003d\"Separator\" l\u003d\"444\" r\u003d\"446\" style\u003d\"transform: translate(1051px, 402px); position: absolute;\" t\u003d\"297\"\u003e \u003cregion\u003e \u003crect b\u003d\"678\" l\u003d\"444\" r\u003d\"446\" t\u003d\"297\"\u003e\u003c/rect\u003e  \u003c/region\u003e  \u003cseparator thickness\u003d\"2\" type\u003d\"Black\"\u003e \u003cstart x\u003d\"445\" y\u003d\"297\"\u003e\u003c/start\u003e \u003cend x\u003d\"445\" y\u003d\"678\"\u003e\u003c/end\u003e \u003c/separator\u003e \u003c/block\u003e  \u003cblock b\u003d\"278\" blockname\u003d\"\" blocktype\u003d\"Separator\" l\u003d\"533\" r\u003d\"535\" style\u003d\"transform: translate(1262px, 324px); position: absolute;\" t\u003d\"239\"\u003e \u003cregion\u003e \u003crect b\u003d\"278\" l\u003d\"533\" r\u003d\"535\" t\u003d\"239\"\u003e\u003c/rect\u003e  \u003c/region\u003e  \u003cseparator thickness\u003d\"2\" type\u003d\"Black\"\u003e \u003cstart x\u003d\"534\" y\u003d\"239\"\u003e\u003c/start\u003e \u003cend x\u003d\"534\" y\u003d\"278\"\u003e\u003c/end\u003e \u003c/separator\u003e \u003c/block\u003e  \u003cblock b\u003d\"678\" blockname\u003d\"\" blocktype\u003d\"Separator\" l\u003d\"533\" r\u003d\"535\" style\u003d\"transform: translate(1262px, 402px); position: absolute;\" t\u003d\"297\"\u003e \u003cregion\u003e \u003crect b\u003d\"678\" l\u003d\"533\" r\u003d\"535\" t\u003d\"297\"\u003e\u003c/rect\u003e  \u003c/region\u003e  \u003cseparator thickness\u003d\"2\" type\u003d\"Black\"\u003e \u003cstart x\u003d\"534\" y\u003d\"297\"\u003e\u003c/start\u003e \u003cend x\u003d\"534\" y\u003d\"678\"\u003e\u003c/end\u003e \u003c/separator\u003e \u003c/block\u003e  \u003cblock b\u003d\"586\" blockname\u003d\"\" blocktype\u003d\"Separator\" l\u003d\"217\" r\u003d\"231\" style\u003d\"transform: translate(514px, 792px); position: absolute;\" t\u003d\"585\"\u003e \u003cregion\u003e \u003crect b\u003d\"586\" l\u003d\"217\" r\u003d\"231\" t\u003d\"585\"\u003e\u003c/rect\u003e  \u003c/region\u003e  \u003cseparator thickness\u003d\"1\" type\u003d\"Dotted\"\u003e \u003cstart x\u003d\"217\" y\u003d\"585\"\u003e\u003c/start\u003e \u003cend x\u003d\"231\" y\u003d\"585\"\u003e\u003c/end\u003e \u003c/separator\u003e \u003c/block\u003e  \u003cblock b\u003d\"640\" blockname\u003d\"\" blocktype\u003d\"Separator\" l\u003d\"297\" r\u003d\"299\" style\u003d\"transform: translate(703px, 806px); position: absolute;\" t\u003d\"595\"\u003e \u003cregion\u003e \u003crect b\u003d\"640\" l\u003d\"297\" r\u003d\"299\" t\u003d\"595\"\u003e\u003c/rect\u003e  \u003c/region\u003e  \u003cseparator thickness\u003d\"2\" type\u003d\"Dotted\"\u003e \u003cstart x\u003d\"298\" y\u003d\"595\"\u003e\u003c/start\u003e \u003cend x\u003d\"298\" y\u003d\"640\"\u003e\u003c/end\u003e \u003c/separator\u003e \u003c/block\u003e  \u003cblock b\u003d\"681\" blockname\u003d\"\" blocktype\u003d\"Text\" l\u003d\"52\" r\u003d\"302\" style\u003d\"transform: translate(123px, 789px); position: absolute; width: 591.88px; height: 132.708px;\" t\u003d\"583\"\u003e \u003cregion\u003e \u003crect b\u003d\"681\" l\u003d\"52\" r\u003d\"302\" t\u003d\"583\"\u003e\u003c/rect\u003e  \u003c/region\u003e  \u003ctext\u003e \u003cpar linespacing\u003d\"-1\"\u003e\u003c/par\u003e  \u003c/text\u003e  \u003c/block\u003e  \u003cblock b\u003d\"722\" blockname\u003d\"\" blocktype\u003d\"Text\" l\u003d\"54\" r\u003d\"537\" style\u003d\"transform: translate(128px, 933px); position: absolute; width: 1143.51px; height: 44.6875px;\" t\u003d\"689\"\u003e \u003cregion\u003e \u003crect b\u003d\"722\" l\u003d\"54\" r\u003d\"537\" t\u003d\"689\"\u003e\u003c/rect\u003e  \u003c/region\u003e  \u003ctext\u003e \u003cpar align\u003d\"Center\" leftindent\u003d\"400\" linespacing\u003d\"600\"\u003e \u003cline b\u003d\"704\" baseline\u003d\"704\" l\u003d\"209\" r\u003d\"377\" style\u003d\"transform: translate(367px, 9px); position: absolute;\" t\u003d\"696\"\u003e \u003cformatting lang\u003d\"EnglishUnitedStates\"\u003e THANK YOU FOR YOUR BUSINESS\u0027 \u003c/formatting\u003e  \u003c/line\u003e  \u003c/par\u003e  \u003c/text\u003e  \u003c/block\u003e  \u003c/page\u003e               \u003c/document\u003e\u003c/body\u003e\u003c/html\u003e","tags":[{"begin":36,"end":53,"text":"Your Company Name","tag":"supplier_name","fieldType":"COMPANY_NAME","score":0.5417549692955422,"estimatedAccuracy":0.0},{"begin":170,"end":186,"text":"November 17.2006","tag":"invoice_date","fieldType":"DATE","score":0.7001361132523437,"estimatedAccuracy":0.0},{"begin":203,"end":210,"text":"INVI000","tag":"invoice_number","fieldType":"TEXT","score":0.5715064158616284,"estimatedAccuracy":0.0},{"begin":913,"end":926,"text":"Motorola E815","tag":"product","fieldType":"TEXT","score":0.7408166558446367,"estimatedAccuracy":0.0},{"begin":952,"end":955,"text":"420","tag":"price","fieldType":"NUMBER","score":0.7443063167375343,"estimatedAccuracy":0.0},{"begin":956,"end":958,"text":"00","tag":"price","fieldType":"NUMBER","score":0.6403418096573986,"estimatedAccuracy":0.0},{"begin":1021,"end":1031,"text":"Nokia 3220","tag":"product","fieldType":"TEXT","score":0.594691005562263,"estimatedAccuracy":0.0},{"begin":1057,"end":1063,"text":"199.99","tag":"price","fieldType":"NUMBER","score":0.960171375818138,"estimatedAccuracy":0.0},{"begin":1124,"end":1140,"text":"Non-taxable item","tag":"product","fieldType":"TEXT","score":0.5789828973553203,"estimatedAccuracy":0.0},{"begin":1165,"end":1168,"text":"200","tag":"price","fieldType":"NUMBER","score":0.7935767253104175,"estimatedAccuracy":0.0},{"begin":1169,"end":1171,"text":"00","tag":"price","fieldType":"NUMBER","score":0.5994082505609296,"estimatedAccuracy":0.0},{"begin":1233,"end":1246,"text":"Itisa service","tag":"product","fieldType":"TEXT","score":0.5564173190539106,"estimatedAccuracy":0.0},{"begin":1273,"end":1279,"text":"255.52","tag":"price","fieldType":"NUMBER","score":0.8808677901027238,"estimatedAccuracy":0.0},{"begin":1340,"end":1362,"text":"Motorola V3 Razr Black","tag":"product","fieldType":"TEXT","score":0.6675152873128685,"estimatedAccuracy":0.0},{"begin":1388,"end":1391,"text":"500","tag":"price","fieldType":"NUMBER","score":0.6828923404389635,"estimatedAccuracy":0.0},{"begin":1392,"end":1394,"text":"00","tag":"price","fieldType":"NUMBER","score":0.6098099226829934,"estimatedAccuracy":0.0}],"group":"invoice_date|invoice_number|price|product|supplier_name","limeExplanation":{},"liblinearFeatureImportance":{}}