{"finalScore":0.5264008030509921,"metaInfo":{"model":{"coreVersion":"10.3.0.39"}},"sumScore":0.5264008030509921,"tagsCounter":1.0,"taggedText":"\u003cdocument languages\u003d\"\" producer\u003d\"Workfusion\" schemalocation\u003d\"http://ocr.crowdcomputingsystems.com/xml/schema-v1.xml\" version\u003d\"1.0\" xmlns\u003d\"http://ocr.crowdcomputingsystems.com/xml/schema-v1.xml\" xsi\u003d\"http://www.w3.org/2001/XMLSchema-instance\"\u003e \u003clink href\u003d\"https://s3.amazonaws.com/workfusion-resources/ocr/ocr-xml-viewer-0.3-scale-to-width.css\" rel\u003d\"stylesheet\" type\u003d\"text/css\"\u003e\u003c/link\u003e \u003cstyle\u003e\u003c/style\u003e\u003cpage data-pages\u003d\"1\" h\u003d\"792\" resolution\u003d\"72\" style\u003d\"height: 1335px;\" w\u003d\"612\"\u003e \u003cblock b\u003d\"106\" blockname\u003d\"\" blocktype\u003d\"Text\" l\u003d\"91\" r\u003d\"232\" style\u003d\"transform: translate(112px, 132px); position: absolute; width: 173.946px; height: 59.5833px;\" t\u003d\"73\"\u003e \u003cregion\u003e \u003crect b\u003d\"106\" l\u003d\"91\" r\u003d\"232\" t\u003d\"73\"\u003e\u003c/rect\u003e  \u003c/region\u003e  \u003ctext\u003e \u003cpar linespacing\u003d\"700\"\u003e \u003cline b\u003d\"83\" baseline\u003d\"81\" l\u003d\"91\" r\u003d\"230\" style\u003d\"transform: translate(0px, 2px); position: absolute;\" t\u003d\"74\"\u003e \u003cformatting lang\u003d\"EnglishUnitedStates\"\u003e \u003csupplier_name appendorder\u003d\"3\" class\u003d\"extraction-tag\" confidence\u003d\"1/1\" data-original-title\u003d\"Supplier name\" data-toggle\u003d\"tooltip\" data-value\u003d\"Sloese Retail Operations\" fold-name\u003d\"fold4\" score\u003d\"0.5264008030509921\" style\u003d\"background-color: rgb(88, 50, 166);  color: rgb(255, 255, 255);   border: 2px solid rgb(125, 157, 1); \" tagorder\u003d\"1\"\u003eSloese Retail Operations\u003c/supplier_name\u003e \u003c/formatting\u003e  \u003c/line\u003e  \u003c/par\u003e  \u003cpar align\u003d\"Center\" leftindent\u003d\"200\" linespacing\u003d\"900\"\u003e \u003cline b\u003d\"95\" baseline\u003d\"95\" l\u003d\"111\" r\u003d\"211\" style\u003d\"transform: translate(25px, 29px); position: absolute;\" t\u003d\"89\"\u003e \u003cformatting lang\u003d\"EnglishUnitedStates\"\u003e POBO. 81060 AMF-BK17 \u003c/formatting\u003e  \u003c/line\u003e  \u003cline b\u003d\"104\" baseline\u003d\"104\" l\u003d\"123\" r\u003d\"198\" style\u003d\"transform: translate(39px, 45px); position: absolute;\" t\u003d\"98\"\u003e \u003cformatting lang\u003d\"EnglishUnitedStates\"\u003e Cleveland OH 44181 \u003c/formatting\u003e  \u003c/line\u003e  \u003c/par\u003e  \u003c/text\u003e  \u003c/block\u003e  \u003cblock b\u003d\"79\" blockname\u003d\"\" blocktype\u003d\"Text\" l\u003d\"405\" r\u003d\"531\" style\u003d\"transform: translate(500px, 98px); position: absolute; width: 155.441px; height: 45.1389px;\" t\u003d\"54\"\u003e \u003cregion\u003e \u003crect b\u003d\"69\" l\u003d\"405\" r\u003d\"531\" t\u003d\"54\"\u003e\u003c/rect\u003e  \u003crect b\u003d\"79\" l\u003d\"418\" r\u003d\"480\" t\u003d\"69\"\u003e\u003c/rect\u003e  \u003c/region\u003e  \u003ctext\u003e \u003cpar align\u003d\"Right\" linespacing\u003d\"800\"\u003e \u003cline b\u003d\"64\" baseline\u003d\"64\" l\u003d\"406\" r\u003d\"526\" style\u003d\"transform: translate(1px, 4px); position: absolute;\" t\u003d\"56\"\u003e \u003cformatting lang\u003d\"EnglishUnitedStates\"\u003e ACCOUNT STATEMENT \u003c/formatting\u003e  \u003c/line\u003e  \u003c/par\u003e  \u003cpar align\u003d\"Right\" linespacing\u003d\"500\"\u003e \u003cline b\u003d\"77\" baseline\u003d\"76\" l\u003d\"425\" r\u003d\"479\" style\u003d\"transform: translate(25px, 31px); position: absolute;\" t\u003d\"71\"\u003e \u003cformatting lang\u003d\"EnglishUnitedStates\"\u003e DATE COS \u003c/formatting\u003e  \u003c/line\u003e  \u003c/par\u003e  \u003c/text\u003e  \u003c/block\u003e  \u003cblock b\u003d\"80\" blockname\u003d\"\" blocktype\u003d\"Text\" l\u003d\"496\" r\u003d\"525\" style\u003d\"transform: translate(612px, 126px); position: absolute; width: 35.7761px; height: 18.0556px;\" t\u003d\"70\"\u003e \u003cregion\u003e \u003crect b\u003d\"80\" l\u003d\"496\" r\u003d\"525\" t\u003d\"70\"\u003e\u003c/rect\u003e  \u003c/region\u003e  \u003ctext\u003e \u003cpar linespacing\u003d\"800\"\u003e \u003cline b\u003d\"78\" baseline\u003d\"78\" l\u003d\"496\" r\u003d\"523\" style\u003d\"transform: translate(0px, 0px); position: absolute;\" t\u003d\"70\"\u003e \u003cformatting lang\u003d\"EnglishUnitedStates\"\u003e sea \u003c/formatting\u003e  \u003c/line\u003e  \u003c/par\u003e  \u003c/text\u003e  \u003c/block\u003e  \u003cblock b\u003d\"90\" blockname\u003d\"\" blocktype\u003d\"Text\" l\u003d\"417\" r\u003d\"453\" style\u003d\"transform: translate(514px, 148px); position: absolute; width: 44.4118px; height: 14.4444px;\" t\u003d\"82\"\u003e \u003cregion\u003e \u003crect b\u003d\"90\" l\u003d\"417\" r\u003d\"453\" t\u003d\"82\"\u003e\u003c/rect\u003e  \u003c/region\u003e  \u003ctext\u003e \u003cpar align\u003d\"Justified\"\u003e \u003cline b\u003d\"88\" baseline\u003d\"88\" l\u003d\"420\" r\u003d\"448\" style\u003d\"transform: translate(4px, 0px); position: absolute;\" t\u003d\"82\"\u003e \u003cformatting lang\u003d\"EnglishUnitedStates\"\u003e 04000\u0026amp; \u003c/formatting\u003e  \u003c/line\u003e  \u003c/par\u003e  \u003c/text\u003e  \u003c/block\u003e  \u003cblock b\u003d\"90\" blockname\u003d\"\" blocktype\u003d\"Text\" l\u003d\"471\" r\u003d\"516\" style\u003d\"transform: translate(581px, 148px); position: absolute; width: 55.5147px; height: 14.4444px;\" t\u003d\"82\"\u003e \u003cregion\u003e \u003crect b\u003d\"90\" l\u003d\"471\" r\u003d\"516\" t\u003d\"82\"\u003e\u003c/rect\u003e  \u003c/region\u003e  \u003ctext\u003e \u003cpar leftindent\u003d\"6900\" linespacing\u003d\"600\"\u003e \u003cline b\u003d\"88\" baseline\u003d\"88\" l\u003d\"474\" r\u003d\"511\" style\u003d\"transform: translate(4px, 0px); position: absolute;\" t\u003d\"82\"\u003e \u003cformatting lang\u003d\"EnglishUnitedStates\"\u003e N964300CA \u003c/formatting\u003e  \u003c/line\u003e  \u003c/par\u003e  \u003c/text\u003e  \u003c/block\u003e  \u003cblock b\u003d\"126\" blockname\u003d\"\" blocktype\u003d\"Text\" l\u003d\"105\" r\u003d\"220\" style\u003d\"transform: translate(130px, 213px); position: absolute; width: 141.871px; height: 14.4444px;\" t\u003d\"118\"\u003e \u003cregion\u003e \u003crect b\u003d\"126\" l\u003d\"105\" r\u003d\"220\" t\u003d\"118\"\u003e\u003c/rect\u003e  \u003c/region\u003e  \u003ctext\u003e \u003cpar leftindent\u003d\"4100\" linespacing\u003d\"600\"\u003e \u003cline b\u003d\"124\" baseline\u003d\"124\" l\u003d\"105\" r\u003d\"218\" style\u003d\"transform: translate(0px, 0px); position: absolute;\" t\u003d\"118\"\u003e \u003cformatting lang\u003d\"EnglishUnitedStates\"\u003e ADORESS SERVICE REQUESTED \u003c/formatting\u003e  \u003c/line\u003e  \u003c/par\u003e  \u003c/text\u003e  \u003c/block\u003e  \u003cblock b\u003d\"225\" blockname\u003d\"\" blocktype\u003d\"Text\" l\u003d\"102\" r\u003d\"191\" style\u003d\"transform: translate(126px, 345px); position: absolute; width: 109.796px; height: 61.3889px;\" t\u003d\"191\"\u003e \u003cregion\u003e \u003crect b\u003d\"225\" l\u003d\"102\" r\u003d\"191\" t\u003d\"191\"\u003e\u003c/rect\u003e  \u003c/region\u003e  \u003ctext\u003e \u003cpar linespacing\u003d\"1200\"\u003e \u003cline b\u003d\"200\" baseline\u003d\"198\" l\u003d\"102\" r\u003d\"160\" style\u003d\"transform: translate(0px, 0px); position: absolute;\" t\u003d\"191\"\u003e \u003cformatting lang\u003d\"EnglishUnitedStates\"\u003e ABC Company \u003c/formatting\u003e  \u003c/line\u003e  \u003cline b\u003d\"211\" baseline\u003d\"210\" l\u003d\"103\" r\u003d\"167\" style\u003d\"transform: translate(1px, 22px); position: absolute;\" t\u003d\"203\"\u003e \u003cformatting lang\u003d\"EnglishUnitedStates\"\u003e 123 Main Street \u003c/formatting\u003e  \u003c/line\u003e  \u003cline b\u003d\"223\" baseline\u003d\"222\" l\u003d\"103\" r\u003d\"189\" style\u003d\"transform: translate(1px, 43px); position: absolute;\" t\u003d\"215\"\u003e \u003cformatting lang\u003d\"EnglishUnitedStates\"\u003e Hometown II 60108 \u003c/formatting\u003e  \u003c/line\u003e  \u003c/par\u003e  \u003c/text\u003e  \u003c/block\u003e  \u003cblock b\u003d\"224\" blockname\u003d\"\" blocktype\u003d\"Text\" l\u003d\"400\" r\u003d\"524\" style\u003d\"transform: translate(493px, 327px); position: absolute; width: 152.974px; height: 77.6389px;\" t\u003d\"181\"\u003e \u003cregion\u003e \u003crect b\u003d\"224\" l\u003d\"400\" r\u003d\"524\" t\u003d\"181\"\u003e\u003c/rect\u003e  \u003c/region\u003e  \u003ctext\u003e \u003cpar leftindent\u003d\"21000\" linespacing\u003d\"600\"\u003e \u003cline b\u003d\"189\" baseline\u003d\"187\" l\u003d\"401\" r\u003d\"484\" style\u003d\"transform: translate(1px, 0px); position: absolute;\" t\u003d\"181\"\u003e \u003cformatting lang\u003d\"EnglishUnitedStates\"\u003e SEND PAYMENTS IQ; \u003c/formatting\u003e  \u003c/line\u003e  \u003c/par\u003e  \u003cpar leftindent\u003d\"21000\" linespacing\u003d\"900\"\u003e \u003cline b\u003d\"204\" baseline\u003d\"204\" l\u003d\"401\" r\u003d\"512\" style\u003d\"transform: translate(1px, 31px); position: absolute;\" t\u003d\"198\"\u003e \u003cformatting lang\u003d\"EnglishUnitedStates\"\u003e BS RETAIL OPERATIONS U.C \u003c/formatting\u003e  \u003c/line\u003e  \u003cline b\u003d\"213\" baseline\u003d\"213\" l\u003d\"401\" r\u003d\"457\" style\u003d\"transform: translate(1px, 47px); position: absolute;\" t\u003d\"207\"\u003e \u003cformatting lang\u003d\"EnglishUnitedStates\"\u003e POBOX 81108 \u003c/formatting\u003e  \u003c/line\u003e  \u003c/par\u003e  \u003cpar leftindent\u003d\"21000\" linespacing\u003d\"900\"\u003e \u003cline b\u003d\"222\" baseline\u003d\"222\" l\u003d\"400\" r\u003d\"522\" style\u003d\"transform: translate(0px, 63px); position: absolute;\" t\u003d\"216\"\u003e \u003cformatting lang\u003d\"EnglishUnitedStates\"\u003e CLEVELAND OH 44181-0108 \u003c/formatting\u003e  \u003c/line\u003e  \u003c/par\u003e  \u003c/text\u003e  \u003c/block\u003e  \u003cblock b\u003d\"277\" blockname\u003d\"\" blocktype\u003d\"Text\" l\u003d\"83\" r\u003d\"113\" style\u003d\"transform: translate(102px, 486px); position: absolute; width: 37.0098px; height: 14.4444px;\" t\u003d\"269\"\u003e \u003cregion\u003e \u003crect b\u003d\"277\" l\u003d\"83\" r\u003d\"113\" t\u003d\"269\"\u003e\u003c/rect\u003e  \u003c/region\u003e  \u003ctext\u003e \u003cpar linespacing\u003d\"600\"\u003e \u003cline b\u003d\"275\" baseline\u003d\"275\" l\u003d\"83\" r\u003d\"111\" style\u003d\"transform: translate(0px, 0px); position: absolute;\" t\u003d\"269\"\u003e \u003cformatting lang\u003d\"EnglishUnitedStates\"\u003e RE 0001 \u003c/formatting\u003e  \u003c/line\u003e  \u003c/par\u003e  \u003c/text\u003e  \u003c/block\u003e  \u003cblock b\u003d\"277\" blockname\u003d\"\" blocktype\u003d\"Text\" l\u003d\"347\" r\u003d\"437\" style\u003d\"transform: translate(428px, 488px); position: absolute; width: 111.029px; height: 12.6389px;\" t\u003d\"270\"\u003e \u003cregion\u003e \u003crect b\u003d\"277\" l\u003d\"347\" r\u003d\"437\" t\u003d\"270\"\u003e\u003c/rect\u003e  \u003c/region\u003e  \u003ctext\u003e \u003cpar leftindent\u003d\"15900\" linespacing\u003d\"400\"\u003e \u003cline b\u003d\"275\" baseline\u003d\"275\" l\u003d\"350\" r\u003d\"436\" style\u003d\"transform: translate(4px, 2px); position: absolute;\" t\u003d\"271\"\u003e \u003cformatting lang\u003d\"EnglishUnitedStates\"\u003e fltAM CCTACM TOT BOUTON * \u003c/formatting\u003e  \u003c/line\u003e  \u003c/par\u003e  \u003c/text\u003e  \u003c/block\u003e  \u003cblock b\u003d\"277\" blockname\u003d\"\" blocktype\u003d\"Text\" l\u003d\"443\" r\u003d\"514\" style\u003d\"transform: translate(547px, 488px); position: absolute; width: 87.5899px; height: 12.6389px;\" t\u003d\"270\"\u003e \u003cregion\u003e \u003crect b\u003d\"277\" l\u003d\"443\" r\u003d\"514\" t\u003d\"270\"\u003e\u003c/rect\u003e  \u003c/region\u003e  \u003ctext\u003e \u003cpar align\u003d\"Justified\"\u003e \u003cline b\u003d\"275\" baseline\u003d\"275\" l\u003d\"443\" r\u003d\"513\" style\u003d\"transform: translate(0px, 2px); position: absolute;\" t\u003d\"271\"\u003e \u003cformatting lang\u003d\"EnglishUnitedStates\"\u003e J \u0026raquo;*T1\u0026raquo;\u0026laquo;H VMTM YOU\u0026laquo; MV \u003c/formatting\u003e  \u003c/line\u003e  \u003c/par\u003e  \u003c/text\u003e  \u003c/block\u003e  \u003cblock b\u003d\"298\" blockname\u003d\"\" blocktype\u003d\"Text\" l\u003d\"484\" r\u003d\"528\" style\u003d\"transform: translate(597px, 524px); position: absolute; width: 54.281px; height: 14.4444px;\" t\u003d\"290\"\u003e \u003cregion\u003e \u003crect b\u003d\"298\" l\u003d\"484\" r\u003d\"528\" t\u003d\"290\"\u003e\u003c/rect\u003e  \u003c/region\u003e  \u003ctext\u003e \u003cpar align\u003d\"Right\" linespacing\u003d\"600\"\u003e \u003cline b\u003d\"296\" baseline\u003d\"296\" l\u003d\"484\" r\u003d\"526\" style\u003d\"transform: translate(0px, 0px); position: absolute;\" t\u003d\"290\"\u003e \u003cformatting lang\u003d\"EnglishUnitedStates\"\u003e PAGE t Of 1 \u003c/formatting\u003e  \u003c/line\u003e  \u003c/par\u003e  \u003c/text\u003e  \u003c/block\u003e  \u003cblock b\u003d\"359\" blockname\u003d\"\" blocktype\u003d\"Text\" l\u003d\"64\" r\u003d\"562\" style\u003d\"transform: translate(79px, 594px); position: absolute; width: 614.363px; height: 54.1667px;\" t\u003d\"329\"\u003e \u003cregion\u003e \u003crect b\u003d\"348\" l\u003d\"64\" r\u003d\"562\" t\u003d\"329\"\u003e\u003c/rect\u003e  \u003crect b\u003d\"353\" l\u003d\"167\" r\u003d\"414\" t\u003d\"348\"\u003e\u003c/rect\u003e  \u003crect b\u003d\"359\" l\u003d\"167\" r\u003d\"374\" t\u003d\"353\"\u003e\u003c/rect\u003e  \u003c/region\u003e  \u003ctext\u003e \u003cpar align\u003d\"Justified\" leftindent\u003d\"6300\" linespacing\u003d\"1500\"\u003e \u003cline b\u003d\"347\" baseline\u003d\"344\" l\u003d\"127\" r\u003d\"547\" style\u003d\"transform: translate(78px, 0px); position: absolute;\" t\u003d\"329\"\u003e \u003cformatting lang\u003d\"EnglishUnitedStates\"\u003e ǀ ǀ ǀ \u0026quot; j CH^OUNT \u003c/formatting\u003e  \u003c/line\u003e  \u003c/par\u003e  \u003cpar leftindent\u003d\"15500\" linespacing\u003d\"500\"\u003e \u003cline b\u003d\"359\" baseline\u003d\"359\" l\u003d\"219\" r\u003d\"248\" style\u003d\"transform: translate(191px, 45px); position: absolute;\" t\u003d\"354\"\u003e \u003cformatting lang\u003d\"EnglishUnitedStates\"\u003e PAYKEKT \u003c/formatting\u003e  \u003c/line\u003e  \u003c/par\u003e  \u003c/text\u003e  \u003c/block\u003e  \u003cblock b\u003d\"397\" blockname\u003d\"\" blocktype\u003d\"Text\" l\u003d\"65\" r\u003d\"109\" style\u003d\"transform: translate(80px, 637px); position: absolute; width: 54.281px; height: 79.4444px;\" t\u003d\"353\"\u003e \u003cregion\u003e \u003crect b\u003d\"390\" l\u003d\"66\" r\u003d\"109\" t\u003d\"353\"\u003e\u003c/rect\u003e  \u003crect b\u003d\"397\" l\u003d\"65\" r\u003d\"109\" t\u003d\"390\"\u003e\u003c/rect\u003e  \u003c/region\u003e  \u003ctext\u003e \u003cpar align\u003d\"Justified\" linespacing\u003d\"500\" startindent\u003d\"1800\"\u003e \u003cline b\u003d\"359\" baseline\u003d\"358\" l\u003d\"83\" r\u003d\"107\" style\u003d\"transform: translate(22px, 0px); position: absolute;\" t\u003d\"353\"\u003e \u003cformatting lang\u003d\"EnglishUnitedStates\"\u003e 24M4) \u003c/formatting\u003e  \u003c/line\u003e  \u003c/par\u003e  \u003cpar align\u003d\"Justified\" linespacing\u003d\"700\" startindent\u003d\"1800\"\u003e \u003cline b\u003d\"366\" baseline\u003d\"366\" l\u003d\"83\" r\u003d\"107\" style\u003d\"transform: translate(22px, 14px); position: absolute;\" t\u003d\"361\"\u003e \u003cformatting lang\u003d\"EnglishUnitedStates\"\u003e 250191 \u003c/formatting\u003e  \u003c/line\u003e  \u003cline b\u003d\"373\" baseline\u003d\"373\" l\u003d\"66\" r\u003d\"107\" style\u003d\"transform: translate(1px, 27px); position: absolute;\" t\u003d\"368\"\u003e \u003cformatting lang\u003d\"EnglishUnitedStates\"\u003e Txis?n\u0026raquo;n \u003c/formatting\u003e  \u003c/line\u003e  \u003cline b\u003d\"381\" baseline\u003d\"381\" l\u003d\"66\" r\u003d\"108\" style\u003d\"transform: translate(1px, 42px); position: absolute;\" t\u003d\"376\"\u003e \u003cformatting lang\u003d\"EnglishUnitedStates\"\u003e TX 14050159 \u003c/formatting\u003e  \u003c/line\u003e  \u003cline b\u003d\"388\" baseline\u003d\"388\" l\u003d\"66\" r\u003d\"107\" style\u003d\"transform: translate(1px, 54px); position: absolute;\" t\u003d\"383\"\u003e \u003cformatting lang\u003d\"EnglishUnitedStates\"\u003e TX14050157 \u003c/formatting\u003e  \u003c/line\u003e  \u003c/par\u003e  \u003cpar linespacing\u003d\"500\"\u003e \u003cline b\u003d\"395\" baseline\u003d\"395\" l\u003d\"66\" r\u003d\"107\" style\u003d\"transform: translate(1px, 67px); position: absolute;\" t\u003d\"390\"\u003e \u003cformatting lang\u003d\"EnglishUnitedStates\"\u003e TtU0\u0026lt;U44 \u003c/formatting\u003e  \u003c/line\u003e  \u003c/par\u003e  \u003c/text\u003e  \u003c/block\u003e  \u003cblock b\u003d\"397\" blockname\u003d\"\" blocktype\u003d\"Text\" l\u003d\"132\" r\u003d\"167\" style\u003d\"transform: translate(163px, 637px); position: absolute; width: 43.1781px; height: 79.4444px;\" t\u003d\"353\"\u003e \u003cregion\u003e \u003crect b\u003d\"397\" l\u003d\"132\" r\u003d\"167\" t\u003d\"353\"\u003e\u003c/rect\u003e  \u003c/region\u003e  \u003ctext\u003e \u003cpar linespacing\u003d\"700\"\u003e \u003cline b\u003d\"359\" baseline\u003d\"359\" l\u003d\"132\" r\u003d\"165\" style\u003d\"transform: translate(0px, 0px); position: absolute;\" t\u003d\"353\"\u003e \u003cformatting lang\u003d\"EnglishUnitedStates\"\u003e 09/09/09 \u003c/formatting\u003e  \u003c/line\u003e  \u003c/par\u003e  \u003cpar linespacing\u003d\"700\"\u003e \u003cline b\u003d\"366\" baseline\u003d\"366\" l\u003d\"132\" r\u003d\"165\" style\u003d\"transform: translate(0px, 14px); position: absolute;\" t\u003d\"361\"\u003e \u003cformatting lang\u003d\"EnglishUnitedStates\"\u003e 03/24/09 \u003c/formatting\u003e  \u003c/line\u003e  \u003c/par\u003e  \u003cpar linespacing\u003d\"700\"\u003e \u003cline b\u003d\"374\" baseline\u003d\"373\" l\u003d\"132\" r\u003d\"165\" style\u003d\"transform: translate(0px, 27px); position: absolute;\" t\u003d\"368\"\u003e \u003cformatting lang\u003d\"EnglishUnitedStates\"\u003e 02/02/09 \u003c/formatting\u003e  \u003c/line\u003e  \u003c/par\u003e  \u003cpar linespacing\u003d\"700\"\u003e \u003cline b\u003d\"381\" baseline\u003d\"381\" l\u003d\"132\" r\u003d\"165\" style\u003d\"transform: translate(0px, 40px); position: absolute;\" t\u003d\"375\"\u003e \u003cformatting lang\u003d\"EnglishUnitedStates\"\u003e 04/02/09 \u003c/formatting\u003e  \u003c/line\u003e  \u003c/par\u003e  \u003cpar linespacing\u003d\"700\"\u003e \u003cline b\u003d\"388\" baseline\u003d\"388\" l\u003d\"132\" r\u003d\"165\" style\u003d\"transform: translate(0px, 54px); position: absolute;\" t\u003d\"383\"\u003e \u003cformatting lang\u003d\"EnglishUnitedStates\"\u003e 04/02/09 \u003c/formatting\u003e  \u003c/line\u003e  \u003c/par\u003e  \u003cpar linespacing\u003d\"700\"\u003e \u003cline b\u003d\"395\" baseline\u003d\"395\" l\u003d\"132\" r\u003d\"165\" style\u003d\"transform: translate(0px, 67px); position: absolute;\" t\u003d\"390\"\u003e \u003cformatting lang\u003d\"EnglishUnitedStates\"\u003e 04/04/09 \u003c/formatting\u003e  \u003c/line\u003e  \u003c/par\u003e  \u003c/text\u003e  \u003c/block\u003e  \u003cblock b\u003d\"397\" blockname\u003d\"\" blocktype\u003d\"Text\" l\u003d\"173\" r\u003d\"208\" style\u003d\"transform: translate(213px, 663px); position: absolute; width: 43.1781px; height: 54.1667px;\" t\u003d\"367\"\u003e \u003cregion\u003e \u003crect b\u003d\"397\" l\u003d\"173\" r\u003d\"208\" t\u003d\"367\"\u003e\u003c/rect\u003e  \u003c/region\u003e  \u003ctext\u003e \u003cpar linespacing\u003d\"700\"\u003e \u003cline b\u003d\"374\" baseline\u003d\"373\" l\u003d\"173\" r\u003d\"206\" style\u003d\"transform: translate(0px, 2px); position: absolute;\" t\u003d\"368\"\u003e \u003cformatting lang\u003d\"EnglishUnitedStates\"\u003e 09/20/09 \u003c/formatting\u003e  \u003c/line\u003e  \u003c/par\u003e  \u003cpar linespacing\u003d\"700\"\u003e \u003cline b\u003d\"381\" baseline\u003d\"381\" l\u003d\"173\" r\u003d\"206\" style\u003d\"transform: translate(0px, 14px); position: absolute;\" t\u003d\"375\"\u003e \u003cformatting lang\u003d\"EnglishUnitedStates\"\u003e 05/20/09 \u003c/formatting\u003e  \u003c/line\u003e  \u003c/par\u003e  \u003cpar linespacing\u003d\"700\"\u003e \u003cline b\u003d\"388\" baseline\u003d\"388\" l\u003d\"173\" r\u003d\"206\" style\u003d\"transform: translate(0px, 29px); position: absolute;\" t\u003d\"383\"\u003e \u003cformatting lang\u003d\"EnglishUnitedStates\"\u003e 05/20/09 \u003c/formatting\u003e  \u003c/line\u003e  \u003c/par\u003e  \u003cpar linespacing\u003d\"700\"\u003e \u003cline b\u003d\"395\" baseline\u003d\"395\" l\u003d\"173\" r\u003d\"206\" style\u003d\"transform: translate(0px, 42px); position: absolute;\" t\u003d\"390\"\u003e \u003cformatting lang\u003d\"EnglishUnitedStates\"\u003e 05/20/04 \u003c/formatting\u003e  \u003c/line\u003e  \u003c/par\u003e  \u003c/text\u003e  \u003c/block\u003e  \u003cblock b\u003d\"396\" blockname\u003d\"\" blocktype\u003d\"Text\" l\u003d\"220\" r\u003d\"249\" style\u003d\"transform: translate(271px, 654px); position: absolute; width: 35.7761px; height: 61.3889px;\" t\u003d\"362\"\u003e \u003cregion\u003e \u003crect b\u003d\"396\" l\u003d\"220\" r\u003d\"249\" t\u003d\"362\"\u003e\u003c/rect\u003e  \u003c/region\u003e  \u003ctext\u003e \u003cpar align\u003d\"Justified\" linespacing\u003d\"400\"\u003e \u003cline b\u003d\"366\" baseline\u003d\"366\" l\u003d\"220\" r\u003d\"248\" style\u003d\"transform: translate(0px, 0px); position: absolute;\" t\u003d\"362\"\u003e \u003cformatting lang\u003d\"EnglishUnitedStates\"\u003e FATWKN7 \u003c/formatting\u003e  \u003c/line\u003e  \u003c/par\u003e  \u003cpar align\u003d\"Justified\" linespacing\u003d\"700\"\u003e \u003cline b\u003d\"373\" baseline\u003d\"373\" l\u003d\"220\" r\u003d\"248\" style\u003d\"transform: translate(0px, 11px); position: absolute;\" t\u003d\"368\"\u003e \u003cformatting lang\u003d\"EnglishUnitedStates\"\u003e S10111S \u003c/formatting\u003e  \u003c/line\u003e  \u003cline b\u003d\"381\" baseline\u003d\"381\" l\u003d\"220\" r\u003d\"248\" style\u003d\"transform: translate(0px, 25px); position: absolute;\" t\u003d\"376\"\u003e \u003cformatting lang\u003d\"EnglishUnitedStates\"\u003e mono \u003c/formatting\u003e  \u003c/line\u003e  \u003cline b\u003d\"388\" baseline\u003d\"388\" l\u003d\"220\" r\u003d\"247\" style\u003d\"transform: translate(0px, 38px); position: absolute;\" t\u003d\"383\"\u003e \u003cformatting lang\u003d\"EnglishUnitedStates\"\u003e SI 99941 \u003c/formatting\u003e  \u003c/line\u003e  \u003cline b\u003d\"396\" baseline\u003d\"396\" l\u003d\"220\" r\u003d\"247\" style\u003d\"transform: translate(0px, 51px); position: absolute;\" t\u003d\"390\"\u003e \u003cformatting lang\u003d\"EnglishUnitedStates\"\u003e 1199411 \u003c/formatting\u003e  \u003c/line\u003e  \u003c/par\u003e  \u003c/text\u003e  \u003c/block\u003e  \u003cblock b\u003d\"397\" blockname\u003d\"\" blocktype\u003d\"Text\" l\u003d\"259\" r\u003d\"315\" style\u003d\"transform: translate(320px, 664px); position: absolute; width: 69.085px; height: 52.3611px;\" t\u003d\"368\"\u003e \u003cregion\u003e \u003crect b\u003d\"397\" l\u003d\"259\" r\u003d\"315\" t\u003d\"368\"\u003e\u003c/rect\u003e  \u003c/region\u003e  \u003ctext\u003e \u003cpar linespacing\u003d\"700\"\u003e \u003cline b\u003d\"373\" baseline\u003d\"373\" l\u003d\"260\" r\u003d\"309\" style\u003d\"transform: translate(1px, 0px); position: absolute;\" t\u003d\"368\"\u003e \u003cformatting lang\u003d\"EnglishUnitedStates\"\u003e 48MTJC55S504 \u003c/formatting\u003e  \u003c/line\u003e  \u003c/par\u003e  \u003cpar linespacing\u003d\"700\"\u003e \u003cline b\u003d\"380\" baseline\u003d\"380\" l\u003d\"260\" r\u003d\"293\" style\u003d\"transform: translate(1px, 14px); position: absolute;\" t\u003d\"376\"\u003e \u003cformatting lang\u003d\"EnglishUnitedStates\"\u003e 4 9I9TJC0 4 \u003c/formatting\u003e  \u003c/line\u003e  \u003c/par\u003e  \u003cpar linespacing\u003d\"700\"\u003e \u003cline b\u003d\"388\" baseline\u003d\"388\" l\u003d\"260\" r\u003d\"310\" style\u003d\"transform: translate(1px, 27px); position: absolute;\" t\u003d\"383\"\u003e \u003cformatting lang\u003d\"EnglishUnitedStates\"\u003e 49MTJC122294 \u003c/formatting\u003e  \u003c/line\u003e  \u003c/par\u003e  \u003cpar linespacing\u003d\"700\"\u003e \u003cline b\u003d\"395\" baseline\u003d\"395\" l\u003d\"260\" r\u003d\"309\" style\u003d\"transform: translate(1px, 40px); position: absolute;\" t\u003d\"390\"\u003e \u003cformatting lang\u003d\"EnglishUnitedStates\"\u003e 4 fl 9NIKM14191 \u003c/formatting\u003e  \u003c/line\u003e  \u003c/par\u003e  \u003c/text\u003e  \u003c/block\u003e  \u003cblock b\u003d\"397\" blockname\u003d\"\" blocktype\u003d\"Text\" l\u003d\"374\" r\u003d\"416\" style\u003d\"transform: translate(461px, 637px); position: absolute; width: 51.8137px; height: 79.4444px;\" t\u003d\"353\"\u003e \u003cregion\u003e \u003crect b\u003d\"397\" l\u003d\"374\" r\u003d\"416\" t\u003d\"353\"\u003e\u003c/rect\u003e  \u003c/region\u003e  \u003ctext\u003e \u003cpar align\u003d\"Justified\" linespacing\u003d\"700\"\u003e \u003cline b\u003d\"359\" baseline\u003d\"358\" l\u003d\"378\" r\u003d\"414\" style\u003d\"transform: translate(5px, 0px); position: absolute;\" t\u003d\"353\"\u003e \u003cformatting lang\u003d\"EnglishUnitedStates\"\u003e 2.099.11- \u003c/formatting\u003e  \u003c/line\u003e  \u003cline b\u003d\"366\" baseline\u003d\"366\" l\u003d\"378\" r\u003d\"414\" style\u003d\"transform: translate(5px, 14px); position: absolute;\" t\u003d\"361\"\u003e \u003cformatting lang\u003d\"EnglishUnitedStates\"\u003e 1.954.72- \u003c/formatting\u003e  \u003c/line\u003e  \u003cline b\u003d\"373\" baseline\u003d\"373\" l\u003d\"387\" r\u003d\"411\" style\u003d\"transform: translate(16px, 27px); position: absolute;\" t\u003d\"368\"\u003e \u003cformatting lang\u003d\"EnglishUnitedStates\"\u003e 129.29 \u003c/formatting\u003e  \u003c/line\u003e  \u003cline b\u003d\"381\" baseline\u003d\"381\" l\u003d\"386\" r\u003d\"411\" style\u003d\"transform: translate(15px, 42px); position: absolute;\" t\u003d\"376\"\u003e \u003cformatting lang\u003d\"EnglishUnitedStates\"\u003e 249.40 \u003c/formatting\u003e  \u003c/line\u003e  \u003cline b\u003d\"388\" baseline\u003d\"388\" l\u003d\"387\" r\u003d\"411\" style\u003d\"transform: translate(16px, 54px); position: absolute;\" t\u003d\"383\"\u003e \u003cformatting lang\u003d\"EnglishUnitedStates\"\u003e 941.49 \u003c/formatting\u003e  \u003c/line\u003e  \u003cline b\u003d\"395\" baseline\u003d\"395\" l\u003d\"386\" r\u003d\"410\" style\u003d\"transform: translate(15px, 67px); position: absolute;\" t\u003d\"390\"\u003e \u003cformatting lang\u003d\"EnglishUnitedStates\"\u003e \u0026lt;09.11 \u003c/formatting\u003e  \u003c/line\u003e  \u003c/par\u003e  \u003c/text\u003e  \u003c/block\u003e  \u003cblock b\u003d\"397\" blockname\u003d\"\" blocktype\u003d\"Text\" l\u003d\"462\" r\u003d\"493\" style\u003d\"transform: translate(570px, 664px); position: absolute; width: 38.2435px; height: 52.3611px;\" t\u003d\"368\"\u003e \u003cregion\u003e \u003crect b\u003d\"397\" l\u003d\"462\" r\u003d\"493\" t\u003d\"368\"\u003e\u003c/rect\u003e  \u003c/region\u003e  \u003ctext\u003e \u003cpar linespacing\u003d\"700\"\u003e \u003cline b\u003d\"373\" baseline\u003d\"373\" l\u003d\"466\" r\u003d\"490\" style\u003d\"transform: translate(5px, 0px); position: absolute;\" t\u003d\"368\"\u003e \u003cformatting lang\u003d\"EnglishUnitedStates\"\u003e 129.29 \u003c/formatting\u003e  \u003c/line\u003e  \u003c/par\u003e  \u003cpar linespacing\u003d\"700\"\u003e \u003cline b\u003d\"381\" baseline\u003d\"381\" l\u003d\"465\" r\u003d\"490\" style\u003d\"transform: translate(4px, 14px); position: absolute;\" t\u003d\"376\"\u003e \u003cformatting lang\u003d\"EnglishUnitedStates\"\u003e 249.40 \u003c/formatting\u003e  \u003c/line\u003e  \u003c/par\u003e  \u003cpar linespacing\u003d\"700\"\u003e \u003cline b\u003d\"388\" baseline\u003d\"388\" l\u003d\"466\" r\u003d\"490\" style\u003d\"transform: translate(5px, 27px); position: absolute;\" t\u003d\"383\"\u003e \u003cformatting lang\u003d\"EnglishUnitedStates\"\u003e 941.49 \u003c/formatting\u003e  \u003c/line\u003e  \u003c/par\u003e  \u003cpar linespacing\u003d\"700\"\u003e \u003cline b\u003d\"395\" baseline\u003d\"395\" l\u003d\"465\" r\u003d\"490\" style\u003d\"transform: translate(4px, 40px); position: absolute;\" t\u003d\"390\"\u003e \u003cformatting lang\u003d\"EnglishUnitedStates\"\u003e \u0026lt;01.11 \u003c/formatting\u003e  \u003c/line\u003e  \u003c/par\u003e  \u003c/text\u003e  \u003c/block\u003e  \u003cblock b\u003d\"608\" blockname\u003d\"\" blocktype\u003d\"Text\" l\u003d\"215\" r\u003d\"316\" style\u003d\"transform: translate(265px, 1029px); position: absolute; width: 124.6px; height: 68.6111px;\" t\u003d\"570\"\u003e \u003cregion\u003e \u003crect b\u003d\"608\" l\u003d\"215\" r\u003d\"316\" t\u003d\"570\"\u003e\u003c/rect\u003e  \u003c/region\u003e  \u003ctext\u003e \u003cpar leftindent\u003d\"15500\" linespacing\u003d\"2900\"\u003e \u003cline b\u003d\"606\" baseline\u003d\"606\" l\u003d\"219\" r\u003d\"311\" style\u003d\"transform: translate(5px, 13px); position: absolute;\" t\u003d\"577\"\u003e \u003cformatting lang\u003d\"EnglishUnitedStates\"\u003e fleet \u003c/formatting\u003e  \u003c/line\u003e  \u003c/par\u003e  \u003c/text\u003e  \u003c/block\u003e  \u003cblock b\u003d\"398\" blockname\u003d\"\" blocktype\u003d\"Text\" l\u003d\"534\" r\u003d\"557\" style\u003d\"transform: translate(659px, 677px); position: absolute; width: 28.3742px; height: 41.5278px;\" t\u003d\"375\"\u003e \u003cregion\u003e \u003crect b\u003d\"398\" l\u003d\"534\" r\u003d\"557\" t\u003d\"375\"\u003e\u003c/rect\u003e  \u003c/region\u003e  \u003ctext\u003e \u003cpar linespacing\u003d\"700\"\u003e \u003cline b\u003d\"381\" baseline\u003d\"381\" l\u003d\"538\" r\u003d\"554\" style\u003d\"transform: translate(5px, 2px); position: absolute;\" t\u003d\"376\"\u003e \u003cformatting lang\u003d\"EnglishUnitedStates\"\u003e 4.90 \u003c/formatting\u003e  \u003c/line\u003e  \u003c/par\u003e  \u003cpar linespacing\u003d\"700\"\u003e \u003cline b\u003d\"388\" baseline\u003d\"388\" l\u003d\"538\" r\u003d\"554\" style\u003d\"transform: translate(5px, 14px); position: absolute;\" t\u003d\"383\"\u003e \u003cformatting lang\u003d\"EnglishUnitedStates\"\u003e 5.07 \u003c/formatting\u003e  \u003c/line\u003e  \u003c/par\u003e  \u003cpar linespacing\u003d\"700\"\u003e \u003cline b\u003d\"396\" baseline\u003d\"396\" l\u003d\"538\" r\u003d\"553\" style\u003d\"transform: translate(5px, 27px); position: absolute;\" t\u003d\"390\"\u003e \u003cformatting lang\u003d\"EnglishUnitedStates\"\u003e 4.74 \u003c/formatting\u003e  \u003c/line\u003e  \u003c/par\u003e  \u003c/text\u003e  \u003c/block\u003e  \u003cblock b\u003d\"693\" blockname\u003d\"\" blocktype\u003d\"Text\" l\u003d\"69\" r\u003d\"235\" style\u003d\"transform: translate(85px, 1237px); position: absolute; width: 204.788px; height: 14.4444px;\" t\u003d\"685\"\u003e \u003cregion\u003e \u003crect b\u003d\"693\" l\u003d\"69\" r\u003d\"235\" t\u003d\"685\"\u003e\u003c/rect\u003e  \u003c/region\u003e  \u003ctext\u003e \u003cpar linespacing\u003d\"600\"\u003e \u003cline b\u003d\"691\" baseline\u003d\"691\" l\u003d\"70\" r\u003d\"230\" style\u003d\"transform: translate(1px, 0px); position: absolute;\" t\u003d\"685\"\u003e \u003cformatting lang\u003d\"EnglishUnitedStates\"\u003e Total Niurfcer of Past Due Invoicesi \u003c/formatting\u003e  \u003c/line\u003e  \u003c/par\u003e  \u003c/text\u003e  \u003c/block\u003e  \u003cblock b\u003d\"693\" blockname\u003d\"\" blocktype\u003d\"Text\" l\u003d\"282\" r\u003d\"429\" style\u003d\"transform: translate(348px, 1237px); position: absolute; width: 181.348px; height: 14.4444px;\" t\u003d\"685\"\u003e \u003cregion\u003e \u003crect b\u003d\"693\" l\u003d\"282\" r\u003d\"429\" t\u003d\"685\"\u003e\u003c/rect\u003e  \u003c/region\u003e  \u003ctext\u003e \u003cpar linespacing\u003d\"600\"\u003e \u003cline b\u003d\"691\" baseline\u003d\"691\" l\u003d\"285\" r\u003d\"424\" style\u003d\"transform: translate(4px, 0px); position: absolute;\" t\u003d\"685\"\u003e \u003cformatting lang\u003d\"EnglishUnitedStates\"\u003e 1 Total Kunber of Invoicesi \u003c/formatting\u003e  \u003c/line\u003e  \u003c/par\u003e  \u003c/text\u003e  \u003c/block\u003e  \u003cblock b\u003d\"693\" blockname\u003d\"\" blocktype\u003d\"Text\" l\u003d\"514\" r\u003d\"530\" style\u003d\"transform: translate(634px, 1237px); position: absolute; width: 19.7386px; height: 14.4444px;\" t\u003d\"685\"\u003e \u003cregion\u003e \u003crect b\u003d\"693\" l\u003d\"514\" r\u003d\"530\" t\u003d\"685\"\u003e\u003c/rect\u003e  \u003c/region\u003e  \u003ctext\u003e \u003cpar linespacing\u003d\"500\"\u003e \u003cline b\u003d\"691\" baseline\u003d\"691\" l\u003d\"517\" r\u003d\"525\" style\u003d\"transform: translate(4px, 2px); position: absolute;\" t\u003d\"686\"\u003e \u003cformatting lang\u003d\"EnglishUnitedStates\"\u003e 37 \u003c/formatting\u003e  \u003c/line\u003e  \u003c/par\u003e  \u003c/text\u003e  \u003c/block\u003e  \u003cblock b\u003d\"739\" blockname\u003d\"\" blocktype\u003d\"Text\" l\u003d\"64\" r\u003d\"478\" style\u003d\"transform: translate(79px, 1264px); position: absolute; width: 510.735px; height: 70.4167px;\" t\u003d\"700\"\u003e \u003cregion\u003e \u003crect b\u003d\"718\" l\u003d\"64\" r\u003d\"478\" t\u003d\"700\"\u003e\u003c/rect\u003e  \u003crect b\u003d\"739\" l\u003d\"64\" r\u003d\"460\" t\u003d\"718\"\u003e\u003c/rect\u003e  \u003c/region\u003e  \u003ctext\u003e \u003cpar align\u003d\"Justified\" leftindent\u003d\"2900\" linespacing\u003d\"1900\"\u003e \u003cline b\u003d\"717\" baseline\u003d\"716\" l\u003d\"93\" r\u003d\"477\" style\u003d\"transform: translate(36px, 0px); position: absolute;\" t\u003d\"700\"\u003e \u003cformatting lang\u003d\"EnglishUnitedStates\"\u003e twe I DUE I 1-30 I I Over 60 I \u0027due1 \u003c/formatting\u003e  \u003c/line\u003e  \u003c/par\u003e  \u003cpar align\u003d\"Justified\" leftindent\u003d\"2900\" linespacing\u003d\"1900\"\u003e \u003cline b\u003d\"738\" baseline\u003d\"735\" l\u003d\"93\" r\u003d\"459\" style\u003d\"transform: translate(36px, 25px); position: absolute;\" t\u003d\"714\"\u003e \u003cformatting lang\u003d\"EnglishUnitedStates\"\u003e 000 1 \u0026mdash;^Cuiamint\u0027cojiT\u0026laquo;prto\u0026lt; mwUr7opii7iitm^^u\u0026raquo; gurin, J\u0026gt;~\u0027 \u003c/formatting\u003e  \u003c/line\u003e  \u003c/par\u003e  \u003c/text\u003e  \u003c/block\u003e  \u003cblock b\u003d\"728\" blockname\u003d\"\" blocktype\u003d\"Text\" l\u003d\"460\" r\u003d\"498\" style\u003d\"transform: translate(567px, 1298px); position: absolute; width: 46.8791px; height: 16.25px;\" t\u003d\"719\"\u003e \u003cregion\u003e \u003crect b\u003d\"728\" l\u003d\"460\" r\u003d\"498\" t\u003d\"719\"\u003e\u003c/rect\u003e  \u003c/region\u003e  \u003ctext\u003e \u003cpar linespacing\u003d\"-1\"\u003e\u003c/par\u003e  \u003c/text\u003e  \u003c/block\u003e  \u003cblock b\u003d\"72\" blockname\u003d\"\" blocktype\u003d\"Separator\" class\u003d\"hidden\" l\u003d\"407\" r\u003d\"437\" style\u003d\"transform: translate(502px, 126px); position: absolute;\" t\u003d\"70\"\u003e \u003cregion\u003e \u003crect b\u003d\"72\" l\u003d\"407\" r\u003d\"437\" t\u003d\"70\"\u003e\u003c/rect\u003e  \u003c/region\u003e  \u003cseparator thickness\u003d\"2\" type\u003d\"Black\"\u003e \u003cstart x\u003d\"407\" y\u003d\"71\"\u003e\u003c/start\u003e \u003cend x\u003d\"437\" y\u003d\"71\"\u003e\u003c/end\u003e \u003c/separator\u003e \u003c/block\u003e  \u003cblock b\u003d\"71\" blockname\u003d\"\" blocktype\u003d\"Separator\" l\u003d\"443\" r\u003d\"478\" style\u003d\"transform: translate(547px, 126px); position: absolute;\" t\u003d\"70\"\u003e \u003cregion\u003e \u003crect b\u003d\"71\" l\u003d\"443\" r\u003d\"478\" t\u003d\"70\"\u003e\u003c/rect\u003e  \u003c/region\u003e  \u003cseparator thickness\u003d\"1\" type\u003d\"Black\"\u003e \u003cstart x\u003d\"443\" y\u003d\"70\"\u003e\u003c/start\u003e \u003cend x\u003d\"478\" y\u003d\"70\"\u003e\u003c/end\u003e \u003c/separator\u003e \u003c/block\u003e  \u003cblock b\u003d\"81\" blockname\u003d\"\" blocktype\u003d\"Separator\" l\u003d\"406\" r\u003d\"478\" style\u003d\"transform: translate(501px, 143px); position: absolute;\" t\u003d\"79\"\u003e \u003cregion\u003e \u003crect b\u003d\"81\" l\u003d\"406\" r\u003d\"478\" t\u003d\"79\"\u003e\u003c/rect\u003e  \u003c/region\u003e  \u003cseparator thickness\u003d\"2\" type\u003d\"Black\"\u003e \u003cstart x\u003d\"406\" y\u003d\"80\"\u003e\u003c/start\u003e \u003cend x\u003d\"478\" y\u003d\"80\"\u003e\u003c/end\u003e \u003c/separator\u003e \u003c/block\u003e  \u003cblock b\u003d\"94\" blockname\u003d\"\" blocktype\u003d\"Separator\" l\u003d\"407\" r\u003d\"525\" style\u003d\"transform: translate(502px, 166px); position: absolute;\" t\u003d\"92\"\u003e \u003cregion\u003e \u003crect b\u003d\"94\" l\u003d\"407\" r\u003d\"525\" t\u003d\"92\"\u003e\u003c/rect\u003e  \u003c/region\u003e  \u003cseparator thickness\u003d\"2\" type\u003d\"Black\"\u003e \u003cstart x\u003d\"407\" y\u003d\"93\"\u003e\u003c/start\u003e \u003cend x\u003d\"525\" y\u003d\"93\"\u003e\u003c/end\u003e \u003c/separator\u003e \u003c/block\u003e  \u003cblock b\u003d\"190\" blockname\u003d\"\" blocktype\u003d\"Separator\" class\u003d\"hidden\" l\u003d\"405\" r\u003d\"485\" style\u003d\"transform: translate(500px, 338px); position: absolute;\" t\u003d\"187\"\u003e \u003cregion\u003e \u003crect b\u003d\"190\" l\u003d\"405\" r\u003d\"485\" t\u003d\"187\"\u003e\u003c/rect\u003e  \u003c/region\u003e  \u003cseparator thickness\u003d\"3\" type\u003d\"Black\"\u003e \u003cstart x\u003d\"405\" y\u003d\"188\"\u003e\u003c/start\u003e \u003cend x\u003d\"485\" y\u003d\"188\"\u003e\u003c/end\u003e \u003c/separator\u003e \u003c/block\u003e  \u003cblock b\u003d\"680\" blockname\u003d\"\" blocktype\u003d\"Separator\" l\u003d\"64\" r\u003d\"562\" style\u003d\"transform: translate(79px, 1224px); position: absolute;\" t\u003d\"678\"\u003e \u003cregion\u003e \u003crect b\u003d\"680\" l\u003d\"64\" r\u003d\"562\" t\u003d\"678\"\u003e\u003c/rect\u003e  \u003c/region\u003e  \u003cseparator thickness\u003d\"2\" type\u003d\"Black\"\u003e \u003cstart x\u003d\"64\" y\u003d\"679\"\u003e\u003c/start\u003e \u003cend x\u003d\"562\" y\u003d\"679\"\u003e\u003c/end\u003e \u003c/separator\u003e \u003c/block\u003e  \u003cblock b\u003d\"684\" blockname\u003d\"\" blocktype\u003d\"Separator\" l\u003d\"64\" r\u003d\"562\" style\u003d\"transform: translate(79px, 1231px); position: absolute;\" t\u003d\"682\"\u003e \u003cregion\u003e \u003crect b\u003d\"684\" l\u003d\"64\" r\u003d\"562\" t\u003d\"682\"\u003e\u003c/rect\u003e  \u003c/region\u003e  \u003cseparator thickness\u003d\"2\" type\u003d\"Black\"\u003e \u003cstart x\u003d\"64\" y\u003d\"683\"\u003e\u003c/start\u003e \u003cend x\u003d\"562\" y\u003d\"683\"\u003e\u003c/end\u003e \u003c/separator\u003e \u003c/block\u003e  \u003cblock b\u003d\"698\" blockname\u003d\"\" blocktype\u003d\"Separator\" l\u003d\"64\" r\u003d\"562\" style\u003d\"transform: translate(79px, 1255px); position: absolute;\" t\u003d\"695\"\u003e \u003cregion\u003e \u003crect b\u003d\"696\" l\u003d\"64\" r\u003d\"562\" t\u003d\"695\"\u003e\u003c/rect\u003e  \u003crect b\u003d\"697\" l\u003d\"64\" r\u003d\"562\" t\u003d\"696\"\u003e\u003c/rect\u003e  \u003crect b\u003d\"698\" l\u003d\"186\" r\u003d\"560\" t\u003d\"697\"\u003e\u003c/rect\u003e  \u003c/region\u003e  \u003cseparator thickness\u003d\"2\" type\u003d\"Black\"\u003e \u003cstart x\u003d\"64\" y\u003d\"696\"\u003e\u003c/start\u003e \u003cend x\u003d\"562\" y\u003d\"696\"\u003e\u003c/end\u003e \u003c/separator\u003e \u003c/block\u003e  \u003cblock b\u003d\"703\" blockname\u003d\"\" blocktype\u003d\"Separator\" class\u003d\"hidden\" l\u003d\"115\" r\u003d\"159\" style\u003d\"transform: translate(142px, 1264px); position: absolute;\" t\u003d\"700\"\u003e \u003cregion\u003e \u003crect b\u003d\"703\" l\u003d\"115\" r\u003d\"159\" t\u003d\"700\"\u003e\u003c/rect\u003e  \u003c/region\u003e  \u003cseparator thickness\u003d\"3\" type\u003d\"Black\"\u003e \u003cstart x\u003d\"115\" y\u003d\"701\"\u003e\u003c/start\u003e \u003cend x\u003d\"159\" y\u003d\"701\"\u003e\u003c/end\u003e \u003c/separator\u003e \u003c/block\u003e  \u003cblock b\u003d\"703\" blockname\u003d\"\" blocktype\u003d\"Separator\" class\u003d\"hidden\" l\u003d\"472\" r\u003d\"562\" style\u003d\"transform: translate(582px, 1264px); position: absolute;\" t\u003d\"700\"\u003e \u003cregion\u003e \u003crect b\u003d\"703\" l\u003d\"472\" r\u003d\"562\" t\u003d\"700\"\u003e\u003c/rect\u003e  \u003c/region\u003e  \u003cseparator thickness\u003d\"3\" type\u003d\"Black\"\u003e \u003cstart x\u003d\"472\" y\u003d\"701\"\u003e\u003c/start\u003e \u003cend x\u003d\"562\" y\u003d\"701\"\u003e\u003c/end\u003e \u003c/separator\u003e \u003c/block\u003e  \u003cblock b\u003d\"722\" blockname\u003d\"\" blocktype\u003d\"Separator\" class\u003d\"hidden\" l\u003d\"109\" r\u003d\"169\" style\u003d\"transform: translate(134px, 1295px); position: absolute;\" t\u003d\"717\"\u003e \u003cregion\u003e \u003crect b\u003d\"718\" l\u003d\"137\" r\u003d\"139\" t\u003d\"717\"\u003e\u003c/rect\u003e  \u003crect b\u003d\"720\" l\u003d\"109\" r\u003d\"169\" t\u003d\"718\"\u003e\u003c/rect\u003e  \u003crect b\u003d\"721\" l\u003d\"137\" r\u003d\"169\" t\u003d\"720\"\u003e\u003c/rect\u003e  \u003crect b\u003d\"722\" l\u003d\"168\" r\u003d\"169\" t\u003d\"721\"\u003e\u003c/rect\u003e  \u003c/region\u003e  \u003cseparator thickness\u003d\"3\" type\u003d\"Black\"\u003e \u003cstart x\u003d\"109\" y\u003d\"719\"\u003e\u003c/start\u003e \u003cend x\u003d\"169\" y\u003d\"719\"\u003e\u003c/end\u003e \u003c/separator\u003e \u003c/block\u003e  \u003cblock b\u003d\"721\" blockname\u003d\"\" blocktype\u003d\"Separator\" class\u003d\"hidden\" l\u003d\"191\" r\u003d\"251\" style\u003d\"transform: translate(236px, 1295px); position: absolute;\" t\u003d\"717\"\u003e \u003cregion\u003e \u003crect b\u003d\"718\" l\u003d\"191\" r\u003d\"244\" t\u003d\"717\"\u003e\u003c/rect\u003e  \u003crect b\u003d\"720\" l\u003d\"191\" r\u003d\"251\" t\u003d\"718\"\u003e\u003c/rect\u003e  \u003crect b\u003d\"721\" l\u003d\"244\" r\u003d\"251\" t\u003d\"720\"\u003e\u003c/rect\u003e  \u003c/region\u003e  \u003cseparator thickness\u003d\"3\" type\u003d\"Black\"\u003e \u003cstart x\u003d\"191\" y\u003d\"719\"\u003e\u003c/start\u003e \u003cend x\u003d\"251\" y\u003d\"719\"\u003e\u003c/end\u003e \u003c/separator\u003e \u003c/block\u003e  \u003cblock b\u003d\"722\" blockname\u003d\"\" blocktype\u003d\"Separator\" class\u003d\"hidden\" l\u003d\"259\" r\u003d\"319\" style\u003d\"transform: translate(320px, 1295px); position: absolute;\" t\u003d\"717\"\u003e \u003cregion\u003e \u003crect b\u003d\"718\" l\u003d\"288\" r\u003d\"290\" t\u003d\"717\"\u003e\u003c/rect\u003e  \u003crect b\u003d\"720\" l\u003d\"259\" r\u003d\"319\" t\u003d\"718\"\u003e\u003c/rect\u003e  \u003crect b\u003d\"721\" l\u003d\"288\" r\u003d\"319\" t\u003d\"720\"\u003e\u003c/rect\u003e  \u003crect b\u003d\"722\" l\u003d\"314\" r\u003d\"319\" t\u003d\"721\"\u003e\u003c/rect\u003e  \u003c/region\u003e  \u003cseparator thickness\u003d\"3\" type\u003d\"Black\"\u003e \u003cstart x\u003d\"259\" y\u003d\"719\"\u003e\u003c/start\u003e \u003cend x\u003d\"319\" y\u003d\"719\"\u003e\u003c/end\u003e \u003c/separator\u003e \u003c/block\u003e  \u003cblock b\u003d\"721\" blockname\u003d\"\" blocktype\u003d\"Separator\" class\u003d\"hidden\" l\u003d\"337\" r\u003d\"397\" style\u003d\"transform: translate(416px, 1295px); position: absolute;\" t\u003d\"717\"\u003e \u003cregion\u003e \u003crect b\u003d\"718\" l\u003d\"360\" r\u003d\"397\" t\u003d\"717\"\u003e\u003c/rect\u003e  \u003crect b\u003d\"720\" l\u003d\"337\" r\u003d\"397\" t\u003d\"718\"\u003e\u003c/rect\u003e  \u003crect b\u003d\"721\" l\u003d\"360\" r\u003d\"362\" t\u003d\"720\"\u003e\u003c/rect\u003e  \u003c/region\u003e  \u003cseparator thickness\u003d\"3\" type\u003d\"Black\"\u003e \u003cstart x\u003d\"337\" y\u003d\"719\"\u003e\u003c/start\u003e \u003cend x\u003d\"397\" y\u003d\"719\"\u003e\u003c/end\u003e \u003c/separator\u003e \u003c/block\u003e  \u003cblock b\u003d\"721\" blockname\u003d\"\" blocktype\u003d\"Separator\" class\u003d\"hidden\" l\u003d\"411\" r\u003d\"459\" style\u003d\"transform: translate(507px, 1295px); position: absolute;\" t\u003d\"717\"\u003e \u003cregion\u003e \u003crect b\u003d\"720\" l\u003d\"411\" r\u003d\"459\" t\u003d\"717\"\u003e\u003c/rect\u003e  \u003crect b\u003d\"721\" l\u003d\"433\" r\u003d\"435\" t\u003d\"720\"\u003e\u003c/rect\u003e  \u003c/region\u003e  \u003cseparator thickness\u003d\"3\" type\u003d\"Black\"\u003e \u003cstart x\u003d\"411\" y\u003d\"719\"\u003e\u003c/start\u003e \u003cend x\u003d\"459\" y\u003d\"719\"\u003e\u003c/end\u003e \u003c/separator\u003e \u003c/block\u003e  \u003cblock b\u003d\"729\" blockname\u003d\"\" blocktype\u003d\"Separator\" class\u003d\"hidden\" l\u003d\"64\" r\u003d\"161\" style\u003d\"transform: translate(79px, 1311px); position: absolute;\" t\u003d\"726\"\u003e \u003cregion\u003e \u003crect b\u003d\"729\" l\u003d\"64\" r\u003d\"161\" t\u003d\"726\"\u003e\u003c/rect\u003e  \u003c/region\u003e  \u003cseparator thickness\u003d\"3\" type\u003d\"Black\"\u003e \u003cstart x\u003d\"64\" y\u003d\"727\"\u003e\u003c/start\u003e \u003cend x\u003d\"161\" y\u003d\"727\"\u003e\u003c/end\u003e \u003c/separator\u003e \u003c/block\u003e  \u003cblock b\u003d\"729\" blockname\u003d\"\" blocktype\u003d\"Separator\" class\u003d\"hidden\" l\u003d\"179\" r\u003d\"317\" style\u003d\"transform: translate(221px, 1311px); position: absolute;\" t\u003d\"726\"\u003e \u003cregion\u003e \u003crect b\u003d\"729\" l\u003d\"179\" r\u003d\"317\" t\u003d\"726\"\u003e\u003c/rect\u003e  \u003c/region\u003e  \u003cseparator thickness\u003d\"3\" type\u003d\"Black\"\u003e \u003cstart x\u003d\"179\" y\u003d\"727\"\u003e\u003c/start\u003e \u003cend x\u003d\"317\" y\u003d\"727\"\u003e\u003c/end\u003e \u003c/separator\u003e \u003c/block\u003e  \u003cblock b\u003d\"729\" blockname\u003d\"\" blocktype\u003d\"Separator\" class\u003d\"hidden\" l\u003d\"336\" r\u003d\"390\" style\u003d\"transform: translate(415px, 1311px); position: absolute;\" t\u003d\"726\"\u003e \u003cregion\u003e \u003crect b\u003d\"729\" l\u003d\"336\" r\u003d\"390\" t\u003d\"726\"\u003e\u003c/rect\u003e  \u003c/region\u003e  \u003cseparator thickness\u003d\"3\" type\u003d\"Black\"\u003e \u003cstart x\u003d\"336\" y\u003d\"727\"\u003e\u003c/start\u003e \u003cend x\u003d\"390\" y\u003d\"727\"\u003e\u003c/end\u003e \u003c/separator\u003e \u003c/block\u003e  \u003cblock b\u003d\"729\" blockname\u003d\"\" blocktype\u003d\"Separator\" class\u003d\"hidden\" l\u003d\"405\" r\u003d\"460\" style\u003d\"transform: translate(500px, 1311px); position: absolute;\" t\u003d\"726\"\u003e \u003cregion\u003e \u003crect b\u003d\"729\" l\u003d\"405\" r\u003d\"460\" t\u003d\"726\"\u003e\u003c/rect\u003e  \u003c/region\u003e  \u003cseparator thickness\u003d\"3\" type\u003d\"Black\"\u003e \u003cstart x\u003d\"405\" y\u003d\"727\"\u003e\u003c/start\u003e \u003cend x\u003d\"460\" y\u003d\"727\"\u003e\u003c/end\u003e \u003c/separator\u003e \u003c/block\u003e  \u003cblock b\u003d\"729\" blockname\u003d\"\" blocktype\u003d\"Separator\" l\u003d\"499\" r\u003d\"562\" style\u003d\"transform: translate(616px, 1311px); position: absolute;\" t\u003d\"726\"\u003e \u003cregion\u003e \u003crect b\u003d\"729\" l\u003d\"499\" r\u003d\"562\" t\u003d\"726\"\u003e\u003c/rect\u003e  \u003c/region\u003e  \u003cseparator thickness\u003d\"2\" type\u003d\"Black\"\u003e \u003cstart x\u003d\"499\" y\u003d\"727\"\u003e\u003c/start\u003e \u003cend x\u003d\"562\" y\u003d\"727\"\u003e\u003c/end\u003e \u003c/separator\u003e \u003c/block\u003e  \u003cblock b\u003d\"738\" blockname\u003d\"\" blocktype\u003d\"Separator\" class\u003d\"hidden\" l\u003d\"281\" r\u003d\"447\" style\u003d\"transform: translate(347px, 1320px); position: absolute;\" t\u003d\"731\"\u003e \u003cregion\u003e \u003crect b\u003d\"732\" l\u003d\"302\" r\u003d\"447\" t\u003d\"731\"\u003e\u003c/rect\u003e  \u003crect b\u003d\"737\" l\u003d\"281\" r\u003d\"447\" t\u003d\"732\"\u003e\u003c/rect\u003e  \u003crect b\u003d\"738\" l\u003d\"281\" r\u003d\"334\" t\u003d\"737\"\u003e\u003c/rect\u003e  \u003c/region\u003e  \u003cseparator thickness\u003d\"5\" type\u003d\"Black\"\u003e \u003cstart x\u003d\"281\" y\u003d\"734\"\u003e\u003c/start\u003e \u003cend x\u003d\"447\" y\u003d\"734\"\u003e\u003c/end\u003e \u003c/separator\u003e \u003c/block\u003e  \u003cblock b\u003d\"729\" blockname\u003d\"\" blocktype\u003d\"Separator\" l\u003d\"63\" r\u003d\"66\" style\u003d\"transform: translate(78px, 627px); position: absolute;\" t\u003d\"347\"\u003e \u003cregion\u003e \u003crect b\u003d\"729\" l\u003d\"63\" r\u003d\"66\" t\u003d\"347\"\u003e\u003c/rect\u003e  \u003c/region\u003e  \u003cseparator thickness\u003d\"2\" type\u003d\"Black\"\u003e \u003cstart x\u003d\"64\" y\u003d\"347\"\u003e\u003c/start\u003e \u003cend x\u003d\"64\" y\u003d\"729\"\u003e\u003c/end\u003e \u003c/separator\u003e \u003c/block\u003e  \u003cblock b\u003d\"680\" blockname\u003d\"\" blocktype\u003d\"Separator\" l\u003d\"128\" r\u003d\"131\" style\u003d\"transform: translate(158px, 627px); position: absolute;\" t\u003d\"347\"\u003e \u003cregion\u003e \u003crect b\u003d\"680\" l\u003d\"128\" r\u003d\"131\" t\u003d\"347\"\u003e\u003c/rect\u003e  \u003c/region\u003e  \u003cseparator thickness\u003d\"2\" type\u003d\"Black\"\u003e \u003cstart x\u003d\"129\" y\u003d\"347\"\u003e\u003c/start\u003e \u003cend x\u003d\"129\" y\u003d\"680\"\u003e\u003c/end\u003e \u003c/separator\u003e \u003c/block\u003e  \u003cblock b\u003d\"535\" blockname\u003d\"\" blocktype\u003d\"Separator\" l\u003d\"169\" r\u003d\"171\" style\u003d\"transform: translate(208px, 627px); position: absolute;\" t\u003d\"347\"\u003e \u003cregion\u003e \u003crect b\u003d\"535\" l\u003d\"169\" r\u003d\"171\" t\u003d\"347\"\u003e\u003c/rect\u003e  \u003c/region\u003e  \u003cseparator thickness\u003d\"2\" type\u003d\"Black\"\u003e \u003cstart x\u003d\"170\" y\u003d\"347\"\u003e\u003c/start\u003e \u003cend x\u003d\"170\" y\u003d\"535\"\u003e\u003c/end\u003e \u003c/separator\u003e \u003c/block\u003e  \u003cblock b\u003d\"535\" blockname\u003d\"\" blocktype\u003d\"Separator\" l\u003d\"210\" r\u003d\"212\" style\u003d\"transform: translate(259px, 627px); position: absolute;\" t\u003d\"347\"\u003e \u003cregion\u003e \u003crect b\u003d\"535\" l\u003d\"210\" r\u003d\"212\" t\u003d\"347\"\u003e\u003c/rect\u003e  \u003c/region\u003e  \u003cseparator thickness\u003d\"2\" type\u003d\"Black\"\u003e \u003cstart x\u003d\"211\" y\u003d\"347\"\u003e\u003c/start\u003e \u003cend x\u003d\"211\" y\u003d\"535\"\u003e\u003c/end\u003e \u003c/separator\u003e \u003c/block\u003e  \u003cblock b\u003d\"534\" blockname\u003d\"\" blocktype\u003d\"Separator\" l\u003d\"256\" r\u003d\"258\" style\u003d\"transform: translate(316px, 627px); position: absolute;\" t\u003d\"347\"\u003e \u003cregion\u003e \u003crect b\u003d\"534\" l\u003d\"256\" r\u003d\"258\" t\u003d\"347\"\u003e\u003c/rect\u003e  \u003c/region\u003e  \u003cseparator thickness\u003d\"2\" type\u003d\"Black\"\u003e \u003cstart x\u003d\"257\" y\u003d\"347\"\u003e\u003c/start\u003e \u003cend x\u003d\"257\" y\u003d\"534\"\u003e\u003c/end\u003e \u003c/separator\u003e \u003c/block\u003e  \u003cblock b\u003d\"680\" blockname\u003d\"\" blocktype\u003d\"Separator\" l\u003d\"353\" r\u003d\"356\" style\u003d\"transform: translate(435px, 1159px); position: absolute;\" t\u003d\"642\"\u003e \u003cregion\u003e \u003crect b\u003d\"680\" l\u003d\"353\" r\u003d\"356\" t\u003d\"642\"\u003e\u003c/rect\u003e  \u003c/region\u003e  \u003cseparator thickness\u003d\"3\" type\u003d\"Black\"\u003e \u003cstart x\u003d\"354\" y\u003d\"642\"\u003e\u003c/start\u003e \u003cend x\u003d\"354\" y\u003d\"680\"\u003e\u003c/end\u003e \u003c/separator\u003e \u003c/block\u003e  \u003cblock b\u003d\"535\" blockname\u003d\"\" blocktype\u003d\"Separator\" l\u003d\"354\" r\u003d\"356\" style\u003d\"transform: translate(437px, 627px); position: absolute;\" t\u003d\"347\"\u003e \u003cregion\u003e \u003crect b\u003d\"535\" l\u003d\"354\" r\u003d\"356\" t\u003d\"347\"\u003e\u003c/rect\u003e  \u003c/region\u003e  \u003cseparator thickness\u003d\"2\" type\u003d\"Black\"\u003e \u003cstart x\u003d\"355\" y\u003d\"347\"\u003e\u003c/start\u003e \u003cend x\u003d\"355\" y\u003d\"535\"\u003e\u003c/end\u003e \u003c/separator\u003e \u003c/block\u003e  \u003cblock b\u003d\"535\" blockname\u003d\"\" blocktype\u003d\"Separator\" l\u003d\"417\" r\u003d\"419\" style\u003d\"transform: translate(514px, 628px); position: absolute;\" t\u003d\"348\"\u003e \u003cregion\u003e \u003crect b\u003d\"535\" l\u003d\"417\" r\u003d\"419\" t\u003d\"348\"\u003e\u003c/rect\u003e  \u003c/region\u003e  \u003cseparator thickness\u003d\"2\" type\u003d\"Black\"\u003e \u003cstart x\u003d\"418\" y\u003d\"348\"\u003e\u003c/start\u003e \u003cend x\u003d\"418\" y\u003d\"535\"\u003e\u003c/end\u003e \u003c/separator\u003e \u003c/block\u003e  \u003cblock b\u003d\"680\" blockname\u003d\"\" blocktype\u003d\"Separator\" l\u003d\"417\" r\u003d\"420\" style\u003d\"transform: translate(514px, 1159px); position: absolute;\" t\u003d\"642\"\u003e \u003cregion\u003e \u003crect b\u003d\"680\" l\u003d\"417\" r\u003d\"420\" t\u003d\"642\"\u003e\u003c/rect\u003e  \u003c/region\u003e  \u003cseparator thickness\u003d\"3\" type\u003d\"Black\"\u003e \u003cstart x\u003d\"418\" y\u003d\"642\"\u003e\u003c/start\u003e \u003cend x\u003d\"418\" y\u003d\"680\"\u003e\u003c/end\u003e \u003c/separator\u003e \u003c/block\u003e  \u003cblock b\u003d\"535\" blockname\u003d\"\" blocktype\u003d\"Separator\" l\u003d\"433\" r\u003d\"435\" style\u003d\"transform: translate(534px, 627px); position: absolute;\" t\u003d\"347\"\u003e \u003cregion\u003e \u003crect b\u003d\"535\" l\u003d\"433\" r\u003d\"435\" t\u003d\"347\"\u003e\u003c/rect\u003e  \u003c/region\u003e  \u003cseparator thickness\u003d\"2\" type\u003d\"Black\"\u003e \u003cstart x\u003d\"434\" y\u003d\"347\"\u003e\u003c/start\u003e \u003cend x\u003d\"434\" y\u003d\"535\"\u003e\u003c/end\u003e \u003c/separator\u003e \u003c/block\u003e  \u003cblock b\u003d\"680\" blockname\u003d\"\" blocktype\u003d\"Separator\" l\u003d\"433\" r\u003d\"436\" style\u003d\"transform: translate(534px, 1159px); position: absolute;\" t\u003d\"642\"\u003e \u003cregion\u003e \u003crect b\u003d\"680\" l\u003d\"433\" r\u003d\"436\" t\u003d\"642\"\u003e\u003c/rect\u003e  \u003c/region\u003e  \u003cseparator thickness\u003d\"3\" type\u003d\"Black\"\u003e \u003cstart x\u003d\"434\" y\u003d\"642\"\u003e\u003c/start\u003e \u003cend x\u003d\"434\" y\u003d\"680\"\u003e\u003c/end\u003e \u003c/separator\u003e \u003c/block\u003e  \u003cblock b\u003d\"680\" blockname\u003d\"\" blocktype\u003d\"Separator\" l\u003d\"496\" r\u003d\"499\" style\u003d\"transform: translate(612px, 627px); position: absolute;\" t\u003d\"347\"\u003e \u003cregion\u003e \u003crect b\u003d\"680\" l\u003d\"496\" r\u003d\"499\" t\u003d\"347\"\u003e\u003c/rect\u003e  \u003c/region\u003e  \u003cseparator thickness\u003d\"3\" type\u003d\"Black\"\u003e \u003cstart x\u003d\"497\" y\u003d\"347\"\u003e\u003c/start\u003e \u003cend x\u003d\"497\" y\u003d\"680\"\u003e\u003c/end\u003e \u003c/separator\u003e \u003c/block\u003e  \u003cblock b\u003d\"729\" blockname\u003d\"\" blocktype\u003d\"Separator\" l\u003d\"559\" r\u003d\"562\" style\u003d\"transform: translate(690px, 627px); position: absolute;\" t\u003d\"347\"\u003e \u003cregion\u003e \u003crect b\u003d\"729\" l\u003d\"559\" r\u003d\"562\" t\u003d\"347\"\u003e\u003c/rect\u003e  \u003c/region\u003e  \u003cseparator thickness\u003d\"3\" type\u003d\"Black\"\u003e \u003cstart x\u003d\"560\" y\u003d\"347\"\u003e\u003c/start\u003e \u003cend x\u003d\"560\" y\u003d\"729\"\u003e\u003c/end\u003e \u003c/separator\u003e \u003c/block\u003e  \u003cblock b\u003d\"94\" blockname\u003d\"\" blocktype\u003d\"Separator\" l\u003d\"407\" r\u003d\"409\" style\u003d\"transform: translate(502px, 126px); position: absolute;\" t\u003d\"70\"\u003e \u003cregion\u003e \u003crect b\u003d\"94\" l\u003d\"407\" r\u003d\"409\" t\u003d\"70\"\u003e\u003c/rect\u003e  \u003c/region\u003e  \u003cseparator thickness\u003d\"2\" type\u003d\"Black\"\u003e \u003cstart x\u003d\"408\" y\u003d\"70\"\u003e\u003c/start\u003e \u003cend x\u003d\"408\" y\u003d\"94\"\u003e\u003c/end\u003e \u003c/separator\u003e \u003c/block\u003e  \u003cblock b\u003d\"728\" blockname\u003d\"\" blocktype\u003d\"Text\" l\u003d\"460\" r\u003d\"498\" style\u003d\"transform: translate(567px, 1298px); position: absolute; width: 46.8791px; height: 16.25px;\" t\u003d\"719\"\u003e \u003cregion\u003e \u003crect b\u003d\"728\" l\u003d\"460\" r\u003d\"498\" t\u003d\"719\"\u003e\u003c/rect\u003e  \u003c/region\u003e  \u003ctext\u003e \u003cpar linespacing\u003d\"-1\"\u003e\u003c/par\u003e  \u003c/text\u003e  \u003c/block\u003e  \u003c/page\u003e         \u003c/document\u003e","tags":[{"begin":13,"end":37,"text":"Sloese Retail Operations","tag":"supplier_name","fieldType":"COMPANY_NAME","score":0.5264008030509921,"estimatedAccuracy":0.0}],"group":"supplier_name","limeExplanation":{},"liblinearFeatureImportance":{}}