{"finalScore":0.7122406710223746,"metaInfo":{"model":{"coreVersion":"10.3.0.39"}},"sumScore":4.985684697156622,"tagsCounter":7.0,"taggedText":"\u003chtml\u003e\u003chead\u003e\u003cscript src\u003d\"https://ajax.googleapis.com/ajax/libs/jquery/2.2.0/jquery.min.js\"\u003e\u003c/script\u003e\u003c/head\u003e\u003cbody\u003e\u003cdocument languages\u003d\"\" producer\u003d\"Workfusion\" schemalocation\u003d\"http://ocr.crowdcomputingsystems.com/xml/schema-v1.xml\" version\u003d\"1.0\" xmlns\u003d\"http://ocr.crowdcomputingsystems.com/xml/schema-v1.xml\" xsi\u003d\"http://www.w3.org/2001/XMLSchema-instance\"\u003e \u003clink href\u003d\"https://s3.amazonaws.com/workfusion-resources/ocr/ocr-xml-viewer-0.3-scale-to-width.css\" rel\u003d\"stylesheet\" type\u003d\"text/css\"\u003e\u003c/link\u003e \u003cstyle\u003e\u003c/style\u003e\u003cpage data-pages\u003d\"1\" h\u003d\"600\" resolution\u003d\"72\" style\u003d\"height: 930px;\" w\u003d\"463\"\u003e \u003cblock b\u003d\"74\" blockname\u003d\"\" blocktype\u003d\"Text\" l\u003d\"19\" r\u003d\"86\" style\u003d\"transform: translate(58px, 99px); position: absolute; width: 203.46px; height: 34.3056px;\" t\u003d\"55\"\u003e \u003cregion\u003e \u003crect b\u003d\"74\" l\u003d\"19\" r\u003d\"86\" t\u003d\"55\"\u003e\u003c/rect\u003e  \u003c/region\u003e  \u003ctext\u003e \u003cpar linespacing\u003d\"1700\"\u003e \u003cline b\u003d\"72\" baseline\u003d\"72\" l\u003d\"19\" r\u003d\"84\" style\u003d\"transform: translate(0px, 0px); position: absolute;\" t\u003d\"55\"\u003e \u003cformatting lang\u003d\"EnglishUnitedStates\"\u003e INVOICE \u003c/formatting\u003e  \u003c/line\u003e  \u003c/par\u003e  \u003c/text\u003e  \u003c/block\u003e  \u003cblock b\u003d\"74\" blockname\u003d\"\" blocktype\u003d\"Text\" l\u003d\"379\" r\u003d\"445\" style\u003d\"transform: translate(1151px, 112px); position: absolute; width: 200.423px; height: 21.6667px;\" t\u003d\"62\"\u003e \u003cregion\u003e \u003crect b\u003d\"74\" l\u003d\"379\" r\u003d\"445\" t\u003d\"62\"\u003e\u003c/rect\u003e  \u003c/region\u003e  \u003ctext\u003e \u003cpar linespacing\u003d\"900\"\u003e \u003cline b\u003d\"72\" baseline\u003d\"71\" l\u003d\"379\" r\u003d\"443\" style\u003d\"transform: translate(0px, 0px); position: absolute;\" t\u003d\"62\"\u003e \u003cformatting lang\u003d\"EnglishUnitedStates\"\u003e \u003cinvoice_date appendorder\u003d\"9\" class\u003d\"extraction-tag\" confidence\u003d\"1/1\" data-original-title\u003d\"Invoice date\" data-toggle\u003d\"tooltip\" data-value\u003d\"JULY 24.2010\" fold-name\u003d\"fold2\" score\u003d\"0.5963592632868949\" style\u003d\"background-color: rgb(17, 18, 43);  color: rgb(255, 255, 255);   border: 2px solid rgb(125, 157, 1); \" tagorder\u003d\"5\"\u003eJULY 24.2010\u003c/invoice_date\u003e \u003c/formatting\u003e  \u003c/line\u003e  \u003c/par\u003e  \u003c/text\u003e  \u003c/block\u003e  \u003cblock b\u003d\"106\" blockname\u003d\"\" blocktype\u003d\"Text\" l\u003d\"18\" r\u003d\"46\" style\u003d\"transform: translate(55px, 170px); position: absolute; width: 85.0281px; height: 21.6667px;\" t\u003d\"94\"\u003e \u003cregion\u003e \u003crect b\u003d\"106\" l\u003d\"18\" r\u003d\"46\" t\u003d\"94\"\u003e\u003c/rect\u003e  \u003c/region\u003e  \u003ctext\u003e \u003cpar linespacing\u003d\"900\"\u003e \u003cline b\u003d\"104\" baseline\u003d\"104\" l\u003d\"18\" r\u003d\"44\" style\u003d\"transform: translate(0px, 2px); position: absolute;\" t\u003d\"95\"\u003e \u003cformatting lang\u003d\"EnglishUnitedStates\"\u003e FROM \u003c/formatting\u003e  \u003c/line\u003e  \u003c/par\u003e  \u003c/text\u003e  \u003c/block\u003e  \u003cblock b\u003d\"112\" blockname\u003d\"\" blocktype\u003d\"Text\" l\u003d\"239\" r\u003d\"256\" style\u003d\"transform: translate(726px, 170px); position: absolute; width: 51.6242px; height: 32.5px;\" t\u003d\"94\"\u003e \u003cregion\u003e \u003crect b\u003d\"112\" l\u003d\"239\" r\u003d\"256\" t\u003d\"94\"\u003e\u003c/rect\u003e  \u003c/region\u003e  \u003ctext\u003e \u003cpar linespacing\u003d\"1000\"\u003e \u003cline b\u003d\"104\" baseline\u003d\"104\" l\u003d\"241\" r\u003d\"252\" style\u003d\"transform: translate(6px, 0px); position: absolute;\" t\u003d\"94\"\u003e \u003cformatting lang\u003d\"EnglishUnitedStates\"\u003e TO \u003c/formatting\u003e  \u003c/line\u003e  \u003c/par\u003e  \u003c/text\u003e  \u003c/block\u003e  \u003cblock b\u003d\"174\" blockname\u003d\"\" blocktype\u003d\"Text\" l\u003d\"18\" r\u003d\"72\" style\u003d\"transform: translate(55px, 211px); position: absolute; width: 163.983px; height: 102.917px;\" t\u003d\"117\"\u003e \u003cregion\u003e \u003crect b\u003d\"174\" l\u003d\"18\" r\u003d\"72\" t\u003d\"117\"\u003e\u003c/rect\u003e  \u003c/region\u003e  \u003ctext\u003e \u003cpar linespacing\u003d\"5400\"\u003e \u003cline b\u003d\"172\" baseline\u003d\"172\" l\u003d\"18\" r\u003d\"72\" style\u003d\"transform: translate(0px, 2px); position: absolute;\" t\u003d\"118\"\u003e \u003cformatting lang\u003d\"EnglishUnitedStates\"\u003e \u0026euro;\u0027 \u003c/formatting\u003e  \u003c/line\u003e  \u003c/par\u003e  \u003c/text\u003e  \u003c/block\u003e  \u003cblock b\u003d\"170\" blockname\u003d\"\" blocktype\u003d\"Text\" l\u003d\"80\" r\u003d\"161\" style\u003d\"transform: translate(243px, 217px); position: absolute; width: 245.974px; height: 90.2778px;\" t\u003d\"120\"\u003e \u003cregion\u003e \u003crect b\u003d\"170\" l\u003d\"80\" r\u003d\"161\" t\u003d\"120\"\u003e\u003c/rect\u003e  \u003c/region\u003e  \u003ctext\u003e \u003cpar linespacing\u003d\"1200\"\u003e \u003cline b\u003d\"130\" baseline\u003d\"128\" l\u003d\"80\" r\u003d\"131\" style\u003d\"transform: translate(0px, 0px); position: absolute;\" t\u003d\"120\"\u003e \u003cformatting lang\u003d\"EnglishUnitedStates\"\u003e \u003csupplier_name appendorder\u003d\"3\" class\u003d\"extraction-tag\" confidence\u003d\"1/1\" data-original-title\u003d\"Supplier name\" data-toggle\u003d\"tooltip\" data-value\u003d\"Juilie Group S.p.A.\" fold-name\u003d\"fold3\" score\u003d\"0.7638676282226546\" style\u003d\"background-color: rgb(88, 50, 166);  color: rgb(255, 255, 255);   border: 2px solid rgb(125, 157, 1); \" tagorder\u003d\"190821\"\u003eJuilie Group S.p.A.\u003c/supplier_name\u003e \u003c/formatting\u003e  \u003c/line\u003e  \u003cline b\u003d\"142\" baseline\u003d\"141\" l\u003d\"80\" r\u003d\"159\" style\u003d\"transform: translate(0px, 23px); position: absolute;\" t\u003d\"133\"\u003e \u003cformatting lang\u003d\"EnglishUnitedStates\"\u003e 2010 DevGrow lane \u003c/formatting\u003e  \u003c/line\u003e  \u003cline b\u003d\"155\" baseline\u003d\"154\" l\u003d\"80\" r\u003d\"159\" style\u003d\"transform: translate(0px, 47px); position: absolute;\" t\u003d\"146\"\u003e \u003cformatting lang\u003d\"EnglishUnitedStates\"\u003e New York NY 11013 \u003c/formatting\u003e  \u003c/line\u003e  \u003cline b\u003d\"168\" baseline\u003d\"167\" l\u003d\"80\" r\u003d\"142\" style\u003d\"transform: translate(0px, 70px); position: absolute;\" t\u003d\"159\"\u003e \u003cformatting lang\u003d\"EnglishUnitedStates\"\u003e (909)187-0215 \u003c/formatting\u003e  \u003c/line\u003e  \u003c/par\u003e  \u003c/text\u003e  \u003c/block\u003e  \u003cblock b\u003d\"173\" blockname\u003d\"\" blocktype\u003d\"Text\" l\u003d\"239\" r\u003d\"290\" style\u003d\"transform: translate(726px, 209px); position: absolute; width: 154.873px; height: 102.917px;\" t\u003d\"116\"\u003e \u003cregion\u003e \u003crect b\u003d\"173\" l\u003d\"239\" r\u003d\"290\" t\u003d\"116\"\u003e\u003c/rect\u003e  \u003c/region\u003e  \u003ctext\u003e \u003cpar align\u003d\"Justified\"\u003e \u003cline b\u003d\"172\" baseline\u003d\"172\" l\u003d\"241\" r\u003d\"289\" style\u003d\"transform: translate(6px, 5px); position: absolute;\" t\u003d\"119\"\u003e \u003cformatting lang\u003d\"EnglishUnitedStates\"\u003e a \u003c/formatting\u003e  \u003c/line\u003e  \u003c/par\u003e  \u003c/text\u003e  \u003c/block\u003e  \u003cblock b\u003d\"170\" blockname\u003d\"\" blocktype\u003d\"Text\" class\u003d\"hidden\" l\u003d\"279\" r\u003d\"387\" style\u003d\"transform: translate(847px, 215px); position: absolute; width: 327.965px; height: 92.0833px;\" t\u003d\"119\"\u003e \u003cregion\u003e \u003crect b\u003d\"143\" l\u003d\"303\" r\u003d\"387\" t\u003d\"119\"\u003e\u003c/rect\u003e  \u003crect b\u003d\"153\" l\u003d\"279\" r\u003d\"387\" t\u003d\"143\"\u003e\u003c/rect\u003e  \u003crect b\u003d\"170\" l\u003d\"303\" r\u003d\"387\" t\u003d\"153\"\u003e\u003c/rect\u003e  \u003c/region\u003e  \u003ctext\u003e \u003cpar linespacing\u003d\"1200\" startindent\u003d\"2400\"\u003e \u003cline b\u003d\"130\" baseline\u003d\"128\" l\u003d\"303\" r\u003d\"359\" style\u003d\"transform: translate(73px, 2px); position: absolute;\" t\u003d\"120\"\u003e \u003cformatting lang\u003d\"EnglishUnitedStates\"\u003e Your Company \u003c/formatting\u003e  \u003c/line\u003e  \u003cline b\u003d\"143\" baseline\u003d\"141\" l\u003d\"304\" r\u003d\"372\" style\u003d\"transform: translate(76px, 25px); position: absolute;\" t\u003d\"133\"\u003e \u003cformatting lang\u003d\"EnglishUnitedStates\"\u003e 123 Broadway SI \u003c/formatting\u003e  \u003c/line\u003e  \u003cline b\u003d\"155\" baseline\u003d\"154\" l\u003d\"279\" r\u003d\"382\" style\u003d\"transform: translate(0px, 42px); position: absolute;\" t\u003d\"142\"\u003e \u003cformatting lang\u003d\"EnglishUnitedStates\"\u003e J I New York NY 11145 \u003c/formatting\u003e  \u003c/line\u003e  \u003cline b\u003d\"168\" baseline\u003d\"167\" l\u003d\"303\" r\u003d\"365\" style\u003d\"transform: translate(73px, 72px); position: absolute;\" t\u003d\"159\"\u003e \u003cformatting lang\u003d\"EnglishUnitedStates\"\u003e (222)222-2222 \u003c/formatting\u003e  \u003c/line\u003e  \u003c/par\u003e  \u003c/text\u003e  \u003c/block\u003e  \u003cblock b\u003d\"215\" blockname\u003d\"\" blocktype\u003d\"Text\" l\u003d\"19\" r\u003d\"87\" style\u003d\"transform: translate(58px, 359px); position: absolute; width: 206.497px; height: 28.8889px;\" t\u003d\"199\"\u003e \u003cregion\u003e \u003crect b\u003d\"215\" l\u003d\"19\" r\u003d\"87\" t\u003d\"199\"\u003e\u003c/rect\u003e  \u003c/region\u003e  \u003ctext\u003e \u003cpar linespacing\u003d\"1300\"\u003e \u003cline b\u003d\"213\" baseline\u003d\"213\" l\u003d\"19\" r\u003d\"85\" style\u003d\"transform: translate(0px, 2px); position: absolute;\" t\u003d\"200\"\u003e \u003cformatting lang\u003d\"EnglishUnitedStates\"\u003e DEV-2852 \u003c/formatting\u003e  \u003c/line\u003e  \u003c/par\u003e  \u003c/text\u003e  \u003c/block\u003e  \u003cregion xmlns\u003d\"http://ocr.crowdcomputingsystems.com/xml/schema-v1.xml\"\u003e \u003crect b\u003d\"301\" l\u003d\"20\" r\u003d\"443\" t\u003d\"230\"\u003e\u003c/rect\u003e  \u003c/region\u003e \u003ctable b\u003d\"301\" blockname\u003d\"\" blocktype\u003d\"Table\" l\u003d\"20\" r\u003d\"443\" style\u003d\"transform: translate(61px, 415px); position: absolute;\" t\u003d\"230\" xmlns\u003d\"\"\u003e \u003ctbody\u003e\u003ctr\u003e \u003ctd bottomborder\u003d\"White\" h\u003d\"17\" leftborder\u003d\"White\" rightborder\u003d\"White\" topborder\u003d\"White\" w\u003d\"29\"\u003e \u003ctext xmlns\u003d\"http://ocr.crowdcomputingsystems.com/xml/schema-v1.xml\"\u003e \u003cpar linespacing\u003d\"800\"\u003e \u003cline b\u003d\"239\" baseline\u003d\"239\" l\u003d\"22\" r\u003d\"37\" t\u003d\"231\"\u003e \u003cformatting lang\u003d\"EnglishUnitedStates\"\u003e QTY \u003c/formatting\u003e  \u003c/line\u003e  \u003c/par\u003e  \u003c/text\u003e  \u003c/td\u003e   \u003ctd bottomborder\u003d\"White\" h\u003d\"17\" leftborder\u003d\"White\" rightborder\u003d\"White\" topborder\u003d\"White\" w\u003d\"53\"\u003e \u003ctext xmlns\u003d\"http://ocr.crowdcomputingsystems.com/xml/schema-v1.xml\"\u003e \u003cpar leftindent\u003d\"1200\" linespacing\u003d\"800\"\u003e \u003cline b\u003d\"239\" baseline\u003d\"239\" l\u003d\"61\" r\u003d\"79\" t\u003d\"231\"\u003e \u003cformatting lang\u003d\"EnglishUnitedStates\"\u003e UNIT \u003c/formatting\u003e  \u003c/line\u003e  \u003c/par\u003e  \u003c/text\u003e  \u003c/td\u003e   \u003ctd bottomborder\u003d\"White\" h\u003d\"17\" leftborder\u003d\"White\" rightborder\u003d\"White\" topborder\u003d\"White\" w\u003d\"166\"\u003e \u003ctext xmlns\u003d\"http://ocr.crowdcomputingsystems.com/xml/schema-v1.xml\"\u003e \u003cpar leftindent\u003d\"1100\" linespacing\u003d\"800\"\u003e \u003cline b\u003d\"239\" baseline\u003d\"239\" l\u003d\"114\" r\u003d\"166\" t\u003d\"231\"\u003e \u003cformatting lang\u003d\"EnglishUnitedStates\"\u003e DESCRIPTION \u003c/formatting\u003e  \u003c/line\u003e  \u003c/par\u003e  \u003c/text\u003e  \u003c/td\u003e   \u003ctd bottomborder\u003d\"White\" h\u003d\"17\" leftborder\u003d\"White\" rightborder\u003d\"White\" topborder\u003d\"White\" w\u003d\"115\"\u003e \u003ctext xmlns\u003d\"http://ocr.crowdcomputingsystems.com/xml/schema-v1.xml\"\u003e \u003cpar leftindent\u003d\"6800\" linespacing\u003d\"800\"\u003e \u003cline b\u003d\"239\" baseline\u003d\"239\" l\u003d\"336\" r\u003d\"358\" t\u003d\"231\"\u003e \u003cformatting lang\u003d\"EnglishUnitedStates\"\u003e PRICE \u003c/formatting\u003e  \u003c/line\u003e  \u003c/par\u003e  \u003c/text\u003e  \u003c/td\u003e   \u003ctd bottomborder\u003d\"White\" h\u003d\"17\" leftborder\u003d\"White\" rightborder\u003d\"White\" topborder\u003d\"White\" w\u003d\"60\"\u003e \u003ctext xmlns\u003d\"http://ocr.crowdcomputingsystems.com/xml/schema-v1.xml\"\u003e \u003cpar align\u003d\"Right\" linespacing\u003d\"900\" rightindent\u003d\"1600\"\u003e \u003cline b\u003d\"239\" baseline\u003d\"239\" l\u003d\"401\" r\u003d\"426\" t\u003d\"230\"\u003e \u003cformatting lang\u003d\"EnglishUnitedStates\"\u003e TOTAL \u003c/formatting\u003e  \u003c/line\u003e  \u003c/par\u003e  \u003c/text\u003e  \u003c/td\u003e   \u003c/tr\u003e \n \u003ctr\u003e \u003ctd bottomborder\u003d\"White\" h\u003d\"24\" leftborder\u003d\"White\" rightborder\u003d\"White\" topborder\u003d\"White\" w\u003d\"29\"\u003e \u003ctext xmlns\u003d\"http://ocr.crowdcomputingsystems.com/xml/schema-v1.xml\"\u003e \u003cpar linespacing\u003d\"800\"\u003e \u003cline b\u003d\"262\" baseline\u003d\"262\" l\u003d\"23\" r\u003d\"25\" t\u003d\"254\"\u003e\u003cquantity appendorder\u003d\"5\" class\u003d\"extraction-tag\" confidence\u003d\"1/1\" data-original-title\u003d\"construction_type\" data-toggle\u003d\"tooltip\" data-value\u003d\"1\" fold-name\u003d\"fold2\" injection\u003d\"true\" referencedatausedininjection\u003d\"manual\" score\u003d\"0.8265323938081618\" style\u003d\"background-color: rgb(11, 47, 140);  color: rgb(255, 255, 255);   border: 2px solid rgb(125, 157, 1); \" tagorder\u003d\"797140\"\u003e1\u003c/quantity\u003e\u003c/line\u003e  \u003c/par\u003e  \u003c/text\u003e  \u003c/td\u003e   \u003ctd bottomborder\u003d\"White\" h\u003d\"24\" leftborder\u003d\"White\" rightborder\u003d\"White\" topborder\u003d\"White\" w\u003d\"53\"\u003e \u003ctext xmlns\u003d\"http://ocr.crowdcomputingsystems.com/xml/schema-v1.xml\"\u003e \u003cpar leftindent\u003d\"1200\" linespacing\u003d\"800\"\u003e \u003cline b\u003d\"262\" baseline\u003d\"262\" l\u003d\"61\" r\u003d\"85\" t\u003d\"254\"\u003e \u003cformatting lang\u003d\"EnglishUnitedStates\"\u003e Month \u003c/formatting\u003e  \u003c/line\u003e  \u003c/par\u003e  \u003c/text\u003e  \u003c/td\u003e   \u003ctd bottomborder\u003d\"White\" h\u003d\"24\" leftborder\u003d\"White\" rightborder\u003d\"White\" topborder\u003d\"White\" w\u003d\"166\"\u003e \u003ctext xmlns\u003d\"http://ocr.crowdcomputingsystems.com/xml/schema-v1.xml\"\u003e \u003cpar leftindent\u003d\"1100\" linespacing\u003d\"800\"\u003e \u003cline b\u003d\"264\" baseline\u003d\"262\" l\u003d\"113\" r\u003d\"162\" t\u003d\"254\"\u003eWeb Hosting\u003c/line\u003e  \u003c/par\u003e  \u003c/text\u003e  \u003c/td\u003e   \u003ctd bottomborder\u003d\"White\" h\u003d\"24\" leftborder\u003d\"White\" rightborder\u003d\"White\" topborder\u003d\"White\" w\u003d\"115\"\u003e \u003ctext xmlns\u003d\"http://ocr.crowdcomputingsystems.com/xml/schema-v1.xml\"\u003e \u003cpar leftindent\u003d\"6800\" linespacing\u003d\"800\"\u003e \u003cline b\u003d\"262\" baseline\u003d\"262\" l\u003d\"336\" r\u003d\"366\" t\u003d\"254\"\u003eS30/mo\u003c/line\u003e  \u003c/par\u003e  \u003c/text\u003e  \u003c/td\u003e   \u003ctd bottomborder\u003d\"White\" h\u003d\"24\" leftborder\u003d\"White\" rightborder\u003d\"White\" topborder\u003d\"White\" w\u003d\"60\"\u003e \u003ctext xmlns\u003d\"http://ocr.crowdcomputingsystems.com/xml/schema-v1.xml\"\u003e \u003cpar align\u003d\"Right\" linespacing\u003d\"800\" rightindent\u003d\"900\"\u003e \u003cline b\u003d\"262\" baseline\u003d\"262\" l\u003d\"401\" r\u003d\"434\" t\u003d\"254\"\u003e \u003cformatting lang\u003d\"EnglishUnitedStates\"\u003e $360.00 \u003c/formatting\u003e  \u003c/line\u003e  \u003c/par\u003e  \u003c/text\u003e  \u003c/td\u003e   \u003c/tr\u003e \n \u003ctr\u003e \u003ctd bottomborder\u003d\"White\" h\u003d\"30\" leftborder\u003d\"White\" rightborder\u003d\"White\" topborder\u003d\"White\" w\u003d\"29\"\u003e \u003ctext xmlns\u003d\"http://ocr.crowdcomputingsystems.com/xml/schema-v1.xml\"\u003e \u003cpar linespacing\u003d\"900\"\u003e \u003cline b\u003d\"288\" baseline\u003d\"289\" l\u003d\"23\" r\u003d\"25\" t\u003d\"280\"\u003e\u003cquantity appendorder\u003d\"5\" class\u003d\"extraction-tag\" confidence\u003d\"1/1\" data-original-title\u003d\"construction_type\" data-toggle\u003d\"tooltip\" data-value\u003d\"1\" fold-name\u003d\"fold2\" injection\u003d\"true\" referencedatausedininjection\u003d\"manual\" score\u003d\"0.8306722920503782\" style\u003d\"background-color: rgb(11, 47, 140);  color: rgb(255, 255, 255);   border: 2px solid rgb(125, 157, 1); \" tagorder\u003d\"5605011\"\u003e1\u003c/quantity\u003e\u003c/line\u003e  \u003c/par\u003e  \u003c/text\u003e  \u003c/td\u003e   \u003ctd bottomborder\u003d\"White\" h\u003d\"30\" leftborder\u003d\"White\" rightborder\u003d\"White\" topborder\u003d\"White\" w\u003d\"53\"\u003e \u003ctext xmlns\u003d\"http://ocr.crowdcomputingsystems.com/xml/schema-v1.xml\"\u003e \u003cpar leftindent\u003d\"1200\" linespacing\u003d\"800\"\u003e \u003cline b\u003d\"288\" baseline\u003d\"288\" l\u003d\"61\" r\u003d\"91\" t\u003d\"280\"\u003e \u003cformatting lang\u003d\"EnglishUnitedStates\"\u003e Product \u003c/formatting\u003e  \u003c/line\u003e  \u003c/par\u003e  \u003c/text\u003e  \u003c/td\u003e   \u003ctd bottomborder\u003d\"White\" h\u003d\"30\" leftborder\u003d\"White\" rightborder\u003d\"White\" topborder\u003d\"White\" w\u003d\"166\"\u003e \u003ctext xmlns\u003d\"http://ocr.crowdcomputingsystems.com/xml/schema-v1.xml\"\u003e \u003cpar leftindent\u003d\"1100\" linespacing\u003d\"800\"\u003e \u003cline b\u003d\"288\" baseline\u003d\"288\" l\u003d\"113\" r\u003d\"200\" t\u003d\"280\"\u003e\u003cproduct appendorder\u003d\"5\" class\u003d\"extraction-tag\" confidence\u003d\"1/1\" data-original-title\u003d\"construction_type\" data-toggle\u003d\"tooltip\" data-value\u003d\"WordPress Installation\" fold-name\u003d\"fold4\" injection\u003d\"true\" referencedatausedininjection\u003d\"manual\" score\u003d\"0.5472636667093194\" style\u003d\"background-color: rgb(78, 135, 105);  color: rgb(0, 0, 0);   border: 2px solid rgb(125, 157, 1); \" tagorder\u003d\"9396879\"\u003eWordPress Installation\u003c/product\u003e\u003c/line\u003e  \u003c/par\u003e  \u003c/text\u003e  \u003c/td\u003e   \u003ctd bottomborder\u003d\"White\" h\u003d\"30\" leftborder\u003d\"White\" rightborder\u003d\"White\" topborder\u003d\"White\" w\u003d\"115\"\u003e \u003ctext xmlns\u003d\"http://ocr.crowdcomputingsystems.com/xml/schema-v1.xml\"\u003e \u003cpar leftindent\u003d\"6800\" linespacing\u003d\"800\"\u003e \u003cline b\u003d\"289\" baseline\u003d\"288\" l\u003d\"336\" r\u003d\"363\" t\u003d\"280\"\u003e$\u003cprice class\u003d\"extraction-tag\" data-value\u003d\"80.00\" fold-name\u003d\"fold3\" ml-tagorder\u003d\"9396884\" score\u003d\"0.8651761867719475\" tagorder\u003d\"9396884\"\u003e80.00\u003c/price\u003e\u003c/line\u003e  \u003c/par\u003e  \u003c/text\u003e  \u003c/td\u003e   \u003ctd bottomborder\u003d\"White\" h\u003d\"30\" leftborder\u003d\"White\" rightborder\u003d\"White\" topborder\u003d\"White\" w\u003d\"60\"\u003e \u003ctext xmlns\u003d\"http://ocr.crowdcomputingsystems.com/xml/schema-v1.xml\"\u003e \u003cpar align\u003d\"Right\" linespacing\u003d\"800\" rightindent\u003d\"1600\"\u003e \u003cline b\u003d\"289\" baseline\u003d\"288\" l\u003d\"401\" r\u003d\"429\" t\u003d\"280\"\u003e \u003cformatting lang\u003d\"EnglishUnitedStates\"\u003e $80.00 \u003c/formatting\u003e  \u003c/line\u003e  \u003c/par\u003e  \u003c/text\u003e  \u003c/td\u003e   \u003c/tr\u003e \n \u003c/tbody\u003e\u003c/table\u003e\n \u003cblock b\u003d\"432\" blockname\u003d\"\" blocktype\u003d\"Text\" l\u003d\"276\" r\u003d\"376\" style\u003d\"transform: translate(838px, 601px); position: absolute; width: 303.672px; height: 178.75px;\" t\u003d\"333\"\u003e \u003cregion\u003e \u003crect b\u003d\"432\" l\u003d\"276\" r\u003d\"376\" t\u003d\"333\"\u003e\u003c/rect\u003e  \u003c/region\u003e  \u003ctext\u003e \u003cpar align\u003d\"Right\" linespacing\u003d\"2900\"\u003e \u003cline b\u003d\"344\" baseline\u003d\"343\" l\u003d\"277\" r\u003d\"374\" style\u003d\"transform: translate(3px, 2px); position: absolute;\" t\u003d\"334\"\u003e \u003cformatting lang\u003d\"EnglishUnitedStates\"\u003e SUBTOTAL $440.00 \u003c/formatting\u003e  \u003c/line\u003e  \u003c/par\u003e  \u003cpar leftindent\u003d\"3100\" linespacing\u003d\"2900\"\u003e \u003cline b\u003d\"372\" baseline\u003d\"372\" l\u003d\"307\" r\u003d\"324\" style\u003d\"transform: translate(94px, 54px); position: absolute;\" t\u003d\"363\"\u003e \u003cformatting lang\u003d\"EnglishUnitedStates\"\u003e TAX \u003c/formatting\u003e  \u003c/line\u003e  \u003c/par\u003e  \u003cpar linespacing\u003d\"2900\"\u003e \u003cline b\u003d\"401\" baseline\u003d\"401\" l\u003d\"282\" r\u003d\"323\" style\u003d\"transform: translate(18px, 107px); position: absolute;\" t\u003d\"392\"\u003e \u003cformatting lang\u003d\"EnglishUnitedStates\"\u003e SHIPPING \u003c/formatting\u003e  \u003c/line\u003e  \u003c/par\u003e  \u003cpar align\u003d\"Right\" linespacing\u003d\"2900\"\u003e \u003cline b\u003d\"430\" baseline\u003d\"430\" l\u003d\"295\" r\u003d\"374\" style\u003d\"transform: translate(58px, 159px); position: absolute;\" t\u003d\"421\"\u003e \u003cformatting lang\u003d\"EnglishUnitedStates\"\u003e TOTAL $\u003ctotal_amount appendorder\u003d\"12\" class\u003d\"extraction-tag\" confidence\u003d\"1/1\" data-original-title\u003d\"Total amount\" data-toggle\u003d\"tooltip\" data-value\u003d\"440.00\" fold-name\u003d\"fold1\" score\u003d\"0.5558132663072656\" style\u003d\"background-color: rgb(27, 182, 226);  color: rgb(0, 0, 0);   border: 2px solid rgb(125, 157, 1); \" tagorder\u003d\"7\"\u003e440.00\u003c/total_amount\u003e \u003c/formatting\u003e  \u003c/line\u003e  \u003c/par\u003e  \u003c/text\u003e  \u003c/block\u003e  \u003cblock b\u003d\"515\" blockname\u003d\"\" blocktype\u003d\"Text\" l\u003d\"26\" r\u003d\"95\" style\u003d\"transform: translate(79px, 910px); position: absolute; width: 209.533px; height: 19.8611px;\" t\u003d\"504\"\u003e \u003cregion\u003e \u003crect b\u003d\"515\" l\u003d\"26\" r\u003d\"95\" t\u003d\"504\"\u003e\u003c/rect\u003e  \u003c/region\u003e  \u003ctext\u003e \u003cpar linespacing\u003d\"900\"\u003e \u003cline b\u003d\"513\" baseline\u003d\"513\" l\u003d\"26\" r\u003d\"93\" style\u003d\"transform: translate(0px, 0px); position: absolute;\" t\u003d\"504\"\u003e \u003cformatting lang\u003d\"EnglishUnitedStates\"\u003e SPECIAL NOTES \u003c/formatting\u003e  \u003c/line\u003e  \u003c/par\u003e  \u003c/text\u003e  \u003c/block\u003e  \u003cblock b\u003d\"27\" blockname\u003d\"\" blocktype\u003d\"Separator\" l\u003d\"32\" r\u003d\"444\" style\u003d\"transform: translate(97px, 34px); position: absolute;\" t\u003d\"19\"\u003e \u003cregion\u003e \u003crect b\u003d\"27\" l\u003d\"32\" r\u003d\"444\" t\u003d\"19\"\u003e\u003c/rect\u003e  \u003c/region\u003e  \u003cseparator thickness\u003d\"8\" type\u003d\"Dotted\"\u003e \u003cstart x\u003d\"32\" y\u003d\"23\"\u003e\u003c/start\u003e \u003cend x\u003d\"444\" y\u003d\"23\"\u003e\u003c/end\u003e \u003c/separator\u003e \u003c/block\u003e  \u003cblock b\u003d\"446\" blockname\u003d\"\" blocktype\u003d\"Text\" class\u003d\"hidden\" l\u003d\"231\" r\u003d\"446\" style\u003d\"transform: translate(701px, 576px); position: absolute; width: 652.894px; height: 229.306px;\" t\u003d\"319\"\u003e \u003cregion\u003e \u003crect b\u003d\"446\" l\u003d\"231\" r\u003d\"446\" t\u003d\"319\"\u003e\u003c/rect\u003e  \u003c/region\u003e  \u003ctext\u003e \u003cpar leftindent\u003d\"4600\" linespacing\u003d\"2900\"\u003e \u003cline b\u003d\"344\" baseline\u003d\"343\" l\u003d\"277\" r\u003d\"374\" style\u003d\"transform: translate(140px, 27px); position: absolute;\" t\u003d\"334\"\u003e \u003cformatting lang\u003d\"EnglishUnitedStates\"\u003e SUBTOTAL $440.00 \u003c/formatting\u003e  \u003c/line\u003e  \u003c/par\u003e  \u003cpar leftindent\u003d\"7600\" linespacing\u003d\"2900\"\u003e \u003cline b\u003d\"372\" baseline\u003d\"372\" l\u003d\"307\" r\u003d\"324\" style\u003d\"transform: translate(231px, 79px); position: absolute;\" t\u003d\"363\"\u003e \u003cformatting lang\u003d\"EnglishUnitedStates\"\u003e TAX \u003c/formatting\u003e  \u003c/line\u003e  \u003c/par\u003e  \u003cpar leftindent\u003d\"5100\" linespacing\u003d\"2900\"\u003e \u003cline b\u003d\"401\" baseline\u003d\"401\" l\u003d\"282\" r\u003d\"323\" style\u003d\"transform: translate(155px, 132px); position: absolute;\" t\u003d\"392\"\u003e \u003cformatting lang\u003d\"EnglishUnitedStates\"\u003e SHIPPING \u003c/formatting\u003e  \u003c/line\u003e  \u003c/par\u003e  \u003cpar align\u003d\"Center\" leftindent\u003d\"800\" linespacing\u003d\"2900\"\u003e \u003cline b\u003d\"430\" baseline\u003d\"430\" l\u003d\"295\" r\u003d\"374\" style\u003d\"transform: translate(194px, 184px); position: absolute;\" t\u003d\"421\"\u003e \u003cformatting lang\u003d\"EnglishUnitedStates\"\u003e TOTAL S440.00 \u003c/formatting\u003e  \u003c/line\u003e  \u003c/par\u003e  \u003c/text\u003e  \u003c/block\u003e  \u003c/page\u003e       \u003c/document\u003e\u003c/body\u003e\u003c/html\u003e","tags":[{"begin":41,"end":53,"text":"JULY 24.2010","tag":"invoice_date","fieldType":"DATE","score":0.5963592632868949,"estimatedAccuracy":0.0},{"begin":145,"end":164,"text":"Juilie Group S.p.A.","tag":"supplier_name","fieldType":"COMPANY_NAME","score":0.7638676282226546,"estimatedAccuracy":0.0},{"begin":527,"end":528,"text":"1","tag":"quantity","fieldType":"NUMBER","score":0.8265323938081618,"estimatedAccuracy":0.0},{"begin":631,"end":632,"text":"1","tag":"quantity","fieldType":"NUMBER","score":0.8306722920503782,"estimatedAccuracy":0.0},{"begin":668,"end":690,"text":"WordPress Installation","tag":"product","fieldType":"TEXT","score":0.5472636667093194,"estimatedAccuracy":0.0},{"begin":703,"end":708,"text":"80.00","tag":"price","fieldType":"NUMBER","score":0.8651761867719475,"estimatedAccuracy":0.0},{"begin":819,"end":825,"text":"440.00","tag":"total_amount","fieldType":"NUMBER","score":0.5558132663072656,"estimatedAccuracy":0.0}],"group":"invoice_date|price|product|quantity|supplier_name|total_amount","limeExplanation":{},"liblinearFeatureImportance":{}}