{"finalScore":0.6661189151917414,"metaInfo":{"model":{"coreVersion":"10.3.0.39"}},"sumScore":3.9967134911504485,"tagsCounter":6.0,"taggedText":"\u003chtml\u003e\u003chead\u003e\u003cscript src\u003d\"https://ajax.googleapis.com/ajax/libs/jquery/2.2.0/jquery.min.js\"\u003e\u003c/script\u003e\u003c/head\u003e\u003cbody\u003e\u003cdocument languages\u003d\"\" producer\u003d\"Workfusion\" schemalocation\u003d\"http://ocr.crowdcomputingsystems.com/xml/schema-v1.xml\" version\u003d\"1.0\" xmlns\u003d\"http://ocr.crowdcomputingsystems.com/xml/schema-v1.xml\" xsi\u003d\"http://www.w3.org/2001/XMLSchema-instance\"\u003e \u003clink href\u003d\"https://s3.amazonaws.com/workfusion-resources/ocr/ocr-xml-viewer-0.3-scale-to-width.css\" rel\u003d\"stylesheet\" type\u003d\"text/css\"\u003e\u003c/link\u003e \u003cstyle\u003e\u003c/style\u003e\u003cpage data-pages\u003d\"1\" h\u003d\"900\" resolution\u003d\"72\" style\u003d\"height: 493px;\" w\u003d\"700\"\u003e \u003cblock b\u003d\"53\" blockname\u003d\"\" blocktype\u003d\"Text\" l\u003d\"259\" r\u003d\"431\" style\u003d\"transform: translate(285px, 51px); position: absolute; width: 189.446px; height: 45.1389px;\" t\u003d\"28\"\u003e \u003cregion\u003e \u003crect b\u003d\"53\" l\u003d\"259\" r\u003d\"431\" t\u003d\"28\"\u003e\u003c/rect\u003e  \u003c/region\u003e  \u003ctext\u003e \u003cpar align\u003d\"Center\" leftindent\u003d\"600\" linespacing\u003d\"2300\"\u003e \u003cline b\u003d\"52\" baseline\u003d\"51\" l\u003d\"260\" r\u003d\"429\" style\u003d\"transform: translate(1px, 0px); position: absolute;\" t\u003d\"28\"\u003e \u003cformatting lang\u003d\"EnglishUnitedStates\"\u003e \u003csupplier_name appendorder\u003d\"3\" class\u003d\"extraction-tag\" confidence\u003d\"1/1\" data-original-title\u003d\"Supplier name\" data-toggle\u003d\"tooltip\" data-value\u003d\"Houeze Inc\" fold-name\u003d\"fold1\" score\u003d\"0.7897639167548198\" style\u003d\"background-color: rgb(88, 50, 166);  color: rgb(255, 255, 255);   border: 2px solid rgb(125, 157, 1); \" tagorder\u003d\"1\"\u003eHoueze Inc\u003c/supplier_name\u003e \u003c/formatting\u003e  \u003c/line\u003e  \u003c/par\u003e  \u003c/text\u003e  \u003c/block\u003e  \u003cregion xmlns\u003d\"http://ocr.crowdcomputingsystems.com/xml/schema-v1.xml\"\u003e \u003crect b\u003d\"799\" l\u003d\"25\" r\u003d\"676\" t\u003d\"94\"\u003e\u003c/rect\u003e  \u003c/region\u003e \u003ctable b\u003d\"799\" blockname\u003d\"\" blocktype\u003d\"Table\" l\u003d\"25\" r\u003d\"676\" style\u003d\"transform: translate(28px, 170px); position: absolute; user-select: auto;\" t\u003d\"94\" xmlns\u003d\"\"\u003e \u003ctbody\u003e\u003ctr\u003e \u003ctd h\u003d\"302\" leftborder\u003d\"White\" rightborder\u003d\"White\" w\u003d\"232\"\u003e \u003ctext xmlns\u003d\"http://ocr.crowdcomputingsystems.com/xml/schema-v1.xml\"\u003e \u003cpar linespacing\u003d\"1200\"\u003e \u003cline b\u003d\"120\" baseline\u003d\"117\" l\u003d\"27\" r\u003d\"119\" t\u003d\"105\"\u003e \u003cformatting lang\u003d\"EnglishUnitedStates\"\u003e 123 Broadway \u003c/formatting\u003e  \u003c/line\u003e  \u003c/par\u003e  \u003cpar linespacing\u003d\"1100\"\u003e \u003cline b\u003d\"147\" baseline\u003d\"144\" l\u003d\"26\" r\u003d\"139\" t\u003d\"133\"\u003e \u003cformatting lang\u003d\"EnglishUnitedStates\"\u003e City State 12345 \u003c/formatting\u003e  \u003c/line\u003e  \u003c/par\u003e  \u003cpar linespacing\u003d\"2800\"\u003e \u003cline b\u003d\"201\" baseline\u003d\"201\" l\u003d\"26\" r\u003d\"108\" t\u003d\"190\"\u003e \u003cformatting lang\u003d\"EnglishUnitedStates\"\u003e Invoice To: \u003c/formatting\u003e  \u003c/line\u003e  \u003c/par\u003e  \u003cpar leftindent\u003d\"2100\" linespacing\u003d\"2800\"\u003e \u003cline b\u003d\"230\" baseline\u003d\"229\" l\u003d\"46\" r\u003d\"131\" t\u003d\"218\"\u003e \u003cformatting lang\u003d\"EnglishUnitedStates\"\u003e Janies Smith \u003c/formatting\u003e  \u003c/line\u003e  \u003c/par\u003e  \u003cpar leftindent\u003d\"2100\" linespacing\u003d\"2800\"\u003e \u003cline b\u003d\"260\" baseline\u003d\"257\" l\u003d\"46\" r\u003d\"182\" t\u003d\"246\"\u003e \u003cformatting lang\u003d\"EnglishUnitedStates\"\u003e Generic Corporation \u003c/formatting\u003e  \u003c/line\u003e  \u003c/par\u003e  \u003cpar linespacing\u003d\"1100\"\u003e \u003cline b\u003d\"323\" baseline\u003d\"323\" l\u003d\"26\" r\u003d\"66\" t\u003d\"312\"\u003e \u003cformatting lang\u003d\"EnglishUnitedStates\"\u003e Date: \u003c/formatting\u003e  \u003c/line\u003e  \u003c/par\u003e  \u003cpar leftindent\u003d\"2100\" linespacing\u003d\"1200\"\u003e \u003cline b\u003d\"354\" baseline\u003d\"352\" l\u003d\"46\" r\u003d\"164\" t\u003d\"340\"\u003e \u003cformatting lang\u003d\"EnglishUnitedStates\"\u003e \u003cinvoice_date appendorder\u003d\"10\" class\u003d\"extraction-tag\" confidence\u003d\"1/1\" data-original-title\u003d\"Invoice date\" data-toggle\u003d\"tooltip\" data-value\u003d\"November 3, 2012\" fold-name\u003d\"fold1\" score\u003d\"0.7560080000393624\" style\u003d\"background-color: rgb(17, 18, 43);  color: rgb(255, 255, 255);   border: 2px solid rgb(125, 157, 1); \" tagorder\u003d\"4\"\u003eNovember 3, 2012\u003c/invoice_date\u003e \u003c/formatting\u003e  \u003c/line\u003e  \u003c/par\u003e  \u003c/text\u003e  \u003c/td\u003e   \u003ctd h\u003d\"302\" leftborder\u003d\"White\" rightborder\u003d\"White\" w\u003d\"176\"\u003e \u003ctext xmlns\u003d\"http://ocr.crowdcomputingsystems.com/xml/schema-v1.xml\"\u003e \u003cpar leftindent\u003d\"3500\" linespacing\u003d\"-1\"\u003e\u003c/par\u003e  \u003c/text\u003e  \u003c/td\u003e   \u003ctd colspan\u003d\"2\" h\u003d\"302\" leftborder\u003d\"White\" rightborder\u003d\"White\" w\u003d\"243\"\u003e \u003ctext xmlns\u003d\"http://ocr.crowdcomputingsystems.com/xml/schema-v1.xml\"\u003e \u003cpar align\u003d\"Right\" linespacing\u003d\"1200\"\u003e \u003cline b\u003d\"120\" baseline\u003d\"116\" l\u003d\"577\" r\u003d\"673\" t\u003d\"104\"\u003e \u003cformatting lang\u003d\"EnglishUnitedStates\"\u003e (000) 111-1111 \u003c/formatting\u003e  \u003c/line\u003e  \u003c/par\u003e  \u003cpar align\u003d\"Right\" linespacing\u003d\"1100\"\u003e \u003cline b\u003d\"147\" baseline\u003d\"144\" l\u003d\"564\" r\u003d\"674\" t\u003d\"133\"\u003e \u003cformatting lang\u003d\"EnglishUnitedStates\"\u003e j ohn @smi t h. com \u003c/formatting\u003e  \u003c/line\u003e  \u003c/par\u003e  \u003c/text\u003e  \u003c/td\u003e   \u003c/tr\u003e \n \u003ctr\u003e \u003ctd h\u003d\"29\" leftborder\u003d\"White\" rightborder\u003d\"White\" w\u003d\"232\"\u003e \u003ctext xmlns\u003d\"http://ocr.crowdcomputingsystems.com/xml/schema-v1.xml\"\u003e \u003cpar linespacing\u003d\"1100\"\u003e \u003cline b\u003d\"418\" baseline\u003d\"415\" l\u003d\"31\" r\u003d\"206\" t\u003d\"404\"\u003e \u003cformatting lang\u003d\"EnglishUnitedStates\"\u003e Description of Services \u003c/formatting\u003e  \u003c/line\u003e  \u003c/par\u003e  \u003c/text\u003e  \u003c/td\u003e   \u003ctd h\u003d\"29\" leftborder\u003d\"White\" rightborder\u003d\"White\" w\u003d\"176\"\u003e \u003ctext xmlns\u003d\"http://ocr.crowdcomputingsystems.com/xml/schema-v1.xml\"\u003e \u003cpar align\u003d\"Center\" leftindent\u003d\"1900\" linespacing\u003d\"1100\"\u003e \u003cline b\u003d\"418\" baseline\u003d\"415\" l\u003d\"303\" r\u003d\"369\" t\u003d\"404\"\u003e \u003cformatting lang\u003d\"EnglishUnitedStates\"\u003e Quantity \u003c/formatting\u003e  \u003c/line\u003e  \u003c/par\u003e  \u003c/text\u003e  \u003c/td\u003e   \u003ctd h\u003d\"29\" leftborder\u003d\"White\" rightborder\u003d\"White\" w\u003d\"135\"\u003e \u003ctext xmlns\u003d\"http://ocr.crowdcomputingsystems.com/xml/schema-v1.xml\"\u003e \u003cpar leftindent\u003d\"1800\" linespacing\u003d\"1100\"\u003e \u003cline b\u003d\"415\" baseline\u003d\"415\" l\u003d\"451\" r\u003d\"530\" t\u003d\"404\"\u003e \u003cformatting lang\u003d\"EnglishUnitedStates\"\u003e Unit Price \u003c/formatting\u003e  \u003c/line\u003e  \u003c/par\u003e  \u003c/text\u003e  \u003c/td\u003e   \u003ctd h\u003d\"29\" leftborder\u003d\"White\" rightborder\u003d\"White\" w\u003d\"108\"\u003e \u003ctext xmlns\u003d\"http://ocr.crowdcomputingsystems.com/xml/schema-v1.xml\"\u003e \u003cpar align\u003d\"Right\" linespacing\u003d\"1100\" rightindent\u003d\"800\"\u003e \u003cline b\u003d\"415\" baseline\u003d\"415\" l\u003d\"604\" r\u003d\"665\" t\u003d\"404\"\u003e \u003cformatting lang\u003d\"EnglishUnitedStates\"\u003e Amount \u003c/formatting\u003e  \u003c/line\u003e  \u003c/par\u003e  \u003c/text\u003e  \u003c/td\u003e   \u003c/tr\u003e \n \u003ctr\u003e \u003ctd bottomborder\u003d\"White\" h\u003d\"30\" leftborder\u003d\"White\" rightborder\u003d\"White\" w\u003d\"232\"\u003e \u003ctext xmlns\u003d\"http://ocr.crowdcomputingsystems.com/xml/schema-v1.xml\"\u003e \u003cpar linespacing\u003d\"1100\"\u003e \u003cline b\u003d\"448\" baseline\u003d\"445\" l\u003d\"32\" r\u003d\"180\" t\u003d\"434\"\u003e \u003cformatting lang\u003d\"EnglishUnitedStates\"\u003e Consulting Services \u003c/formatting\u003e  \u003c/line\u003e  \u003c/par\u003e  \u003c/text\u003e  \u003c/td\u003e   \u003ctd bottomborder\u003d\"White\" h\u003d\"30\" leftborder\u003d\"White\" rightborder\u003d\"White\" w\u003d\"176\"\u003e \u003ctext xmlns\u003d\"http://ocr.crowdcomputingsystems.com/xml/schema-v1.xml\"\u003e \u003cpar leftindent\u003d\"3500\" linespacing\u003d\"-1\"\u003e\u003c/par\u003e  \u003c/text\u003e  \u003c/td\u003e   \u003ctd bottomborder\u003d\"White\" h\u003d\"30\" leftborder\u003d\"White\" rightborder\u003d\"White\" w\u003d\"135\"\u003e \u003ctext xmlns\u003d\"http://ocr.crowdcomputingsystems.com/xml/schema-v1.xml\"\u003e \u003cpar leftindent\u003d\"1800\" linespacing\u003d\"-1\"\u003e\u003c/par\u003e  \u003c/text\u003e  \u003c/td\u003e   \u003ctd bottomborder\u003d\"White\" h\u003d\"30\" leftborder\u003d\"White\" rightborder\u003d\"White\" w\u003d\"108\"\u003e \u003ctext xmlns\u003d\"http://ocr.crowdcomputingsystems.com/xml/schema-v1.xml\"\u003e \u003cpar leftindent\u003d\"3500\" linespacing\u003d\"-1\"\u003e\u003c/par\u003e  \u003c/text\u003e  \u003c/td\u003e   \u003c/tr\u003e \n \u003ctr\u003e \u003ctd bottomborder\u003d\"White\" h\u003d\"27\" leftborder\u003d\"White\" rightborder\u003d\"White\" topborder\u003d\"White\" w\u003d\"232\"\u003e \u003ctext xmlns\u003d\"http://ocr.crowdcomputingsystems.com/xml/schema-v1.xml\"\u003e \u003cpar linespacing\u003d\"1200\"\u003e \u003cline b\u003d\"476\" baseline\u003d\"474\" l\u003d\"31\" r\u003d\"136\" t\u003d\"462\"\u003eOctober 3, 2012\u003c/line\u003e  \u003c/par\u003e  \u003c/text\u003e  \u003c/td\u003e   \u003ctd bottomborder\u003d\"White\" h\u003d\"27\" leftborder\u003d\"White\" rightborder\u003d\"White\" topborder\u003d\"White\" w\u003d\"176\"\u003e \u003ctext xmlns\u003d\"http://ocr.crowdcomputingsystems.com/xml/schema-v1.xml\"\u003e \u003cpar align\u003d\"Center\" linespacing\u003d\"1100\" rightindent\u003d\"100\"\u003e \u003cline b\u003d\"473\" baseline\u003d\"473\" l\u003d\"311\" r\u003d\"379\" t\u003d\"462\"\u003e8.00 hours\u003c/line\u003e  \u003c/par\u003e  \u003c/text\u003e  \u003c/td\u003e   \u003ctd bottomborder\u003d\"White\" h\u003d\"27\" leftborder\u003d\"White\" rightborder\u003d\"White\" topborder\u003d\"White\" w\u003d\"135\"\u003e \u003ctext xmlns\u003d\"http://ocr.crowdcomputingsystems.com/xml/schema-v1.xml\"\u003e \u003cpar align\u003d\"Center\" linespacing\u003d\"1100\" rightindent\u003d\"1800\"\u003e \u003cline b\u003d\"474\" baseline\u003d\"473\" l\u003d\"489\" r\u003d\"530\" t\u003d\"462\"\u003eS12.00\u003c/line\u003e  \u003c/par\u003e  \u003c/text\u003e  \u003c/td\u003e   \u003ctd bottomborder\u003d\"White\" h\u003d\"27\" leftborder\u003d\"White\" rightborder\u003d\"White\" topborder\u003d\"White\" w\u003d\"108\"\u003e \u003ctext xmlns\u003d\"http://ocr.crowdcomputingsystems.com/xml/schema-v1.xml\"\u003e \u003cpar align\u003d\"Right\" linespacing\u003d\"1100\" rightindent\u003d\"800\"\u003e \u003cline b\u003d\"474\" baseline\u003d\"473\" l\u003d\"627\" r\u003d\"668\" t\u003d\"462\"\u003e \u003cformatting lang\u003d\"EnglishUnitedStates\"\u003e S96.00 \u003c/formatting\u003e  \u003c/line\u003e  \u003c/par\u003e  \u003c/text\u003e  \u003c/td\u003e   \u003c/tr\u003e \n \u003ctr\u003e \u003ctd bottomborder\u003d\"White\" h\u003d\"29\" leftborder\u003d\"White\" rightborder\u003d\"White\" topborder\u003d\"White\" w\u003d\"232\"\u003e \u003ctext xmlns\u003d\"http://ocr.crowdcomputingsystems.com/xml/schema-v1.xml\"\u003e \u003cpar linespacing\u003d\"1100\"\u003e \u003cline b\u003d\"504\" baseline\u003d\"501\" l\u003d\"31\" r\u003d\"136\" t\u003d\"490\"\u003eOctober 4, 2012\u003c/line\u003e  \u003c/par\u003e  \u003c/text\u003e  \u003c/td\u003e   \u003ctd bottomborder\u003d\"White\" h\u003d\"29\" leftborder\u003d\"White\" rightborder\u003d\"White\" topborder\u003d\"White\" w\u003d\"176\"\u003e \u003ctext xmlns\u003d\"http://ocr.crowdcomputingsystems.com/xml/schema-v1.xml\"\u003e \u003cpar align\u003d\"Center\" linespacing\u003d\"1100\" rightindent\u003d\"100\"\u003e \u003cline b\u003d\"501\" baseline\u003d\"501\" l\u003d\"311\" r\u003d\"379\" t\u003d\"490\"\u003e6.50 hours\u003c/line\u003e  \u003c/par\u003e  \u003c/text\u003e  \u003c/td\u003e   \u003ctd bottomborder\u003d\"White\" h\u003d\"29\" leftborder\u003d\"White\" rightborder\u003d\"White\" topborder\u003d\"White\" w\u003d\"135\"\u003e \u003ctext xmlns\u003d\"http://ocr.crowdcomputingsystems.com/xml/schema-v1.xml\"\u003e \u003cpar align\u003d\"Center\" linespacing\u003d\"1100\" rightindent\u003d\"1800\"\u003e \u003cline b\u003d\"502\" baseline\u003d\"501\" l\u003d\"489\" r\u003d\"530\" t\u003d\"490\"\u003eS12.00\u003c/line\u003e  \u003c/par\u003e  \u003c/text\u003e  \u003c/td\u003e   \u003ctd bottomborder\u003d\"White\" h\u003d\"29\" leftborder\u003d\"White\" rightborder\u003d\"White\" topborder\u003d\"White\" w\u003d\"108\"\u003e \u003ctext xmlns\u003d\"http://ocr.crowdcomputingsystems.com/xml/schema-v1.xml\"\u003e \u003cpar align\u003d\"Right\" linespacing\u003d\"1100\" rightindent\u003d\"800\"\u003e \u003cline b\u003d\"502\" baseline\u003d\"501\" l\u003d\"627\" r\u003d\"668\" t\u003d\"490\"\u003e \u003cformatting lang\u003d\"EnglishUnitedStates\"\u003e S78.00 \u003c/formatting\u003e  \u003c/line\u003e  \u003c/par\u003e  \u003c/text\u003e  \u003c/td\u003e   \u003c/tr\u003e \n \u003ctr\u003e \u003ctd bottomborder\u003d\"White\" h\u003d\"28\" leftborder\u003d\"White\" rightborder\u003d\"White\" topborder\u003d\"White\" w\u003d\"232\"\u003e \u003ctext xmlns\u003d\"http://ocr.crowdcomputingsystems.com/xml/schema-v1.xml\"\u003e \u003cpar linespacing\u003d\"1300\"\u003e \u003cline b\u003d\"533\" baseline\u003d\"531\" l\u003d\"31\" r\u003d\"136\" t\u003d\"518\"\u003eOctober 5, 2012\u003c/line\u003e  \u003c/par\u003e  \u003c/text\u003e  \u003c/td\u003e   \u003ctd bottomborder\u003d\"White\" h\u003d\"28\" leftborder\u003d\"White\" rightborder\u003d\"White\" topborder\u003d\"White\" w\u003d\"176\"\u003e \u003ctext xmlns\u003d\"http://ocr.crowdcomputingsystems.com/xml/schema-v1.xml\"\u003e \u003cpar align\u003d\"Center\" linespacing\u003d\"1100\" rightindent\u003d\"100\"\u003e \u003cline b\u003d\"531\" baseline\u003d\"530\" l\u003d\"312\" r\u003d\"379\" t\u003d\"519\"\u003e5.25 hours\u003c/line\u003e  \u003c/par\u003e  \u003c/text\u003e  \u003c/td\u003e   \u003ctd bottomborder\u003d\"White\" h\u003d\"28\" leftborder\u003d\"White\" rightborder\u003d\"White\" topborder\u003d\"White\" w\u003d\"135\"\u003e \u003ctext xmlns\u003d\"http://ocr.crowdcomputingsystems.com/xml/schema-v1.xml\"\u003e \u003cpar align\u003d\"Center\" linespacing\u003d\"1100\" rightindent\u003d\"1800\"\u003e \u003cline b\u003d\"531\" baseline\u003d\"530\" l\u003d\"489\" r\u003d\"530\" t\u003d\"519\"\u003eS12.00\u003c/line\u003e  \u003c/par\u003e  \u003c/text\u003e  \u003c/td\u003e   \u003ctd bottomborder\u003d\"White\" h\u003d\"28\" leftborder\u003d\"White\" rightborder\u003d\"White\" topborder\u003d\"White\" w\u003d\"108\"\u003e \u003ctext xmlns\u003d\"http://ocr.crowdcomputingsystems.com/xml/schema-v1.xml\"\u003e \u003cpar align\u003d\"Right\" linespacing\u003d\"1100\" rightindent\u003d\"800\"\u003e \u003cline b\u003d\"531\" baseline\u003d\"530\" l\u003d\"627\" r\u003d\"668\" t\u003d\"519\"\u003e \u003cformatting lang\u003d\"EnglishUnitedStates\"\u003e S63.00 \u003c/formatting\u003e  \u003c/line\u003e  \u003c/par\u003e  \u003c/text\u003e  \u003c/td\u003e   \u003c/tr\u003e \n \u003ctr\u003e \u003ctd bottomborder\u003d\"White\" h\u003d\"28\" leftborder\u003d\"White\" rightborder\u003d\"White\" topborder\u003d\"White\" w\u003d\"232\"\u003e \u003ctext xmlns\u003d\"http://ocr.crowdcomputingsystems.com/xml/schema-v1.xml\"\u003e \u003cpar linespacing\u003d\"1100\"\u003e \u003cline b\u003d\"561\" baseline\u003d\"558\" l\u003d\"31\" r\u003d\"144\" t\u003d\"547\"\u003eOctober 10, 2012\u003c/line\u003e  \u003c/par\u003e  \u003c/text\u003e  \u003c/td\u003e   \u003ctd bottomborder\u003d\"White\" h\u003d\"28\" leftborder\u003d\"White\" rightborder\u003d\"White\" topborder\u003d\"White\" w\u003d\"176\"\u003e \u003ctext xmlns\u003d\"http://ocr.crowdcomputingsystems.com/xml/schema-v1.xml\"\u003e \u003cpar align\u003d\"Center\" linespacing\u003d\"1100\" rightindent\u003d\"100\"\u003e \u003cline b\u003d\"558\" baseline\u003d\"558\" l\u003d\"311\" r\u003d\"379\" t\u003d\"547\"\u003e9.75 hours\u003c/line\u003e  \u003c/par\u003e  \u003c/text\u003e  \u003c/td\u003e   \u003ctd bottomborder\u003d\"White\" h\u003d\"28\" leftborder\u003d\"White\" rightborder\u003d\"White\" topborder\u003d\"White\" w\u003d\"135\"\u003e \u003ctext xmlns\u003d\"http://ocr.crowdcomputingsystems.com/xml/schema-v1.xml\"\u003e \u003cpar align\u003d\"Center\" linespacing\u003d\"1100\" rightindent\u003d\"1800\"\u003e \u003cline b\u003d\"559\" baseline\u003d\"558\" l\u003d\"489\" r\u003d\"530\" t\u003d\"547\"\u003e\u003cprice appendorder\u003d\"5\" class\u003d\"extraction-tag\" confidence\u003d\"1/1\" data-original-title\u003d\"construction_type\" data-toggle\u003d\"tooltip\" data-value\u003d\"S20.00\" fold-name\u003d\"fold2\" injection\u003d\"true\" referencedatausedininjection\u003d\"manual\" score\u003d\"0.5524952885230708\" style\u003d\"background-color: rgb(140, 250, 187);  color: rgb(0, 0, 0);   border: 2px solid rgb(125, 157, 1); \" tagorder\u003d\"1870785\"\u003eS20.00\u003c/price\u003e\u003c/line\u003e  \u003c/par\u003e  \u003c/text\u003e  \u003c/td\u003e   \u003ctd bottomborder\u003d\"White\" h\u003d\"28\" leftborder\u003d\"White\" rightborder\u003d\"White\" topborder\u003d\"White\" w\u003d\"108\"\u003e \u003ctext xmlns\u003d\"http://ocr.crowdcomputingsystems.com/xml/schema-v1.xml\"\u003e \u003cpar align\u003d\"Right\" linespacing\u003d\"1200\" rightindent\u003d\"800\"\u003e \u003cline b\u003d\"559\" baseline\u003d\"558\" l\u003d\"619\" r\u003d\"668\" t\u003d\"546\"\u003e \u003cformatting lang\u003d\"EnglishUnitedStates\"\u003e $195.00 \u003c/formatting\u003e  \u003c/line\u003e  \u003c/par\u003e  \u003c/text\u003e  \u003c/td\u003e   \u003c/tr\u003e \n \u003ctr\u003e \u003ctd bottomborder\u003d\"White\" h\u003d\"28\" leftborder\u003d\"White\" rightborder\u003d\"White\" topborder\u003d\"White\" w\u003d\"232\"\u003e \u003ctext xmlns\u003d\"http://ocr.crowdcomputingsystems.com/xml/schema-v1.xml\"\u003e \u003cpar linespacing\u003d\"1200\"\u003e \u003cline b\u003d\"589\" baseline\u003d\"587\" l\u003d\"31\" r\u003d\"144\" t\u003d\"575\"\u003eOctober 11, 2012\u003c/line\u003e  \u003c/par\u003e  \u003c/text\u003e  \u003c/td\u003e   \u003ctd bottomborder\u003d\"White\" h\u003d\"28\" leftborder\u003d\"White\" rightborder\u003d\"White\" topborder\u003d\"White\" w\u003d\"176\"\u003e \u003ctext xmlns\u003d\"http://ocr.crowdcomputingsystems.com/xml/schema-v1.xml\"\u003e \u003cpar align\u003d\"Center\" linespacing\u003d\"1100\" rightindent\u003d\"100\"\u003e \u003cline b\u003d\"587\" baseline\u003d\"586\" l\u003d\"312\" r\u003d\"379\" t\u003d\"575\"\u003e5.00 hours\u003c/line\u003e  \u003c/par\u003e  \u003c/text\u003e  \u003c/td\u003e   \u003ctd bottomborder\u003d\"White\" h\u003d\"28\" leftborder\u003d\"White\" rightborder\u003d\"White\" topborder\u003d\"White\" w\u003d\"135\"\u003e \u003ctext xmlns\u003d\"http://ocr.crowdcomputingsystems.com/xml/schema-v1.xml\"\u003e \u003cpar align\u003d\"Center\" linespacing\u003d\"1200\" rightindent\u003d\"1800\"\u003e \u003cline b\u003d\"587\" baseline\u003d\"587\" l\u003d\"489\" r\u003d\"529\" t\u003d\"575\"\u003e\u003cprice appendorder\u003d\"5\" class\u003d\"extraction-tag\" confidence\u003d\"1/1\" data-original-title\u003d\"construction_type\" data-toggle\u003d\"tooltip\" data-value\u003d\"S12.51\" fold-name\u003d\"fold2\" injection\u003d\"true\" referencedatausedininjection\u003d\"manual\" score\u003d\"0.5099827106125746\" style\u003d\"background-color: rgb(140, 250, 187);  color: rgb(0, 0, 0);   border: 2px solid rgb(125, 157, 1); \" tagorder\u003d\"9331971\"\u003eS12.51\u003c/price\u003e\u003c/line\u003e  \u003c/par\u003e  \u003c/text\u003e  \u003c/td\u003e   \u003ctd bottomborder\u003d\"White\" h\u003d\"28\" leftborder\u003d\"White\" rightborder\u003d\"White\" topborder\u003d\"White\" w\u003d\"108\"\u003e \u003ctext xmlns\u003d\"http://ocr.crowdcomputingsystems.com/xml/schema-v1.xml\"\u003e \u003cpar align\u003d\"Right\" linespacing\u003d\"1100\" rightindent\u003d\"800\"\u003e \u003cline b\u003d\"587\" baseline\u003d\"586\" l\u003d\"627\" r\u003d\"668\" t\u003d\"575\"\u003e \u003cformatting lang\u003d\"EnglishUnitedStates\"\u003e S62.55 \u003c/formatting\u003e  \u003c/line\u003e  \u003c/par\u003e  \u003c/text\u003e  \u003c/td\u003e   \u003c/tr\u003e \n \u003ctr\u003e \u003ctd bottomborder\u003d\"White\" h\u003d\"29\" leftborder\u003d\"White\" rightborder\u003d\"White\" topborder\u003d\"White\" w\u003d\"232\"\u003e \u003ctext xmlns\u003d\"http://ocr.crowdcomputingsystems.com/xml/schema-v1.xml\"\u003e \u003cpar linespacing\u003d\"1100\"\u003e \u003cline b\u003d\"617\" baseline\u003d\"614\" l\u003d\"31\" r\u003d\"184\" t\u003d\"603\"\u003e \u003cformatting lang\u003d\"EnglishUnitedStates\"\u003e Accounting Services \u003c/formatting\u003e  \u003c/line\u003e  \u003c/par\u003e  \u003c/text\u003e  \u003c/td\u003e   \u003ctd bottomborder\u003d\"White\" h\u003d\"29\" leftborder\u003d\"White\" rightborder\u003d\"White\" topborder\u003d\"White\" w\u003d\"176\"\u003e \u003ctext xmlns\u003d\"http://ocr.crowdcomputingsystems.com/xml/schema-v1.xml\"\u003e \u003cpar leftindent\u003d\"3500\" linespacing\u003d\"-1\"\u003e\u003c/par\u003e  \u003c/text\u003e  \u003c/td\u003e   \u003ctd bottomborder\u003d\"White\" h\u003d\"29\" leftborder\u003d\"White\" rightborder\u003d\"White\" topborder\u003d\"White\" w\u003d\"135\"\u003e \u003ctext xmlns\u003d\"http://ocr.crowdcomputingsystems.com/xml/schema-v1.xml\"\u003e \u003cpar leftindent\u003d\"1800\" linespacing\u003d\"-1\"\u003e\u003c/par\u003e  \u003c/text\u003e  \u003c/td\u003e   \u003ctd bottomborder\u003d\"White\" h\u003d\"29\" leftborder\u003d\"White\" rightborder\u003d\"White\" topborder\u003d\"White\" w\u003d\"108\"\u003e \u003ctext xmlns\u003d\"http://ocr.crowdcomputingsystems.com/xml/schema-v1.xml\"\u003e \u003cpar leftindent\u003d\"3500\" linespacing\u003d\"-1\"\u003e\u003c/par\u003e  \u003c/text\u003e  \u003c/td\u003e   \u003c/tr\u003e \n \u003ctr\u003e \u003ctd bottomborder\u003d\"White\" h\u003d\"28\" leftborder\u003d\"White\" rightborder\u003d\"White\" topborder\u003d\"White\" w\u003d\"232\"\u003e \u003ctext xmlns\u003d\"http://ocr.crowdcomputingsystems.com/xml/schema-v1.xml\"\u003e \u003cpar linespacing\u003d\"1200\"\u003e \u003cline b\u003d\"645\" baseline\u003d\"643\" l\u003d\"31\" r\u003d\"144\" t\u003d\"631\"\u003eOctober 10, 2012\u003c/line\u003e  \u003c/par\u003e  \u003c/text\u003e  \u003c/td\u003e   \u003ctd bottomborder\u003d\"White\" h\u003d\"28\" leftborder\u003d\"White\" rightborder\u003d\"White\" topborder\u003d\"White\" w\u003d\"176\"\u003e \u003ctext xmlns\u003d\"http://ocr.crowdcomputingsystems.com/xml/schema-v1.xml\"\u003e \u003cpar align\u003d\"Center\" linespacing\u003d\"1100\" rightindent\u003d\"100\"\u003e \u003cline b\u003d\"642\" baseline\u003d\"642\" l\u003d\"312\" r\u003d\"379\" t\u003d\"631\"\u003e2.00 hours\u003c/line\u003e  \u003c/par\u003e  \u003c/text\u003e  \u003c/td\u003e   \u003ctd bottomborder\u003d\"White\" h\u003d\"28\" leftborder\u003d\"White\" rightborder\u003d\"White\" topborder\u003d\"White\" w\u003d\"135\"\u003e \u003ctext xmlns\u003d\"http://ocr.crowdcomputingsystems.com/xml/schema-v1.xml\"\u003e \u003cpar align\u003d\"Center\" linespacing\u003d\"1100\" rightindent\u003d\"1800\"\u003e \u003cline b\u003d\"643\" baseline\u003d\"642\" l\u003d\"489\" r\u003d\"530\" t\u003d\"631\"\u003e\u003cprice appendorder\u003d\"5\" class\u003d\"extraction-tag\" confidence\u003d\"1/1\" data-original-title\u003d\"construction_type\" data-toggle\u003d\"tooltip\" data-value\u003d\"S80.00\" fold-name\u003d\"fold2\" injection\u003d\"true\" referencedatausedininjection\u003d\"manual\" score\u003d\"0.562724136225369\" style\u003d\"background-color: rgb(140, 250, 187);  color: rgb(0, 0, 0);   border: 2px solid rgb(125, 157, 1); \" tagorder\u003d\"1511157\"\u003eS80.00\u003c/price\u003e\u003c/line\u003e  \u003c/par\u003e  \u003c/text\u003e  \u003c/td\u003e   \u003ctd bottomborder\u003d\"White\" h\u003d\"28\" leftborder\u003d\"White\" rightborder\u003d\"White\" topborder\u003d\"White\" w\u003d\"108\"\u003e \u003ctext xmlns\u003d\"http://ocr.crowdcomputingsystems.com/xml/schema-v1.xml\"\u003e \u003cpar align\u003d\"Right\" linespacing\u003d\"1200\" rightindent\u003d\"800\"\u003e \u003cline b\u003d\"643\" baseline\u003d\"642\" l\u003d\"619\" r\u003d\"668\" t\u003d\"630\"\u003e \u003cformatting lang\u003d\"EnglishUnitedStates\"\u003e $160.00 \u003c/formatting\u003e  \u003c/line\u003e  \u003c/par\u003e  \u003c/text\u003e  \u003c/td\u003e   \u003c/tr\u003e \n \u003ctr\u003e \u003ctd h\u003d\"28\" leftborder\u003d\"White\" rightborder\u003d\"White\" topborder\u003d\"White\" w\u003d\"232\"\u003e \u003ctext xmlns\u003d\"http://ocr.crowdcomputingsystems.com/xml/schema-v1.xml\"\u003e \u003cpar linespacing\u003d\"1100\"\u003e \u003cline b\u003d\"674\" baseline\u003d\"671\" l\u003d\"31\" r\u003d\"144\" t\u003d\"660\"\u003eOctober 11, 2012\u003c/line\u003e  \u003c/par\u003e  \u003c/text\u003e  \u003c/td\u003e   \u003ctd h\u003d\"28\" leftborder\u003d\"White\" rightborder\u003d\"White\" topborder\u003d\"White\" w\u003d\"176\"\u003e \u003ctext xmlns\u003d\"http://ocr.crowdcomputingsystems.com/xml/schema-v1.xml\"\u003e \u003cpar align\u003d\"Center\" linespacing\u003d\"1100\" rightindent\u003d\"100\"\u003e \u003cline b\u003d\"671\" baseline\u003d\"671\" l\u003d\"313\" r\u003d\"379\" t\u003d\"660\"\u003e1.00 hours\u003c/line\u003e  \u003c/par\u003e  \u003c/text\u003e  \u003c/td\u003e   \u003ctd h\u003d\"28\" leftborder\u003d\"White\" rightborder\u003d\"White\" topborder\u003d\"White\" w\u003d\"135\"\u003e \u003ctext xmlns\u003d\"http://ocr.crowdcomputingsystems.com/xml/schema-v1.xml\"\u003e \u003cpar align\u003d\"Center\" linespacing\u003d\"1100\" rightindent\u003d\"1800\"\u003e \u003cline b\u003d\"672\" baseline\u003d\"671\" l\u003d\"489\" r\u003d\"530\" t\u003d\"660\"\u003eS80.00\u003c/line\u003e  \u003c/par\u003e  \u003c/text\u003e  \u003c/td\u003e   \u003ctd h\u003d\"28\" leftborder\u003d\"White\" rightborder\u003d\"White\" topborder\u003d\"White\" w\u003d\"108\"\u003e \u003ctext xmlns\u003d\"http://ocr.crowdcomputingsystems.com/xml/schema-v1.xml\"\u003e \u003cpar align\u003d\"Right\" linespacing\u003d\"1100\" rightindent\u003d\"800\"\u003e \u003cline b\u003d\"672\" baseline\u003d\"671\" l\u003d\"627\" r\u003d\"668\" t\u003d\"660\"\u003e \u003cformatting lang\u003d\"EnglishUnitedStates\"\u003e S80.00 \u003c/formatting\u003e  \u003c/line\u003e  \u003c/par\u003e  \u003c/text\u003e  \u003c/td\u003e   \u003c/tr\u003e \n \u003ctr\u003e \u003ctd bottomborder\u003d\"White\" h\u003d\"34\" leftborder\u003d\"White\" rightborder\u003d\"White\" w\u003d\"232\"\u003e \u003ctext xmlns\u003d\"http://ocr.crowdcomputingsystems.com/xml/schema-v1.xml\"\u003e \u003cpar leftindent\u003d\"1100\" linespacing\u003d\"1100\"\u003e \u003cline b\u003d\"699\" baseline\u003d\"699\" l\u003d\"36\" r\u003d\"100\" t\u003d\"688\"\u003e \u003cformatting lang\u003d\"EnglishUnitedStates\"\u003e Subtotal \u003c/formatting\u003e  \u003c/line\u003e  \u003c/par\u003e  \u003c/text\u003e  \u003c/td\u003e   \u003ctd bottomborder\u003d\"White\" h\u003d\"34\" leftborder\u003d\"White\" rightborder\u003d\"White\" w\u003d\"176\"\u003e \u003ctext xmlns\u003d\"http://ocr.crowdcomputingsystems.com/xml/schema-v1.xml\"\u003e \u003cpar align\u003d\"Center\" leftindent\u003d\"1900\" linespacing\u003d\"1100\"\u003e \u003cline b\u003d\"699\" baseline\u003d\"699\" l\u003d\"292\" r\u003d\"379\" t\u003d\"688\"\u003e \u003cformatting lang\u003d\"EnglishUnitedStates\"\u003e 37.50 hours \u003c/formatting\u003e  \u003c/line\u003e  \u003c/par\u003e  \u003c/text\u003e  \u003c/td\u003e   \u003ctd bottomborder\u003d\"White\" h\u003d\"34\" leftborder\u003d\"White\" rightborder\u003d\"White\" w\u003d\"135\"\u003e \u003ctext xmlns\u003d\"http://ocr.crowdcomputingsystems.com/xml/schema-v1.xml\"\u003e \u003cpar leftindent\u003d\"1800\" linespacing\u003d\"-1\"\u003e\u003c/par\u003e  \u003c/text\u003e  \u003c/td\u003e   \u003ctd bottomborder\u003d\"White\" h\u003d\"34\" leftborder\u003d\"White\" rightborder\u003d\"White\" w\u003d\"108\"\u003e \u003ctext xmlns\u003d\"http://ocr.crowdcomputingsystems.com/xml/schema-v1.xml\"\u003e \u003cpar align\u003d\"Right\" linespacing\u003d\"1200\" rightindent\u003d\"1900\"\u003e \u003cline b\u003d\"700\" baseline\u003d\"699\" l\u003d\"602\" r\u003d\"657\" t\u003d\"687\"\u003e \u003cformatting lang\u003d\"EnglishUnitedStates\"\u003e S734.55 \u003c/formatting\u003e  \u003c/line\u003e  \u003c/par\u003e  \u003c/text\u003e  \u003c/td\u003e   \u003c/tr\u003e \n \u003ctr\u003e \u003ctd bottomborder\u003d\"White\" h\u003d\"35\" leftborder\u003d\"White\" rightborder\u003d\"White\" topborder\u003d\"White\" w\u003d\"232\"\u003e \u003ctext xmlns\u003d\"http://ocr.crowdcomputingsystems.com/xml/schema-v1.xml\"\u003e \u003cpar linespacing\u003d\"1100\"\u003e \u003cline b\u003d\"741\" baseline\u003d\"738\" l\u003d\"31\" r\u003d\"166\" t\u003d\"727\"\u003e \u003cformatting lang\u003d\"EnglishUnitedStates\"\u003e Hosting Expenses \u003c/formatting\u003e  \u003c/line\u003e  \u003c/par\u003e  \u003c/text\u003e  \u003c/td\u003e   \u003ctd bottomborder\u003d\"White\" h\u003d\"35\" leftborder\u003d\"White\" rightborder\u003d\"White\" topborder\u003d\"White\" w\u003d\"176\"\u003e \u003ctext xmlns\u003d\"http://ocr.crowdcomputingsystems.com/xml/schema-v1.xml\"\u003e \u003cpar leftindent\u003d\"3500\" linespacing\u003d\"-1\"\u003e\u003c/par\u003e  \u003c/text\u003e  \u003c/td\u003e   \u003ctd bottomborder\u003d\"White\" h\u003d\"35\" leftborder\u003d\"White\" rightborder\u003d\"White\" topborder\u003d\"White\" w\u003d\"135\"\u003e \u003ctext xmlns\u003d\"http://ocr.crowdcomputingsystems.com/xml/schema-v1.xml\"\u003e \u003cpar leftindent\u003d\"1800\" linespacing\u003d\"-1\"\u003e\u003c/par\u003e  \u003c/text\u003e  \u003c/td\u003e   \u003ctd bottomborder\u003d\"White\" h\u003d\"35\" leftborder\u003d\"White\" rightborder\u003d\"White\" topborder\u003d\"White\" w\u003d\"108\"\u003e \u003ctext xmlns\u003d\"http://ocr.crowdcomputingsystems.com/xml/schema-v1.xml\"\u003e \u003cpar leftindent\u003d\"3500\" linespacing\u003d\"-1\"\u003e\u003c/par\u003e  \u003c/text\u003e  \u003c/td\u003e   \u003c/tr\u003e \n \u003ctr\u003e \u003ctd h\u003d\"27\" leftborder\u003d\"White\" rightborder\u003d\"White\" topborder\u003d\"White\" w\u003d\"232\"\u003e \u003ctext xmlns\u003d\"http://ocr.crowdcomputingsystems.com/xml/schema-v1.xml\"\u003e \u003cpar linespacing\u003d\"1100\"\u003e \u003cline b\u003d\"769\" baseline\u003d\"766\" l\u003d\"31\" r\u003d\"221\" t\u003d\"755\"\u003e \u003cformatting lang\u003d\"EnglishUnitedStates\"\u003e Web Hosting: October 2012 \u003c/formatting\u003e  \u003c/line\u003e  \u003c/par\u003e  \u003c/text\u003e  \u003c/td\u003e   \u003ctd h\u003d\"27\" leftborder\u003d\"White\" rightborder\u003d\"White\" topborder\u003d\"White\" w\u003d\"176\"\u003e \u003ctext xmlns\u003d\"http://ocr.crowdcomputingsystems.com/xml/schema-v1.xml\"\u003e \u003cpar leftindent\u003d\"3500\" linespacing\u003d\"-1\"\u003e\u003c/par\u003e  \u003c/text\u003e  \u003c/td\u003e   \u003ctd h\u003d\"27\" leftborder\u003d\"White\" rightborder\u003d\"White\" topborder\u003d\"White\" w\u003d\"135\"\u003e \u003ctext xmlns\u003d\"http://ocr.crowdcomputingsystems.com/xml/schema-v1.xml\"\u003e \u003cpar align\u003d\"Center\" linespacing\u003d\"1100\" rightindent\u003d\"1800\"\u003e \u003cline b\u003d\"767\" baseline\u003d\"766\" l\u003d\"489\" r\u003d\"530\" t\u003d\"755\"\u003e \u003cformatting lang\u003d\"EnglishUnitedStates\"\u003e S60.00 \u003c/formatting\u003e  \u003c/line\u003e  \u003c/par\u003e  \u003c/text\u003e  \u003c/td\u003e   \u003ctd h\u003d\"27\" leftborder\u003d\"White\" rightborder\u003d\"White\" topborder\u003d\"White\" w\u003d\"108\"\u003e \u003ctext xmlns\u003d\"http://ocr.crowdcomputingsystems.com/xml/schema-v1.xml\"\u003e \u003cpar align\u003d\"Right\" linespacing\u003d\"1100\" rightindent\u003d\"800\"\u003e \u003cline b\u003d\"767\" baseline\u003d\"766\" l\u003d\"627\" r\u003d\"668\" t\u003d\"755\"\u003e \u003cformatting lang\u003d\"EnglishUnitedStates\"\u003e S60.00 \u003c/formatting\u003e  \u003c/line\u003e  \u003c/par\u003e  \u003c/text\u003e  \u003c/td\u003e   \u003c/tr\u003e \n \u003ctr\u003e \u003ctd bottomborder\u003d\"White\" h\u003d\"23\" leftborder\u003d\"White\" rightborder\u003d\"White\" w\u003d\"232\"\u003e \u003ctext xmlns\u003d\"http://ocr.crowdcomputingsystems.com/xml/schema-v1.xml\"\u003e \u003cpar linespacing\u003d\"1100\"\u003e \u003cline b\u003d\"796\" baseline\u003d\"796\" l\u003d\"31\" r\u003d\"127\" t\u003d\"785\"\u003e \u003cformatting lang\u003d\"EnglishUnitedStates\"\u003e Balance Due \u003c/formatting\u003e  \u003c/line\u003e  \u003c/par\u003e  \u003c/text\u003e  \u003c/td\u003e   \u003ctd bottomborder\u003d\"White\" h\u003d\"23\" leftborder\u003d\"White\" rightborder\u003d\"White\" w\u003d\"176\"\u003e \u003ctext xmlns\u003d\"http://ocr.crowdcomputingsystems.com/xml/schema-v1.xml\"\u003e \u003cpar leftindent\u003d\"3500\" linespacing\u003d\"-1\"\u003e\u003c/par\u003e  \u003c/text\u003e  \u003c/td\u003e   \u003ctd bottomborder\u003d\"White\" h\u003d\"23\" leftborder\u003d\"White\" rightborder\u003d\"White\" w\u003d\"135\"\u003e \u003ctext xmlns\u003d\"http://ocr.crowdcomputingsystems.com/xml/schema-v1.xml\"\u003e \u003cpar leftindent\u003d\"1800\" linespacing\u003d\"-1\"\u003e\u003c/par\u003e  \u003c/text\u003e  \u003c/td\u003e   \u003ctd bottomborder\u003d\"White\" h\u003d\"23\" leftborder\u003d\"White\" rightborder\u003d\"White\" w\u003d\"108\"\u003e \u003ctext xmlns\u003d\"http://ocr.crowdcomputingsystems.com/xml/schema-v1.xml\"\u003e \u003cpar align\u003d\"Right\" linespacing\u003d\"1200\" rightindent\u003d\"800\"\u003e \u003cline b\u003d\"797\" baseline\u003d\"796\" l\u003d\"612\" r\u003d\"668\" t\u003d\"784\"\u003e \u003cformatting lang\u003d\"EnglishUnitedStates\"\u003e $\u003ctotal_amount appendorder\u003d\"11\" class\u003d\"extraction-tag\" confidence\u003d\"1/1\" data-original-title\u003d\"Total amount\" data-toggle\u003d\"tooltip\" data-value\u003d\"794.55\" fold-name\u003d\"fold4\" score\u003d\"0.825739438995252\" style\u003d\"background-color: rgb(27, 182, 226);  color: rgb(0, 0, 0);   border: 2px solid rgb(125, 157, 1); \" tagorder\u003d\"5\"\u003e794.55\u003c/total_amount\u003e \u003c/formatting\u003e  \u003c/line\u003e  \u003c/par\u003e  \u003c/text\u003e  \u003c/td\u003e   \u003c/tr\u003e \n \u003c/tbody\u003e\u003c/table\u003e\n \u003cblock b\u003d\"96\" blockname\u003d\"\" blocktype\u003d\"Separator\" l\u003d\"26\" r\u003d\"675\" style\u003d\"transform: translate(29px, 170px); position: absolute;\" t\u003d\"94\"\u003e \u003cregion\u003e \u003crect b\u003d\"96\" l\u003d\"26\" r\u003d\"675\" t\u003d\"94\"\u003e\u003c/rect\u003e  \u003c/region\u003e  \u003cseparator thickness\u003d\"2\" type\u003d\"Black\"\u003e \u003cstart x\u003d\"26\" y\u003d\"95\"\u003e\u003c/start\u003e \u003cend x\u003d\"675\" y\u003d\"95\"\u003e\u003c/end\u003e \u003c/separator\u003e \u003c/block\u003e  \u003cblock b\u003d\"397\" blockname\u003d\"\" blocktype\u003d\"Separator\" l\u003d\"26\" r\u003d\"675\" style\u003d\"transform: translate(29px, 713px); position: absolute;\" t\u003d\"395\"\u003e \u003cregion\u003e \u003crect b\u003d\"397\" l\u003d\"26\" r\u003d\"675\" t\u003d\"395\"\u003e\u003c/rect\u003e  \u003c/region\u003e  \u003cseparator thickness\u003d\"2\" type\u003d\"Black\"\u003e \u003cstart x\u003d\"26\" y\u003d\"396\"\u003e\u003c/start\u003e \u003cend x\u003d\"675\" y\u003d\"396\"\u003e\u003c/end\u003e \u003c/separator\u003e \u003c/block\u003e  \u003cblock b\u003d\"426\" blockname\u003d\"\" blocktype\u003d\"Separator\" l\u003d\"26\" r\u003d\"675\" style\u003d\"transform: translate(29px, 766px); position: absolute;\" t\u003d\"424\"\u003e \u003cregion\u003e \u003crect b\u003d\"426\" l\u003d\"26\" r\u003d\"675\" t\u003d\"424\"\u003e\u003c/rect\u003e  \u003c/region\u003e  \u003cseparator thickness\u003d\"2\" type\u003d\"Black\"\u003e \u003cstart x\u003d\"26\" y\u003d\"425\"\u003e\u003c/start\u003e \u003cend x\u003d\"675\" y\u003d\"425\"\u003e\u003c/end\u003e \u003c/separator\u003e \u003c/block\u003e  \u003cblock b\u003d\"681\" blockname\u003d\"\" blocktype\u003d\"Separator\" l\u003d\"26\" r\u003d\"675\" style\u003d\"transform: translate(29px, 1226px); position: absolute;\" t\u003d\"679\"\u003e \u003cregion\u003e \u003crect b\u003d\"681\" l\u003d\"26\" r\u003d\"675\" t\u003d\"679\"\u003e\u003c/rect\u003e  \u003c/region\u003e  \u003cseparator thickness\u003d\"2\" type\u003d\"Black\"\u003e \u003cstart x\u003d\"26\" y\u003d\"680\"\u003e\u003c/start\u003e \u003cend x\u003d\"675\" y\u003d\"680\"\u003e\u003c/end\u003e \u003c/separator\u003e \u003c/block\u003e  \u003cblock b\u003d\"777\" blockname\u003d\"\" blocktype\u003d\"Separator\" l\u003d\"26\" r\u003d\"675\" style\u003d\"transform: translate(29px, 1399px); position: absolute;\" t\u003d\"775\"\u003e \u003cregion\u003e \u003crect b\u003d\"777\" l\u003d\"26\" r\u003d\"675\" t\u003d\"775\"\u003e\u003c/rect\u003e  \u003c/region\u003e  \u003cseparator thickness\u003d\"2\" type\u003d\"Black\"\u003e \u003cstart x\u003d\"26\" y\u003d\"776\"\u003e\u003c/start\u003e \u003cend x\u003d\"675\" y\u003d\"776\"\u003e\u003c/end\u003e \u003c/separator\u003e \u003c/block\u003e  \u003c/page\u003e           \u003c/document\u003e\u003c/body\u003e\u003c/html\u003e","tags":[{"begin":13,"end":23,"text":"Houeze Inc","tag":"supplier_name","fieldType":"COMPANY_NAME","score":0.7897639167548198,"estimatedAccuracy":0.0},{"begin":180,"end":196,"text":"November 3, 2012","tag":"invoice_date","fieldType":"DATE","score":0.7560080000393624,"estimatedAccuracy":0.0},{"begin":802,"end":808,"text":"S20.00","tag":"price","fieldType":"NUMBER","score":0.5524952885230708,"estimatedAccuracy":0.0},{"begin":898,"end":904,"text":"S12.51","tag":"price","fieldType":"NUMBER","score":0.5099827106125746,"estimatedAccuracy":0.0},{"begin":1060,"end":1066,"text":"S80.00","tag":"price","fieldType":"NUMBER","score":0.562724136225369,"estimatedAccuracy":0.0},{"begin":1505,"end":1511,"text":"794.55","tag":"total_amount","fieldType":"NUMBER","score":0.825739438995252,"estimatedAccuracy":0.0}],"group":"invoice_date|price|supplier_name|total_amount","limeExplanation":{},"liblinearFeatureImportance":{}}