{"finalScore":0.7763516600113756,"metaInfo":{"model":{"coreVersion":"10.3.0.39"}},"sumScore":15.52703320022751,"tagsCounter":20.0,"taggedText":"\u003chtml\u003e\u003chead\u003e\u003cscript src\u003d\"https://ajax.googleapis.com/ajax/libs/jquery/2.2.0/jquery.min.js\"\u003e\u003c/script\u003e\u003c/head\u003e\u003cbody\u003e\u003cdocument languages\u003d\"\" producer\u003d\"Workfusion\" schemalocation\u003d\"http://ocr.crowdcomputingsystems.com/xml/schema-v1.xml\" version\u003d\"1.0\" xmlns\u003d\"http://ocr.crowdcomputingsystems.com/xml/schema-v1.xml\" xsi\u003d\"http://www.w3.org/2001/XMLSchema-instance\"\u003e \u003clink href\u003d\"https://s3.amazonaws.com/workfusion-resources/ocr/ocr-xml-viewer-0.3-scale-to-width.css\" rel\u003d\"stylesheet\" type\u003d\"text/css\"\u003e\u003c/link\u003e \u003cstyle\u003e\u003c/style\u003e\u003cpage data-pages\u003d\"1\" h\u003d\"815\" resolution\u003d\"96\" style\u003d\"height: 989px;\" w\u003d\"630\"\u003e \u003cblock b\u003d\"54\" blockname\u003d\"\" blocktype\u003d\"Text\" l\u003d\"108\" r\u003d\"205\" style\u003d\"transform: translate(241px, 33px); position: absolute; width: 216.479px; height: 40.625px;\" t\u003d\"24\"\u003e \u003cregion\u003e \u003crect b\u003d\"54\" l\u003d\"108\" r\u003d\"205\" t\u003d\"24\"\u003e\u003c/rect\u003e  \u003c/region\u003e  \u003ctext\u003e \u003cpar linespacing\u003d\"1950\"\u003e \u003cline b\u003d\"51\" baseline\u003d\"51\" l\u003d\"110\" r\u003d\"202\" style\u003d\"transform: translate(4px, 1px); position: absolute;\" t\u003d\"25\"\u003e \u003cformatting lang\u003d\"EnglishUnitedStates\"\u003e Brand \u003c/formatting\u003e  \u003c/line\u003e  \u003c/par\u003e  \u003c/text\u003e  \u003c/block\u003e  \u003cblock b\u003d\"60\" blockname\u003d\"\" blocktype\u003d\"Text\" l\u003d\"218\" r\u003d\"305\" style\u003d\"transform: translate(487px, 30px); position: absolute; width: 194.162px; height: 51.4583px;\" t\u003d\"22\"\u003e \u003cregion\u003e \u003crect b\u003d\"60\" l\u003d\"218\" r\u003d\"305\" t\u003d\"22\"\u003e\u003c/rect\u003e  \u003c/region\u003e  \u003ctext\u003e \u003cpar align\u003d\"Justified\" linespacing\u003d\"975\"\u003e \u003cline b\u003d\"32\" baseline\u003d\"29\" l\u003d\"219\" r\u003d\"300\" style\u003d\"transform: translate(2px, 1px); position: absolute;\" t\u003d\"23\"\u003e \u003cformatting lang\u003d\"EnglishUnitedStates\"\u003e nwiv.youi btand.com \u003c/formatting\u003e  \u003c/line\u003e  \u003cline b\u003d\"45\" baseline\u003d\"43\" l\u003d\"220\" r\u003d\"302\" style\u003d\"transform: translate(4px, 19px); position: absolute;\" t\u003d\"36\"\u003e \u003cformatting lang\u003d\"EnglishUnitedStates\"\u003e mail(Pyoutbfand.com \u003c/formatting\u003e  \u003c/line\u003e  \u003cline b\u003d\"57\" baseline\u003d\"56\" l\u003d\"219\" r\u003d\"283\" style\u003d\"transform: translate(2px, 38px); position: absolute;\" t\u003d\"50\"\u003e \u003cformatting lang\u003d\"EnglishUnitedStates\"\u003e (000) SSS SSS 5S \u003c/formatting\u003e  \u003c/line\u003e  \u003c/par\u003e  \u003c/text\u003e  \u003c/block\u003e  \u003cblock b\u003d\"162\" blockname\u003d\"\" blocktype\u003d\"Text\" l\u003d\"56\" r\u003d\"215\" style\u003d\"transform: translate(125px, 137px); position: absolute; width: 354.848px; height: 82.6042px;\" t\u003d\"101\"\u003e \u003cregion\u003e \u003crect b\u003d\"162\" l\u003d\"56\" r\u003d\"215\" t\u003d\"101\"\u003e\u003c/rect\u003e  \u003c/region\u003e  \u003ctext\u003e \u003cpar linespacing\u003d\"1730\"\u003e \u003cline b\u003d\"126\" baseline\u003d\"126\" l\u003d\"61\" r\u003d\"203\" style\u003d\"transform: translate(11px, 3px); position: absolute;\" t\u003d\"103\"\u003e \u003cformatting lang\u003d\"EnglishUnitedStates\"\u003e Invoice \u003cinvoice_number appendorder\u003d\"2\" class\u003d\"extraction-tag\" confidence\u003d\"1/1\" data-original-title\u003d\"Invoice number\" data-toggle\u003d\"tooltip\" data-value\u003d\"0001\" fold-name\u003d\"fold4\" score\u003d\"0.6569609140216305\" style\u003d\"background-color: rgb(0, 83, 98);  color: rgb(255, 255, 255);   border: 2px solid rgb(125, 157, 1); \" tagorder\u003d\"1\"\u003e0001\u003c/invoice_number\u003e \u003c/formatting\u003e  \u003c/line\u003e  \u003c/par\u003e  \u003cpar linespacing\u003d\"530\"\u003e \u003cline b\u003d\"145\" baseline\u003d\"143\" l\u003d\"58\" r\u003d\"148\" style\u003d\"transform: translate(4px, 47px); position: absolute;\" t\u003d\"136\"\u003e \u003cformatting lang\u003d\"EnglishUnitedStates\"\u003e \u003cinvoice_date appendorder\u003d\"3\" class\u003d\"extraction-tag\" confidence\u003d\"1/1\" data-original-title\u003d\"Invoice date\" data-toggle\u003d\"tooltip\" data-value\u003d\"01 September. 2012\" fold-name\u003d\"fold2\" score\u003d\"0.5045712600332626\" style\u003d\"background-color: rgb(17, 18, 43);  color: rgb(255, 255, 255);   border: 2px solid rgb(125, 157, 1); \" tagorder\u003d\"2\"\u003e01 September. 2012\u003c/invoice_date\u003e \u003c/formatting\u003e  \u003c/line\u003e  \u003c/par\u003e  \u003cpar linespacing\u003d\"530\"\u003e \u003cline b\u003d\"159\" baseline\u003d\"156\" l\u003d\"58\" r\u003d\"212\" style\u003d\"transform: translate(4px, 65px); position: absolute;\" t\u003d\"149\"\u003e \u003cformatting lang\u003d\"EnglishUnitedStates\"\u003e Payment due by 25 November 2012 \u003c/formatting\u003e  \u003c/line\u003e  \u003c/par\u003e  \u003c/text\u003e  \u003c/block\u003e  \u003cregion xmlns\u003d\"http://ocr.crowdcomputingsystems.com/xml/schema-v1.xml\"\u003e \u003crect b\u003d\"571\" l\u003d\"56\" r\u003d\"573\" t\u003d\"176\"\u003e\u003c/rect\u003e  \u003c/region\u003e \u003ctable b\u003d\"571\" blockname\u003d\"\" blocktype\u003d\"Table\" l\u003d\"56\" r\u003d\"573\" style\u003d\"transform: translate(125px, 238px); position: absolute; user-select: auto;\" t\u003d\"176\" xmlns\u003d\"\"\u003e \u003ctbody\u003e\u003ctr\u003e \u003ctd bottomborder\u003d\"White\" h\u003d\"23\" leftborder\u003d\"White\" rightborder\u003d\"White\" topborder\u003d\"White\" w\u003d\"63\"\u003e \u003ctext xmlns\u003d\"http://ocr.crowdcomputingsystems.com/xml/schema-v1.xml\"\u003e \u003cpar linespacing\u003d\"1130\"\u003e \u003cline b\u003d\"193\" baseline\u003d\"193\" l\u003d\"56\" r\u003d\"102\" t\u003d\"178\"\u003e \u003cformatting lang\u003d\"EnglishUnitedStates\"\u003e I FROM \u003c/formatting\u003e  \u003c/line\u003e  \u003c/par\u003e  \u003c/text\u003e  \u003c/td\u003e   \u003ctd bottomborder\u003d\"White\" h\u003d\"23\" leftborder\u003d\"White\" rightborder\u003d\"White\" topborder\u003d\"White\" w\u003d\"276\"\u003e \u003ctext xmlns\u003d\"http://ocr.crowdcomputingsystems.com/xml/schema-v1.xml\"\u003e \u003cpar leftindent\u003d\"14600\" linespacing\u003d\"1350\"\u003e \u003cline b\u003d\"199\" baseline\u003d\"197\" l\u003d\"313\" r\u003d\"341\" t\u003d\"179\"\u003e \u003cformatting lang\u003d\"EnglishUnitedStates\"\u003e 1 TO \u003c/formatting\u003e  \u003c/line\u003e  \u003c/par\u003e  \u003c/text\u003e  \u003c/td\u003e   \u003ctd bottomborder\u003d\"White\" h\u003d\"23\" leftborder\u003d\"White\" rightborder\u003d\"White\" topborder\u003d\"White\" w\u003d\"100\"\u003e \u003ctext xmlns\u003d\"http://ocr.crowdcomputingsystems.com/xml/schema-v1.xml\"\u003e \u003cpar linespacing\u003d\"-1\"\u003e\u003c/par\u003e  \u003c/text\u003e  \u003c/td\u003e   \u003ctd bottomborder\u003d\"White\" h\u003d\"23\" leftborder\u003d\"White\" rightborder\u003d\"White\" topborder\u003d\"White\" w\u003d\"78\"\u003e \u003ctext xmlns\u003d\"http://ocr.crowdcomputingsystems.com/xml/schema-v1.xml\"\u003e \u003cpar leftindent\u003d\"1700\" linespacing\u003d\"-1\"\u003e\u003c/par\u003e  \u003c/text\u003e  \u003c/td\u003e   \u003c/tr\u003e \n \u003ctr\u003e \u003ctd bottomborder\u003d\"White\" h\u003d\"25\" leftborder\u003d\"White\" rightborder\u003d\"White\" topborder\u003d\"White\" w\u003d\"63\"\u003e \u003ctext xmlns\u003d\"http://ocr.crowdcomputingsystems.com/xml/schema-v1.xml\"\u003e \u003cpar linespacing\u003d\"-1\"\u003e\u003c/par\u003e  \u003c/text\u003e  \u003c/td\u003e   \u003ctd bottomborder\u003d\"White\" h\u003d\"25\" leftborder\u003d\"White\" rightborder\u003d\"White\" topborder\u003d\"White\" w\u003d\"276\"\u003e \u003ctext xmlns\u003d\"http://ocr.crowdcomputingsystems.com/xml/schema-v1.xml\"\u003e \u003cpar leftindent\u003d\"1400\" linespacing\u003d\"530\"\u003e \u003cline b\u003d\"219\" baseline\u003d\"219\" l\u003d\"138\" r\u003d\"180\" t\u003d\"212\"\u003e \u003cformatting lang\u003d\"EnglishUnitedStates\"\u003e Your Address \u003c/formatting\u003e  \u003c/line\u003e  \u003c/par\u003e  \u003c/text\u003e  \u003c/td\u003e   \u003ctd bottomborder\u003d\"White\" h\u003d\"25\" leftborder\u003d\"White\" rightborder\u003d\"White\" topborder\u003d\"White\" w\u003d\"100\"\u003e \u003ctext xmlns\u003d\"http://ocr.crowdcomputingsystems.com/xml/schema-v1.xml\"\u003e \u003cpar linespacing\u003d\"530\"\u003e \u003cline b\u003d\"219\" baseline\u003d\"219\" l\u003d\"395\" r\u003d\"437\" t\u003d\"212\"\u003e \u003cformatting lang\u003d\"EnglishUnitedStates\"\u003e \u0026raquo;0vrAddrm \u003c/formatting\u003e  \u003c/line\u003e  \u003c/par\u003e  \u003c/text\u003e  \u003c/td\u003e   \u003ctd bottomborder\u003d\"White\" h\u003d\"25\" leftborder\u003d\"White\" rightborder\u003d\"White\" topborder\u003d\"White\" w\u003d\"78\"\u003e \u003ctext xmlns\u003d\"http://ocr.crowdcomputingsystems.com/xml/schema-v1.xml\"\u003e \u003cpar leftindent\u003d\"1700\" linespacing\u003d\"-1\"\u003e\u003c/par\u003e  \u003c/text\u003e  \u003c/td\u003e   \u003c/tr\u003e \n \u003ctr\u003e \u003ctd bottomborder\u003d\"White\" h\u003d\"14\" leftborder\u003d\"White\" rightborder\u003d\"White\" topborder\u003d\"White\" w\u003d\"63\"\u003e \u003ctext xmlns\u003d\"http://ocr.crowdcomputingsystems.com/xml/schema-v1.xml\"\u003e \u003cpar linespacing\u003d\"-1\"\u003e\u003c/par\u003e  \u003c/text\u003e  \u003c/td\u003e   \u003ctd bottomborder\u003d\"White\" h\u003d\"14\" leftborder\u003d\"White\" rightborder\u003d\"White\" topborder\u003d\"White\" w\u003d\"276\"\u003e \u003ctext xmlns\u003d\"http://ocr.crowdcomputingsystems.com/xml/schema-v1.xml\"\u003e \u003cpar leftindent\u003d\"1400\" linespacing\u003d\"450\"\u003e \u003cline b\u003d\"233\" baseline\u003d\"233\" l\u003d\"137\" r\u003d\"183\" t\u003d\"227\"\u003e \u003cformatting lang\u003d\"EnglishUnitedStates\"\u003e AddrasUntl \u003c/formatting\u003e  \u003c/line\u003e  \u003c/par\u003e  \u003c/text\u003e  \u003c/td\u003e   \u003ctd bottomborder\u003d\"White\" h\u003d\"14\" leftborder\u003d\"White\" rightborder\u003d\"White\" topborder\u003d\"White\" w\u003d\"100\"\u003e \u003ctext xmlns\u003d\"http://ocr.crowdcomputingsystems.com/xml/schema-v1.xml\"\u003e \u003cpar linespacing\u003d\"450\"\u003e \u003cline b\u003d\"233\" baseline\u003d\"233\" l\u003d\"395\" r\u003d\"440\" t\u003d\"227\"\u003e \u003cformatting lang\u003d\"EnglishUnitedStates\"\u003e Address One 1 \u003c/formatting\u003e  \u003c/line\u003e  \u003c/par\u003e  \u003c/text\u003e  \u003c/td\u003e   \u003ctd bottomborder\u003d\"White\" h\u003d\"14\" leftborder\u003d\"White\" rightborder\u003d\"White\" topborder\u003d\"White\" w\u003d\"78\"\u003e \u003ctext xmlns\u003d\"http://ocr.crowdcomputingsystems.com/xml/schema-v1.xml\"\u003e \u003cpar leftindent\u003d\"1700\" linespacing\u003d\"-1\"\u003e\u003c/par\u003e  \u003c/text\u003e  \u003c/td\u003e   \u003c/tr\u003e \n \u003ctr\u003e \u003ctd bottomborder\u003d\"White\" h\u003d\"14\" leftborder\u003d\"White\" rightborder\u003d\"White\" topborder\u003d\"White\" w\u003d\"63\"\u003e \u003ctext xmlns\u003d\"http://ocr.crowdcomputingsystems.com/xml/schema-v1.xml\"\u003e \u003cpar linespacing\u003d\"-1\"\u003e\u003c/par\u003e  \u003c/text\u003e  \u003c/td\u003e   \u003ctd bottomborder\u003d\"White\" h\u003d\"14\" leftborder\u003d\"White\" rightborder\u003d\"White\" topborder\u003d\"White\" w\u003d\"276\"\u003e \u003ctext xmlns\u003d\"http://ocr.crowdcomputingsystems.com/xml/schema-v1.xml\"\u003e \u003cpar leftindent\u003d\"1400\" linespacing\u003d\"450\"\u003e \u003cline b\u003d\"247\" baseline\u003d\"247\" l\u003d\"139\" r\u003d\"155\" t\u003d\"241\"\u003e \u003cformatting lang\u003d\"EnglishUnitedStates\"\u003e Town \u003c/formatting\u003e  \u003c/line\u003e  \u003c/par\u003e  \u003c/text\u003e  \u003c/td\u003e   \u003ctd bottomborder\u003d\"White\" h\u003d\"14\" leftborder\u003d\"White\" rightborder\u003d\"White\" topborder\u003d\"White\" w\u003d\"100\"\u003e \u003ctext xmlns\u003d\"http://ocr.crowdcomputingsystems.com/xml/schema-v1.xml\"\u003e \u003cpar linespacing\u003d\"450\"\u003e \u003cline b\u003d\"247\" baseline\u003d\"247\" l\u003d\"396\" r\u003d\"412\" t\u003d\"241\"\u003e \u003cformatting lang\u003d\"EnglishUnitedStates\"\u003e town \u003c/formatting\u003e  \u003c/line\u003e  \u003c/par\u003e  \u003c/text\u003e  \u003c/td\u003e   \u003ctd bottomborder\u003d\"White\" h\u003d\"14\" leftborder\u003d\"White\" rightborder\u003d\"White\" topborder\u003d\"White\" w\u003d\"78\"\u003e \u003ctext xmlns\u003d\"http://ocr.crowdcomputingsystems.com/xml/schema-v1.xml\"\u003e \u003cpar leftindent\u003d\"1700\" linespacing\u003d\"-1\"\u003e\u003c/par\u003e  \u003c/text\u003e  \u003c/td\u003e   \u003c/tr\u003e \n \u003ctr\u003e \u003ctd bottomborder\u003d\"White\" h\u003d\"16\" leftborder\u003d\"White\" rightborder\u003d\"White\" topborder\u003d\"White\" w\u003d\"63\"\u003e \u003ctext xmlns\u003d\"http://ocr.crowdcomputingsystems.com/xml/schema-v1.xml\"\u003e \u003cpar linespacing\u003d\"-1\"\u003e\u003c/par\u003e  \u003c/text\u003e  \u003c/td\u003e   \u003ctd bottomborder\u003d\"White\" h\u003d\"16\" leftborder\u003d\"White\" rightborder\u003d\"White\" topborder\u003d\"White\" w\u003d\"276\"\u003e \u003ctext xmlns\u003d\"http://ocr.crowdcomputingsystems.com/xml/schema-v1.xml\"\u003e \u003cpar leftindent\u003d\"1400\" linespacing\u003d\"450\"\u003e \u003cline b\u003d\"264\" baseline\u003d\"262\" l\u003d\"138\" r\u003d\"178\" t\u003d\"256\"\u003e \u003cformatting lang\u003d\"EnglishUnitedStates\"\u003e Aeffon^tare \u003c/formatting\u003e  \u003c/line\u003e  \u003c/par\u003e  \u003c/text\u003e  \u003c/td\u003e   \u003ctd bottomborder\u003d\"White\" h\u003d\"16\" leftborder\u003d\"White\" rightborder\u003d\"White\" topborder\u003d\"White\" w\u003d\"100\"\u003e \u003ctext xmlns\u003d\"http://ocr.crowdcomputingsystems.com/xml/schema-v1.xml\"\u003e \u003cpar linespacing\u003d\"450\"\u003e \u003cline b\u003d\"264\" baseline\u003d\"262\" l\u003d\"395\" r\u003d\"435\" t\u003d\"256\"\u003e \u003cformatting lang\u003d\"EnglishUnitedStates\"\u003e AeffonTUote \u003c/formatting\u003e  \u003c/line\u003e  \u003c/par\u003e  \u003c/text\u003e  \u003c/td\u003e   \u003ctd bottomborder\u003d\"White\" h\u003d\"16\" leftborder\u003d\"White\" rightborder\u003d\"White\" topborder\u003d\"White\" w\u003d\"78\"\u003e \u003ctext xmlns\u003d\"http://ocr.crowdcomputingsystems.com/xml/schema-v1.xml\"\u003e \u003cpar leftindent\u003d\"1700\" linespacing\u003d\"-1\"\u003e\u003c/par\u003e  \u003c/text\u003e  \u003c/td\u003e   \u003c/tr\u003e \n \u003ctr\u003e \u003ctd bottomborder\u003d\"White\" h\u003d\"33\" leftborder\u003d\"White\" rightborder\u003d\"White\" topborder\u003d\"White\" w\u003d\"63\"\u003e \u003ctext xmlns\u003d\"http://ocr.crowdcomputingsystems.com/xml/schema-v1.xml\"\u003e \u003cpar linespacing\u003d\"-1\"\u003e\u003c/par\u003e  \u003c/text\u003e  \u003c/td\u003e   \u003ctd bottomborder\u003d\"White\" h\u003d\"33\" leftborder\u003d\"White\" rightborder\u003d\"White\" topborder\u003d\"White\" w\u003d\"276\"\u003e \u003ctext xmlns\u003d\"http://ocr.crowdcomputingsystems.com/xml/schema-v1.xml\"\u003e \u003cpar leftindent\u003d\"1400\" linespacing\u003d\"450\"\u003e \u003cline b\u003d\"278\" baseline\u003d\"276\" l\u003d\"138\" r\u003d\"188\" t\u003d\"270\"\u003e \u003cformatting lang\u003d\"EnglishUnitedStates\"\u003e ApfPoaot Code \u003c/formatting\u003e  \u003c/line\u003e  \u003c/par\u003e  \u003c/text\u003e  \u003c/td\u003e   \u003ctd bottomborder\u003d\"White\" h\u003d\"33\" leftborder\u003d\"White\" rightborder\u003d\"White\" topborder\u003d\"White\" w\u003d\"100\"\u003e \u003ctext xmlns\u003d\"http://ocr.crowdcomputingsystems.com/xml/schema-v1.xml\"\u003e \u003cpar linespacing\u003d\"450\"\u003e \u003cline b\u003d\"278\" baseline\u003d\"276\" l\u003d\"395\" r\u003d\"445\" t\u003d\"270\"\u003e \u003cformatting lang\u003d\"EnglishUnitedStates\"\u003e ApVovatCode \u003c/formatting\u003e  \u003c/line\u003e  \u003c/par\u003e  \u003c/text\u003e  \u003c/td\u003e   \u003ctd bottomborder\u003d\"White\" h\u003d\"33\" leftborder\u003d\"White\" rightborder\u003d\"White\" topborder\u003d\"White\" w\u003d\"78\"\u003e \u003ctext xmlns\u003d\"http://ocr.crowdcomputingsystems.com/xml/schema-v1.xml\"\u003e \u003cpar leftindent\u003d\"1700\" linespacing\u003d\"-1\"\u003e\u003c/par\u003e  \u003c/text\u003e  \u003c/td\u003e   \u003c/tr\u003e \n \u003ctr\u003e \u003ctd bottomborder\u003d\"White\" h\u003d\"45\" leftborder\u003d\"White\" rightborder\u003d\"White\" topborder\u003d\"White\" w\u003d\"63\"\u003e \u003ctext xmlns\u003d\"http://ocr.crowdcomputingsystems.com/xml/schema-v1.xml\"\u003e \u003cpar leftindent\u003d\"800\" linespacing\u003d\"750\"\u003e \u003cline b\u003d\"333\" baseline\u003d\"333\" l\u003d\"64\" r\u003d\"98\" t\u003d\"323\"\u003e \u003cformatting lang\u003d\"EnglishUnitedStates\"\u003e ITEMS \u003c/formatting\u003e  \u003c/line\u003e  \u003c/par\u003e  \u003c/text\u003e  \u003c/td\u003e   \u003ctd bottomborder\u003d\"White\" h\u003d\"45\" leftborder\u003d\"White\" rightborder\u003d\"White\" topborder\u003d\"White\" w\u003d\"276\"\u003e \u003ctext xmlns\u003d\"http://ocr.crowdcomputingsystems.com/xml/schema-v1.xml\"\u003e \u003cpar leftindent\u003d\"1000\" linespacing\u003d\"-1\"\u003e\u003c/par\u003e  \u003c/text\u003e  \u003c/td\u003e   \u003ctd bottomborder\u003d\"White\" h\u003d\"45\" leftborder\u003d\"White\" rightborder\u003d\"White\" topborder\u003d\"White\" w\u003d\"100\"\u003e \u003ctext xmlns\u003d\"http://ocr.crowdcomputingsystems.com/xml/schema-v1.xml\"\u003e \u003cpar linespacing\u003d\"-1\"\u003e\u003c/par\u003e  \u003c/text\u003e  \u003c/td\u003e   \u003ctd bottomborder\u003d\"White\" h\u003d\"45\" leftborder\u003d\"White\" rightborder\u003d\"White\" topborder\u003d\"White\" w\u003d\"78\"\u003e \u003ctext xmlns\u003d\"http://ocr.crowdcomputingsystems.com/xml/schema-v1.xml\"\u003e \u003cpar leftindent\u003d\"1700\" linespacing\u003d\"-1\"\u003e\u003c/par\u003e  \u003c/text\u003e  \u003c/td\u003e   \u003c/tr\u003e \n \u003ctr\u003e \u003ctd bottomborder\u003d\"White\" h\u003d\"23\" leftborder\u003d\"White\" rightborder\u003d\"White\" topborder\u003d\"White\" w\u003d\"63\"\u003e \u003ctext xmlns\u003d\"http://ocr.crowdcomputingsystems.com/xml/schema-v1.xml\"\u003e \u003cpar align\u003d\"Center\" leftindent\u003d\"300\" linespacing\u003d\"530\"\u003e \u003cline b\u003d\"364\" baseline\u003d\"361\" l\u003d\"68\" r\u003d\"105\" t\u003d\"354\"\u003e \u003cformatting lang\u003d\"EnglishUnitedStates\"\u003e Quantity \u003c/formatting\u003e  \u003c/line\u003e  \u003c/par\u003e  \u003c/text\u003e  \u003c/td\u003e   \u003ctd bottomborder\u003d\"White\" h\u003d\"23\" leftborder\u003d\"White\" rightborder\u003d\"White\" topborder\u003d\"White\" w\u003d\"276\"\u003e \u003ctext xmlns\u003d\"http://ocr.crowdcomputingsystems.com/xml/schema-v1.xml\"\u003e \u003cpar leftindent\u003d\"1000\" linespacing\u003d\"530\"\u003e \u003cline b\u003d\"364\" baseline\u003d\"361\" l\u003d\"132\" r\u003d\"181\" t\u003d\"354\"\u003e \u003cformatting lang\u003d\"EnglishUnitedStates\"\u003e Description \u003c/formatting\u003e  \u003c/line\u003e  \u003c/par\u003e  \u003c/text\u003e  \u003c/td\u003e   \u003ctd bottomborder\u003d\"White\" h\u003d\"23\" leftborder\u003d\"White\" rightborder\u003d\"White\" topborder\u003d\"White\" w\u003d\"100\"\u003e \u003ctext xmlns\u003d\"http://ocr.crowdcomputingsystems.com/xml/schema-v1.xml\"\u003e \u003cpar align\u003d\"Right\" linespacing\u003d\"530\" rightindent\u003d\"1900\"\u003e \u003cline b\u003d\"361\" baseline\u003d\"361\" l\u003d\"428\" r\u003d\"470\" t\u003d\"354\"\u003e \u003cformatting lang\u003d\"EnglishUnitedStates\"\u003e Unit Price \u003c/formatting\u003e  \u003c/line\u003e  \u003c/par\u003e  \u003c/text\u003e  \u003c/td\u003e   \u003ctd bottomborder\u003d\"White\" h\u003d\"23\" leftborder\u003d\"White\" rightborder\u003d\"White\" topborder\u003d\"White\" w\u003d\"78\"\u003e \u003ctext xmlns\u003d\"http://ocr.crowdcomputingsystems.com/xml/schema-v1.xml\"\u003e \u003cpar align\u003d\"Right\" linespacing\u003d\"530\" rightindent\u003d\"1900\"\u003e \u003cline b\u003d\"361\" baseline\u003d\"361\" l\u003d\"517\" r\u003d\"546\" t\u003d\"354\"\u003e \u003cformatting lang\u003d\"EnglishUnitedStates\"\u003e TOTAL \u003c/formatting\u003e  \u003c/line\u003e  \u003c/par\u003e  \u003c/text\u003e  \u003c/td\u003e   \u003c/tr\u003e \n \u003ctr\u003e \u003ctd bottomborder\u003d\"White\" h\u003d\"38\" leftborder\u003d\"White\" rightborder\u003d\"White\" topborder\u003d\"White\" w\u003d\"63\"\u003e \u003ctext xmlns\u003d\"http://ocr.crowdcomputingsystems.com/xml/schema-v1.xml\"\u003e \u003cpar align\u003d\"Center\" leftindent\u003d\"300\" linespacing\u003d\"530\"\u003e \u003cline b\u003d\"392\" baseline\u003d\"392\" l\u003d\"83\" r\u003d\"88\" t\u003d\"385\"\u003e\u003cquantity appendorder\u003d\"5\" class\u003d\"extraction-tag\" confidence\u003d\"1/1\" data-original-title\u003d\"construction_type\" data-toggle\u003d\"tooltip\" data-value\u003d\"2\" fold-name\u003d\"fold4\" injection\u003d\"true\" referencedatausedininjection\u003d\"manual\" score\u003d\"0.9396687553719704\" style\u003d\"background-color: rgb(11, 47, 140);  color: rgb(255, 255, 255);   border: 2px solid rgb(125, 157, 1); \" tagorder\u003d\"778529\"\u003e2\u003c/quantity\u003e\u003c/line\u003e  \u003c/par\u003e  \u003c/text\u003e  \u003c/td\u003e   \u003ctd bottomborder\u003d\"White\" h\u003d\"38\" leftborder\u003d\"White\" rightborder\u003d\"White\" topborder\u003d\"White\" w\u003d\"276\"\u003e \u003ctext xmlns\u003d\"http://ocr.crowdcomputingsystems.com/xml/schema-v1.xml\"\u003e \u003cpar leftindent\u003d\"1000\" linespacing\u003d\"450\"\u003e \u003cline b\u003d\"393\" baseline\u003d\"391\" l\u003d\"132\" r\u003d\"296\" t\u003d\"385\"\u003e\u003cproduct appendorder\u003d\"5\" class\u003d\"extraction-tag\" confidence\u003d\"1/1\" data-original-title\u003d\"construction_type\" data-toggle\u003d\"tooltip\" data-value\u003d\"Donee .K er at vel neque molestic coov.illtt.\" fold-name\u003d\"fold5\" injection\u003d\"true\" referencedatausedininjection\u003d\"manual\" score\u003d\"0.7038100201551146\" style\u003d\"background-color: rgb(78, 135, 105);  color: rgb(0, 0, 0);   border: 2px solid rgb(125, 157, 1); \" tagorder\u003d\"181968\"\u003eDonee .K er at vel neque molestic coov.illtt.\u003c/product\u003e\u003c/line\u003e  \u003c/par\u003e  \u003c/text\u003e  \u003c/td\u003e   \u003ctd bottomborder\u003d\"White\" h\u003d\"38\" leftborder\u003d\"White\" rightborder\u003d\"White\" topborder\u003d\"White\" w\u003d\"100\"\u003e \u003ctext xmlns\u003d\"http://ocr.crowdcomputingsystems.com/xml/schema-v1.xml\"\u003e \u003cpar align\u003d\"Right\" linespacing\u003d\"450\" rightindent\u003d\"1900\"\u003e \u003cline b\u003d\"392\" baseline\u003d\"391\" l\u003d\"450\" r\u003d\"469\" t\u003d\"385\"\u003e$\u003cprice class\u003d\"extraction-tag\" data-value\u003d\"600\" fold-name\u003d\"fold3\" ml-tagorder\u003d\"6495433\" score\u003d\"0.908080835273819\" tagorder\u003d\"6495433\"\u003e600\u003c/price\u003e\u003c/line\u003e  \u003c/par\u003e  \u003c/text\u003e  \u003c/td\u003e   \u003ctd bottomborder\u003d\"White\" h\u003d\"38\" leftborder\u003d\"White\" rightborder\u003d\"White\" topborder\u003d\"White\" w\u003d\"78\"\u003e \u003ctext xmlns\u003d\"http://ocr.crowdcomputingsystems.com/xml/schema-v1.xml\"\u003e \u003cpar align\u003d\"Right\" linespacing\u003d\"450\" rightindent\u003d\"1900\"\u003e \u003cline b\u003d\"392\" baseline\u003d\"391\" l\u003d\"525\" r\u003d\"548\" t\u003d\"385\"\u003e \u003cformatting lang\u003d\"EnglishUnitedStates\"\u003e $1200 \u003c/formatting\u003e  \u003c/line\u003e  \u003c/par\u003e  \u003c/text\u003e  \u003c/td\u003e   \u003c/tr\u003e \n \u003ctr\u003e \u003ctd bottomborder\u003d\"White\" h\u003d\"35\" leftborder\u003d\"White\" rightborder\u003d\"White\" topborder\u003d\"White\" w\u003d\"63\"\u003e \u003ctext xmlns\u003d\"http://ocr.crowdcomputingsystems.com/xml/schema-v1.xml\"\u003e \u003cpar align\u003d\"Center\" leftindent\u003d\"300\" linespacing\u003d\"530\"\u003e \u003cline b\u003d\"427\" baseline\u003d\"427\" l\u003d\"84\" r\u003d\"87\" t\u003d\"420\"\u003e\u003cquantity appendorder\u003d\"5\" class\u003d\"extraction-tag\" confidence\u003d\"1/1\" data-original-title\u003d\"construction_type\" data-toggle\u003d\"tooltip\" data-value\u003d\"1\" fold-name\u003d\"fold4\" injection\u003d\"true\" referencedatausedininjection\u003d\"manual\" score\u003d\"0.7842248943857373\" style\u003d\"background-color: rgb(11, 47, 140);  color: rgb(255, 255, 255);   border: 2px solid rgb(125, 157, 1); \" tagorder\u003d\"1668424\"\u003e1\u003c/quantity\u003e\u003c/line\u003e  \u003c/par\u003e  \u003c/text\u003e  \u003c/td\u003e   \u003ctd bottomborder\u003d\"White\" h\u003d\"35\" leftborder\u003d\"White\" rightborder\u003d\"White\" topborder\u003d\"White\" w\u003d\"276\"\u003e \u003ctext xmlns\u003d\"http://ocr.crowdcomputingsystems.com/xml/schema-v1.xml\"\u003e \u003cpar leftindent\u003d\"1000\" linespacing\u003d\"450\"\u003e \u003cline b\u003d\"429\" baseline\u003d\"426\" l\u003d\"132\" r\u003d\"342\" t\u003d\"420\"\u003e\u003cproduct appendorder\u003d\"5\" class\u003d\"extraction-tag\" confidence\u003d\"1/1\" data-original-title\u003d\"construction_type\" data-toggle\u003d\"tooltip\" data-value\u003d\"Sod oget rbusac lac us tempert lolhcrtiKhn inat magru.\" fold-name\u003d\"fold5\" injection\u003d\"true\" referencedatausedininjection\u003d\"manual\" score\u003d\"0.6330685918975527\" style\u003d\"background-color: rgb(78, 135, 105);  color: rgb(0, 0, 0);   border: 2px solid rgb(125, 157, 1); \" tagorder\u003d\"5351628\"\u003eSod oget rbusac lac us tempert lolhcrtiKhn inat magru.\u003c/product\u003e\u003c/line\u003e  \u003c/par\u003e  \u003c/text\u003e  \u003c/td\u003e   \u003ctd bottomborder\u003d\"White\" h\u003d\"35\" leftborder\u003d\"White\" rightborder\u003d\"White\" topborder\u003d\"White\" w\u003d\"100\"\u003e \u003ctext xmlns\u003d\"http://ocr.crowdcomputingsystems.com/xml/schema-v1.xml\"\u003e \u003cpar align\u003d\"Right\" linespacing\u003d\"530\" rightindent\u003d\"1900\"\u003e \u003cline b\u003d\"427\" baseline\u003d\"427\" l\u003d\"450\" r\u003d\"469\" t\u003d\"420\"\u003e$\u003cprice class\u003d\"extraction-tag\" data-value\u003d\"300\" fold-name\u003d\"fold3\" ml-tagorder\u003d\"6495436\" score\u003d\"0.9046300101833529\" tagorder\u003d\"6495436\"\u003e300\u003c/price\u003e\u003c/line\u003e  \u003c/par\u003e  \u003c/text\u003e  \u003c/td\u003e   \u003ctd bottomborder\u003d\"White\" h\u003d\"35\" leftborder\u003d\"White\" rightborder\u003d\"White\" topborder\u003d\"White\" w\u003d\"78\"\u003e \u003ctext xmlns\u003d\"http://ocr.crowdcomputingsystems.com/xml/schema-v1.xml\"\u003e \u003cpar align\u003d\"Right\" linespacing\u003d\"530\" rightindent\u003d\"1900\"\u003e \u003cline b\u003d\"427\" baseline\u003d\"427\" l\u003d\"529\" r\u003d\"548\" t\u003d\"420\"\u003e \u003cformatting lang\u003d\"EnglishUnitedStates\"\u003e $300 \u003c/formatting\u003e  \u003c/line\u003e  \u003c/par\u003e  \u003c/text\u003e  \u003c/td\u003e   \u003c/tr\u003e \n \u003ctr\u003e \u003ctd bottomborder\u003d\"White\" h\u003d\"35\" leftborder\u003d\"White\" rightborder\u003d\"White\" topborder\u003d\"White\" w\u003d\"63\"\u003e \u003ctext xmlns\u003d\"http://ocr.crowdcomputingsystems.com/xml/schema-v1.xml\"\u003e \u003cpar align\u003d\"Center\" leftindent\u003d\"300\" linespacing\u003d\"530\"\u003e \u003cline b\u003d\"462\" baseline\u003d\"462\" l\u003d\"83\" r\u003d\"88\" t\u003d\"455\"\u003e\u003cquantity appendorder\u003d\"5\" class\u003d\"extraction-tag\" confidence\u003d\"1/1\" data-original-title\u003d\"construction_type\" data-toggle\u003d\"tooltip\" data-value\u003d\"3\" fold-name\u003d\"fold4\" injection\u003d\"true\" referencedatausedininjection\u003d\"manual\" score\u003d\"0.7780042387911829\" style\u003d\"background-color: rgb(11, 47, 140);  color: rgb(255, 255, 255);   border: 2px solid rgb(125, 157, 1); \" tagorder\u003d\"5243032\"\u003e3\u003c/quantity\u003e\u003c/line\u003e  \u003c/par\u003e  \u003c/text\u003e  \u003c/td\u003e   \u003ctd bottomborder\u003d\"White\" h\u003d\"35\" leftborder\u003d\"White\" rightborder\u003d\"White\" topborder\u003d\"White\" w\u003d\"276\"\u003e \u003ctext xmlns\u003d\"http://ocr.crowdcomputingsystems.com/xml/schema-v1.xml\"\u003e \u003cpar leftindent\u003d\"1000\" linespacing\u003d\"530\"\u003e \u003cline b\u003d\"463\" baseline\u003d\"462\" l\u003d\"132\" r\u003d\"312\" t\u003d\"455\"\u003e\u003cproduct appendorder\u003d\"5\" class\u003d\"extraction-tag\" confidence\u003d\"1/1\" data-original-title\u003d\"construction_type\" data-toggle\u003d\"tooltip\" data-value\u003d\"Nunc auctor nisi vel totem aliquot poUontc*ǀue.\" fold-name\u003d\"fold5\" injection\u003d\"true\" referencedatausedininjection\u003d\"manual\" score\u003d\"0.7615867000661635\" style\u003d\"background-color: rgb(78, 135, 105);  color: rgb(0, 0, 0);   border: 2px solid rgb(125, 157, 1); \" tagorder\u003d\"5060499\"\u003eNunc auctor nisi vel totem aliquot poUontc*ǀue.\u003c/product\u003e\u003c/line\u003e  \u003c/par\u003e  \u003c/text\u003e  \u003c/td\u003e   \u003ctd bottomborder\u003d\"White\" h\u003d\"35\" leftborder\u003d\"White\" rightborder\u003d\"White\" topborder\u003d\"White\" w\u003d\"100\"\u003e \u003ctext xmlns\u003d\"http://ocr.crowdcomputingsystems.com/xml/schema-v1.xml\"\u003e \u003cpar align\u003d\"Right\" linespacing\u003d\"530\" rightindent\u003d\"1900\"\u003e \u003cline b\u003d\"462\" baseline\u003d\"462\" l\u003d\"450\" r\u003d\"469\" t\u003d\"455\"\u003e$\u003cprice class\u003d\"extraction-tag\" data-value\u003d\"800\" fold-name\u003d\"fold3\" ml-tagorder\u003d\"6495439\" score\u003d\"0.9127932778757285\" tagorder\u003d\"6495439\"\u003e800\u003c/price\u003e\u003c/line\u003e  \u003c/par\u003e  \u003c/text\u003e  \u003c/td\u003e   \u003ctd bottomborder\u003d\"White\" h\u003d\"35\" leftborder\u003d\"White\" rightborder\u003d\"White\" topborder\u003d\"White\" w\u003d\"78\"\u003e \u003ctext xmlns\u003d\"http://ocr.crowdcomputingsystems.com/xml/schema-v1.xml\"\u003e \u003cpar align\u003d\"Right\" linespacing\u003d\"530\" rightindent\u003d\"1900\"\u003e \u003cline b\u003d\"462\" baseline\u003d\"462\" l\u003d\"524\" r\u003d\"548\" t\u003d\"455\"\u003e \u003cformatting lang\u003d\"EnglishUnitedStates\"\u003e $2400 \u003c/formatting\u003e  \u003c/line\u003e  \u003c/par\u003e  \u003c/text\u003e  \u003c/td\u003e   \u003c/tr\u003e \n \u003ctr\u003e \u003ctd bottomborder\u003d\"White\" h\u003d\"34\" leftborder\u003d\"White\" rightborder\u003d\"White\" topborder\u003d\"White\" w\u003d\"63\"\u003e \u003ctext xmlns\u003d\"http://ocr.crowdcomputingsystems.com/xml/schema-v1.xml\"\u003e \u003cpar align\u003d\"Center\" leftindent\u003d\"300\" linespacing\u003d\"530\"\u003e \u003cline b\u003d\"497\" baseline\u003d\"497\" l\u003d\"83\" r\u003d\"88\" t\u003d\"490\"\u003e\u003cquantity appendorder\u003d\"5\" class\u003d\"extraction-tag\" confidence\u003d\"1/1\" data-original-title\u003d\"construction_type\" data-toggle\u003d\"tooltip\" data-value\u003d\"2\" fold-name\u003d\"fold4\" injection\u003d\"true\" referencedatausedininjection\u003d\"manual\" score\u003d\"0.811140152154307\" style\u003d\"background-color: rgb(11, 47, 140);  color: rgb(255, 255, 255);   border: 2px solid rgb(125, 157, 1); \" tagorder\u003d\"1491232\"\u003e2\u003c/quantity\u003e\u003c/line\u003e  \u003c/par\u003e  \u003c/text\u003e  \u003c/td\u003e   \u003ctd bottomborder\u003d\"White\" h\u003d\"34\" leftborder\u003d\"White\" rightborder\u003d\"White\" topborder\u003d\"White\" w\u003d\"276\"\u003e \u003ctext xmlns\u003d\"http://ocr.crowdcomputingsystems.com/xml/schema-v1.xml\"\u003e \u003cpar leftindent\u003d\"1000\" linespacing\u003d\"530\"\u003e \u003cline b\u003d\"499\" baseline\u003d\"497\" l\u003d\"132\" r\u003d\"243\" t\u003d\"490\"\u003ePeHcntesque habitant morbi.\u003c/line\u003e  \u003c/par\u003e  \u003c/text\u003e  \u003c/td\u003e   \u003ctd bottomborder\u003d\"White\" h\u003d\"34\" leftborder\u003d\"White\" rightborder\u003d\"White\" topborder\u003d\"White\" w\u003d\"100\"\u003e \u003ctext xmlns\u003d\"http://ocr.crowdcomputingsystems.com/xml/schema-v1.xml\"\u003e \u003cpar align\u003d\"Right\" linespacing\u003d\"530\" rightindent\u003d\"1900\"\u003e \u003cline b\u003d\"497\" baseline\u003d\"497\" l\u003d\"455\" r\u003d\"469\" t\u003d\"490\"\u003e$\u003cprice class\u003d\"extraction-tag\" data-value\u003d\"20\" fold-name\u003d\"fold3\" ml-tagorder\u003d\"6495441\" score\u003d\"0.8975640614485636\" tagorder\u003d\"6495441\"\u003e20\u003c/price\u003e\u003c/line\u003e  \u003c/par\u003e  \u003c/text\u003e  \u003c/td\u003e   \u003ctd bottomborder\u003d\"White\" h\u003d\"34\" leftborder\u003d\"White\" rightborder\u003d\"White\" topborder\u003d\"White\" w\u003d\"78\"\u003e \u003ctext xmlns\u003d\"http://ocr.crowdcomputingsystems.com/xml/schema-v1.xml\"\u003e \u003cpar align\u003d\"Right\" linespacing\u003d\"530\" rightindent\u003d\"1900\"\u003e \u003cline b\u003d\"497\" baseline\u003d\"497\" l\u003d\"534\" r\u003d\"548\" t\u003d\"490\"\u003e \u003cformatting lang\u003d\"EnglishUnitedStates\"\u003e $40 \u003c/formatting\u003e  \u003c/line\u003e  \u003c/par\u003e  \u003c/text\u003e  \u003c/td\u003e   \u003c/tr\u003e \n \u003ctr\u003e \u003ctd bottomborder\u003d\"White\" h\u003d\"36\" leftborder\u003d\"White\" rightborder\u003d\"White\" topborder\u003d\"White\" w\u003d\"63\"\u003e \u003ctext xmlns\u003d\"http://ocr.crowdcomputingsystems.com/xml/schema-v1.xml\"\u003e \u003cpar align\u003d\"Center\" leftindent\u003d\"300\" linespacing\u003d\"450\"\u003e \u003cline b\u003d\"531\" baseline\u003d\"531\" l\u003d\"83\" r\u003d\"88\" t\u003d\"525\"\u003e\u003cquantity appendorder\u003d\"5\" class\u003d\"extraction-tag\" confidence\u003d\"1/1\" data-original-title\u003d\"construction_type\" data-toggle\u003d\"tooltip\" data-value\u003d\"2\" fold-name\u003d\"fold4\" injection\u003d\"true\" referencedatausedininjection\u003d\"manual\" score\u003d\"0.7983927885476259\" style\u003d\"background-color: rgb(11, 47, 140);  color: rgb(255, 255, 255);   border: 2px solid rgb(125, 157, 1); \" tagorder\u003d\"6080477\"\u003e2\u003c/quantity\u003e\u003c/line\u003e  \u003c/par\u003e  \u003c/text\u003e  \u003c/td\u003e   \u003ctd bottomborder\u003d\"White\" h\u003d\"36\" leftborder\u003d\"White\" rightborder\u003d\"White\" topborder\u003d\"White\" w\u003d\"276\"\u003e \u003ctext xmlns\u003d\"http://ocr.crowdcomputingsystems.com/xml/schema-v1.xml\"\u003e \u003cpar leftindent\u003d\"1000\" linespacing\u003d\"450\"\u003e \u003cline b\u003d\"533\" baseline\u003d\"531\" l\u003d\"132\" r\u003d\"297\" t\u003d\"525\"\u003e\u003cproduct appendorder\u003d\"5\" class\u003d\"extraction-tag\" confidence\u003d\"1/1\" data-original-title\u003d\"construction_type\" data-toggle\u003d\"tooltip\" data-value\u003d\"In hac habitasse platea dictumst. mauris at.\" fold-name\u003d\"fold5\" injection\u003d\"true\" referencedatausedininjection\u003d\"manual\" score\u003d\"0.5957101547178144\" style\u003d\"background-color: rgb(78, 135, 105);  color: rgb(0, 0, 0);   border: 2px solid rgb(125, 157, 1); \" tagorder\u003d\"545264\"\u003eIn hac habitasse platea dictumst. mauris at.\u003c/product\u003e\u003c/line\u003e  \u003c/par\u003e  \u003c/text\u003e  \u003c/td\u003e   \u003ctd bottomborder\u003d\"White\" h\u003d\"36\" leftborder\u003d\"White\" rightborder\u003d\"White\" topborder\u003d\"White\" w\u003d\"100\"\u003e \u003ctext xmlns\u003d\"http://ocr.crowdcomputingsystems.com/xml/schema-v1.xml\"\u003e \u003cpar align\u003d\"Right\" linespacing\u003d\"450\" rightindent\u003d\"1900\"\u003e \u003cline b\u003d\"531\" baseline\u003d\"531\" l\u003d\"445\" r\u003d\"469\" t\u003d\"525\"\u003e$\u003cprice class\u003d\"extraction-tag\" data-value\u003d\"2S00\" fold-name\u003d\"fold3\" ml-tagorder\u003d\"6495444\" score\u003d\"0.5697245684660928\" tagorder\u003d\"6495444\"\u003e2S00\u003c/price\u003e\u003c/line\u003e  \u003c/par\u003e  \u003c/text\u003e  \u003c/td\u003e   \u003ctd bottomborder\u003d\"White\" h\u003d\"36\" leftborder\u003d\"White\" rightborder\u003d\"White\" topborder\u003d\"White\" w\u003d\"78\"\u003e \u003ctext xmlns\u003d\"http://ocr.crowdcomputingsystems.com/xml/schema-v1.xml\"\u003e \u003cpar align\u003d\"Right\" linespacing\u003d\"450\" rightindent\u003d\"1900\"\u003e \u003cline b\u003d\"531\" baseline\u003d\"531\" l\u003d\"524\" r\u003d\"548\" t\u003d\"525\"\u003e \u003cformatting lang\u003d\"EnglishUnitedStates\"\u003e $SOCO \u003c/formatting\u003e  \u003c/line\u003e  \u003c/par\u003e  \u003c/text\u003e  \u003c/td\u003e   \u003c/tr\u003e \n \u003ctr\u003e \u003ctd bottomborder\u003d\"White\" h\u003d\"24\" leftborder\u003d\"White\" rightborder\u003d\"White\" topborder\u003d\"White\" w\u003d\"63\"\u003e \u003ctext xmlns\u003d\"http://ocr.crowdcomputingsystems.com/xml/schema-v1.xml\"\u003e \u003cpar align\u003d\"Center\" leftindent\u003d\"300\" linespacing\u003d\"530\"\u003e \u003cline b\u003d\"566\" baseline\u003d\"567\" l\u003d\"84\" r\u003d\"87\" t\u003d\"560\"\u003e\u003cquantity appendorder\u003d\"5\" class\u003d\"extraction-tag\" confidence\u003d\"1/1\" data-original-title\u003d\"construction_type\" data-toggle\u003d\"tooltip\" data-value\u003d\"1\" fold-name\u003d\"fold4\" injection\u003d\"true\" referencedatausedininjection\u003d\"manual\" score\u003d\"0.8688448016632665\" style\u003d\"background-color: rgb(11, 47, 140);  color: rgb(255, 255, 255);   border: 2px solid rgb(125, 157, 1); \" tagorder\u003d\"6495429\"\u003e1\u003c/quantity\u003e\u003c/line\u003e  \u003c/par\u003e  \u003c/text\u003e  \u003c/td\u003e   \u003ctd bottomborder\u003d\"White\" h\u003d\"24\" leftborder\u003d\"White\" rightborder\u003d\"White\" topborder\u003d\"White\" w\u003d\"276\"\u003e \u003ctext xmlns\u003d\"http://ocr.crowdcomputingsystems.com/xml/schema-v1.xml\"\u003e \u003cpar leftindent\u003d\"1000\" linespacing\u003d\"530\"\u003e \u003cline b\u003d\"568\" baseline\u003d\"566\" l\u003d\"134\" r\u003d\"337\" t\u003d\"559\"\u003e\u003cproduct appendorder\u003d\"5\" class\u003d\"extraction-tag\" confidence\u003d\"1/1\" data-original-title\u003d\"construction_type\" data-toggle\u003d\"tooltip\" data-value\u003d\"Aenean eget enim eget augue dictum fringdto et vrtae.\" fold-name\u003d\"fold5\" injection\u003d\"true\" referencedatausedininjection\u003d\"manual\" score\u003d\"0.5908902235528761\" style\u003d\"background-color: rgb(78, 135, 105);  color: rgb(0, 0, 0);   border: 2px solid rgb(125, 157, 1); \" tagorder\u003d\"1339917\"\u003eAenean eget enim eget augue dictum fringdto et vrtae.\u003c/product\u003e\u003c/line\u003e  \u003c/par\u003e  \u003c/text\u003e  \u003c/td\u003e   \u003ctd bottomborder\u003d\"White\" h\u003d\"24\" leftborder\u003d\"White\" rightborder\u003d\"White\" topborder\u003d\"White\" w\u003d\"100\"\u003e \u003ctext xmlns\u003d\"http://ocr.crowdcomputingsystems.com/xml/schema-v1.xml\"\u003e \u003cpar align\u003d\"Right\" linespacing\u003d\"450\" rightindent\u003d\"1900\"\u003e \u003cline b\u003d\"567\" baseline\u003d\"566\" l\u003d\"450\" r\u003d\"469\" t\u003d\"560\"\u003e$\u003cprice class\u003d\"extraction-tag\" data-value\u003d\"100\" fold-name\u003d\"fold3\" ml-tagorder\u003d\"6495447\" score\u003d\"0.9442460920765673\" tagorder\u003d\"6495447\"\u003e100\u003c/price\u003e\u003c/line\u003e  \u003c/par\u003e  \u003c/text\u003e  \u003c/td\u003e   \u003ctd bottomborder\u003d\"White\" h\u003d\"24\" leftborder\u003d\"White\" rightborder\u003d\"White\" topborder\u003d\"White\" w\u003d\"78\"\u003e \u003ctext xmlns\u003d\"http://ocr.crowdcomputingsystems.com/xml/schema-v1.xml\"\u003e \u003cpar align\u003d\"Right\" linespacing\u003d\"450\" rightindent\u003d\"1900\"\u003e \u003cline b\u003d\"567\" baseline\u003d\"566\" l\u003d\"529\" r\u003d\"548\" t\u003d\"560\"\u003e \u003cformatting lang\u003d\"EnglishUnitedStates\"\u003e $100 \u003c/formatting\u003e  \u003c/line\u003e  \u003c/par\u003e  \u003c/text\u003e  \u003c/td\u003e   \u003c/tr\u003e \n \u003c/tbody\u003e\u003c/table\u003e\n \u003cblock b\u003d\"639\" blockname\u003d\"\" blocktype\u003d\"Text\" l\u003d\"66\" r\u003d\"124\" style\u003d\"transform: translate(147px, 846px); position: absolute; width: 129.441px; height: 18.9583px;\" t\u003d\"625\"\u003e \u003cregion\u003e \u003crect b\u003d\"639\" l\u003d\"66\" r\u003d\"124\" t\u003d\"625\"\u003e\u003c/rect\u003e  \u003c/region\u003e  \u003ctext\u003e \u003cpar linespacing\u003d\"600\"\u003e \u003cline b\u003d\"636\" baseline\u003d\"634\" l\u003d\"68\" r\u003d\"121\" style\u003d\"transform: translate(4px, 1px); position: absolute;\" t\u003d\"626\"\u003e \u003cformatting lang\u003d\"EnglishUnitedStates\"\u003e Special Notes \u003c/formatting\u003e  \u003c/line\u003e  \u003c/par\u003e  \u003c/text\u003e  \u003c/block\u003e  \u003cblock b\u003d\"730\" blockname\u003d\"\" blocktype\u003d\"Text\" l\u003d\"154\" r\u003d\"213\" style\u003d\"transform: translate(344px, 975px); position: absolute; width: 131.673px; height: 13.5417px;\" t\u003d\"720\"\u003e \u003cregion\u003e \u003crect b\u003d\"730\" l\u003d\"154\" r\u003d\"213\" t\u003d\"720\"\u003e\u003c/rect\u003e  \u003c/region\u003e  \u003ctext\u003e \u003cpar linespacing\u003d\"-1\"\u003e\u003c/par\u003e  \u003c/text\u003e  \u003c/block\u003e  \u003cregion xmlns\u003d\"http://ocr.crowdcomputingsystems.com/xml/schema-v1.xml\"\u003e \u003crect b\u003d\"738\" l\u003d\"409\" r\u003d\"560\" t\u003d\"609\"\u003e\u003c/rect\u003e  \u003c/region\u003e \u003ctable b\u003d\"738\" blockname\u003d\"\" blocktype\u003d\"Table\" l\u003d\"409\" r\u003d\"560\" style\u003d\"transform: translate(913px, 825px); position: absolute; user-select: auto;\" t\u003d\"609\" xmlns\u003d\"\"\u003e \u003ctbody\u003e\u003ctr\u003e \u003ctd bottomborder\u003d\"White\" colspan\u003d\"2\" h\u003d\"27\" leftborder\u003d\"White\" rightborder\u003d\"White\" topborder\u003d\"White\" w\u003d\"151\"\u003e \u003ctext xmlns\u003d\"http://ocr.crowdcomputingsystems.com/xml/schema-v1.xml\"\u003e \u003cpar align\u003d\"Right\" linespacing\u003d\"680\" rightindent\u003d\"900\"\u003e \u003cline b\u003d\"626\" baseline\u003d\"626\" l\u003d\"465\" r\u003d\"548\" t\u003d\"617\"\u003e \u003cformatting lang\u003d\"EnglishUnitedStates\"\u003e AMOUNT DUE \u003c/formatting\u003e  \u003c/line\u003e  \u003c/par\u003e  \u003c/text\u003e  \u003c/td\u003e   \u003c/tr\u003e \n \u003ctr\u003e \u003ctd bottomborder\u003d\"White\" h\u003d\"31\" leftborder\u003d\"White\" rightborder\u003d\"White\" topborder\u003d\"White\" w\u003d\"56\"\u003e \u003ctext xmlns\u003d\"http://ocr.crowdcomputingsystems.com/xml/schema-v1.xml\"\u003e \u003cpar align\u003d\"Right\" linespacing\u003d\"530\"\u003e \u003cline b\u003d\"657\" baseline\u003d\"657\" l\u003d\"420\" r\u003d\"461\" t\u003d\"650\"\u003e \u003cformatting lang\u003d\"EnglishUnitedStates\"\u003e SU8TOTAL \u003c/formatting\u003e  \u003c/line\u003e  \u003c/par\u003e  \u003c/text\u003e  \u003c/td\u003e   \u003ctd bottomborder\u003d\"White\" h\u003d\"31\" leftborder\u003d\"White\" rightborder\u003d\"White\" topborder\u003d\"White\" w\u003d\"95\"\u003e \u003ctext xmlns\u003d\"http://ocr.crowdcomputingsystems.com/xml/schema-v1.xml\"\u003e \u003cpar align\u003d\"Right\" linespacing\u003d\"530\" rightindent\u003d\"1000\"\u003e \u003cline b\u003d\"657\" baseline\u003d\"657\" l\u003d\"522\" r\u003d\"547\" t\u003d\"650\"\u003e \u003cformatting lang\u003d\"EnglishUnitedStates\"\u003e $9,040 \u003c/formatting\u003e  \u003c/line\u003e  \u003c/par\u003e  \u003c/text\u003e  \u003c/td\u003e   \u003c/tr\u003e \n \u003ctr\u003e \u003ctd bottomborder\u003d\"White\" h\u003d\"26\" leftborder\u003d\"White\" rightborder\u003d\"White\" topborder\u003d\"White\" w\u003d\"56\"\u003e \u003ctext xmlns\u003d\"http://ocr.crowdcomputingsystems.com/xml/schema-v1.xml\"\u003e \u003cpar align\u003d\"Right\" linespacing\u003d\"450\"\u003e \u003cline b\u003d\"682\" baseline\u003d\"682\" l\u003d\"446\" r\u003d\"461\" t\u003d\"676\"\u003e \u003cformatting lang\u003d\"EnglishUnitedStates\"\u003e TAX \u003c/formatting\u003e  \u003c/line\u003e  \u003c/par\u003e  \u003c/text\u003e  \u003c/td\u003e   \u003ctd bottomborder\u003d\"White\" h\u003d\"26\" leftborder\u003d\"White\" rightborder\u003d\"White\" topborder\u003d\"White\" w\u003d\"95\"\u003e \u003ctext xmlns\u003d\"http://ocr.crowdcomputingsystems.com/xml/schema-v1.xml\"\u003e \u003cpar align\u003d\"Right\" linespacing\u003d\"450\" rightindent\u003d\"1000\"\u003e \u003cline b\u003d\"683\" baseline\u003d\"682\" l\u003d\"522\" r\u003d\"547\" t\u003d\"676\"\u003e \u003cformatting lang\u003d\"EnglishUnitedStates\"\u003e $00.00 \u003c/formatting\u003e  \u003c/line\u003e  \u003c/par\u003e  \u003c/text\u003e  \u003c/td\u003e   \u003c/tr\u003e \n \u003ctr\u003e \u003ctd bottomborder\u003d\"White\" h\u003d\"23\" leftborder\u003d\"White\" rightborder\u003d\"White\" topborder\u003d\"White\" w\u003d\"56\"\u003e \u003ctext xmlns\u003d\"http://ocr.crowdcomputingsystems.com/xml/schema-v1.xml\"\u003e \u003cpar align\u003d\"Right\" linespacing\u003d\"450\"\u003e \u003cline b\u003d\"708\" baseline\u003d\"708\" l\u003d\"423\" r\u003d\"461\" t\u003d\"702\"\u003e \u003cformatting lang\u003d\"EnglishUnitedStates\"\u003e SHIPPING \u003c/formatting\u003e  \u003c/line\u003e  \u003c/par\u003e  \u003c/text\u003e  \u003c/td\u003e   \u003ctd bottomborder\u003d\"White\" h\u003d\"23\" leftborder\u003d\"White\" rightborder\u003d\"White\" topborder\u003d\"White\" w\u003d\"95\"\u003e \u003ctext xmlns\u003d\"http://ocr.crowdcomputingsystems.com/xml/schema-v1.xml\"\u003e \u003cpar align\u003d\"Right\" linespacing\u003d\"450\" rightindent\u003d\"1000\"\u003e \u003cline b\u003d\"709\" baseline\u003d\"708\" l\u003d\"522\" r\u003d\"547\" t\u003d\"702\"\u003e \u003cformatting lang\u003d\"EnglishUnitedStates\"\u003e $00.00 \u003c/formatting\u003e  \u003c/line\u003e  \u003c/par\u003e  \u003c/text\u003e  \u003c/td\u003e   \u003c/tr\u003e \n \u003ctr\u003e \u003ctd bottomborder\u003d\"White\" h\u003d\"22\" leftborder\u003d\"White\" rightborder\u003d\"White\" topborder\u003d\"White\" w\u003d\"56\"\u003e \u003ctext xmlns\u003d\"http://ocr.crowdcomputingsystems.com/xml/schema-v1.xml\"\u003e \u003cpar align\u003d\"Right\" linespacing\u003d\"600\"\u003e \u003cline b\u003d\"734\" baseline\u003d\"734\" l\u003d\"432\" r\u003d\"461\" t\u003d\"726\"\u003e \u003cformatting lang\u003d\"EnglishUnitedStates\"\u003e TOTAL \u003c/formatting\u003e  \u003c/line\u003e  \u003c/par\u003e  \u003c/text\u003e  \u003c/td\u003e   \u003ctd bottomborder\u003d\"White\" h\u003d\"22\" leftborder\u003d\"White\" rightborder\u003d\"White\" topborder\u003d\"White\" w\u003d\"95\"\u003e \u003ctext xmlns\u003d\"http://ocr.crowdcomputingsystems.com/xml/schema-v1.xml\"\u003e \u003cpar align\u003d\"Right\" linespacing\u003d\"900\" rightindent\u003d\"1000\"\u003e \u003cline b\u003d\"735\" baseline\u003d\"734\" l\u003d\"478\" r\u003d\"546\" t\u003d\"722\"\u003e \u003cformatting lang\u003d\"EnglishUnitedStates\"\u003e $\u003ctotal_amount appendorder\u003d\"5\" class\u003d\"extraction-tag\" confidence\u003d\"1/1\" data-original-title\u003d\"Total amount\" data-toggle\u003d\"tooltip\" data-value\u003d\"9,040.00\" fold-name\u003d\"fold5\" score\u003d\"0.9631208595448847\" style\u003d\"background-color: rgb(27, 182, 226);  color: rgb(0, 0, 0);   border: 2px solid rgb(125, 157, 1); \" tagorder\u003d\"4\"\u003e9,040.00\u003c/total_amount\u003e \u003c/formatting\u003e  \u003c/line\u003e  \u003c/par\u003e  \u003c/text\u003e  \u003c/td\u003e   \u003c/tr\u003e \n \u003c/tbody\u003e\u003c/table\u003e\n \u003cblock b\u003d\"727\" blockname\u003d\"\" blocktype\u003d\"Separator\" l\u003d\"63\" r\u003d\"154\" style\u003d\"transform: translate(141px, 979px); position: absolute;\" t\u003d\"723\"\u003e \u003cregion\u003e \u003crect b\u003d\"724\" l\u003d\"63\" r\u003d\"154\" t\u003d\"723\"\u003e\u003c/rect\u003e  \u003crect b\u003d\"727\" l\u003d\"63\" r\u003d\"154\" t\u003d\"724\"\u003e\u003c/rect\u003e  \u003c/region\u003e  \u003cseparator thickness\u003d\"3\" type\u003d\"Black\"\u003e \u003cstart x\u003d\"63\" y\u003d\"725\"\u003e\u003c/start\u003e \u003cend x\u003d\"154\" y\u003d\"725\"\u003e\u003c/end\u003e \u003c/separator\u003e \u003c/block\u003e  \u003cblock b\u003d\"815\" blockname\u003d\"\" blocktype\u003d\"Separator\" l\u003d\"0\" r\u003d\"630\" style\u003d\"transform: translate(0px, 1094px); position: absolute;\" t\u003d\"808\"\u003e \u003cregion\u003e \u003crect b\u003d\"815\" l\u003d\"0\" r\u003d\"630\" t\u003d\"808\"\u003e\u003c/rect\u003e  \u003c/region\u003e  \u003cseparator thickness\u003d\"7\" type\u003d\"Black\"\u003e \u003cstart x\u003d\"0\" y\u003d\"811\"\u003e\u003c/start\u003e \u003cend x\u003d\"630\" y\u003d\"811\"\u003e\u003c/end\u003e \u003c/separator\u003e \u003c/block\u003e  \u003cblock b\u003d\"81\" blockname\u003d\"\" blocktype\u003d\"Text\" class\u003d\"hidden\" l\u003d\"1\" r\u003d\"629\" style\u003d\"transform: translate(2px, 1px); position: absolute; width: 1401.54px; height: 108.333px;\" t\u003d\"1\"\u003e \u003cregion\u003e \u003crect b\u003d\"81\" l\u003d\"1\" r\u003d\"629\" t\u003d\"1\"\u003e\u003c/rect\u003e  \u003c/region\u003e  \u003ctext\u003e \u003cpar linespacing\u003d\"-1\"\u003e\u003c/par\u003e  \u003c/text\u003e  \u003c/block\u003e  \u003cblock b\u003d\"198\" blockname\u003d\"\" blocktype\u003d\"Text\" class\u003d\"hidden\" l\u003d\"61\" r\u003d\"313\" style\u003d\"transform: translate(136px, 242px); position: absolute; width: 562.4px; height: 25.7292px;\" t\u003d\"179\"\u003e \u003cregion\u003e \u003crect b\u003d\"198\" l\u003d\"61\" r\u003d\"313\" t\u003d\"179\"\u003e\u003c/rect\u003e  \u003c/region\u003e  \u003ctext\u003e \u003cpar linespacing\u003d\"-1\"\u003e\u003c/par\u003e  \u003c/text\u003e  \u003c/block\u003e  \u003cblock b\u003d\"198\" blockname\u003d\"\" blocktype\u003d\"Text\" class\u003d\"hidden\" l\u003d\"317\" r\u003d\"569\" style\u003d\"transform: translate(707px, 242px); position: absolute; width: 562.4px; height: 25.7292px;\" t\u003d\"179\"\u003e \u003cregion\u003e \u003crect b\u003d\"198\" l\u003d\"317\" r\u003d\"569\" t\u003d\"179\"\u003e\u003c/rect\u003e  \u003c/region\u003e  \u003ctext\u003e \u003cpar linespacing\u003d\"-1\"\u003e\u003c/par\u003e  \u003c/text\u003e  \u003c/block\u003e  \u003cblock b\u003d\"369\" blockname\u003d\"\" blocktype\u003d\"Text\" class\u003d\"hidden\" l\u003d\"59\" r\u003d\"571\" style\u003d\"transform: translate(132px, 470px); position: absolute; width: 1142.65px; height: 29.7917px;\" t\u003d\"347\"\u003e \u003cregion\u003e \u003crect b\u003d\"369\" l\u003d\"59\" r\u003d\"571\" t\u003d\"347\"\u003e\u003c/rect\u003e  \u003c/region\u003e  \u003ctext\u003e \u003cpar linespacing\u003d\"-1\"\u003e\u003c/par\u003e  \u003c/text\u003e  \u003c/block\u003e  \u003cblock b\u003d\"636\" blockname\u003d\"\" blocktype\u003d\"Text\" class\u003d\"hidden\" l\u003d\"410\" r\u003d\"571\" style\u003d\"transform: translate(915px, 825px); position: absolute; width: 359.311px; height: 36.5625px;\" t\u003d\"609\"\u003e \u003cregion\u003e \u003crect b\u003d\"636\" l\u003d\"410\" r\u003d\"571\" t\u003d\"609\"\u003e\u003c/rect\u003e  \u003c/region\u003e  \u003ctext\u003e \u003cpar linespacing\u003d\"-1\"\u003e\u003c/par\u003e  \u003c/text\u003e  \u003c/block\u003e  \u003cblock b\u003d\"640\" blockname\u003d\"\" blocktype\u003d\"Text\" class\u003d\"hidden\" l\u003d\"407\" r\u003d\"575\" style\u003d\"transform: translate(908px, 821px); position: absolute; width: 374.933px; height: 46.0417px;\" t\u003d\"606\"\u003e \u003cregion\u003e \u003crect b\u003d\"640\" l\u003d\"407\" r\u003d\"575\" t\u003d\"606\"\u003e\u003c/rect\u003e  \u003c/region\u003e  \u003ctext\u003e \u003cpar linespacing\u003d\"-1\"\u003e\u003c/par\u003e  \u003c/text\u003e  \u003c/block\u003e  \u003c/page\u003e             \u003c/document\u003e\u003c/body\u003e\u003c/html\u003e","tags":[{"begin":136,"end":140,"text":"0001","tag":"invoice_number","fieldType":"TEXT","score":0.6569609140216305,"estimatedAccuracy":0.0},{"begin":150,"end":168,"text":"01 September. 2012","tag":"invoice_date","fieldType":"DATE","score":0.5045712600332626,"estimatedAccuracy":0.0},{"begin":832,"end":833,"text":"2","tag":"quantity","fieldType":"NUMBER","score":0.9396687553719704,"estimatedAccuracy":0.0},{"begin":845,"end":890,"text":"Donee .K er at vel neque molestic coov.illtt.","tag":"product","fieldType":"TEXT","score":0.7038100201551146,"estimatedAccuracy":0.0},{"begin":903,"end":906,"text":"600","tag":"price","fieldType":"NUMBER","score":0.908080835273819,"estimatedAccuracy":0.0},{"begin":944,"end":945,"text":"1","tag":"quantity","fieldType":"NUMBER","score":0.7842248943857373,"estimatedAccuracy":0.0},{"begin":957,"end":1011,"text":"Sod oget rbusac lac us tempert lolhcrtiKhn inat magru.","tag":"product","fieldType":"TEXT","score":0.6330685918975527,"estimatedAccuracy":0.0},{"begin":1024,"end":1027,"text":"300","tag":"price","fieldType":"NUMBER","score":0.9046300101833529,"estimatedAccuracy":0.0},{"begin":1064,"end":1065,"text":"3","tag":"quantity","fieldType":"NUMBER","score":0.7780042387911829,"estimatedAccuracy":0.0},{"begin":1077,"end":1124,"text":"Nunc auctor nisi vel totem aliquot poUontc*ǀue.","tag":"product","fieldType":"TEXT","score":0.7615867000661635,"estimatedAccuracy":0.0},{"begin":1137,"end":1140,"text":"800","tag":"price","fieldType":"NUMBER","score":0.9127932778757285,"estimatedAccuracy":0.0},{"begin":1178,"end":1179,"text":"2","tag":"quantity","fieldType":"NUMBER","score":0.811140152154307,"estimatedAccuracy":0.0},{"begin":1231,"end":1233,"text":"20","tag":"price","fieldType":"NUMBER","score":0.8975640614485636,"estimatedAccuracy":0.0},{"begin":1269,"end":1270,"text":"2","tag":"quantity","fieldType":"NUMBER","score":0.7983927885476259,"estimatedAccuracy":0.0},{"begin":1282,"end":1326,"text":"In hac habitasse platea dictumst. mauris at.","tag":"product","fieldType":"TEXT","score":0.5957101547178144,"estimatedAccuracy":0.0},{"begin":1339,"end":1343,"text":"2S00","tag":"price","fieldType":"NUMBER","score":0.5697245684660928,"estimatedAccuracy":0.0},{"begin":1381,"end":1382,"text":"1","tag":"quantity","fieldType":"NUMBER","score":0.8688448016632665,"estimatedAccuracy":0.0},{"begin":1394,"end":1447,"text":"Aenean eget enim eget augue dictum fringdto et vrtae.","tag":"product","fieldType":"TEXT","score":0.5908902235528761,"estimatedAccuracy":0.0},{"begin":1460,"end":1463,"text":"100","tag":"price","fieldType":"NUMBER","score":0.9442460920765673,"estimatedAccuracy":0.0},{"begin":1761,"end":1769,"text":"9,040.00","tag":"total_amount","fieldType":"NUMBER","score":0.9631208595448847,"estimatedAccuracy":0.0}],"group":"invoice_date|invoice_number|price|product|quantity|total_amount","limeExplanation":{},"liblinearFeatureImportance":{}}