{"finalScore":0.6831713094412597,"metaInfo":{"model":{"coreVersion":"10.3.0.39"}},"sumScore":3.4158565472062987,"tagsCounter":5.0,"taggedText":"\u003chtml\u003e\u003chead\u003e\u003c/head\u003e\u003cbody\u003e\u003cdocument languages\u003d\"\" producer\u003d\"Workfusion\" schemalocation\u003d\"http://ocr.crowdcomputingsystems.com/xml/schema-v1.xml\" version\u003d\"1.0\" xmlns\u003d\"http://ocr.crowdcomputingsystems.com/xml/schema-v1.xml\" xsi\u003d\"http://www.w3.org/2001/XMLSchema-instance\"\u003e \u003clink href\u003d\"https://s3.amazonaws.com/workfusion-resources/ocr/ocr-xml-viewer-0.3-scale-to-width.css\" rel\u003d\"stylesheet\" type\u003d\"text/css\"\u003e\u003c/link\u003e \u003cstyle\u003e\u003c/style\u003e\u003cpage data-pages\u003d\"1\" h\u003d\"872\" resolution\u003d\"72\" style\u003d\"height: 1529px;\" w\u003d\"792\"\u003e \u003cblock b\u003d\"39\" blockname\u003d\"\" blocktype\u003d\"Text\" l\u003d\"18\" r\u003d\"138\" style\u003d\"transform: translate(32px, 36px); position: absolute; width: 213.03px; height: 34.3056px;\" t\u003d\"20\"\u003e \u003cregion\u003e \u003crect b\u003d\"39\" l\u003d\"18\" r\u003d\"138\" t\u003d\"20\"\u003e\u003c/rect\u003e  \u003c/region\u003e  \u003ctext\u003e \u003cpar linespacing\u003d\"1300\"\u003e \u003cline b\u003d\"37\" baseline\u003d\"34\" l\u003d\"18\" r\u003d\"136\" style\u003d\"transform: translate(0px, 2px); position: absolute;\" t\u003d\"21\"\u003e \u003cformatting lang\u003d\"EnglishUnitedStates\"\u003e Jeremy Pavia \u003c/formatting\u003e  \u003c/line\u003e  \u003c/par\u003e  \u003c/text\u003e  \u003c/block\u003e  \u003cblock b\u003d\"38\" blockname\u003d\"\" blocktype\u003d\"Text\" l\u003d\"653\" r\u003d\"783\" style\u003d\"transform: translate(1159px, 25px); position: absolute; width: 230.783px; height: 43.3333px;\" t\u003d\"14\"\u003e \u003cregion\u003e \u003crect b\u003d\"38\" l\u003d\"653\" r\u003d\"783\" t\u003d\"14\"\u003e\u003c/rect\u003e  \u003c/region\u003e  \u003ctext\u003e \u003cpar linespacing\u003d\"2100\"\u003e \u003cline b\u003d\"36\" baseline\u003d\"36\" l\u003d\"654\" r\u003d\"781\" style\u003d\"transform: translate(2px, 2px); position: absolute;\" t\u003d\"15\"\u003e \u003cformatting lang\u003d\"EnglishUnitedStates\"\u003e INVOICE \u003c/formatting\u003e  \u003c/line\u003e  \u003c/par\u003e  \u003c/text\u003e  \u003c/block\u003e  \u003cblock b\u003d\"118\" blockname\u003d\"\" blocktype\u003d\"Text\" l\u003d\"18\" r\u003d\"150\" style\u003d\"transform: translate(32px, 134px); position: absolute; width: 234.333px; height: 79.4444px;\" t\u003d\"74\"\u003e \u003cregion\u003e \u003crect b\u003d\"118\" l\u003d\"18\" r\u003d\"150\" t\u003d\"74\"\u003e\u003c/rect\u003e  \u003c/region\u003e  \u003ctext\u003e \u003cpar leftindent\u003d\"900\" linespacing\u003d\"1600\"\u003e \u003cline b\u003d\"84\" baseline\u003d\"84\" l\u003d\"19\" r\u003d\"121\" style\u003d\"transform: translate(2px, 0px); position: absolute;\" t\u003d\"74\"\u003e \u003cformatting lang\u003d\"EnglishUnitedStates\"\u003e 9201 S. Flower St. \u003c/formatting\u003e  \u003c/line\u003e  \u003c/par\u003e  \u003cpar leftindent\u003d\"900\" linespacing\u003d\"1600\" rightindent\u003d\"21800\"\u003e \u003cline b\u003d\"102\" baseline\u003d\"100\" l\u003d\"19\" r\u003d\"148\" style\u003d\"transform: translate(2px, 31px); position: absolute;\" t\u003d\"91\"\u003e \u003cformatting lang\u003d\"EnglishUnitedStates\"\u003e Los Angeles, CA 91506 \u003c/formatting\u003e  \u003c/line\u003e  \u003cline b\u003d\"116\" baseline\u003d\"116\" l\u003d\"19\" r\u003d\"134\" style\u003d\"transform: translate(2px, 60px); position: absolute;\" t\u003d\"107\"\u003e \u003cformatting lang\u003d\"EnglishUnitedStates\"\u003e Phone 315.382.3015 \u003c/formatting\u003e  \u003c/line\u003e  \u003c/par\u003e  \u003c/text\u003e  \u003c/block\u003e  \u003cblock b\u003d\"121\" blockname\u003d\"\" blocktype\u003d\"Text\" l\u003d\"669\" r\u003d\"784\" style\u003d\"transform: translate(1188px, 168px); position: absolute; width: 204.154px; height: 50.5556px;\" t\u003d\"93\"\u003e \u003cregion\u003e \u003crect b\u003d\"121\" l\u003d\"669\" r\u003d\"784\" t\u003d\"93\"\u003e\u003c/rect\u003e  \u003c/region\u003e  \u003ctext\u003e \u003cpar align\u003d\"Right\" linespacing\u003d\"1600\"\u003e \u003cline b\u003d\"102\" baseline\u003d\"102\" l\u003d\"704\" r\u003d\"782\" style\u003d\"transform: translate(62px, 0px); position: absolute;\" t\u003d\"93\"\u003e \u003cformatting lang\u003d\"EnglishUnitedStates\"\u003e INVOICE #\u003cinvoice_number appendorder\u003d\"9\" class\u003d\"extraction-tag\" confidence\u003d\"1/1\" data-original-title\u003d\"Invoice number\" data-toggle\u003d\"tooltip\" data-value\u003d\"007\" fold-name\u003d\"fold3\" score\u003d\"0.9192549210868438\" style\u003d\"background-color: rgb(0, 83, 98);  color: rgb(255, 255, 255);   border: 2px solid rgb(125, 157, 1); \" tagorder\u003d\"6\"\u003e007\u003c/invoice_number\u003e \u003c/formatting\u003e  \u003c/line\u003e  \u003cline b\u003d\"119\" baseline\u003d\"118\" l\u003d\"669\" r\u003d\"782\" style\u003d\"transform: translate(0px, 29px); position: absolute;\" t\u003d\"109\"\u003e \u003cformatting lang\u003d\"EnglishUnitedStates\"\u003e DATE: \u003cinvoice_date appendorder\u003d\"10\" class\u003d\"extraction-tag\" confidence\u003d\"1/1\" data-original-title\u003d\"Invoice date\" data-toggle\u003d\"tooltip\" data-value\u003d\"JULY 11, 2012\" fold-name\u003d\"fold1\" score\u003d\"0.7905817557336668\" style\u003d\"background-color: rgb(17, 18, 43);  color: rgb(255, 255, 255);   border: 2px solid rgb(125, 157, 1); \" tagorder\u003d\"7\"\u003eJULY 11, 2012\u003c/invoice_date\u003e \u003c/formatting\u003e  \u003c/line\u003e  \u003c/par\u003e  \u003c/text\u003e  \u003c/block\u003e  \u003cblock b\u003d\"199\" blockname\u003d\"\" blocktype\u003d\"Text\" l\u003d\"18\" r\u003d\"187\" style\u003d\"transform: translate(32px, 253px); position: absolute; width: 300.018px; height: 106.528px;\" t\u003d\"140\"\u003e \u003cregion\u003e \u003crect b\u003d\"199\" l\u003d\"18\" r\u003d\"187\" t\u003d\"140\"\u003e\u003c/rect\u003e  \u003c/region\u003e  \u003ctext\u003e \u003cpar leftindent\u003d\"900\" linespacing\u003d\"1500\"\u003e \u003cline b\u003d\"149\" baseline\u003d\"149\" l\u003d\"18\" r\u003d\"38\" style\u003d\"transform: translate(0px, 2px); position: absolute;\" t\u003d\"141\"\u003e \u003cformatting lang\u003d\"EnglishUnitedStates\"\u003e TO: \u003c/formatting\u003e  \u003c/line\u003e  \u003c/par\u003e  \u003cpar leftindent\u003d\"900\" linespacing\u003d\"1500\"\u003e \u003cline b\u003d\"165\" baseline\u003d\"165\" l\u003d\"19\" r\u003d\"116\" style\u003d\"transform: translate(2px, 29px); position: absolute;\" t\u003d\"156\"\u003e \u003cformatting lang\u003d\"EnglishUnitedStates\"\u003e \u003csupplier_name class\u003d\"extraction-tag\" data-value\u003d\"MacNeil Bikes Inc.\" fold-name\u003d\"fold5\" ml-tagorder\u003d\"446\" score\u003d\"0.5000640356477464\" tagorder\u003d\"446\"\u003eMacNeil Bikes Inc.\u003c/supplier_name\u003e \u003c/formatting\u003e  \u003c/line\u003e  \u003c/par\u003e  \u003cpar leftindent\u003d\"900\" linespacing\u003d\"1500\"\u003e \u003cline b\u003d\"180\" baseline\u003d\"180\" l\u003d\"19\" r\u003d\"114\" style\u003d\"transform: translate(2px, 56px); position: absolute;\" t\u003d\"171\"\u003e \u003cformatting lang\u003d\"EnglishUnitedStates\"\u003e 5102 Rockford St. \u003c/formatting\u003e  \u003c/line\u003e  \u003c/par\u003e  \u003cpar leftindent\u003d\"900\" linespacing\u003d\"1500\"\u003e \u003cline b\u003d\"197\" baseline\u003d\"195\" l\u003d\"19\" r\u003d\"185\" style\u003d\"transform: translate(2px, 83px); position: absolute;\" t\u003d\"186\"\u003e \u003cformatting lang\u003d\"EnglishUnitedStates\"\u003e Burnaby, BC Z3N 4X1 CANADA \u003c/formatting\u003e  \u003c/line\u003e  \u003c/par\u003e  \u003c/text\u003e  \u003c/block\u003e  \u003cblock b\u003d\"202\" blockname\u003d\"\" blocktype\u003d\"Text\" l\u003d\"408\" r\u003d\"540\" style\u003d\"transform: translate(724px, 253px); position: absolute; width: 234.333px; height: 111.944px;\" t\u003d\"140\"\u003e \u003cregion\u003e \u003crect b\u003d\"202\" l\u003d\"408\" r\u003d\"540\" t\u003d\"140\"\u003e\u003c/rect\u003e  \u003c/region\u003e  \u003ctext\u003e \u003cpar linespacing\u003d\"1600\"\u003e \u003cline b\u003d\"149\" baseline\u003d\"149\" l\u003d\"409\" r\u003d\"462\" style\u003d\"transform: translate(2px, 2px); position: absolute;\" t\u003d\"141\"\u003e \u003cformatting lang\u003d\"EnglishUnitedStates\"\u003e SHIP TO: \u003c/formatting\u003e  \u003c/line\u003e  \u003c/par\u003e  \u003cpar linespacing\u003d\"1600\"\u003e \u003cline b\u003d\"168\" baseline\u003d\"165\" l\u003d\"409\" r\u003d\"482\" style\u003d\"transform: translate(2px, 29px); position: absolute;\" t\u003d\"156\"\u003e \u003cformatting lang\u003d\"EnglishUnitedStates\"\u003e Jeremy Pavia \u003c/formatting\u003e  \u003c/line\u003e  \u003cline b\u003d\"182\" baseline\u003d\"182\" l\u003d\"409\" r\u003d\"512\" style\u003d\"transform: translate(2px, 58px); position: absolute;\" t\u003d\"172\"\u003e \u003cformatting lang\u003d\"EnglishUnitedStates\"\u003e 9201 S. Flower St. \u003c/formatting\u003e  \u003c/line\u003e  \u003c/par\u003e  \u003cpar linespacing\u003d\"1600\"\u003e \u003cline b\u003d\"200\" baseline\u003d\"198\" l\u003d\"409\" r\u003d\"538\" style\u003d\"transform: translate(2px, 87px); position: absolute;\" t\u003d\"188\"\u003e \u003cformatting lang\u003d\"EnglishUnitedStates\"\u003e Los Angeles, CA 91506 \u003c/formatting\u003e  \u003c/line\u003e  \u003c/par\u003e  \u003c/text\u003e  \u003c/block\u003e  \u003cregion xmlns\u003d\"http://ocr.crowdcomputingsystems.com/xml/schema-v1.xml\"\u003e \u003crect b\u003d\"671\" l\u003d\"10\" r\u003d\"792\" t\u003d\"258\"\u003e\u003c/rect\u003e  \u003c/region\u003e \u003ctable b\u003d\"671\" blockname\u003d\"\" blocktype\u003d\"Table\" l\u003d\"10\" r\u003d\"792\" style\u003d\"transform: translate(18px, 466px); position: absolute; user-select: auto;\" t\u003d\"258\" xmlns\u003d\"\"\u003e \u003ctbody\u003e\u003ctr\u003e \u003ctd h\u003d\"30\" w\u003d\"138\"\u003e \u003ctext xmlns\u003d\"http://ocr.crowdcomputingsystems.com/xml/schema-v1.xml\"\u003e \u003cpar align\u003d\"Center\" leftindent\u003d\"100\" linespacing\u003d\"800\"\u003e \u003cline b\u003d\"280\" baseline\u003d\"277\" l\u003d\"47\" r\u003d\"110\" t\u003d\"269\"\u003e \u003cformatting lang\u003d\"EnglishUnitedStates\"\u003e QUANTITY \u003c/formatting\u003e  \u003c/line\u003e  \u003c/par\u003e  \u003c/text\u003e  \u003c/td\u003e   \u003ctd h\u003d\"30\" w\u003d\"436\"\u003e \u003ctext xmlns\u003d\"http://ocr.crowdcomputingsystems.com/xml/schema-v1.xml\"\u003e \u003cpar align\u003d\"Center\" leftindent\u003d\"200\" linespacing\u003d\"800\"\u003e \u003cline b\u003d\"277\" baseline\u003d\"277\" l\u003d\"323\" r\u003d\"407\" t\u003d\"269\"\u003e \u003cformatting lang\u003d\"EnglishUnitedStates\"\u003e DESCRIPTION \u003c/formatting\u003e  \u003c/line\u003e  \u003c/par\u003e  \u003c/text\u003e  \u003c/td\u003e   \u003ctd h\u003d\"30\" w\u003d\"106\"\u003e \u003ctext xmlns\u003d\"http://ocr.crowdcomputingsystems.com/xml/schema-v1.xml\"\u003e \u003cpar align\u003d\"Right\" linespacing\u003d\"800\" rightindent\u003d\"1800\"\u003e \u003cline b\u003d\"278\" baseline\u003d\"277\" l\u003d\"601\" r\u003d\"672\" t\u003d\"269\"\u003e \u003cformatting lang\u003d\"EnglishUnitedStates\"\u003e UNIT PRICE \u003c/formatting\u003e  \u003c/line\u003e  \u003c/par\u003e  \u003c/text\u003e  \u003c/td\u003e   \u003ctd h\u003d\"30\" w\u003d\"102\"\u003e \u003ctext xmlns\u003d\"http://ocr.crowdcomputingsystems.com/xml/schema-v1.xml\"\u003e \u003cpar align\u003d\"Center\" leftindent\u003d\"200\" linespacing\u003d\"800\"\u003e \u003cline b\u003d\"278\" baseline\u003d\"277\" l\u003d\"721\" r\u003d\"759\" t\u003d\"269\"\u003e \u003cformatting lang\u003d\"EnglishUnitedStates\"\u003e TOTAL \u003c/formatting\u003e  \u003c/line\u003e  \u003c/par\u003e  \u003c/text\u003e  \u003c/td\u003e   \u003c/tr\u003e \n \u003ctr\u003e \u003ctd bottomborder\u003d\"White\" colspan\u003d\"3\" h\u003d\"112\" leftborder\u003d\"White\" rowspan\u003d\"2\" w\u003d\"680\"\u003e \u003ctext xmlns\u003d\"http://ocr.crowdcomputingsystems.com/xml/schema-v1.xml\"\u003e \u003cpar align\u003d\"Right\" linespacing\u003d\"2700\" rightindent\u003d\"1700\"\u003e \u003cline b\u003d\"576\" baseline\u003d\"576\" l\u003d\"617\" r\u003d\"673\" t\u003d\"567\"\u003e \u003cformatting lang\u003d\"EnglishUnitedStates\"\u003e SUBTOTAL \u003c/formatting\u003e  \u003c/line\u003e  \u003c/par\u003e  \u003cpar align\u003d\"Right\" linespacing\u003d\"2700\" rightindent\u003d\"1700\"\u003e \u003cline b\u003d\"604\" baseline\u003d\"604\" l\u003d\"615\" r\u003d\"673\" t\u003d\"595\"\u003e \u003cformatting lang\u003d\"EnglishUnitedStates\"\u003e SALES TAX \u003c/formatting\u003e  \u003c/line\u003e  \u003c/par\u003e  \u003cpar align\u003d\"Right\" linespacing\u003d\"2700\" rightindent\u003d\"1700\"\u003e \u003cline b\u003d\"632\" baseline\u003d\"632\" l\u003d\"547\" r\u003d\"673\" t\u003d\"623\"\u003e \u003cformatting lang\u003d\"EnglishUnitedStates\"\u003e SHIPPING \u0026amp; HANDLING \u003c/formatting\u003e  \u003c/line\u003e  \u003c/par\u003e  \u003cpar align\u003d\"Right\" linespacing\u003d\"2700\" rightindent\u003d\"1700\"\u003e \u003cline b\u003d\"659\" baseline\u003d\"659\" l\u003d\"611\" r\u003d\"673\" t\u003d\"650\"\u003e \u003cformatting lang\u003d\"EnglishUnitedStates\"\u003e TOTAL \u003cquantity class\u003d\"extraction-tag\" data-value\u003d\"DUE\" fold-name\u003d\"fold1\" ml-tagorder\u003d\"447\" score\u003d\"0.5823677149713189\" tagorder\u003d\"447\"\u003eDUE\u003c/quantity\u003e \u003c/formatting\u003e  \u003c/line\u003e  \u003c/par\u003e  \u003c/text\u003e  \u003c/td\u003e   \u003ctd h\u003d\"83\" w\u003d\"102\"\u003e \u003ctext xmlns\u003d\"http://ocr.crowdcomputingsystems.com/xml/schema-v1.xml\"\u003e \u003cpar align\u003d\"Right\" linespacing\u003d\"900\" rightindent\u003d\"1700\"\u003e \u003cline b\u003d\"578\" baseline\u003d\"576\" l\u003d\"747\" r\u003d\"775\" t\u003d\"567\"\u003e \u003cformatting lang\u003d\"EnglishUnitedStates\"\u003e $xoo \u003c/formatting\u003e  \u003c/line\u003e  \u003c/par\u003e  \u003c/text\u003e  \u003c/td\u003e   \u003c/tr\u003e \n \u003ctr\u003e \u003ctd h\u003d\"29\" w\u003d\"102\"\u003e \u003ctext xmlns\u003d\"http://ocr.crowdcomputingsystems.com/xml/schema-v1.xml\"\u003e \u003cpar align\u003d\"Right\" linespacing\u003d\"1000\" rightindent\u003d\"1700\"\u003e \u003cline b\u003d\"661\" baseline\u003d\"660\" l\u003d\"747\" r\u003d\"775\" t\u003d\"650\"\u003e \u003cformatting lang\u003d\"EnglishUnitedStates\"\u003e $xoo \u003c/formatting\u003e  \u003c/line\u003e  \u003c/par\u003e  \u003c/text\u003e  \u003c/td\u003e   \u003c/tr\u003e \n \u003c/tbody\u003e\u003c/table\u003e\n \u003cblock b\u003d\"799\" blockname\u003d\"\" blocktype\u003d\"Text\" l\u003d\"150\" r\u003d\"652\" style\u003d\"transform: translate(266px, 1358px); position: absolute; width: 891.177px; height: 84.8611px;\" t\u003d\"752\"\u003e \u003cregion\u003e \u003crect b\u003d\"799\" l\u003d\"150\" r\u003d\"652\" t\u003d\"752\"\u003e\u003c/rect\u003e  \u003c/region\u003e  \u003ctext\u003e \u003cpar align\u003d\"Center\" leftindent\u003d\"100\" linespacing\u003d\"1600\"\u003e \u003cline b\u003d\"764\" baseline\u003d\"762\" l\u003d\"286\" r\u003d\"515\" style\u003d\"transform: translate(241px, 0px); position: absolute;\" t\u003d\"752\"\u003e \u003cformatting lang\u003d\"EnglishUnitedStates\"\u003e Make all checks payable to Jeremy Pavia \u003c/formatting\u003e  \u003c/line\u003e  \u003c/par\u003e  \u003cpar align\u003d\"Center\" leftindent\u003d\"100\" linespacing\u003d\"1600\"\u003e \u003cline b\u003d\"781\" baseline\u003d\"778\" l\u003d\"150\" r\u003d\"650\" style\u003d\"transform: translate(0px, 29px); position: absolute;\" t\u003d\"768\"\u003e \u003cformatting lang\u003d\"EnglishUnitedStates\"\u003e If you have any questions concerning this invoice, contact me at \u003cemail appendorder\u003d\"6\" class\u003d\"extraction-tag\" confidence\u003d\"1/1\" data-original-title\u003d\"email\" data-toggle\u003d\"tooltip\" data-value\u003d\"info@jeremypavia.com\" fold-name\u003d\"fold4\" score\u003d\"0.6235881197667226\" style\u003d\"background-color: rgb(4, 0, 38);  color: rgb(255, 255, 255);   border: 2px solid rgb(125, 157, 1); \" tagorder\u003d\"444\"\u003einfo@jeremypavia.com\u003c/email\u003e \u003c/formatting\u003e  \u003c/line\u003e  \u003cline b\u003d\"797\" baseline\u003d\"795\" l\u003d\"225\" r\u003d\"576\" style\u003d\"transform: translate(133px, 60px); position: absolute;\" t\u003d\"785\"\u003e \u003cformatting lang\u003d\"EnglishUnitedStates\"\u003e or feel free to call my cell phone at any time @ 918.390.5029 \u003c/formatting\u003e  \u003c/line\u003e  \u003c/par\u003e  \u003c/text\u003e  \u003c/block\u003e  \u003cblock b\u003d\"847\" blockname\u003d\"\" blocktype\u003d\"Text\" l\u003d\"312\" r\u003d\"489\" style\u003d\"transform: translate(554px, 1504px); position: absolute; width: 314.22px; height: 25.2778px;\" t\u003d\"833\"\u003e \u003cregion\u003e \u003crect b\u003d\"847\" l\u003d\"312\" r\u003d\"489\" t\u003d\"833\"\u003e\u003c/rect\u003e  \u003c/region\u003e  \u003ctext\u003e \u003cpar align\u003d\"Center\" leftindent\u003d\"100\" linespacing\u003d\"900\"\u003e \u003cline b\u003d\"845\" baseline\u003d\"842\" l\u003d\"313\" r\u003d\"487\" style\u003d\"transform: translate(2px, 0px); position: absolute;\" t\u003d\"833\"\u003e \u003cformatting lang\u003d\"EnglishUnitedStates\"\u003e Thank you for your businessl \u003c/formatting\u003e  \u003c/line\u003e  \u003c/par\u003e  \u003c/text\u003e  \u003c/block\u003e  \u003cblock b\u003d\"262\" blockname\u003d\"\" blocktype\u003d\"Separator\" l\u003d\"10\" r\u003d\"792\" style\u003d\"transform: translate(18px, 466px); position: absolute;\" t\u003d\"258\"\u003e \u003cregion\u003e \u003crect b\u003d\"262\" l\u003d\"10\" r\u003d\"792\" t\u003d\"258\"\u003e\u003c/rect\u003e  \u003c/region\u003e  \u003cseparator thickness\u003d\"4\" type\u003d\"Black\"\u003e \u003cstart x\u003d\"10\" y\u003d\"260\"\u003e\u003c/start\u003e \u003cend x\u003d\"792\" y\u003d\"260\"\u003e\u003c/end\u003e \u003c/separator\u003e \u003c/block\u003e  \u003cblock b\u003d\"289\" blockname\u003d\"\" blocktype\u003d\"Separator\" l\u003d\"12\" r\u003d\"792\" style\u003d\"transform: translate(21px, 518px); position: absolute;\" t\u003d\"287\"\u003e \u003cregion\u003e \u003crect b\u003d\"289\" l\u003d\"12\" r\u003d\"792\" t\u003d\"287\"\u003e\u003c/rect\u003e  \u003c/region\u003e  \u003cseparator thickness\u003d\"2\" type\u003d\"Black\"\u003e \u003cstart x\u003d\"12\" y\u003d\"288\"\u003e\u003c/start\u003e \u003cend x\u003d\"792\" y\u003d\"288\"\u003e\u003c/end\u003e \u003c/separator\u003e \u003c/block\u003e  \u003cblock b\u003d\"561\" blockname\u003d\"\" blocktype\u003d\"Separator\" l\u003d\"10\" r\u003d\"792\" style\u003d\"transform: translate(18px, 1006px); position: absolute;\" t\u003d\"557\"\u003e \u003cregion\u003e \u003crect b\u003d\"558\" l\u003d\"10\" r\u003d\"691\" t\u003d\"557\"\u003e\u003c/rect\u003e  \u003crect b\u003d\"560\" l\u003d\"10\" r\u003d\"792\" t\u003d\"558\"\u003e\u003c/rect\u003e  \u003crect b\u003d\"561\" l\u003d\"689\" r\u003d\"691\" t\u003d\"560\"\u003e\u003c/rect\u003e  \u003c/region\u003e  \u003cseparator thickness\u003d\"3\" type\u003d\"Black\"\u003e \u003cstart x\u003d\"10\" y\u003d\"559\"\u003e\u003c/start\u003e \u003cend x\u003d\"792\" y\u003d\"559\"\u003e\u003c/end\u003e \u003c/separator\u003e \u003c/block\u003e  \u003cblock b\u003d\"643\" blockname\u003d\"\" blocktype\u003d\"Separator\" l\u003d\"690\" r\u003d\"792\" style\u003d\"transform: translate(1225px, 1157px); position: absolute;\" t\u003d\"641\"\u003e \u003cregion\u003e \u003crect b\u003d\"643\" l\u003d\"690\" r\u003d\"792\" t\u003d\"641\"\u003e\u003c/rect\u003e  \u003c/region\u003e  \u003cseparator thickness\u003d\"2\" type\u003d\"Black\"\u003e \u003cstart x\u003d\"690\" y\u003d\"642\"\u003e\u003c/start\u003e \u003cend x\u003d\"792\" y\u003d\"642\"\u003e\u003c/end\u003e \u003c/separator\u003e \u003c/block\u003e  \u003cblock b\u003d\"671\" blockname\u003d\"\" blocktype\u003d\"Separator\" l\u003d\"690\" r\u003d\"792\" style\u003d\"transform: translate(1225px, 1208px); position: absolute;\" t\u003d\"669\"\u003e \u003cregion\u003e \u003crect b\u003d\"671\" l\u003d\"690\" r\u003d\"792\" t\u003d\"669\"\u003e\u003c/rect\u003e  \u003c/region\u003e  \u003cseparator thickness\u003d\"2\" type\u003d\"Black\"\u003e \u003cstart x\u003d\"690\" y\u003d\"670\"\u003e\u003c/start\u003e \u003cend x\u003d\"792\" y\u003d\"670\"\u003e\u003c/end\u003e \u003c/separator\u003e \u003c/block\u003e  \u003cblock b\u003d\"560\" blockname\u003d\"\" blocktype\u003d\"Separator\" l\u003d\"10\" r\u003d\"13\" style\u003d\"transform: translate(18px, 466px); position: absolute;\" t\u003d\"258\"\u003e \u003cregion\u003e \u003crect b\u003d\"560\" l\u003d\"10\" r\u003d\"13\" t\u003d\"258\"\u003e\u003c/rect\u003e  \u003c/region\u003e  \u003cseparator thickness\u003d\"3\" type\u003d\"Black\"\u003e \u003cstart x\u003d\"11\" y\u003d\"258\"\u003e\u003c/start\u003e \u003cend x\u003d\"11\" y\u003d\"560\"\u003e\u003c/end\u003e \u003c/separator\u003e \u003c/block\u003e  \u003cblock b\u003d\"560\" blockname\u003d\"\" blocktype\u003d\"Separator\" l\u003d\"146\" r\u003d\"150\" style\u003d\"transform: translate(259px, 466px); position: absolute;\" t\u003d\"258\"\u003e \u003cregion\u003e \u003crect b\u003d\"270\" l\u003d\"146\" r\u003d\"150\" t\u003d\"258\"\u003e\u003c/rect\u003e  \u003crect b\u003d\"558\" l\u003d\"147\" r\u003d\"149\" t\u003d\"270\"\u003e\u003c/rect\u003e  \u003crect b\u003d\"560\" l\u003d\"146\" r\u003d\"150\" t\u003d\"558\"\u003e\u003c/rect\u003e  \u003c/region\u003e  \u003cseparator thickness\u003d\"3\" type\u003d\"Black\"\u003e \u003cstart x\u003d\"148\" y\u003d\"258\"\u003e\u003c/start\u003e \u003cend x\u003d\"148\" y\u003d\"560\"\u003e\u003c/end\u003e \u003c/separator\u003e \u003c/block\u003e  \u003cblock b\u003d\"558\" blockname\u003d\"\" blocktype\u003d\"Separator\" l\u003d\"584\" r\u003d\"585\" style\u003d\"transform: translate(1037px, 471px); position: absolute;\" t\u003d\"261\"\u003e \u003cregion\u003e \u003crect b\u003d\"558\" l\u003d\"584\" r\u003d\"585\" t\u003d\"261\"\u003e\u003c/rect\u003e  \u003c/region\u003e  \u003cseparator thickness\u003d\"1\" type\u003d\"Black\"\u003e \u003cstart x\u003d\"584\" y\u003d\"261\"\u003e\u003c/start\u003e \u003cend x\u003d\"584\" y\u003d\"558\"\u003e\u003c/end\u003e \u003c/separator\u003e \u003c/block\u003e  \u003cblock b\u003d\"671\" blockname\u003d\"\" blocktype\u003d\"Separator\" l\u003d\"689\" r\u003d\"692\" style\u003d\"transform: translate(1223px, 473px); position: absolute;\" t\u003d\"262\"\u003e \u003cregion\u003e \u003crect b\u003d\"671\" l\u003d\"689\" r\u003d\"692\" t\u003d\"262\"\u003e\u003c/rect\u003e  \u003c/region\u003e  \u003cseparator thickness\u003d\"2\" type\u003d\"Black\"\u003e \u003cstart x\u003d\"690\" y\u003d\"262\"\u003e\u003c/start\u003e \u003cend x\u003d\"690\" y\u003d\"671\"\u003e\u003c/end\u003e \u003c/separator\u003e \u003c/block\u003e  \u003cblock b\u003d\"671\" blockname\u003d\"\" blocktype\u003d\"Separator\" l\u003d\"790\" r\u003d\"792\" style\u003d\"transform: translate(1402px, 466px); position: absolute;\" t\u003d\"258\"\u003e \u003cregion\u003e \u003crect b\u003d\"671\" l\u003d\"790\" r\u003d\"792\" t\u003d\"258\"\u003e\u003c/rect\u003e  \u003c/region\u003e  \u003cseparator thickness\u003d\"2\" type\u003d\"Black\"\u003e \u003cstart x\u003d\"791\" y\u003d\"258\"\u003e\u003c/start\u003e \u003cend x\u003d\"791\" y\u003d\"671\"\u003e\u003c/end\u003e \u003c/separator\u003e \u003c/block\u003e  \u003c/page\u003e     \u003c/document\u003e\u003c/body\u003e\u003c/html\u003e","tags":[{"begin":178,"end":181,"text":"007","tag":"invoice_number","fieldType":"TEXT","score":0.9192549210868438,"estimatedAccuracy":0.0},{"begin":194,"end":207,"text":"JULY 11, 2012","tag":"invoice_date","fieldType":"DATE","score":0.7905817557336668,"estimatedAccuracy":0.0},{"begin":241,"end":259,"text":"MacNeil Bikes Inc.","tag":"supplier_name","fieldType":"COMPANY_NAME","score":0.5000640356477464,"estimatedAccuracy":0.0},{"begin":629,"end":632,"text":"DUE","tag":"quantity","fieldType":"NUMBER","score":0.5823677149713189,"estimatedAccuracy":0.0},{"begin":819,"end":839,"text":"info@jeremypavia.com","tag":"email","fieldType":"EMAIL","score":0.6235881197667226,"estimatedAccuracy":0.0}],"group":"email|invoice_date|invoice_number|quantity|supplier_name","limeExplanation":{},"liblinearFeatureImportance":{}}