{"finalScore":0.6622308216074037,"metaInfo":{"model":{"coreVersion":"10.3.0.39"}},"sumScore":3.973384929644422,"tagsCounter":6.0,"taggedText":"\u003chtml\u003e\u003chead\u003e\u003cscript src\u003d\"https://ajax.googleapis.com/ajax/libs/jquery/2.2.0/jquery.min.js\"\u003e\u003c/script\u003e\u003c/head\u003e\u003cbody\u003e\u003cdocument languages\u003d\"\" producer\u003d\"Workfusion\" schemalocation\u003d\"http://ocr.crowdcomputingsystems.com/xml/schema-v1.xml\" version\u003d\"1.0\" xmlns\u003d\"http://ocr.crowdcomputingsystems.com/xml/schema-v1.xml\" xsi\u003d\"http://www.w3.org/2001/XMLSchema-instance\"\u003e \u003clink href\u003d\"https://s3.amazonaws.com/workfusion-resources/ocr/ocr-xml-viewer-0.3-scale-to-width.css\" rel\u003d\"stylesheet\" type\u003d\"text/css\"\u003e\u003c/link\u003e \u003cstyle\u003e\u003c/style\u003e\u003cpage data-pages\u003d\"1\" h\u003d\"730\" resolution\u003d\"72\" style\u003d\"height: 1078px;\" w\u003d\"600\"\u003e \u003cblock b\u003d\"85\" blockname\u003d\"\" blocktype\u003d\"Text\" l\u003d\"278\" r\u003d\"406\" style\u003d\"transform: translate(651px, 114px); position: absolute; width: 299.947px; height: 39.7222px;\" t\u003d\"63\"\u003e \u003cregion\u003e \u003crect b\u003d\"85\" l\u003d\"278\" r\u003d\"406\" t\u003d\"63\"\u003e\u003c/rect\u003e  \u003c/region\u003e  \u003ctext\u003e \u003cpar leftindent\u003d\"24600\" linespacing\u003d\"1900\"\u003e \u003cline b\u003d\"83\" baseline\u003d\"82\" l\u003d\"278\" r\u003d\"404\" style\u003d\"transform: translate(0px, 0px); position: absolute;\" t\u003d\"63\"\u003e \u003cformatting lang\u003d\"EnglishUnitedStates\"\u003e INVOICE \u003c/formatting\u003e  \u003c/line\u003e  \u003c/par\u003e  \u003c/text\u003e  \u003c/block\u003e  \u003cblock b\u003d\"287\" blockname\u003d\"\" blocktype\u003d\"Text\" l\u003d\"110\" r\u003d\"573\" style\u003d\"transform: translate(258px, 197px); position: absolute; width: 1084.96px; height: 321.389px;\" t\u003d\"109\"\u003e \u003cregion\u003e \u003crect b\u003d\"287\" l\u003d\"110\" r\u003d\"573\" t\u003d\"109\"\u003e\u003c/rect\u003e  \u003c/region\u003e  \u003ctext\u003e \u003cpar align\u003d\"Center\" linespacing\u003d\"1800\" rightindent\u003d\"7900\"\u003e \u003cline b\u003d\"120\" baseline\u003d\"120\" l\u003d\"286\" r\u003d\"395\" style\u003d\"transform: translate(412px, 0px); position: absolute;\" t\u003d\"109\"\u003e \u003cformatting lang\u003d\"EnglishUnitedStates\"\u003e \u003csupplier_name appendorder\u003d\"3\" class\u003d\"extraction-tag\" confidence\u003d\"1/1\" data-original-title\u003d\"Supplier name\" data-toggle\u003d\"tooltip\" data-value\u003d\"ABCDEFG TRAVEL\" fold-name\u003d\"fold2\" score\u003d\"0.7575785852054152\" style\u003d\"background-color: rgb(88, 50, 166);  color: rgb(255, 255, 255);   border: 2px solid rgb(125, 157, 1); \" tagorder\u003d\"1\"\u003eABCDEFG TRAVEL\u003c/supplier_name\u003e \u003c/formatting\u003e  \u003c/line\u003e  \u003cline b\u003d\"141\" baseline\u003d\"138\" l\u003d\"273\" r\u003d\"410\" style\u003d\"transform: translate(382px, 33px); position: absolute;\" t\u003d\"127\"\u003e \u003cformatting lang\u003d\"EnglishUnitedStates\"\u003e 123 ANY STREET \u003c/formatting\u003e  \u003c/line\u003e  \u003cline b\u003d\"159\" baseline\u003d\"156\" l\u003d\"243\" r\u003d\"438\" style\u003d\"transform: translate(312px, 65px); position: absolute;\" t\u003d\"145\"\u003e \u003cformatting lang\u003d\"EnglishUnitedStates\"\u003e ANYWHERE, ONTARIO \u003c/formatting\u003e  \u003c/line\u003e  \u003cline b\u003d\"174\" baseline\u003d\"174\" l\u003d\"304\" r\u003d\"378\" style\u003d\"transform: translate(455px, 98px); position: absolute;\" t\u003d\"163\"\u003e \u003cformatting lang\u003d\"EnglishUnitedStates\"\u003e XoX 0X0 \u003c/formatting\u003e  \u003c/line\u003e  \u003c/par\u003e  \u003cpar align\u003d\"Center\" linespacing\u003d\"1700\" rightindent\u003d\"7900\"\u003e \u003cline b\u003d\"214\" baseline\u003d\"211\" l\u003d\"233\" r\u003d\"449\" style\u003d\"transform: translate(288px, 161px); position: absolute;\" t\u003d\"198\"\u003e \u003cformatting lang\u003d\"EnglishUnitedStates\"\u003e Telephone (555) 555 5555 \u003c/formatting\u003e  \u003c/line\u003e  \u003cline b\u003d\"230\" baseline\u003d\"228\" l\u003d\"261\" r\u003d\"421\" style\u003d\"transform: translate(354px, 191px); position: absolute;\" t\u003d\"215\"\u003e \u003cformatting lang\u003d\"EnglishUnitedStates\"\u003e Fax: (555) 555-5557 \u003c/formatting\u003e  \u003c/line\u003e  \u003cline b\u003d\"249\" baseline\u003d\"245\" l\u003d\"214\" r\u003d\"468\" style\u003d\"transform: translate(244px, 224px); position: absolute;\" t\u003d\"233\"\u003e \u003cformatting lang\u003d\"EnglishUnitedStates\"\u003e E-mail: \u003cemail appendorder\u003d\"6\" class\u003d\"extraction-tag\" confidence\u003d\"1/1\" data-original-title\u003d\"email\" data-toggle\u003d\"tooltip\" data-value\u003d\"bookings@abcdefgtravel.ca\" fold-name\u003d\"fold1\" score\u003d\"0.746557715844199\" style\u003d\"background-color: rgb(4, 0, 38);  color: rgb(255, 255, 255);   border: 2px solid rgb(125, 157, 1); \" tagorder\u003d\"44\"\u003ebookings@abcdefgtravel.ca\u003c/email\u003e \u003c/formatting\u003e  \u003c/line\u003e  \u003c/par\u003e  \u003cpar align\u003d\"Justified\" leftindent\u003d\"8100\" linespacing\u003d\"1200\"\u003e \u003cline b\u003d\"285\" baseline\u003d\"281\" l\u003d\"111\" r\u003d\"571\" style\u003d\"transform: translate(2px, 289px); position: absolute;\" t\u003d\"269\"\u003e \u003cformatting lang\u003d\"EnglishUnitedStates\"\u003e TICO Registration #: 1234567 GST #: Ri23456789 \u003c/formatting\u003e  \u003c/line\u003e  \u003c/par\u003e  \u003c/text\u003e  \u003c/block\u003e  \u003cblock b\u003d\"408\" blockname\u003d\"\" blocktype\u003d\"Text\" l\u003d\"34\" r\u003d\"145\" style\u003d\"transform: translate(80px, 583px); position: absolute; width: 260.11px; height: 153.472px;\" t\u003d\"323\"\u003e \u003cregion\u003e \u003crect b\u003d\"408\" l\u003d\"34\" r\u003d\"145\" t\u003d\"323\"\u003e\u003c/rect\u003e  \u003c/region\u003e  \u003ctext\u003e \u003cpar linespacing\u003d\"1700\"\u003e \u003cline b\u003d\"335\" baseline\u003d\"335\" l\u003d\"38\" r\u003d\"90\" style\u003d\"transform: translate(9px, 2px); position: absolute;\" t\u003d\"324\"\u003e \u003cformatting lang\u003d\"EnglishUnitedStates\"\u003e DATE: \u003c/formatting\u003e  \u003c/line\u003e  \u003cline b\u003d\"352\" baseline\u003d\"352\" l\u003d\"38\" r\u003d\"132\" style\u003d\"transform: translate(9px, 33px); position: absolute;\" t\u003d\"341\"\u003e \u003cformatting lang\u003d\"EnglishUnitedStates\"\u003e INVOICE #: \u003c/formatting\u003e  \u003c/line\u003e  \u003cline b\u003d\"370\" baseline\u003d\"370\" l\u003d\"38\" r\u003d\"104\" style\u003d\"transform: translate(9px, 65px); position: absolute;\" t\u003d\"359\"\u003e \u003cformatting lang\u003d\"EnglishUnitedStates\"\u003e PAGE #: \u003c/formatting\u003e  \u003c/line\u003e  \u003cline b\u003d\"388\" baseline\u003d\"388\" l\u003d\"38\" r\u003d\"141\" style\u003d\"transform: translate(9px, 98px); position: absolute;\" t\u003d\"377\"\u003e \u003cformatting lang\u003d\"EnglishUnitedStates\"\u003e BOOKING #: \u003c/formatting\u003e  \u003c/line\u003e  \u003cline b\u003d\"406\" baseline\u003d\"406\" l\u003d\"37\" r\u003d\"102\" style\u003d\"transform: translate(7px, 130px); position: absolute;\" t\u003d\"395\"\u003e \u003cformatting lang\u003d\"EnglishUnitedStates\"\u003e AGENT: \u003c/formatting\u003e  \u003c/line\u003e  \u003c/par\u003e  \u003c/text\u003e  \u003c/block\u003e  \u003cblock b\u003d\"412\" blockname\u003d\"\" blocktype\u003d\"Text\" l\u003d\"159\" r\u003d\"276\" style\u003d\"transform: translate(373px, 585px); position: absolute; width: 274.17px; height: 158.889px;\" t\u003d\"324\"\u003e \u003cregion\u003e \u003crect b\u003d\"412\" l\u003d\"159\" r\u003d\"276\" t\u003d\"324\"\u003e\u003c/rect\u003e  \u003c/region\u003e  \u003ctext\u003e \u003cpar linespacing\u003d\"1700\"\u003e \u003cline b\u003d\"339\" baseline\u003d\"336\" l\u003d\"160\" r\u003d\"274\" style\u003d\"transform: translate(2px, 0px); position: absolute;\" t\u003d\"324\"\u003e \u003cformatting lang\u003d\"EnglishUnitedStates\"\u003e \u003cinvoice_date appendorder\u003d\"8\" class\u003d\"extraction-tag\" confidence\u003d\"1/1\" data-original-title\u003d\"Invoice date\" data-toggle\u003d\"tooltip\" data-value\u003d\"January 12, 2011\" fold-name\u003d\"fold4\" score\u003d\"0.7343295235600723\" style\u003d\"background-color: rgb(17, 18, 43);  color: rgb(255, 255, 255);   border: 2px solid rgb(125, 157, 1); \" tagorder\u003d\"4\"\u003eJanuary 12, 2011\u003c/invoice_date\u003e \u003c/formatting\u003e  \u003c/line\u003e  \u003cline b\u003d\"355\" baseline\u003d\"352\" l\u003d\"159\" r\u003d\"193\" style\u003d\"transform: translate(0px, 31px); position: absolute;\" t\u003d\"341\"\u003e \u003cformatting lang\u003d\"EnglishUnitedStates\"\u003e \u003cinvoice_number appendorder\u003d\"10\" class\u003d\"extraction-tag\" confidence\u003d\"1/1\" data-original-title\u003d\"Invoice number\" data-toggle\u003d\"tooltip\" data-value\u003d\"A123\" fold-name\u003d\"fold1\" score\u003d\"0.5215305625771224\" style\u003d\"background-color: rgb(0, 83, 98);  color: rgb(255, 255, 255);   border: 2px solid rgb(125, 157, 1); \" tagorder\u003d\"5\"\u003eA123\u003c/invoice_number\u003e \u003c/formatting\u003e  \u003c/line\u003e  \u003cline b\u003d\"370\" baseline\u003d\"370\" l\u003d\"161\" r\u003d\"195\" style\u003d\"transform: translate(5px, 61px); position: absolute;\" t\u003d\"358\"\u003e \u003cformatting lang\u003d\"EnglishUnitedStates\"\u003e 1 of 2 \u003c/formatting\u003e  \u003c/line\u003e  \u003cline b\u003d\"388\" baseline\u003d\"388\" l\u003d\"159\" r\u003d\"222\" style\u003d\"transform: translate(0px, 96px); position: absolute;\" t\u003d\"377\"\u003e \u003cformatting lang\u003d\"EnglishUnitedStates\"\u003e A11111111 \u003c/formatting\u003e  \u003c/line\u003e  \u003cline b\u003d\"410\" baseline\u003d\"406\" l\u003d\"160\" r\u003d\"236\" style\u003d\"transform: translate(2px, 126px); position: absolute;\" t\u003d\"394\"\u003e \u003cformatting lang\u003d\"EnglishUnitedStates\"\u003e Booka Trip \u003c/formatting\u003e  \u003c/line\u003e  \u003c/par\u003e  \u003c/text\u003e  \u003c/block\u003e  \u003cblock b\u003d\"519\" blockname\u003d\"\" blocktype\u003d\"Text\" l\u003d\"37\" r\u003d\"354\" style\u003d\"transform: translate(87px, 776px); position: absolute; width: 742.837px; height: 160.694px;\" t\u003d\"430\"\u003e \u003cregion\u003e \u003crect b\u003d\"519\" l\u003d\"37\" r\u003d\"354\" t\u003d\"430\"\u003e\u003c/rect\u003e  \u003c/region\u003e  \u003ctext\u003e \u003cpar align\u003d\"Justified\" leftindent\u003d\"800\" linespacing\u003d\"1700\"\u003e \u003cline b\u003d\"443\" baseline\u003d\"442\" l\u003d\"38\" r\u003d\"258\" style\u003d\"transform: translate(2px, 0px); position: absolute;\" t\u003d\"430\"\u003e \u003cformatting lang\u003d\"EnglishUnitedStates\"\u003e CUSTOMER: Isita Travel \u003c/formatting\u003e  \u003c/line\u003e  \u003c/par\u003e  \u003cpar leftindent\u003d\"13000\" linespacing\u003d\"1700\" rightindent\u003d\"22100\"\u003e \u003cline b\u003d\"462\" baseline\u003d\"459\" l\u003d\"160\" r\u003d\"286\" style\u003d\"transform: translate(288px, 33px); position: absolute;\" t\u003d\"448\"\u003e \u003cformatting lang\u003d\"EnglishUnitedStates\"\u003e 456 Home Avenue \u003c/formatting\u003e  \u003c/line\u003e  \u003cline b\u003d\"480\" baseline\u003d\"477\" l\u003d\"160\" r\u003d\"255\" style\u003d\"transform: translate(288px, 63px); position: absolute;\" t\u003d\"465\"\u003e \u003cformatting lang\u003d\"EnglishUnitedStates\"\u003e Here, Ontario \u003c/formatting\u003e  \u003c/line\u003e  \u003cline b\u003d\"495\" baseline\u003d\"495\" l\u003d\"160\" r\u003d\"215\" style\u003d\"transform: translate(288px, 98px); position: absolute;\" t\u003d\"484\"\u003e \u003cformatting lang\u003d\"EnglishUnitedStates\"\u003e XiX 1X1 \u003c/formatting\u003e  \u003c/line\u003e  \u003c/par\u003e  \u003cpar leftindent\u003d\"13000\" linespacing\u003d\"1700\"\u003e \u003cline b\u003d\"517\" baseline\u003d\"513\" l\u003d\"160\" r\u003d\"352\" style\u003d\"transform: translate(288px, 128px); position: absolute;\" t\u003d\"501\"\u003e \u003cformatting lang\u003d\"EnglishUnitedStates\"\u003e Telephone: (555) 555-0005 \u003c/formatting\u003e  \u003c/line\u003e  \u003c/par\u003e  \u003c/text\u003e  \u003c/block\u003e  \u003cblock b\u003d\"551\" blockname\u003d\"\" blocktype\u003d\"Text\" l\u003d\"37\" r\u003d\"243\" style\u003d\"transform: translate(87px, 971px); position: absolute; width: 482.727px; height: 23.4722px;\" t\u003d\"538\"\u003e \u003cregion\u003e \u003crect b\u003d\"551\" l\u003d\"37\" r\u003d\"243\" t\u003d\"538\"\u003e\u003c/rect\u003e  \u003c/region\u003e  \u003ctext\u003e \u003cpar linespacing\u003d\"1100\"\u003e \u003cline b\u003d\"549\" baseline\u003d\"549\" l\u003d\"38\" r\u003d\"241\" style\u003d\"transform: translate(2px, 0px); position: absolute;\" t\u003d\"538\"\u003e \u003cformatting lang\u003d\"EnglishUnitedStates\"\u003e SERVICES PURCHASED: \u003c/formatting\u003e  \u003c/line\u003e  \u003c/par\u003e  \u003c/text\u003e  \u003c/block\u003e  \u003cregion xmlns\u003d\"http://ocr.crowdcomputingsystems.com/xml/schema-v1.xml\"\u003e \u003crect b\u003d\"675\" l\u003d\"30\" r\u003d\"537\" t\u003d\"571\"\u003e\u003c/rect\u003e  \u003c/region\u003e \u003ctable b\u003d\"675\" blockname\u003d\"\" blocktype\u003d\"Table\" l\u003d\"30\" r\u003d\"537\" style\u003d\"transform: translate(70px, 1031px); position: absolute; user-select: auto;\" t\u003d\"571\" xmlns\u003d\"\"\u003e \u003ctbody\u003e\u003ctr\u003e \u003ctd h\u003d\"38\" rightborder\u003d\"White\" w\u003d\"168\"\u003e \u003ctext xmlns\u003d\"http://ocr.crowdcomputingsystems.com/xml/schema-v1.xml\"\u003e \u003cpar leftindent\u003d\"700\" linespacing\u003d\"-1\"\u003e\u003c/par\u003e  \u003c/text\u003e  \u003c/td\u003e   \u003ctd h\u003d\"38\" leftborder\u003d\"White\" rightborder\u003d\"White\" w\u003d\"39\"\u003e \u003ctext xmlns\u003d\"http://ocr.crowdcomputingsystems.com/xml/schema-v1.xml\"\u003e \u003cpar linespacing\u003d\"2400\"\u003e \u003cline b\u003d\"597\" baseline\u003d\"610\" l\u003d\"204\" r\u003d\"230\" t\u003d\"586\"\u003e \u003cformatting lang\u003d\"EnglishUnitedStates\"\u003e \u0026ldquo;\u0026ldquo; \u003c/formatting\u003e  \u003c/line\u003e  \u003c/par\u003e  \u003c/text\u003e  \u003c/td\u003e   \u003ctd h\u003d\"38\" leftborder\u003d\"White\" rightborder\u003d\"White\" w\u003d\"60\"\u003e \u003ctext xmlns\u003d\"http://ocr.crowdcomputingsystems.com/xml/schema-v1.xml\"\u003e \u003cpar leftindent\u003d\"1100\" linespacing\u003d\"800\"\u003e \u003cline b\u003d\"594\" baseline\u003d\"594\" l\u003d\"248\" r\u003d\"285\" t\u003d\"586\"\u003e \u003cformatting lang\u003d\"EnglishUnitedStates\"\u003e PRICE \u003c/formatting\u003e  \u003c/line\u003e  \u003c/par\u003e  \u003c/text\u003e  \u003c/td\u003e   \u003ctd h\u003d\"38\" leftborder\u003d\"White\" rightborder\u003d\"White\" w\u003d\"54\"\u003e \u003ctext xmlns\u003d\"http://ocr.crowdcomputingsystems.com/xml/schema-v1.xml\"\u003e \u003cpar linespacing\u003d\"900\"\u003e \u003cline b\u003d\"595\" baseline\u003d\"595\" l\u003d\"303\" r\u003d\"343\" t\u003d\"586\"\u003e \u003cformatting lang\u003d\"EnglishUnitedStates\"\u003e TAXES \u003c/formatting\u003e  \u003c/line\u003e  \u003c/par\u003e  \u003c/text\u003e  \u003c/td\u003e   \u003ctd h\u003d\"38\" leftborder\u003d\"White\" rightborder\u003d\"White\" w\u003d\"39\"\u003e \u003ctext xmlns\u003d\"http://ocr.crowdcomputingsystems.com/xml/schema-v1.xml\"\u003e \u003cpar linespacing\u003d\"-1\"\u003e\u003c/par\u003e  \u003c/text\u003e  \u003c/td\u003e   \u003ctd h\u003d\"38\" leftborder\u003d\"White\" rightborder\u003d\"White\" w\u003d\"38\"\u003e \u003ctext xmlns\u003d\"http://ocr.crowdcomputingsystems.com/xml/schema-v1.xml\"\u003e \u003cpar leftindent\u003d\"800\" linespacing\u003d\"2400\"\u003e \u003cline b\u003d\"596\" baseline\u003d\"610\" l\u003d\"398\" r\u003d\"420\" t\u003d\"586\"\u003e \u003cformatting lang\u003d\"EnglishUnitedStates\"\u003e \u0026ldquo; \u003c/formatting\u003e  \u003c/line\u003e  \u003c/par\u003e  \u003c/text\u003e  \u003c/td\u003e   \u003ctd h\u003d\"38\" leftborder\u003d\"White\" rightborder\u003d\"White\" w\u003d\"43\"\u003e \u003ctext xmlns\u003d\"http://ocr.crowdcomputingsystems.com/xml/schema-v1.xml\"\u003e \u003cpar leftindent\u003d\"700\" linespacing\u003d\"-1\"\u003e\u003c/par\u003e  \u003c/text\u003e  \u003c/td\u003e   \u003ctd h\u003d\"38\" leftborder\u003d\"White\" w\u003d\"66\"\u003e \u003ctext xmlns\u003d\"http://ocr.crowdcomputingsystems.com/xml/schema-v1.xml\"\u003e \u003cpar leftindent\u003d\"900\" linespacing\u003d\"900\"\u003e \u003cline b\u003d\"595\" baseline\u003d\"595\" l\u003d\"481\" r\u003d\"522\" t\u003d\"586\"\u003e \u003cformatting lang\u003d\"EnglishUnitedStates\"\u003e TOTAL \u003c/formatting\u003e  \u003c/line\u003e  \u003c/par\u003e  \u003c/text\u003e  \u003c/td\u003e   \u003c/tr\u003e \n \u003ctr\u003e \u003ctd h\u003d\"66\" w\u003d\"168\"\u003e \u003ctext xmlns\u003d\"http://ocr.crowdcomputingsystems.com/xml/schema-v1.xml\"\u003e \u003cpar leftindent\u003d\"700\" linespacing\u003d\"1300\" rightindent\u003d\"3000\"\u003e \u003cline b\u003d\"632\" baseline\u003d\"632\" l\u003d\"37\" r\u003d\"168\" t\u003d\"624\"\u003eVACATION PACKAGE TO \u003c/line\u003e  \u003cline b\u003d\"646\" baseline\u003d\"645\" l\u003d\"37\" r\u003d\"148\" t\u003d\"637\"\u003eACAPUI.CO. MEXICO\u003c/line\u003e  \u003c/par\u003e  \u003c/text\u003e  \u003c/td\u003e   \u003ctd h\u003d\"66\" w\u003d\"39\"\u003e \u003ctext xmlns\u003d\"http://ocr.crowdcomputingsystems.com/xml/schema-v1.xml\"\u003e \u003cpar align\u003d\"Center\" leftindent\u003d\"200\" linespacing\u003d\"700\"\u003e \u003cline b\u003d\"632\" baseline\u003d\"633\" l\u003d\"215\" r\u003d\"218\" t\u003d\"626\"\u003e\u003cquantity appendorder\u003d\"5\" class\u003d\"extraction-tag\" confidence\u003d\"1/1\" data-original-title\u003d\"construction_type\" data-toggle\u003d\"tooltip\" data-value\u003d\"1\" fold-name\u003d\"fold1\" injection\u003d\"true\" referencedatausedininjection\u003d\"manual\" score\u003d\"0.5836393272008119\" style\u003d\"background-color: rgb(11, 47, 140);  color: rgb(255, 255, 255);   border: 2px solid rgb(125, 157, 1); \" tagorder\u003d\"1994711\"\u003e1\u003c/quantity\u003e\u003c/line\u003e  \u003c/par\u003e  \u003c/text\u003e  \u003c/td\u003e   \u003ctd h\u003d\"66\" w\u003d\"60\"\u003e \u003ctext xmlns\u003d\"http://ocr.crowdcomputingsystems.com/xml/schema-v1.xml\"\u003e \u003cpar linespacing\u003d\"1000\"\u003e \u003cline b\u003d\"634\" baseline\u003d\"634\" l\u003d\"243\" r\u003d\"290\" t\u003d\"624\"\u003e$\u003cprice class\u003d\"extraction-tag\" data-value\u003d\"1,891.95\" fold-name\u003d\"fold5\" ml-tagorder\u003d\"1994716\" score\u003d\"0.629749215256801\" tagorder\u003d\"1994716\"\u003e1,891.95\u003c/price\u003e\u003c/line\u003e  \u003c/par\u003e  \u003c/text\u003e  \u003c/td\u003e   \u003ctd h\u003d\"66\" w\u003d\"54\"\u003e \u003ctext xmlns\u003d\"http://ocr.crowdcomputingsystems.com/xml/schema-v1.xml\"\u003e \u003cpar linespacing\u003d\"700\"\u003e \u003cline b\u003d\"634\" baseline\u003d\"632\" l\u003d\"304\" r\u003d\"344\" t\u003d\"625\"\u003e \u003cformatting lang\u003d\"EnglishUnitedStates\"\u003e $247.00 \u003c/formatting\u003e  \u003c/line\u003e  \u003c/par\u003e  \u003c/text\u003e  \u003c/td\u003e   \u003ctd h\u003d\"66\" w\u003d\"39\"\u003e \u003ctext xmlns\u003d\"http://ocr.crowdcomputingsystems.com/xml/schema-v1.xml\"\u003e \u003cpar linespacing\u003d\"-1\"\u003e\u003c/par\u003e  \u003c/text\u003e  \u003c/td\u003e   \u003ctd h\u003d\"66\" w\u003d\"38\"\u003e \u003ctext xmlns\u003d\"http://ocr.crowdcomputingsystems.com/xml/schema-v1.xml\"\u003e \u003cpar leftindent\u003d\"800\" linespacing\u003d\"-1\"\u003e\u003c/par\u003e  \u003c/text\u003e  \u003c/td\u003e   \u003ctd h\u003d\"66\" w\u003d\"43\"\u003e \u003ctext xmlns\u003d\"http://ocr.crowdcomputingsystems.com/xml/schema-v1.xml\"\u003e \u003cpar leftindent\u003d\"700\" linespacing\u003d\"900\"\u003e \u003cline b\u003d\"634\" baseline\u003d\"634\" l\u003d\"435\" r\u003d\"462\" t\u003d\"625\"\u003e \u003cformatting lang\u003d\"EnglishUnitedStates\"\u003e $325 \u003c/formatting\u003e  \u003c/line\u003e  \u003c/par\u003e  \u003c/text\u003e  \u003c/td\u003e   \u003ctd h\u003d\"66\" w\u003d\"66\"\u003e \u003ctext xmlns\u003d\"http://ocr.crowdcomputingsystems.com/xml/schema-v1.xml\"\u003e \u003cpar leftindent\u003d\"900\" linespacing\u003d\"700\"\u003e \u003cline b\u003d\"634\" baseline\u003d\"632\" l\u003d\"478\" r\u003d\"527\" t\u003d\"625\"\u003e \u003cformatting lang\u003d\"EnglishUnitedStates\"\u003e $2,142.20 \u003c/formatting\u003e  \u003c/line\u003e  \u003c/par\u003e  \u003c/text\u003e  \u003c/td\u003e   \u003c/tr\u003e \n \u003c/tbody\u003e\u003c/table\u003e\n \u003cblock b\u003d\"675\" blockname\u003d\"\" blocktype\u003d\"SeparatorsBox\" class\u003d\"hidden\" l\u003d\"32\" r\u003d\"534\" style\u003d\"transform: translate(75px, 1031px); position: absolute;\" t\u003d\"571\"\u003e \u003cregion\u003e \u003crect b\u003d\"575\" l\u003d\"32\" r\u003d\"534\" t\u003d\"571\"\u003e\u003c/rect\u003e  \u003crect b\u003d\"611\" l\u003d\"32\" r\u003d\"534\" t\u003d\"575\"\u003e\u003c/rect\u003e  \u003crect b\u003d\"674\" l\u003d\"32\" r\u003d\"534\" t\u003d\"611\"\u003e\u003c/rect\u003e  \u003crect b\u003d\"675\" l\u003d\"32\" r\u003d\"534\" t\u003d\"674\"\u003e\u003c/rect\u003e  \u003c/region\u003e  \u003cseparatorsbox\u003e \u003cseparator thickness\u003d\"4\" type\u003d\"Black\"\u003e \u003cstart x\u003d\"32\" y\u003d\"573\"\u003e\u003c/start\u003e \u003cend x\u003d\"534\" y\u003d\"573\"\u003e\u003c/end\u003e \u003c/separator\u003e \u003cseparator thickness\u003d\"1\" type\u003d\"Black\"\u003e \u003cstart x\u003d\"32\" y\u003d\"674\"\u003e\u003c/start\u003e \u003cend x\u003d\"534\" y\u003d\"674\"\u003e\u003c/end\u003e \u003c/separator\u003e \u003cseparator thickness\u003d\"1\" type\u003d\"Black\"\u003e \u003cstart x\u003d\"32\" y\u003d\"611\"\u003e\u003c/start\u003e \u003cend x\u003d\"32\" y\u003d\"675\"\u003e\u003c/end\u003e \u003c/separator\u003e \u003cseparator thickness\u003d\"1\" type\u003d\"Black\"\u003e \u003cstart x\u003d\"533\" y\u003d\"611\"\u003e\u003c/start\u003e \u003cend x\u003d\"533\" y\u003d\"675\"\u003e\u003c/end\u003e \u003c/separator\u003e \u003cseparator thickness\u003d\"5\" type\u003d\"Black\"\u003e \u003cstart x\u003d\"34\" y\u003d\"571\"\u003e\u003c/start\u003e \u003cend x\u003d\"34\" y\u003d\"611\"\u003e\u003c/end\u003e \u003c/separator\u003e \u003cseparator thickness\u003d\"5\" type\u003d\"Black\"\u003e \u003cstart x\u003d\"531\" y\u003d\"571\"\u003e\u003c/start\u003e \u003cend x\u003d\"531\" y\u003d\"611\"\u003e\u003c/end\u003e \u003c/separator\u003e \u003c/separatorsbox\u003e \u003c/block\u003e  \u003cblock b\u003d\"303\" blockname\u003d\"\" blocktype\u003d\"Separator\" l\u003d\"104\" r\u003d\"579\" style\u003d\"transform: translate(244px, 543px); position: absolute;\" t\u003d\"301\"\u003e \u003cregion\u003e \u003crect b\u003d\"303\" l\u003d\"104\" r\u003d\"579\" t\u003d\"301\"\u003e\u003c/rect\u003e  \u003c/region\u003e  \u003cseparator thickness\u003d\"2\" type\u003d\"Black\"\u003e \u003cstart x\u003d\"104\" y\u003d\"302\"\u003e\u003c/start\u003e \u003cend x\u003d\"579\" y\u003d\"302\"\u003e\u003c/end\u003e \u003c/separator\u003e \u003c/block\u003e  \u003cblock b\u003d\"611\" blockname\u003d\"\" blocktype\u003d\"Separator\" l\u003d\"32\" r\u003d\"534\" style\u003d\"transform: translate(75px, 1096px); position: absolute;\" t\u003d\"607\"\u003e \u003cregion\u003e \u003crect b\u003d\"611\" l\u003d\"32\" r\u003d\"534\" t\u003d\"607\"\u003e\u003c/rect\u003e  \u003c/region\u003e  \u003cseparator thickness\u003d\"4\" type\u003d\"Black\"\u003e \u003cstart x\u003d\"32\" y\u003d\"609\"\u003e\u003c/start\u003e \u003cend x\u003d\"534\" y\u003d\"609\"\u003e\u003c/end\u003e \u003c/separator\u003e \u003c/block\u003e  \u003cblock b\u003d\"675\" blockname\u003d\"\" blocktype\u003d\"Separator\" l\u003d\"198\" r\u003d\"199\" style\u003d\"transform: translate(464px, 1103px); position: absolute;\" t\u003d\"611\"\u003e \u003cregion\u003e \u003crect b\u003d\"675\" l\u003d\"198\" r\u003d\"199\" t\u003d\"611\"\u003e\u003c/rect\u003e  \u003c/region\u003e  \u003cseparator thickness\u003d\"1\" type\u003d\"Black\"\u003e \u003cstart x\u003d\"198\" y\u003d\"611\"\u003e\u003c/start\u003e \u003cend x\u003d\"198\" y\u003d\"675\"\u003e\u003c/end\u003e \u003c/separator\u003e \u003c/block\u003e  \u003cblock b\u003d\"675\" blockname\u003d\"\" blocktype\u003d\"Separator\" l\u003d\"237\" r\u003d\"238\" style\u003d\"transform: translate(555px, 1103px); position: absolute;\" t\u003d\"611\"\u003e \u003cregion\u003e \u003crect b\u003d\"675\" l\u003d\"237\" r\u003d\"238\" t\u003d\"611\"\u003e\u003c/rect\u003e  \u003c/region\u003e  \u003cseparator thickness\u003d\"1\" type\u003d\"Black\"\u003e \u003cstart x\u003d\"237\" y\u003d\"611\"\u003e\u003c/start\u003e \u003cend x\u003d\"237\" y\u003d\"675\"\u003e\u003c/end\u003e \u003c/separator\u003e \u003c/block\u003e  \u003cblock b\u003d\"675\" blockname\u003d\"\" blocktype\u003d\"Separator\" l\u003d\"297\" r\u003d\"298\" style\u003d\"transform: translate(696px, 1103px); position: absolute;\" t\u003d\"611\"\u003e \u003cregion\u003e \u003crect b\u003d\"675\" l\u003d\"297\" r\u003d\"298\" t\u003d\"611\"\u003e\u003c/rect\u003e  \u003c/region\u003e  \u003cseparator thickness\u003d\"1\" type\u003d\"Black\"\u003e \u003cstart x\u003d\"297\" y\u003d\"611\"\u003e\u003c/start\u003e \u003cend x\u003d\"297\" y\u003d\"675\"\u003e\u003c/end\u003e \u003c/separator\u003e \u003c/block\u003e  \u003cblock b\u003d\"675\" blockname\u003d\"\" blocktype\u003d\"Separator\" l\u003d\"351\" r\u003d\"352\" style\u003d\"transform: translate(823px, 1103px); position: absolute;\" t\u003d\"611\"\u003e \u003cregion\u003e \u003crect b\u003d\"675\" l\u003d\"351\" r\u003d\"352\" t\u003d\"611\"\u003e\u003c/rect\u003e  \u003c/region\u003e  \u003cseparator thickness\u003d\"1\" type\u003d\"Black\"\u003e \u003cstart x\u003d\"351\" y\u003d\"611\"\u003e\u003c/start\u003e \u003cend x\u003d\"351\" y\u003d\"675\"\u003e\u003c/end\u003e \u003c/separator\u003e \u003c/block\u003e  \u003cblock b\u003d\"675\" blockname\u003d\"\" blocktype\u003d\"Separator\" l\u003d\"390\" r\u003d\"391\" style\u003d\"transform: translate(914px, 1103px); position: absolute;\" t\u003d\"611\"\u003e \u003cregion\u003e \u003crect b\u003d\"675\" l\u003d\"390\" r\u003d\"391\" t\u003d\"611\"\u003e\u003c/rect\u003e  \u003c/region\u003e  \u003cseparator thickness\u003d\"1\" type\u003d\"Black\"\u003e \u003cstart x\u003d\"390\" y\u003d\"611\"\u003e\u003c/start\u003e \u003cend x\u003d\"390\" y\u003d\"675\"\u003e\u003c/end\u003e \u003c/separator\u003e \u003c/block\u003e  \u003cblock b\u003d\"675\" blockname\u003d\"\" blocktype\u003d\"Separator\" l\u003d\"428\" r\u003d\"429\" style\u003d\"transform: translate(1003px, 1103px); position: absolute;\" t\u003d\"611\"\u003e \u003cregion\u003e \u003crect b\u003d\"675\" l\u003d\"428\" r\u003d\"429\" t\u003d\"611\"\u003e\u003c/rect\u003e  \u003c/region\u003e  \u003cseparator thickness\u003d\"1\" type\u003d\"Black\"\u003e \u003cstart x\u003d\"428\" y\u003d\"611\"\u003e\u003c/start\u003e \u003cend x\u003d\"428\" y\u003d\"675\"\u003e\u003c/end\u003e \u003c/separator\u003e \u003c/block\u003e  \u003cblock b\u003d\"675\" blockname\u003d\"\" blocktype\u003d\"Separator\" l\u003d\"471\" r\u003d\"472\" style\u003d\"transform: translate(1104px, 1103px); position: absolute;\" t\u003d\"611\"\u003e \u003cregion\u003e \u003crect b\u003d\"675\" l\u003d\"471\" r\u003d\"472\" t\u003d\"611\"\u003e\u003c/rect\u003e  \u003c/region\u003e  \u003cseparator thickness\u003d\"1\" type\u003d\"Black\"\u003e \u003cstart x\u003d\"471\" y\u003d\"611\"\u003e\u003c/start\u003e \u003cend x\u003d\"471\" y\u003d\"675\"\u003e\u003c/end\u003e \u003c/separator\u003e \u003c/block\u003e  \u003c/page\u003e         \u003c/document\u003e\u003c/body\u003e\u003c/html\u003e","tags":[{"begin":41,"end":55,"text":"ABCDEFG TRAVEL","tag":"supplier_name","fieldType":"COMPANY_NAME","score":0.7575785852054152,"estimatedAccuracy":0.0},{"begin":189,"end":214,"text":"bookings@abcdefgtravel.ca","tag":"email","fieldType":"EMAIL","score":0.746557715844199,"estimatedAccuracy":0.0},{"begin":378,"end":394,"text":"January 12, 2011","tag":"invoice_date","fieldType":"DATE","score":0.7343295235600723,"estimatedAccuracy":0.0},{"begin":401,"end":405,"text":"A123","tag":"invoice_number","fieldType":"TEXT","score":0.5215305625771224,"estimatedAccuracy":0.0},{"begin":833,"end":834,"text":"1","tag":"quantity","fieldType":"NUMBER","score":0.5836393272008119,"estimatedAccuracy":0.0},{"begin":847,"end":855,"text":"1,891.95","tag":"price","fieldType":"NUMBER","score":0.629749215256801,"estimatedAccuracy":0.0}],"group":"email|invoice_date|invoice_number|price|quantity|supplier_name","limeExplanation":{},"liblinearFeatureImportance":{}}