{"finalScore":0.6425015365568412,"metaInfo":{"model":{"coreVersion":"10.3.0.39"}},"sumScore":3.855009219341047,"tagsCounter":6.0,"taggedText":"\u003chtml\u003e\u003chead\u003e\u003cscript src\u003d\"https://ajax.googleapis.com/ajax/libs/jquery/2.2.0/jquery.min.js\"\u003e\u003c/script\u003e\u003c/head\u003e\u003cbody\u003e\u003cdocument languages\u003d\"\" producer\u003d\"Workfusion\" schemalocation\u003d\"http://ocr.crowdcomputingsystems.com/xml/schema-v1.xml\" version\u003d\"1.0\" xmlns\u003d\"http://ocr.crowdcomputingsystems.com/xml/schema-v1.xml\" xsi\u003d\"http://www.w3.org/2001/XMLSchema-instance\"\u003e \u003clink href\u003d\"https://s3.amazonaws.com/workfusion-resources/ocr/ocr-xml-viewer-0.3-scale-to-width.css\" rel\u003d\"stylesheet\" type\u003d\"text/css\"\u003e\u003c/link\u003e \u003cstyle\u003e\u003c/style\u003e\u003cpage data-pages\u003d\"1\" h\u003d\"2368\" resolution\u003d\"300\" style\u003d\"height: 960px;\" w\u003d\"2544\"\u003e \u003cblock b\u003d\"335\" blockname\u003d\"\" blocktype\u003d\"Text\" l\u003d\"126\" r\u003d\"2075\" style\u003d\"transform: translate(37px, 12px); position: absolute; width: 578.418px; height: 133.467px;\" t\u003d\"27\"\u003e \u003cregion\u003e \u003crect b\u003d\"335\" l\u003d\"126\" r\u003d\"2075\" t\u003d\"27\"\u003e\u003c/rect\u003e  \u003c/region\u003e  \u003ctext\u003e \u003cpar linespacing\u003d\"2860\"\u003e \u003cline b\u003d\"171\" baseline\u003d\"152\" l\u003d\"135\" r\u003d\"965\" style\u003d\"transform: translate(3px, 3px); position: absolute;\" t\u003d\"33\"\u003e \u003cformatting lang\u003d\"EnglishUnitedStates\"\u003e Hi Kendra, \u003c/formatting\u003e  \u003c/line\u003e  \u003c/par\u003e  \u003cpar linespacing\u003d\"1440\"\u003e \u003cline b\u003d\"329\" baseline\u003d\"311\" l\u003d\"132\" r\u003d\"2069\" style\u003d\"transform: translate(2px, 97px); position: absolute;\" t\u003d\"251\"\u003e \u003cformatting lang\u003d\"EnglishUnitedStates\"\u003e We\u0027ve got Fix #1 ready for you... We hope you love it. \u003c/formatting\u003e  \u003c/line\u003e  \u003c/par\u003e  \u003c/text\u003e  \u003c/block\u003e  \u003cregion xmlns\u003d\"http://ocr.crowdcomputingsystems.com/xml/schema-v1.xml\"\u003e \u003crect b\u003d\"1206\" l\u003d\"122\" r\u003d\"2413\" t\u003d\"430\"\u003e\u003c/rect\u003e  \u003c/region\u003e \u003ctable b\u003d\"1206\" blockname\u003d\"\" blocktype\u003d\"Table\" l\u003d\"122\" r\u003d\"2413\" style\u003d\"transform: translate(36px, 186px); position: absolute;\" t\u003d\"430\" xmlns\u003d\"\"\u003e \u003ctbody\u003e\u003ctr\u003e \u003ctd colspan\u003d\"4\" h\u003d\"119\" leftborder\u003d\"White\" rightborder\u003d\"White\" w\u003d\"2291\"\u003e \u003ctext xmlns\u003d\"http://ocr.crowdcomputingsystems.com/xml/schema-v1.xml\"\u003e \u003cpar linespacing\u003d\"960\"\u003e \u003cline b\u003d\"523\" baseline\u003d\"512\" l\u003d\"131\" r\u003d\"1219\" t\u003d\"472\"\u003e \u003cformatting lang\u003d\"EnglishUnitedStates\"\u003e Some stems handpicked for you by Miranda \u003c/formatting\u003e  \u003c/line\u003e  \u003c/par\u003e  \u003c/text\u003e  \u003c/td\u003e   \u003c/tr\u003e \n \u003ctr\u003e \u003ctd h\u003d\"130\" leftborder\u003d\"White\" rightborder\u003d\"White\" w\u003d\"426\"\u003e \u003ctext xmlns\u003d\"http://ocr.crowdcomputingsystems.com/xml/schema-v1.xml\"\u003e \u003cpar linespacing\u003d\"650\"\u003e \u003cline b\u003d\"607\" baseline\u003d\"607\" l\u003d\"130\" r\u003d\"391\" t\u003d\"580\"\u003e \u003cformatting lang\u003d\"EnglishUnitedStates\"\u003e 124-280 Brown \u003c/formatting\u003e  \u003c/line\u003e  \u003c/par\u003e  \u003c/text\u003e  \u003c/td\u003e   \u003ctd h\u003d\"130\" leftborder\u003d\"White\" rightborder\u003d\"White\" w\u003d\"224\"\u003e \u003ctext xmlns\u003d\"http://ocr.crowdcomputingsystems.com/xml/schema-v1.xml\"\u003e \u003cpar align\u003d\"Right\" linespacing\u003d\"650\" rightindent\u003d\"1200\"\u003e \u003cline b\u003d\"606\" baseline\u003d\"606\" l\u003d\"708\" r\u003d\"723\" t\u003d\"579\"\u003e \u003cformatting lang\u003d\"EnglishUnitedStates\"\u003e S \u003c/formatting\u003e  \u003c/line\u003e  \u003c/par\u003e  \u003c/text\u003e  \u003c/td\u003e   \u003ctd h\u003d\"130\" leftborder\u003d\"White\" rightborder\u003d\"White\" w\u003d\"1076\"\u003e \u003ctext xmlns\u003d\"http://ocr.crowdcomputingsystems.com/xml/schema-v1.xml\"\u003e \u003cpar leftindent\u003d\"700\" linespacing\u003d\"620\"\u003e \u003cline b\u003d\"605\" baseline\u003d\"605\" l\u003d\"803\" r\u003d\"956\" t\u003d\"579\"\u003eLA MADE\u003c/line\u003e  \u003c/par\u003e  \u003cpar leftindent\u003d\"700\" linespacing\u003d\"650\"\u003e \u003cline b\u003d\"655\" baseline\u003d\"648\" l\u003d\"803\" r\u003d\"1402\" t\u003d\"621\"\u003eLuci Braid Detail 3/4Sleeve Knit Top\u003c/line\u003e  \u003c/par\u003e  \u003c/text\u003e  \u003c/td\u003e   \u003ctd h\u003d\"130\" leftborder\u003d\"White\" rightborder\u003d\"White\" w\u003d\"565\"\u003e \u003ctext xmlns\u003d\"http://ocr.crowdcomputingsystems.com/xml/schema-v1.xml\"\u003e \u003cpar align\u003d\"Right\" linespacing\u003d\"700\"\u003e \u003cline b\u003d\"604\" baseline\u003d\"601\" l\u003d\"2286\" r\u003d\"2401\" t\u003d\"572\"\u003e$\u003cprice class\u003d\"extraction-tag\" data-value\u003d\"58.00\" fold-name\u003d\"fold1\" ml-tagorder\u003d\"1\" score\u003d\"0.6430318149897521\" tagorder\u003d\"1\"\u003e58.00\u003c/price\u003e\u003c/line\u003e  \u003c/par\u003e  \u003c/text\u003e  \u003c/td\u003e   \u003c/tr\u003e \n \u003ctr\u003e \u003ctd h\u003d\"131\" leftborder\u003d\"White\" rightborder\u003d\"White\" w\u003d\"426\"\u003e \u003ctext xmlns\u003d\"http://ocr.crowdcomputingsystems.com/xml/schema-v1.xml\"\u003e \u003cpar linespacing\u003d\"650\"\u003e \u003cline b\u003d\"738\" baseline\u003d\"738\" l\u003d\"131\" r\u003d\"351\" t\u003d\"711\"\u003e \u003cformatting lang\u003d\"EnglishUnitedStates\"\u003e 140-311 Blue \u003c/formatting\u003e  \u003c/line\u003e  \u003c/par\u003e  \u003c/text\u003e  \u003c/td\u003e   \u003ctd h\u003d\"131\" leftborder\u003d\"White\" rightborder\u003d\"White\" w\u003d\"224\"\u003e \u003ctext xmlns\u003d\"http://ocr.crowdcomputingsystems.com/xml/schema-v1.xml\"\u003e \u003cpar align\u003d\"Right\" linespacing\u003d\"650\" rightindent\u003d\"1200\"\u003e \u003cline b\u003d\"736\" baseline\u003d\"736\" l\u003d\"708\" r\u003d\"723\" t\u003d\"709\"\u003e \u003cformatting lang\u003d\"EnglishUnitedStates\"\u003e S \u003c/formatting\u003e  \u003c/line\u003e  \u003c/par\u003e  \u003c/text\u003e  \u003c/td\u003e   \u003ctd h\u003d\"131\" leftborder\u003d\"White\" rightborder\u003d\"White\" w\u003d\"1076\"\u003e \u003ctext xmlns\u003d\"http://ocr.crowdcomputingsystems.com/xml/schema-v1.xml\"\u003e \u003cpar leftindent\u003d\"700\" linespacing\u003d\"650\"\u003e \u003cline b\u003d\"736\" baseline\u003d\"736\" l\u003d\"803\" r\u003d\"912\" t\u003d\"709\"\u003eKensie\u003c/line\u003e  \u003c/par\u003e  \u003cpar leftindent\u003d\"700\" linespacing\u003d\"620\"\u003e \u003cline b\u003d\"779\" baseline\u003d\"778\" l\u003d\"803\" r\u003d\"1411\" t\u003d\"752\"\u003eDiane Belted Colorblock Tank Dress\u003c/line\u003e  \u003c/par\u003e  \u003c/text\u003e  \u003c/td\u003e   \u003ctd h\u003d\"131\" leftborder\u003d\"White\" rightborder\u003d\"White\" w\u003d\"565\"\u003e \u003ctext xmlns\u003d\"http://ocr.crowdcomputingsystems.com/xml/schema-v1.xml\"\u003e \u003cpar align\u003d\"Right\" linespacing\u003d\"720\"\u003e \u003cline b\u003d\"735\" baseline\u003d\"732\" l\u003d\"2286\" r\u003d\"2401\" t\u003d\"702\"\u003e$\u003cprice class\u003d\"extraction-tag\" data-value\u003d\"58.00\" fold-name\u003d\"fold1\" ml-tagorder\u003d\"2\" score\u003d\"0.6037287075469567\" tagorder\u003d\"2\"\u003e58.00\u003c/price\u003e\u003c/line\u003e  \u003c/par\u003e  \u003c/text\u003e  \u003c/td\u003e   \u003c/tr\u003e \n \u003ctr\u003e \u003ctd h\u003d\"130\" leftborder\u003d\"White\" rightborder\u003d\"White\" w\u003d\"426\"\u003e \u003ctext xmlns\u003d\"http://ocr.crowdcomputingsystems.com/xml/schema-v1.xml\"\u003e \u003cpar linespacing\u003d\"620\"\u003e \u003cline b\u003d\"868\" baseline\u003d\"867\" l\u003d\"131\" r\u003d\"366\" t\u003d\"841\"\u003e \u003cformatting lang\u003d\"EnglishUnitedStates\"\u003e 120-332 Black \u003c/formatting\u003e  \u003c/line\u003e  \u003c/par\u003e  \u003c/text\u003e  \u003c/td\u003e   \u003ctd h\u003d\"130\" leftborder\u003d\"White\" rightborder\u003d\"White\" w\u003d\"224\"\u003e \u003ctext xmlns\u003d\"http://ocr.crowdcomputingsystems.com/xml/schema-v1.xml\"\u003e \u003cpar align\u003d\"Right\" linespacing\u003d\"650\"\u003e \u003cline b\u003d\"867\" baseline\u003d\"867\" l\u003d\"708\" r\u003d\"747\" t\u003d\"840\"\u003e \u003cformatting lang\u003d\"EnglishUnitedStates\"\u003e XS \u003c/formatting\u003e  \u003c/line\u003e  \u003c/par\u003e  \u003c/text\u003e  \u003c/td\u003e   \u003ctd h\u003d\"130\" leftborder\u003d\"White\" rightborder\u003d\"White\" w\u003d\"1076\"\u003e \u003ctext xmlns\u003d\"http://ocr.crowdcomputingsystems.com/xml/schema-v1.xml\"\u003e \u003cpar leftindent\u003d\"700\" linespacing\u003d\"620\"\u003e \u003cline b\u003d\"873\" baseline\u003d\"865\" l\u003d\"802\" r\u003d\"972\" t\u003d\"839\"\u003eSanctuary\u003c/line\u003e  \u003c/par\u003e  \u003cpar leftindent\u003d\"700\" linespacing\u003d\"620\"\u003e \u003cline b\u003d\"916\" baseline\u003d\"909\" l\u003d\"803\" r\u003d\"1218\" t\u003d\"883\"\u003erizzo skinny ponte pants\u003c/line\u003e  \u003c/par\u003e  \u003c/text\u003e  \u003c/td\u003e   \u003ctd h\u003d\"130\" leftborder\u003d\"White\" rightborder\u003d\"White\" w\u003d\"565\"\u003e \u003ctext xmlns\u003d\"http://ocr.crowdcomputingsystems.com/xml/schema-v1.xml\"\u003e \u003cpar align\u003d\"Right\" linespacing\u003d\"720\"\u003e \u003cline b\u003d\"865\" baseline\u003d\"862\" l\u003d\"2283\" r\u003d\"2401\" t\u003d\"832\"\u003e$\u003cprice class\u003d\"extraction-tag\" data-value\u003d\"88.00\" fold-name\u003d\"fold1\" ml-tagorder\u003d\"3\" score\u003d\"0.6182167516048787\" tagorder\u003d\"3\"\u003e88.00\u003c/price\u003e\u003c/line\u003e  \u003c/par\u003e  \u003c/text\u003e  \u003c/td\u003e   \u003c/tr\u003e \n \u003ctr\u003e \u003ctd h\u003d\"130\" leftborder\u003d\"White\" rightborder\u003d\"White\" w\u003d\"426\"\u003e \u003ctext xmlns\u003d\"http://ocr.crowdcomputingsystems.com/xml/schema-v1.xml\"\u003e \u003cpar linespacing\u003d\"650\"\u003e \u003cline b\u003d\"1005\" baseline\u003d\"998\" l\u003d\"131\" r\u003d\"367\" t\u003d\"971\"\u003e \u003cformatting lang\u003d\"EnglishUnitedStates\"\u003e 148-863 Navy \u003c/formatting\u003e  \u003c/line\u003e  \u003c/par\u003e  \u003c/text\u003e  \u003c/td\u003e   \u003ctd h\u003d\"130\" leftborder\u003d\"White\" rightborder\u003d\"White\" w\u003d\"224\"\u003e \u003ctext xmlns\u003d\"http://ocr.crowdcomputingsystems.com/xml/schema-v1.xml\"\u003e \u003cpar align\u003d\"Right\" linespacing\u003d\"620\" rightindent\u003d\"1200\"\u003e \u003cline b\u003d\"997\" baseline\u003d\"997\" l\u003d\"708\" r\u003d\"724\" t\u003d\"971\"\u003e \u003cformatting lang\u003d\"EnglishUnitedStates\"\u003e S \u003c/formatting\u003e  \u003c/line\u003e  \u003c/par\u003e  \u003c/text\u003e  \u003c/td\u003e   \u003ctd h\u003d\"130\" leftborder\u003d\"White\" rightborder\u003d\"White\" w\u003d\"1076\"\u003e \u003ctext xmlns\u003d\"http://ocr.crowdcomputingsystems.com/xml/schema-v1.xml\"\u003e \u003cpar leftindent\u003d\"700\" linespacing\u003d\"620\"\u003e \u003cline b\u003d\"997\" baseline\u003d\"996\" l\u003d\"800\" r\u003d\"903\" t\u003d\"970\"\u003eTHML\u003c/line\u003e  \u003c/par\u003e  \u003cpar leftindent\u003d\"700\" linespacing\u003d\"670\"\u003e \u003cline b\u003d\"1048\" baseline\u003d\"1040\" l\u003d\"804\" r\u003d\"1416\" t\u003d\"1012\"\u003eHydee Embroidered Cinch Waist Top\u003c/line\u003e  \u003c/par\u003e  \u003c/text\u003e  \u003c/td\u003e   \u003ctd h\u003d\"130\" leftborder\u003d\"White\" rightborder\u003d\"White\" w\u003d\"565\"\u003e \u003ctext xmlns\u003d\"http://ocr.crowdcomputingsystems.com/xml/schema-v1.xml\"\u003e \u003cpar align\u003d\"Right\" linespacing\u003d\"720\"\u003e \u003cline b\u003d\"995\" baseline\u003d\"993\" l\u003d\"2282\" r\u003d\"2401\" t\u003d\"963\"\u003e$\u003cprice class\u003d\"extraction-tag\" data-value\u003d\"68.00\" fold-name\u003d\"fold1\" ml-tagorder\u003d\"4\" score\u003d\"0.5855802215249977\" tagorder\u003d\"4\"\u003e68.00\u003c/price\u003e\u003c/line\u003e  \u003c/par\u003e  \u003c/text\u003e  \u003c/td\u003e   \u003c/tr\u003e \n \u003ctr\u003e \u003ctd h\u003d\"136\" leftborder\u003d\"White\" rightborder\u003d\"White\" w\u003d\"426\"\u003e \u003ctext xmlns\u003d\"http://ocr.crowdcomputingsystems.com/xml/schema-v1.xml\"\u003e \u003cpar linespacing\u003d\"670\"\u003e \u003cline b\u003d\"1129\" baseline\u003d\"1129\" l\u003d\"131\" r\u003d\"382\" t\u003d\"1101\"\u003e \u003cformatting lang\u003d\"EnglishUnitedStates\"\u003e 147-891 Green \u003c/formatting\u003e  \u003c/line\u003e  \u003c/par\u003e  \u003c/text\u003e  \u003c/td\u003e   \u003ctd h\u003d\"136\" leftborder\u003d\"White\" rightborder\u003d\"White\" w\u003d\"224\"\u003e \u003ctext xmlns\u003d\"http://ocr.crowdcomputingsystems.com/xml/schema-v1.xml\"\u003e \u003cpar align\u003d\"Right\" linespacing\u003d\"620\" rightindent\u003d\"1200\"\u003e \u003cline b\u003d\"1127\" baseline\u003d\"1127\" l\u003d\"708\" r\u003d\"724\" t\u003d\"1101\"\u003e \u003cformatting lang\u003d\"EnglishUnitedStates\"\u003e S \u003c/formatting\u003e  \u003c/line\u003e  \u003c/par\u003e  \u003c/text\u003e  \u003c/td\u003e   \u003ctd h\u003d\"136\" leftborder\u003d\"White\" rightborder\u003d\"White\" w\u003d\"1076\"\u003e \u003ctext xmlns\u003d\"http://ocr.crowdcomputingsystems.com/xml/schema-v1.xml\"\u003e \u003cpar leftindent\u003d\"700\" linespacing\u003d\"620\"\u003e \u003cline b\u003d\"1127\" baseline\u003d\"1127\" l\u003d\"804\" r\u003d\"956\" t\u003d\"1101\"\u003eLA MADE\u003c/line\u003e  \u003c/par\u003e  \u003cpar leftindent\u003d\"700\" linespacing\u003d\"650\"\u003e \u003cline b\u003d\"1176\" baseline\u003d\"1169\" l\u003d\"801\" r\u003d\"1320\" t\u003d\"1142\"\u003eAlexa Cross-Front Striped Shirt\u003c/line\u003e  \u003c/par\u003e  \u003c/text\u003e  \u003c/td\u003e   \u003ctd h\u003d\"136\" leftborder\u003d\"White\" rightborder\u003d\"White\" w\u003d\"565\"\u003e \u003ctext xmlns\u003d\"http://ocr.crowdcomputingsystems.com/xml/schema-v1.xml\"\u003e \u003cpar align\u003d\"Right\" linespacing\u003d\"700\"\u003e \u003cline b\u003d\"1126\" baseline\u003d\"1122\" l\u003d\"2283\" r\u003d\"2401\" t\u003d\"1093\"\u003e$\u003cprice class\u003d\"extraction-tag\" data-value\u003d\"48.00\" fold-name\u003d\"fold1\" ml-tagorder\u003d\"5\" score\u003d\"0.6025432790528393\" tagorder\u003d\"5\"\u003e48.00\u003c/price\u003e\u003c/line\u003e  \u003c/par\u003e  \u003c/text\u003e  \u003c/td\u003e   \u003c/tr\u003e \n \u003c/tbody\u003e\u003c/table\u003e\n \u003cblock b\u003d\"1452\" blockname\u003d\"\" blocktype\u003d\"Text\" l\u003d\"125\" r\u003d\"1055\" style\u003d\"transform: translate(37px, 563px); position: absolute; width: 276.002px; height: 65.8667px;\" t\u003d\"1300\"\u003e \u003cregion\u003e \u003crect b\u003d\"1452\" l\u003d\"125\" r\u003d\"1055\" t\u003d\"1300\"\u003e\u003c/rect\u003e  \u003c/region\u003e  \u003ctext\u003e \u003cpar align\u003d\"Justified\" linespacing\u003d\"2064\"\u003e \u003cline b\u003d\"1371\" baseline\u003d\"1358\" l\u003d\"132\" r\u003d\"1049\" style\u003d\"transform: translate(2px, 3px); position: absolute;\" t\u003d\"1306\"\u003e \u003cformatting lang\u003d\"EnglishUnitedStates\"\u003e Don\u0027t lose your $20 styling fee \u003c/formatting\u003e  \u003c/line\u003e  \u003cline b\u003d\"1446\" baseline\u003d\"1444\" l\u003d\"131\" r\u003d\"900\" style\u003d\"transform: translate(2px, 43px); position: absolute;\" t\u003d\"1399\"\u003e \u003cformatting lang\u003d\"EnglishUnitedStates\"\u003e it\u0027s credit towards this fix! \u003c/formatting\u003e  \u003c/line\u003e  \u003c/par\u003e  \u003c/text\u003e  \u003c/block\u003e  \u003cblock b\u003d\"1550\" blockname\u003d\"\" blocktype\u003d\"Text\" l\u003d\"1653\" r\u003d\"1986\" style\u003d\"transform: translate(491px, 553px); position: absolute; width: 98.8267px; height: 119.167px;\" t\u003d\"1275\"\u003e \u003cregion\u003e \u003crect b\u003d\"1550\" l\u003d\"1653\" r\u003d\"1986\" t\u003d\"1275\"\u003e\u003c/rect\u003e  \u003c/region\u003e  \u003ctext\u003e \u003cpar align\u003d\"Right\" linespacing\u003d\"1824\"\u003e \u003cline b\u003d\"1308\" baseline\u003d\"1307\" l\u003d\"1659\" r\u003d\"1980\" style\u003d\"transform: translate(2px, 3px); position: absolute;\" t\u003d\"1281\"\u003e \u003cformatting lang\u003d\"EnglishUnitedStates\"\u003e Merchandise Total \u003c/formatting\u003e  \u003c/line\u003e  \u003c/par\u003e  \u003cpar align\u003d\"Right\" linespacing\u003d\"1824\"\u003e \u003cline b\u003d\"1391\" baseline\u003d\"1384\" l\u003d\"1670\" r\u003d\"1979\" style\u003d\"transform: translate(5px, 36px); position: absolute;\" t\u003d\"1358\"\u003e \u003cformatting lang\u003d\"EnglishUnitedStates\"\u003e Prepaid Styling fee \u003c/formatting\u003e  \u003c/line\u003e  \u003cline b\u003d\"1460\" baseline\u003d\"1460\" l\u003d\"1726\" r\u003d\"1979\" style\u003d\"transform: translate(22px, 69px); position: absolute;\" t\u003d\"1434\"\u003e \u003cformatting lang\u003d\"EnglishUnitedStates\"\u003e 25% Discount * \u003c/formatting\u003e  \u003c/line\u003e  \u003c/par\u003e  \u003cpar align\u003d\"Right\" linespacing\u003d\"940\"\u003e \u003cline b\u003d\"1544\" baseline\u003d\"1543\" l\u003d\"1847\" r\u003d\"1978\" style\u003d\"transform: translate(58px, 99px); position: absolute;\" t\u003d\"1504\"\u003e \u003cformatting lang\u003d\"EnglishUnitedStates\"\u003e Total \u003c/formatting\u003e  \u003c/line\u003e  \u003c/par\u003e  \u003c/text\u003e  \u003c/block\u003e  \u003cblock b\u003d\"1554\" blockname\u003d\"\" blocktype\u003d\"Text\" l\u003d\"2201\" r\u003d\"2411\" style\u003d\"transform: translate(653px, 551px); position: absolute; width: 62.3231px; height: 122.633px;\" t\u003d\"1271\"\u003e \u003cregion\u003e \u003crect b\u003d\"1554\" l\u003d\"2201\" r\u003d\"2411\" t\u003d\"1271\"\u003e\u003c/rect\u003e  \u003c/region\u003e  \u003ctext\u003e \u003cpar align\u003d\"Right\" linespacing\u003d\"1824\"\u003e \u003cline b\u003d\"1309\" baseline\u003d\"1306\" l\u003d\"2269\" r\u003d\"2405\" style\u003d\"transform: translate(20px, 3px); position: absolute;\" t\u003d\"1277\"\u003e \u003cformatting lang\u003d\"EnglishUnitedStates\"\u003e $320.00 \u003c/formatting\u003e  \u003c/line\u003e  \u003c/par\u003e  \u003cpar align\u003d\"Right\" linespacing\u003d\"1824\"\u003e \u003cline b\u003d\"1387\" baseline\u003d\"1382\" l\u003d\"2275\" r\u003d\"2404\" style\u003d\"transform: translate(22px, 36px); position: absolute;\" t\u003d\"1353\"\u003e \u003cformatting lang\u003d\"EnglishUnitedStates\"\u003e -$20.00 \u003c/formatting\u003e  \u003c/line\u003e  \u003c/par\u003e  \u003cpar align\u003d\"Right\" linespacing\u003d\"1824\"\u003e \u003cline b\u003d\"1463\" baseline\u003d\"1459\" l\u003d\"2279\" r\u003d\"2404\" style\u003d\"transform: translate(23px, 68px); position: absolute;\" t\u003d\"1429\"\u003e \u003cformatting lang\u003d\"EnglishUnitedStates\"\u003e -$75.00 \u003c/formatting\u003e  \u003c/line\u003e  \u003c/par\u003e  \u003cpar align\u003d\"Right\" linespacing\u003d\"1060\"\u003e \u003cline b\u003d\"1548\" baseline\u003d\"1542\" l\u003d\"2207\" r\u003d\"2405\" style\u003d\"transform: translate(2px, 98px); position: absolute;\" t\u003d\"1498\"\u003e \u003cformatting lang\u003d\"EnglishUnitedStates\"\u003e $\u003ctotal_amount appendorder\u003d\"2\" class\u003d\"extraction-tag\" confidence\u003d\"1/1\" data-original-title\u003d\"Total amount\" data-toggle\u003d\"tooltip\" data-value\u003d\"245.00\" fold-name\u003d\"fold3\" score\u003d\"0.8019084446216227\" style\u003d\"background-color: rgb(27, 182, 226);  color: rgb(0, 0, 0);   border: 2px solid rgb(125, 157, 1); \" tagorder\u003d\"1\"\u003e245.00\u003c/total_amount\u003e \u003c/formatting\u003e  \u003c/line\u003e  \u003c/par\u003e  \u003c/text\u003e  \u003c/block\u003e  \u003cblock b\u003d\"1677\" blockname\u003d\"\" blocktype\u003d\"Text\" l\u003d\"125\" r\u003d\"1115\" style\u003d\"transform: translate(37px, 706px); position: absolute; width: 293.809px; height: 20.3667px;\" t\u003d\"1630\"\u003e \u003cregion\u003e \u003crect b\u003d\"1677\" l\u003d\"125\" r\u003d\"1115\" t\u003d\"1630\"\u003e\u003c/rect\u003e  \u003c/region\u003e  \u003ctext\u003e \u003cpar linespacing\u003d\"650\"\u003e \u003cline b\u003d\"1671\" baseline\u003d\"1664\" l\u003d\"131\" r\u003d\"1109\" style\u003d\"transform: translate(2px, 3px); position: absolute;\" t\u003d\"1637\"\u003e \u003cformatting lang\u003d\"EnglishUnitedStates\"\u003e * You must purchase all five items to receive 25% discount \u003c/formatting\u003e  \u003c/line\u003e  \u003c/par\u003e  \u003c/text\u003e  \u003c/block\u003e  \u003cblock b\u003d\"1667\" blockname\u003d\"\" blocktype\u003d\"Text\" l\u003d\"1681\" r\u003d\"2411\" style\u003d\"transform: translate(499px, 705px); position: absolute; width: 216.647px; height: 17.7667px;\" t\u003d\"1626\"\u003e \u003cregion\u003e \u003crect b\u003d\"1667\" l\u003d\"1681\" r\u003d\"2411\" t\u003d\"1626\"\u003e\u003c/rect\u003e  \u003c/region\u003e  \u003ctext\u003e \u003cpar linespacing\u003d\"620\"\u003e \u003cline b\u003d\"1660\" baseline\u003d\"1659\" l\u003d\"1687\" r\u003d\"2405\" style\u003d\"transform: translate(2px, 3px); position: absolute;\" t\u003d\"1633\"\u003e \u003cformatting lang\u003d\"EnglishUnitedStates\"\u003e Note: Additional Sales Tax for CA residents \u003c/formatting\u003e  \u003c/line\u003e  \u003c/par\u003e  \u003c/text\u003e  \u003c/block\u003e  \u003cblock b\u003d\"2176\" blockname\u003d\"\" blocktype\u003d\"Text\" l\u003d\"126\" r\u003d\"1626\" style\u003d\"transform: translate(37px, 796px); position: absolute; width: 445.165px; height: 146.467px;\" t\u003d\"1838\"\u003e \u003cregion\u003e \u003crect b\u003d\"2176\" l\u003d\"126\" r\u003d\"1626\" t\u003d\"1838\"\u003e\u003c/rect\u003e  \u003c/region\u003e  \u003ctext\u003e \u003cpar linespacing\u003d\"960\"\u003e \u003cline b\u003d\"1896\" baseline\u003d\"1884\" l\u003d\"135\" r\u003d\"1200\" style\u003d\"transform: translate(3px, 3px); position: absolute;\" t\u003d\"1844\"\u003e \u003cformatting lang\u003d\"EnglishUnitedStates\"\u003e Improve Your Next Fix - Check Out Onlinel \u003c/formatting\u003e  \u003c/line\u003e  \u003c/par\u003e  \u003cpar linespacing\u003d\"910\"\u003e \u003cline b\u003d\"1995\" baseline\u003d\"1984\" l\u003d\"132\" r\u003d\"1123\" style\u003d\"transform: translate(2px, 47px); position: absolute;\" t\u003d\"1946\"\u003e \u003cformatting lang\u003d\"EnglishUnitedStates\"\u003e 1 Login at stitchfix.com/shipments/current \u003c/formatting\u003e  \u003c/line\u003e  \u003c/par\u003e  \u003cpar linespacing\u003d\"890\"\u003e \u003cline b\u003d\"2085\" baseline\u003d\"2074\" l\u003d\"132\" r\u003d\"1113\" style\u003d\"transform: translate(2px, 86px); position: absolute;\" t\u003d\"2037\"\u003e \u003cformatting lang\u003d\"EnglishUnitedStates\"\u003e 2 Tell us what you like and what you don\u0027t \u003c/formatting\u003e  \u003c/line\u003e  \u003c/par\u003e  \u003cpar linespacing\u003d\"890\"\u003e \u003cline b\u003d\"2170\" baseline\u003d\"2160\" l\u003d\"132\" r\u003d\"1620\" style\u003d\"transform: translate(2px, 124px); position: absolute;\" t\u003d\"2123\"\u003e \u003cformatting lang\u003d\"EnglishUnitedStates\"\u003e 3 Hit the Submit button, review your payment then Submit again \u003c/formatting\u003e  \u003c/line\u003e  \u003c/par\u003e  \u003c/text\u003e  \u003c/block\u003e  \u003cblock b\u003d\"1914\" blockname\u003d\"\" blocktype\u003d\"Text\" l\u003d\"1888\" r\u003d\"2251\" style\u003d\"transform: translate(560px, 809px); position: absolute; width: 107.73px; height: 19.9333px;\" t\u003d\"1868\"\u003e \u003cregion\u003e \u003crect b\u003d\"1914\" l\u003d\"1888\" r\u003d\"2251\" t\u003d\"1868\"\u003e\u003c/rect\u003e  \u003c/region\u003e  \u003ctext\u003e \u003cpar linespacing\u003d\"620\"\u003e \u003cline b\u003d\"1908\" baseline\u003d\"1900\" l\u003d\"1894\" r\u003d\"2245\" style\u003d\"transform: translate(2px, 3px); position: absolute;\" t\u003d\"1874\"\u003e \u003cformatting lang\u003d\"EnglishUnitedStates\"\u003e Packed \u0026amp; Shipped by: \u003c/formatting\u003e  \u003c/line\u003e  \u003c/par\u003e  \u003c/text\u003e  \u003c/block\u003e  \u003cblock b\u003d\"2215\" blockname\u003d\"\" blocktype\u003d\"Text\" l\u003d\"1871\" r\u003d\"2325\" style\u003d\"transform: translate(555px, 914px); position: absolute; width: 134.737px; height: 45.9333px;\" t\u003d\"2109\"\u003e \u003cregion\u003e \u003crect b\u003d\"2215\" l\u003d\"1871\" r\u003d\"2325\" t\u003d\"2109\"\u003e\u003c/rect\u003e  \u003c/region\u003e  \u003ctext\u003e \u003cpar align\u003d\"Justified\" linespacing\u003d\"1370\"\u003e \u003cline b\u003d\"2185\" baseline\u003d\"2180\" l\u003d\"1877\" r\u003d\"2122\" style\u003d\"transform: translate(2px, 6px); position: absolute;\" t\u003d\"2123\"\u003e \u003cformatting lang\u003d\"EnglishUnitedStates\"\u003e QmM. \u003c/formatting\u003e  \u003c/line\u003e  \u003c/par\u003e  \u003c/text\u003e  \u003c/block\u003e  \u003cblock b\u003d\"443\" blockname\u003d\"\" blocktype\u003d\"Separator\" l\u003d\"128\" r\u003d\"2407\" style\u003d\"transform: translate(38px, 186px); position: absolute;\" t\u003d\"430\"\u003e \u003cregion\u003e \u003crect b\u003d\"432\" l\u003d\"1977\" r\u003d\"2407\" t\u003d\"430\"\u003e\u003c/rect\u003e  \u003crect b\u003d\"433\" l\u003d\"1383\" r\u003d\"2407\" t\u003d\"432\"\u003e\u003c/rect\u003e  \u003crect b\u003d\"435\" l\u003d\"1037\" r\u003d\"2407\" t\u003d\"433\"\u003e\u003c/rect\u003e  \u003crect b\u003d\"437\" l\u003d\"128\" r\u003d\"2407\" t\u003d\"435\"\u003e\u003c/rect\u003e  \u003crect b\u003d\"438\" l\u003d\"128\" r\u003d\"2373\" t\u003d\"437\"\u003e\u003c/rect\u003e  \u003crect b\u003d\"440\" l\u003d\"128\" r\u003d\"1977\" t\u003d\"438\"\u003e\u003c/rect\u003e  \u003crect b\u003d\"441\" l\u003d\"128\" r\u003d\"1383\" t\u003d\"440\"\u003e\u003c/rect\u003e  \u003crect b\u003d\"443\" l\u003d\"128\" r\u003d\"1037\" t\u003d\"441\"\u003e\u003c/rect\u003e  \u003c/region\u003e  \u003cseparator thickness\u003d\"7\" type\u003d\"Black\"\u003e \u003cstart x\u003d\"128\" y\u003d\"436\"\u003e\u003c/start\u003e \u003cend x\u003d\"2407\" y\u003d\"436\"\u003e\u003c/end\u003e \u003c/separator\u003e \u003c/block\u003e  \u003cblock b\u003d\"554\" blockname\u003d\"\" blocktype\u003d\"Separator\" l\u003d\"128\" r\u003d\"2404\" style\u003d\"transform: translate(38px, 236px); position: absolute;\" t\u003d\"544\"\u003e \u003cregion\u003e \u003crect b\u003d\"545\" l\u003d\"1943\" r\u003d\"2404\" t\u003d\"544\"\u003e\u003c/rect\u003e  \u003crect b\u003d\"546\" l\u003d\"1827\" r\u003d\"2404\" t\u003d\"545\"\u003e\u003c/rect\u003e  \u003crect b\u003d\"547\" l\u003d\"901\" r\u003d\"2404\" t\u003d\"546\"\u003e\u003c/rect\u003e  \u003crect b\u003d\"548\" l\u003d\"800\" r\u003d\"2404\" t\u003d\"547\"\u003e\u003c/rect\u003e  \u003crect b\u003d\"549\" l\u003d\"592\" r\u003d\"1943\" t\u003d\"548\"\u003e\u003c/rect\u003e  \u003crect b\u003d\"550\" l\u003d\"538\" r\u003d\"1827\" t\u003d\"549\"\u003e\u003c/rect\u003e  \u003crect b\u003d\"551\" l\u003d\"128\" r\u003d\"1827\" t\u003d\"550\"\u003e\u003c/rect\u003e  \u003crect b\u003d\"552\" l\u003d\"128\" r\u003d\"901\" t\u003d\"551\"\u003e\u003c/rect\u003e  \u003crect b\u003d\"553\" l\u003d\"128\" r\u003d\"901\" t\u003d\"552\"\u003e\u003c/rect\u003e  \u003crect b\u003d\"554\" l\u003d\"128\" r\u003d\"538\" t\u003d\"553\"\u003e\u003c/rect\u003e  \u003c/region\u003e  \u003cseparator thickness\u003d\"4\" type\u003d\"Black\"\u003e \u003cstart x\u003d\"128\" y\u003d\"549\"\u003e\u003c/start\u003e \u003cend x\u003d\"2404\" y\u003d\"549\"\u003e\u003c/end\u003e \u003c/separator\u003e \u003c/block\u003e  \u003cblock b\u003d\"684\" blockname\u003d\"\" blocktype\u003d\"Separator\" l\u003d\"128\" r\u003d\"2404\" style\u003d\"transform: translate(38px, 292px); position: absolute;\" t\u003d\"674\"\u003e \u003cregion\u003e \u003crect b\u003d\"675\" l\u003d\"2316\" r\u003d\"2404\" t\u003d\"674\"\u003e\u003c/rect\u003e  \u003crect b\u003d\"677\" l\u003d\"1582\" r\u003d\"2404\" t\u003d\"675\"\u003e\u003c/rect\u003e  \u003crect b\u003d\"678\" l\u003d\"1381\" r\u003d\"2404\" t\u003d\"677\"\u003e\u003c/rect\u003e  \u003crect b\u003d\"679\" l\u003d\"926\" r\u003d\"2316\" t\u003d\"678\"\u003e\u003c/rect\u003e  \u003crect b\u003d\"680\" l\u003d\"676\" r\u003d\"2011\" t\u003d\"679\"\u003e\u003c/rect\u003e  \u003crect b\u003d\"681\" l\u003d\"128\" r\u003d\"1582\" t\u003d\"680\"\u003e\u003c/rect\u003e  \u003crect b\u003d\"682\" l\u003d\"128\" r\u003d\"1381\" t\u003d\"681\"\u003e\u003c/rect\u003e  \u003crect b\u003d\"683\" l\u003d\"128\" r\u003d\"926\" t\u003d\"682\"\u003e\u003c/rect\u003e  \u003crect b\u003d\"684\" l\u003d\"128\" r\u003d\"676\" t\u003d\"683\"\u003e\u003c/rect\u003e  \u003c/region\u003e  \u003cseparator thickness\u003d\"4\" type\u003d\"Black\"\u003e \u003cstart x\u003d\"128\" y\u003d\"679\"\u003e\u003c/start\u003e \u003cend x\u003d\"2404\" y\u003d\"679\"\u003e\u003c/end\u003e \u003c/separator\u003e \u003c/block\u003e  \u003cblock b\u003d\"815\" blockname\u003d\"\" blocktype\u003d\"Separator\" l\u003d\"128\" r\u003d\"2404\" style\u003d\"transform: translate(38px, 349px); position: absolute;\" t\u003d\"805\"\u003e \u003cregion\u003e \u003crect b\u003d\"806\" l\u003d\"1942\" r\u003d\"2404\" t\u003d\"805\"\u003e\u003c/rect\u003e  \u003crect b\u003d\"807\" l\u003d\"1544\" r\u003d\"2404\" t\u003d\"806\"\u003e\u003c/rect\u003e  \u003crect b\u003d\"809\" l\u003d\"777\" r\u003d\"2404\" t\u003d\"807\"\u003e\u003c/rect\u003e  \u003crect b\u003d\"810\" l\u003d\"392\" r\u003d\"1942\" t\u003d\"809\"\u003e\u003c/rect\u003e  \u003crect b\u003d\"811\" l\u003d\"128\" r\u003d\"1942\" t\u003d\"810\"\u003e\u003c/rect\u003e  \u003crect b\u003d\"812\" l\u003d\"128\" r\u003d\"1544\" t\u003d\"811\"\u003e\u003c/rect\u003e  \u003crect b\u003d\"814\" l\u003d\"128\" r\u003d\"777\" t\u003d\"812\"\u003e\u003c/rect\u003e  \u003crect b\u003d\"815\" l\u003d\"128\" r\u003d\"392\" t\u003d\"814\"\u003e\u003c/rect\u003e  \u003c/region\u003e  \u003cseparator thickness\u003d\"4\" type\u003d\"Black\"\u003e \u003cstart x\u003d\"128\" y\u003d\"810\"\u003e\u003c/start\u003e \u003cend x\u003d\"2404\" y\u003d\"810\"\u003e\u003c/end\u003e \u003c/separator\u003e \u003c/block\u003e  \u003cblock b\u003d\"945\" blockname\u003d\"\" blocktype\u003d\"Separator\" l\u003d\"129\" r\u003d\"2404\" style\u003d\"transform: translate(38px, 405px); position: absolute;\" t\u003d\"935\"\u003e \u003cregion\u003e \u003crect b\u003d\"937\" l\u003d\"1943\" r\u003d\"2404\" t\u003d\"935\"\u003e\u003c/rect\u003e  \u003crect b\u003d\"938\" l\u003d\"1254\" r\u003d\"2404\" t\u003d\"937\"\u003e\u003c/rect\u003e  \u003crect b\u003d\"939\" l\u003d\"957\" r\u003d\"2404\" t\u003d\"938\"\u003e\u003c/rect\u003e  \u003crect b\u003d\"940\" l\u003d\"766\" r\u003d\"2404\" t\u003d\"939\"\u003e\u003c/rect\u003e  \u003crect b\u003d\"941\" l\u003d\"129\" r\u003d\"1943\" t\u003d\"940\"\u003e\u003c/rect\u003e  \u003crect b\u003d\"943\" l\u003d\"129\" r\u003d\"1254\" t\u003d\"941\"\u003e\u003c/rect\u003e  \u003crect b\u003d\"945\" l\u003d\"129\" r\u003d\"766\" t\u003d\"943\"\u003e\u003c/rect\u003e  \u003c/region\u003e  \u003cseparator thickness\u003d\"4\" type\u003d\"Black\"\u003e \u003cstart x\u003d\"129\" y\u003d\"940\"\u003e\u003c/start\u003e \u003cend x\u003d\"2404\" y\u003d\"940\"\u003e\u003c/end\u003e \u003c/separator\u003e \u003c/block\u003e  \u003cblock b\u003d\"1075\" blockname\u003d\"\" blocktype\u003d\"Separator\" l\u003d\"129\" r\u003d\"2404\" style\u003d\"transform: translate(38px, 462px); position: absolute;\" t\u003d\"1065\"\u003e \u003cregion\u003e \u003crect b\u003d\"1066\" l\u003d\"2308\" r\u003d\"2404\" t\u003d\"1065\"\u003e\u003c/rect\u003e  \u003crect b\u003d\"1068\" l\u003d\"1583\" r\u003d\"2404\" t\u003d\"1066\"\u003e\u003c/rect\u003e  \u003crect b\u003d\"1069\" l\u003d\"1227\" r\u003d\"2404\" t\u003d\"1068\"\u003e\u003c/rect\u003e  \u003crect b\u003d\"1070\" l\u003d\"952\" r\u003d\"2404\" t\u003d\"1069\"\u003e\u003c/rect\u003e  \u003crect b\u003d\"1071\" l\u003d\"129\" r\u003d\"2308\" t\u003d\"1070\"\u003e\u003c/rect\u003e  \u003crect b\u003d\"1073\" l\u003d\"129\" r\u003d\"1583\" t\u003d\"1071\"\u003e\u003c/rect\u003e  \u003crect b\u003d\"1075\" l\u003d\"129\" r\u003d\"952\" t\u003d\"1073\"\u003e\u003c/rect\u003e  \u003c/region\u003e  \u003cseparator thickness\u003d\"4\" type\u003d\"Black\"\u003e \u003cstart x\u003d\"129\" y\u003d\"1070\"\u003e\u003c/start\u003e \u003cend x\u003d\"2404\" y\u003d\"1070\"\u003e\u003c/end\u003e \u003c/separator\u003e \u003c/block\u003e  \u003cblock b\u003d\"1206\" blockname\u003d\"\" blocktype\u003d\"Separator\" l\u003d\"129\" r\u003d\"2404\" style\u003d\"transform: translate(38px, 518px); position: absolute;\" t\u003d\"1196\"\u003e \u003cregion\u003e \u003crect b\u003d\"1198\" l\u003d\"1416\" r\u003d\"2404\" t\u003d\"1196\"\u003e\u003c/rect\u003e  \u003crect b\u003d\"1199\" l\u003d\"1225\" r\u003d\"2404\" t\u003d\"1198\"\u003e\u003c/rect\u003e  \u003crect b\u003d\"1200\" l\u003d\"593\" r\u003d\"2404\" t\u003d\"1199\"\u003e\u003c/rect\u003e  \u003crect b\u003d\"1201\" l\u003d\"129\" r\u003d\"2404\" t\u003d\"1200\"\u003e\u003c/rect\u003e  \u003crect b\u003d\"1203\" l\u003d\"129\" r\u003d\"1416\" t\u003d\"1201\"\u003e\u003c/rect\u003e  \u003crect b\u003d\"1204\" l\u003d\"129\" r\u003d\"1225\" t\u003d\"1203\"\u003e\u003c/rect\u003e  \u003crect b\u003d\"1206\" l\u003d\"129\" r\u003d\"593\" t\u003d\"1204\"\u003e\u003c/rect\u003e  \u003c/region\u003e  \u003cseparator thickness\u003d\"4\" type\u003d\"Black\"\u003e \u003cstart x\u003d\"129\" y\u003d\"1201\"\u003e\u003c/start\u003e \u003cend x\u003d\"2404\" y\u003d\"1201\"\u003e\u003c/end\u003e \u003c/separator\u003e \u003c/block\u003e  \u003cblock b\u003d\"1755\" blockname\u003d\"\" blocktype\u003d\"Separator\" l\u003d\"129\" r\u003d\"2408\" style\u003d\"transform: translate(38px, 756px); position: absolute;\" t\u003d\"1744\"\u003e \u003cregion\u003e \u003crect b\u003d\"1745\" l\u003d\"2309\" r\u003d\"2408\" t\u003d\"1744\"\u003e\u003c/rect\u003e  \u003crect b\u003d\"1746\" l\u003d\"2218\" r\u003d\"2408\" t\u003d\"1745\"\u003e\u003c/rect\u003e  \u003crect b\u003d\"1748\" l\u003d\"1436\" r\u003d\"2408\" t\u003d\"1746\"\u003e\u003c/rect\u003e  \u003crect b\u003d\"1749\" l\u003d\"1144\" r\u003d\"2408\" t\u003d\"1748\"\u003e\u003c/rect\u003e  \u003crect b\u003d\"1750\" l\u003d\"689\" r\u003d\"2218\" t\u003d\"1749\"\u003e\u003c/rect\u003e  \u003crect b\u003d\"1751\" l\u003d\"129\" r\u003d\"2218\" t\u003d\"1750\"\u003e\u003c/rect\u003e  \u003crect b\u003d\"1752\" l\u003d\"129\" r\u003d\"1436\" t\u003d\"1751\"\u003e\u003c/rect\u003e  \u003crect b\u003d\"1754\" l\u003d\"129\" r\u003d\"1144\" t\u003d\"1752\"\u003e\u003c/rect\u003e  \u003crect b\u003d\"1755\" l\u003d\"129\" r\u003d\"689\" t\u003d\"1754\"\u003e\u003c/rect\u003e  \u003c/region\u003e  \u003cseparator thickness\u003d\"4\" type\u003d\"Black\"\u003e \u003cstart x\u003d\"129\" y\u003d\"1749\"\u003e\u003c/start\u003e \u003cend x\u003d\"2408\" y\u003d\"1749\"\u003e\u003c/end\u003e \u003c/separator\u003e \u003c/block\u003e  \u003cblock b\u003d\"2180\" blockname\u003d\"\" blocktype\u003d\"Separator\" class\u003d\"hidden\" l\u003d\"1991\" r\u003d\"2289\" style\u003d\"transform: translate(591px, 943px); position: absolute;\" t\u003d\"2176\"\u003e \u003cregion\u003e \u003crect b\u003d\"2180\" l\u003d\"1991\" r\u003d\"2289\" t\u003d\"2176\"\u003e\u003c/rect\u003e  \u003c/region\u003e  \u003cseparator thickness\u003d\"4\" type\u003d\"Dotted\"\u003e \u003cstart x\u003d\"1991\" y\u003d\"2178\"\u003e\u003c/start\u003e \u003cend x\u003d\"2289\" y\u003d\"2178\"\u003e\u003c/end\u003e \u003c/separator\u003e \u003c/block\u003e  \u003cblock b\u003d\"2180\" blockname\u003d\"\" blocktype\u003d\"Separator\" l\u003d\"2318\" r\u003d\"2409\" style\u003d\"transform: translate(688px, 943px); position: absolute;\" t\u003d\"2176\"\u003e \u003cregion\u003e \u003crect b\u003d\"2180\" l\u003d\"2318\" r\u003d\"2409\" t\u003d\"2176\"\u003e\u003c/rect\u003e  \u003c/region\u003e  \u003cseparator thickness\u003d\"3\" type\u003d\"Dotted\"\u003e \u003cstart x\u003d\"2318\" y\u003d\"2178\"\u003e\u003c/start\u003e \u003cend x\u003d\"2409\" y\u003d\"2178\"\u003e\u003c/end\u003e \u003c/separator\u003e \u003c/block\u003e  \u003c/page\u003e                   \u003c/document\u003e\u003c/body\u003e\u003c/html\u003e","tags":[{"begin":277,"end":282,"text":"58.00","tag":"price","fieldType":"NUMBER","score":0.6430318149897521,"estimatedAccuracy":0.0},{"begin":403,"end":408,"text":"58.00","tag":"price","fieldType":"NUMBER","score":0.6037287075469567,"estimatedAccuracy":0.0},{"begin":524,"end":529,"text":"88.00","tag":"price","fieldType":"NUMBER","score":0.6182167516048787,"estimatedAccuracy":0.0},{"begin":647,"end":652,"text":"68.00","tag":"price","fieldType":"NUMBER","score":0.5855802215249977,"estimatedAccuracy":0.0},{"begin":772,"end":777,"text":"48.00","tag":"price","fieldType":"NUMBER","score":0.6025432790528393,"estimatedAccuracy":0.0},{"begin":1044,"end":1050,"text":"245.00","tag":"total_amount","fieldType":"NUMBER","score":0.8019084446216227,"estimatedAccuracy":0.0}],"group":"price|total_amount","limeExplanation":{},"liblinearFeatureImportance":{}}