{"finalScore":0.7469794270966477,"metaInfo":{"model":{"coreVersion":"10.3.0.39"}},"sumScore":9.71073255225642,"tagsCounter":13.0,"taggedText":"\u003chtml\u003e\u003chead\u003e\u003cscript src\u003d\"https://ajax.googleapis.com/ajax/libs/jquery/2.2.0/jquery.min.js\"\u003e\u003c/script\u003e\u003c/head\u003e\u003cbody\u003e\u003cdocument languages\u003d\"\" producer\u003d\"Workfusion\" schemalocation\u003d\"http://ocr.crowdcomputingsystems.com/xml/schema-v1.xml\" version\u003d\"1.0\" xmlns\u003d\"http://ocr.crowdcomputingsystems.com/xml/schema-v1.xml\" xsi\u003d\"http://www.w3.org/2001/XMLSchema-instance\"\u003e \u003clink href\u003d\"https://s3.amazonaws.com/workfusion-resources/ocr/ocr-xml-viewer-0.3-scale-to-width.css\" rel\u003d\"stylesheet\" type\u003d\"text/css\"\u003e\u003c/link\u003e \u003cstyle\u003e\u003c/style\u003e\u003cpage data-pages\u003d\"1\" h\u003d\"1024\" resolution\u003d\"120\" style\u003d\"height: 1066px;\" w\u003d\"987\"\u003e \u003cblock b\u003d\"122\" blockname\u003d\"\" blocktype\u003d\"Text\" l\u003d\"63\" r\u003d\"155\" style\u003d\"transform: translate(48px, 22px); position: absolute; width: 70.4681px; height: 110.5px;\" t\u003d\"20\"\u003e \u003cregion\u003e \u003crect b\u003d\"122\" l\u003d\"63\" r\u003d\"155\" t\u003d\"20\"\u003e\u003c/rect\u003e  \u003c/region\u003e  \u003ctext\u003e \u003cpar linespacing\u003d\"-1\"\u003e\u003c/par\u003e  \u003c/text\u003e  \u003c/block\u003e  \u003cblock b\u003d\"111\" blockname\u003d\"\" blocktype\u003d\"Text\" l\u003d\"171\" r\u003d\"322\" style\u003d\"transform: translate(131px, 31px); position: absolute; width: 115.66px; height: 88.8333px;\" t\u003d\"29\"\u003e \u003cregion\u003e \u003crect b\u003d\"111\" l\u003d\"171\" r\u003d\"322\" t\u003d\"29\"\u003e\u003c/rect\u003e  \u003c/region\u003e  \u003ctext\u003e \u003cpar linespacing\u003d\"780\"\u003e \u003cline b\u003d\"47\" baseline\u003d\"44\" l\u003d\"173\" r\u003d\"319\" style\u003d\"transform: translate(2px, 2px); position: absolute;\" t\u003d\"31\"\u003e \u003cformatting lang\u003d\"EnglishUnitedStates\"\u003e \u003csupplier_name appendorder\u003d\"3\" class\u003d\"extraction-tag\" confidence\u003d\"1/1\" data-original-title\u003d\"Supplier name\" data-toggle\u003d\"tooltip\" data-value\u003d\"Sleies Security\" fold-name\u003d\"fold3\" score\u003d\"0.7915279792611782\" style\u003d\"background-color: rgb(88, 50, 166);  color: rgb(255, 255, 255);   border: 2px solid rgb(125, 157, 1); \" tagorder\u003d\"1\"\u003eSleies Security\u003c/supplier_name\u003e \u003c/formatting\u003e  \u003c/line\u003e  \u003c/par\u003e  \u003cpar linespacing\u003d\"840\"\u003e \u003cline b\u003d\"64\" baseline\u003d\"64\" l\u003d\"172\" r\u003d\"295\" style\u003d\"transform: translate(1px, 28px); position: absolute;\" t\u003d\"55\"\u003e \u003cformatting lang\u003d\"EnglishUnitedStates\"\u003e 980 Ave of the Americas \u003c/formatting\u003e  \u003c/line\u003e  \u003cline b\u003d\"79\" baseline\u003d\"79\" l\u003d\"172\" r\u003d\"217\" style\u003d\"transform: translate(1px, 44px); position: absolute;\" t\u003d\"70\"\u003e \u003cformatting lang\u003d\"EnglishUnitedStates\"\u003e 3rd Floor \u003c/formatting\u003e  \u003c/line\u003e  \u003c/par\u003e  \u003cpar linespacing\u003d\"840\"\u003e \u003cline b\u003d\"94\" baseline\u003d\"93\" l\u003d\"172\" r\u003d\"277\" style\u003d\"transform: translate(1px, 60px); position: absolute;\" t\u003d\"84\"\u003e \u003cformatting lang\u003d\"EnglishUnitedStates\"\u003e New York. NY 10018 \u003c/formatting\u003e  \u003c/line\u003e  \u003cline b\u003d\"108\" baseline\u003d\"108\" l\u003d\"172\" r\u003d\"242\" style\u003d\"transform: translate(1px, 76px); position: absolute;\" t\u003d\"99\"\u003e \u003cformatting lang\u003d\"EnglishUnitedStates\"\u003e 800-654-7966 \u003c/formatting\u003e  \u003c/line\u003e  \u003c/par\u003e  \u003c/text\u003e  \u003c/block\u003e  \u003cblock b\u003d\"88\" blockname\u003d\"\" blocktype\u003d\"Text\" l\u003d\"767\" r\u003d\"929\" style\u003d\"transform: translate(587px, 30px); position: absolute; width: 124.085px; height: 65px;\" t\u003d\"28\"\u003e \u003cregion\u003e \u003crect b\u003d\"88\" l\u003d\"767\" r\u003d\"929\" t\u003d\"28\"\u003e\u003c/rect\u003e  \u003c/region\u003e  \u003ctext\u003e \u003cpar leftindent\u003d\"1000\" linespacing\u003d\"3420\"\u003e \u003cline b\u003d\"86\" baseline\u003d\"86\" l\u003d\"783\" r\u003d\"926\" style\u003d\"transform: translate(12px, 1px); position: absolute;\" t\u003d\"29\"\u003e \u003cformatting lang\u003d\"EnglishUnitedStates\"\u003e ill ilia \u003c/formatting\u003e  \u003c/line\u003e  \u003c/par\u003e  \u003c/text\u003e  \u003c/block\u003e  \u003cblock b\u003d\"116\" blockname\u003d\"\" blocktype\u003d\"Text\" l\u003d\"781\" r\u003d\"925\" style\u003d\"transform: translate(598px, 98px); position: absolute; width: 110.298px; height: 28.1667px;\" t\u003d\"90\"\u003e \u003cregion\u003e \u003crect b\u003d\"116\" l\u003d\"781\" r\u003d\"925\" t\u003d\"90\"\u003e\u003c/rect\u003e  \u003c/region\u003e  \u003ctext\u003e \u003cpar linespacing\u003d\"1080\"\u003e \u003cline b\u003d\"114\" baseline\u003d\"109\" l\u003d\"782\" r\u003d\"923\" style\u003d\"transform: translate(1px, 1px); position: absolute;\" t\u003d\"91\"\u003e \u003cformatting lang\u003d\"EnglishUnitedStates\"\u003e Sales Receipt \u003c/formatting\u003e  \u003c/line\u003e  \u003c/par\u003e  \u003c/text\u003e  \u003c/block\u003e  \u003cblock b\u003d\"177\" blockname\u003d\"\" blocktype\u003d\"Text\" l\u003d\"49\" r\u003d\"86\" style\u003d\"transform: translate(38px, 148px); position: absolute; width: 28.3404px; height: 43.3333px;\" t\u003d\"137\"\u003e \u003cregion\u003e \u003crect b\u003d\"177\" l\u003d\"49\" r\u003d\"86\" t\u003d\"137\"\u003e\u003c/rect\u003e  \u003c/region\u003e  \u003ctext\u003e \u003cpar align\u003d\"Justified\"\u003e \u003cline b\u003d\"176\" baseline\u003d\"176\" l\u003d\"53\" r\u003d\"86\" style\u003d\"transform: translate(3px, 3px); position: absolute;\" t\u003d\"140\"\u003e \u003cformatting lang\u003d\"EnglishUnitedStates\"\u003e g \u003c/formatting\u003e  \u003c/line\u003e  \u003c/par\u003e  \u003c/text\u003e  \u003c/block\u003e  \u003cblock b\u003d\"156\" blockname\u003d\"\" blocktype\u003d\"Text\" l\u003d\"87\" r\u003d\"108\" style\u003d\"transform: translate(67px, 154px); position: absolute; width: 16.0851px; height: 15.1667px;\" t\u003d\"142\"\u003e \u003cregion\u003e \u003crect b\u003d\"156\" l\u003d\"87\" r\u003d\"108\" t\u003d\"142\"\u003e\u003c/rect\u003e  \u003c/region\u003e  \u003ctext\u003e \u003cpar linespacing\u003d\"660\"\u003e \u003cline b\u003d\"154\" baseline\u003d\"154\" l\u003d\"87\" r\u003d\"103\" style\u003d\"transform: translate(0px, 1px); position: absolute;\" t\u003d\"143\"\u003e \u003cformatting lang\u003d\"EnglishUnitedStates\"\u003e To \u003c/formatting\u003e  \u003c/line\u003e  \u003c/par\u003e  \u003c/text\u003e  \u003c/block\u003e  \u003cblock b\u003d\"156\" blockname\u003d\"\" blocktype\u003d\"Text\" l\u003d\"546\" r\u003d\"606\" style\u003d\"transform: translate(418px, 152px); position: absolute; width: 45.9574px; height: 17.3333px;\" t\u003d\"140\"\u003e \u003cregion\u003e \u003crect b\u003d\"156\" l\u003d\"546\" r\u003d\"606\" t\u003d\"140\"\u003e\u003c/rect\u003e  \u003c/region\u003e  \u003ctext\u003e \u003cpar leftindent\u003d\"26500\" linespacing\u003d\"600\"\u003e \u003cline b\u003d\"153\" baseline\u003d\"153\" l\u003d\"549\" r\u003d\"601\" style\u003d\"transform: translate(2px, 3px); position: absolute;\" t\u003d\"143\"\u003e \u003cformatting lang\u003d\"EnglishUnitedStates\"\u003e SHIP TO \u003c/formatting\u003e  \u003c/line\u003e  \u003c/par\u003e  \u003c/text\u003e  \u003c/block\u003e  \u003cblock b\u003d\"206\" blockname\u003d\"\" blocktype\u003d\"Text\" class\u003d\"hidden\" l\u003d\"52\" r\u003d\"162\" style\u003d\"transform: translate(40px, 176px); position: absolute; width: 84.2553px; height: 47.6667px;\" t\u003d\"162\"\u003e \u003cregion\u003e \u003crect b\u003d\"175\" l\u003d\"52\" r\u003d\"162\" t\u003d\"162\"\u003e\u003c/rect\u003e  \u003crect b\u003d\"206\" l\u003d\"105\" r\u003d\"162\" t\u003d\"175\"\u003e\u003c/rect\u003e  \u003c/region\u003e  \u003ctext\u003e \u003cpar leftindent\u003d\"3400\" linespacing\u003d\"1860\" startindent\u003d\"-3400\"\u003e \u003cline b\u003d\"174\" baseline\u003d\"173\" l\u003d\"53\" r\u003d\"157\" style\u003d\"transform: translate(1px, 0px); position: absolute;\" t\u003d\"162\"\u003e \u003cformatting lang\u003d\"EnglishUnitedStates\"\u003e IDonald W. Hinton \u003c/formatting\u003e  \u003c/line\u003e  \u003cline b\u003d\"204\" baseline\u003d\"204\" l\u003d\"109\" r\u003d\"129\" style\u003d\"transform: translate(44px, 34px); position: absolute;\" t\u003d\"193\"\u003e \u003cformatting lang\u003d\"EnglishUnitedStates\"\u003e MO \u003c/formatting\u003e  \u003c/line\u003e  \u003c/par\u003e  \u003c/text\u003e  \u003c/block\u003e  \u003cblock b\u003d\"175\" blockname\u003d\"\" blocktype\u003d\"Text\" l\u003d\"184\" r\u003d\"265\" style\u003d\"transform: translate(141px, 176px); position: absolute; width: 62.0426px; height: 14.0833px;\" t\u003d\"162\"\u003e \u003cregion\u003e \u003crect b\u003d\"175\" l\u003d\"184\" r\u003d\"265\" t\u003d\"162\"\u003e\u003c/rect\u003e  \u003c/region\u003e  \u003ctext\u003e \u003cpar linespacing\u003d\"600\"\u003e \u003cline b\u003d\"173\" baseline\u003d\"173\" l\u003d\"188\" r\u003d\"260\" style\u003d\"transform: translate(3px, 1px); position: absolute;\" t\u003d\"163\"\u003e \u003cformatting lang\u003d\"EnglishUnitedStates\"\u003e 8165059042 \u003c/formatting\u003e  \u003c/line\u003e  \u003c/par\u003e  \u003c/text\u003e  \u003c/block\u003e  \u003cblock b\u003d\"177\" blockname\u003d\"\" blocktype\u003d\"Text\" l\u003d\"546\" r\u003d\"775\" style\u003d\"transform: translate(418px, 176px); position: absolute; width: 175.404px; height: 16.25px;\" t\u003d\"162\"\u003e \u003cregion\u003e \u003crect b\u003d\"177\" l\u003d\"546\" r\u003d\"775\" t\u003d\"162\"\u003e\u003c/rect\u003e  \u003c/region\u003e  \u003ctext\u003e \u003cpar linespacing\u003d\"600\"\u003e \u003cline b\u003d\"173\" baseline\u003d\"172\" l\u003d\"550\" r\u003d\"770\" style\u003d\"transform: translate(3px, 0px); position: absolute;\" t\u003d\"162\"\u003e \u003cformatting lang\u003d\"EnglishUnitedStates\"\u003e Elizabeth McFarland 5092176924 \u003c/formatting\u003e  \u003c/line\u003e  \u003c/par\u003e  \u003c/text\u003e  \u003c/block\u003e  \u003cblock b\u003d\"367\" blockname\u003d\"\" blocktype\u003d\"Text\" l\u003d\"53\" r\u003d\"318\" style\u003d\"transform: translate(41px, 313px); position: absolute; width: 202.979px; height: 84.5px;\" t\u003d\"289\"\u003e \u003cregion\u003e \u003crect b\u003d\"367\" l\u003d\"53\" r\u003d\"318\" t\u003d\"289\"\u003e\u003c/rect\u003e  \u003c/region\u003e  \u003ctext\u003e \u003cpar linespacing\u003d\"900\" rightindent\u003d\"22700\"\u003e \u003cline b\u003d\"301\" baseline\u003d\"301\" l\u003d\"55\" r\u003d\"188\" style\u003d\"transform: translate(2px, 1px); position: absolute;\" t\u003d\"290\"\u003e \u003cformatting lang\u003d\"EnglishUnitedStates\"\u003e Order Date: \u003cinvoice_date appendorder\u003d\"13\" class\u003d\"extraction-tag\" confidence\u003d\"1/1\" data-original-title\u003d\"Invoice date\" data-toggle\u003d\"tooltip\" data-value\u003d\"7/18/2008\" fold-name\u003d\"fold1\" score\u003d\"0.7209911195763812\" style\u003d\"background-color: rgb(17, 18, 43);  color: rgb(255, 255, 255);   border: 2px solid rgb(125, 157, 1); \" tagorder\u003d\"8\"\u003e7/18/2008\u003c/invoice_date\u003e \u003c/formatting\u003e  \u003c/line\u003e  \u003cline b\u003d\"317\" baseline\u003d\"316\" l\u003d\"55\" r\u003d\"98\" style\u003d\"transform: translate(2px, 18px); position: absolute;\" t\u003d\"306\"\u003e \u003cformatting lang\u003d\"EnglishUnitedStates\"\u003e Web #: \u003c/formatting\u003e  \u003c/line\u003e  \u003c/par\u003e  \u003cpar linespacing\u003d\"900\"\u003e \u003cline b\u003d\"333\" baseline\u003d\"332\" l\u003d\"55\" r\u003d\"141\" style\u003d\"transform: translate(2px, 36px); position: absolute;\" t\u003d\"322\"\u003e \u003cformatting lang\u003d\"EnglishUnitedStates\"\u003e Order#: 49346 \u003c/formatting\u003e  \u003c/line\u003e  \u003c/par\u003e  \u003cpar linespacing\u003d\"900\" rightindent\u003d\"22700\"\u003e \u003cline b\u003d\"351\" baseline\u003d\"348\" l\u003d\"55\" r\u003d\"315\" style\u003d\"transform: translate(2px, 53px); position: absolute;\" t\u003d\"338\"\u003e \u003cformatting lang\u003d\"EnglishUnitedStates\"\u003e Ship via: $29.50 - 2nd Day Air - USA ONLY \u003c/formatting\u003e  \u003c/line\u003e  \u003cline b\u003d\"364\" baseline\u003d\"364\" l\u003d\"55\" r\u003d\"177\" style\u003d\"transform: translate(2px, 69px); position: absolute;\" t\u003d\"353\"\u003e \u003cformatting lang\u003d\"EnglishUnitedStates\"\u003e Customer ID: 34835 \u003c/formatting\u003e  \u003c/line\u003e  \u003c/par\u003e  \u003c/text\u003e  \u003c/block\u003e  \u003cregion xmlns\u003d\"http://ocr.crowdcomputingsystems.com/xml/schema-v1.xml\"\u003e \u003crect b\u003d\"606\" l\u003d\"53\" r\u003d\"927\" t\u003d\"379\"\u003e\u003c/rect\u003e  \u003c/region\u003e \u003ctable b\u003d\"606\" blockname\u003d\"\" blocktype\u003d\"Table\" l\u003d\"53\" r\u003d\"927\" style\u003d\"transform: translate(41px, 411px); position: absolute; user-select: auto;\" t\u003d\"379\" xmlns\u003d\"\"\u003e \u003ctbody\u003e\u003ctr\u003e \u003ctd h\u003d\"21\" rightborder\u003d\"White\" w\u003d\"131\"\u003e \u003ctext xmlns\u003d\"http://ocr.crowdcomputingsystems.com/xml/schema-v1.xml\"\u003e \u003cpar align\u003d\"Center\" leftindent\u003d\"500\" linespacing\u003d\"660\"\u003e \u003cline b\u003d\"397\" baseline\u003d\"394\" l\u003d\"78\" r\u003d\"150\" t\u003d\"383\"\u003e \u003cformatting lang\u003d\"EnglishUnitedStates\"\u003e Shipped via: \u003c/formatting\u003e  \u003c/line\u003e  \u003c/par\u003e  \u003c/text\u003e  \u003c/td\u003e   \u003ctd colspan\u003d\"2\" h\u003d\"21\" leftborder\u003d\"White\" rightborder\u003d\"White\" w\u003d\"435\"\u003e \u003ctext xmlns\u003d\"http://ocr.crowdcomputingsystems.com/xml/schema-v1.xml\"\u003e \u003cpar align\u003d\"Justified\" linespacing\u003d\"660\"\u003e \u003cline b\u003d\"397\" baseline\u003d\"394\" l\u003d\"188\" r\u003d\"525\" t\u003d\"383\"\u003e \u003cformatting lang\u003d\"EnglishUnitedStates\"\u003e $29.50 - 2nd Day Air - USA ONLY Payment Methodi \u003c/formatting\u003e  \u003c/line\u003e  \u003c/par\u003e  \u003c/text\u003e  \u003c/td\u003e   \u003ctd h\u003d\"21\" leftborder\u003d\"White\" rightborder\u003d\"White\" w\u003d\"76\"\u003e \u003ctext xmlns\u003d\"http://ocr.crowdcomputingsystems.com/xml/schema-v1.xml\"\u003e \u003cpar linespacing\u003d\"600\"\u003e \u003cline b\u003d\"393\" baseline\u003d\"393\" l\u003d\"619\" r\u003d\"682\" t\u003d\"383\"\u003e \u003cformatting lang\u003d\"EnglishUnitedStates\"\u003e Mastercard \u003c/formatting\u003e  \u003c/line\u003e  \u003c/par\u003e  \u003c/text\u003e  \u003c/td\u003e   \u003ctd h\u003d\"21\" leftborder\u003d\"White\" rightborder\u003d\"White\" w\u003d\"78\"\u003e \u003ctext xmlns\u003d\"http://ocr.crowdcomputingsystems.com/xml/schema-v1.xml\"\u003e \u003cpar linespacing\u003d\"-1\"\u003e\u003c/par\u003e  \u003c/text\u003e  \u003c/td\u003e   \u003ctd colspan\u003d\"2\" h\u003d\"21\" leftborder\u003d\"White\" rightborder\u003d\"White\" topborder\u003d\"White\" w\u003d\"154\"\u003e \u003ctext xmlns\u003d\"http://ocr.crowdcomputingsystems.com/xml/schema-v1.xml\"\u003e \u003cpar align\u003d\"Justified\" linespacing\u003d\"780\"\u003e \u003cline b\u003d\"396\" baseline\u003d\"393\" l\u003d\"777\" r\u003d\"914\" t\u003d\"380\"\u003e \u003cformatting lang\u003d\"EnglishUnitedStates\"\u003e Last 4 digits: *56 \u003c/formatting\u003e  \u003c/line\u003e  \u003c/par\u003e  \u003c/text\u003e  \u003c/td\u003e   \u003c/tr\u003e \n \u003ctr\u003e \u003ctd colspan\u003d\"2\" h\u003d\"34\" w\u003d\"167\"\u003e \u003ctext xmlns\u003d\"http://ocr.crowdcomputingsystems.com/xml/schema-v1.xml\"\u003e \u003cpar align\u003d\"Center\" linespacing\u003d\"660\"\u003e \u003cline b\u003d\"430\" baseline\u003d\"430\" l\u003d\"123\" r\u003d\"150\" t\u003d\"419\"\u003e \u003cformatting lang\u003d\"EnglishUnitedStates\"\u003e SKU \u003c/formatting\u003e  \u003c/line\u003e  \u003c/par\u003e  \u003c/text\u003e  \u003c/td\u003e   \u003ctd h\u003d\"34\" w\u003d\"399\"\u003e \u003ctext xmlns\u003d\"http://ocr.crowdcomputingsystems.com/xml/schema-v1.xml\"\u003e \u003cpar align\u003d\"Center\" leftindent\u003d\"200\" linespacing\u003d\"600\"\u003e \u003cline b\u003d\"429\" baseline\u003d\"429\" l\u003d\"373\" r\u003d\"462\" t\u003d\"419\"\u003e \u003cformatting lang\u003d\"EnglishUnitedStates\"\u003e DESCRIPTION \u003c/formatting\u003e  \u003c/line\u003e  \u003c/par\u003e  \u003c/text\u003e  \u003c/td\u003e   \u003ctd h\u003d\"34\" w\u003d\"76\"\u003e \u003ctext xmlns\u003d\"http://ocr.crowdcomputingsystems.com/xml/schema-v1.xml\"\u003e \u003cpar linespacing\u003d\"660\"\u003e \u003cline b\u003d\"429\" baseline\u003d\"429\" l\u003d\"622\" r\u003d\"687\" t\u003d\"418\"\u003e \u003cformatting lang\u003d\"EnglishUnitedStates\"\u003e ORDERED \u003c/formatting\u003e  \u003c/line\u003e  \u003c/par\u003e  \u003c/text\u003e  \u003c/td\u003e   \u003ctd h\u003d\"34\" w\u003d\"78\"\u003e \u003ctext xmlns\u003d\"http://ocr.crowdcomputingsystems.com/xml/schema-v1.xml\"\u003e \u003cpar linespacing\u003d\"660\"\u003e \u003cline b\u003d\"429\" baseline\u003d\"429\" l\u003d\"704\" r\u003d\"762\" t\u003d\"418\"\u003e \u003cformatting lang\u003d\"EnglishUnitedStates\"\u003e SHIPPED \u003c/formatting\u003e  \u003c/line\u003e  \u003c/par\u003e  \u003c/text\u003e  \u003c/td\u003e   \u003ctd h\u003d\"34\" w\u003d\"73\"\u003e \u003ctext xmlns\u003d\"http://ocr.crowdcomputingsystems.com/xml/schema-v1.xml\"\u003e \u003cpar leftindent\u003d\"1100\" linespacing\u003d\"660\"\u003e \u003cline b\u003d\"413\" baseline\u003d\"413\" l\u003d\"794\" r\u003d\"824\" t\u003d\"402\"\u003e \u003cformatting lang\u003d\"EnglishUnitedStates\"\u003e UNIT \u003c/formatting\u003e  \u003c/line\u003e  \u003c/par\u003e  \u003cpar leftindent\u003d\"1100\" linespacing\u003d\"660\"\u003e \u003cline b\u003d\"429\" baseline\u003d\"429\" l\u003d\"789\" r\u003d\"828\" t\u003d\"418\"\u003e \u003cformatting lang\u003d\"EnglishUnitedStates\"\u003e PRICE \u003c/formatting\u003e  \u003c/line\u003e  \u003c/par\u003e  \u003c/text\u003e  \u003c/td\u003e   \u003ctd h\u003d\"34\" w\u003d\"81\"\u003e \u003ctext xmlns\u003d\"http://ocr.crowdcomputingsystems.com/xml/schema-v1.xml\"\u003e \u003cpar leftindent\u003d\"1300\" linespacing\u003d\"660\"\u003e \u003cline b\u003d\"429\" baseline\u003d\"429\" l\u003d\"863\" r\u003d\"906\" t\u003d\"418\"\u003e \u003cformatting lang\u003d\"EnglishUnitedStates\"\u003e TOTAL \u003c/formatting\u003e  \u003c/line\u003e  \u003c/par\u003e  \u003c/text\u003e  \u003c/td\u003e   \u003c/tr\u003e \n \u003ctr\u003e \u003ctd bottomborder\u003d\"White\" h\u003d\"21\" rightborder\u003d\"White\" w\u003d\"131\"\u003e \u003ctext xmlns\u003d\"http://ocr.crowdcomputingsystems.com/xml/schema-v1.xml\"\u003e \u003cpar linespacing\u003d\"660\"\u003e \u003cline b\u003d\"448\" baseline\u003d\"448\" l\u003d\"60\" r\u003d\"116\" t\u003d\"437\"\u003e \u003cformatting lang\u003d\"EnglishUnitedStates\"\u003e dw-ds500 \u003c/formatting\u003e  \u003c/line\u003e  \u003c/par\u003e  \u003c/text\u003e  \u003c/td\u003e   \u003ctd bottomborder\u003d\"White\" h\u003d\"21\" leftborder\u003d\"White\" rightborder\u003d\"White\" w\u003d\"36\"\u003e \u003ctext xmlns\u003d\"http://ocr.crowdcomputingsystems.com/xml/schema-v1.xml\"\u003e \u003cpar linespacing\u003d\"-1\"\u003e\u003c/par\u003e  \u003c/text\u003e  \u003c/td\u003e   \u003ctd bottomborder\u003d\"White\" h\u003d\"21\" leftborder\u003d\"White\" rightborder\u003d\"White\" w\u003d\"399\"\u003e \u003ctext xmlns\u003d\"http://ocr.crowdcomputingsystems.com/xml/schema-v1.xml\"\u003e \u003cpar linespacing\u003d\"600\"\u003e \u003cline b\u003d\"448\" baseline\u003d\"447\" l\u003d\"221\" r\u003d\"377\" t\u003d\"437\"\u003e\u003cproduct appendorder\u003d\"5\" class\u003d\"extraction-tag\" confidence\u003d\"1/1\" data-original-title\u003d\"construction_type\" data-toggle\u003d\"tooltip\" data-value\u003d\"Mobile Alarm GPS Locator\" fold-name\u003d\"fold2\" injection\u003d\"true\" referencedatausedininjection\u003d\"manual\" score\u003d\"0.7970872389603236\" style\u003d\"background-color: rgb(78, 135, 105);  color: rgb(0, 0, 0);   border: 2px solid rgb(125, 157, 1); \" tagorder\u003d\"2086255\"\u003eMobile Alarm GPS Locator\u003c/product\u003e\u003c/line\u003e  \u003c/par\u003e  \u003c/text\u003e  \u003c/td\u003e   \u003ctd bottomborder\u003d\"White\" h\u003d\"21\" leftborder\u003d\"White\" rightborder\u003d\"White\" w\u003d\"76\"\u003e \u003ctext xmlns\u003d\"http://ocr.crowdcomputingsystems.com/xml/schema-v1.xml\"\u003e \u003cpar align\u003d\"Center\" leftindent\u003d\"400\" linespacing\u003d\"600\"\u003e \u003cline b\u003d\"447\" baseline\u003d\"447\" l\u003d\"653\" r\u003d\"656\" t\u003d\"437\"\u003e\u003cquantity appendorder\u003d\"5\" class\u003d\"extraction-tag\" confidence\u003d\"1/1\" data-original-title\u003d\"construction_type\" data-toggle\u003d\"tooltip\" data-value\u003d\"1\" fold-name\u003d\"fold5\" injection\u003d\"true\" referencedatausedininjection\u003d\"manual\" score\u003d\"0.7916307065001196\" style\u003d\"background-color: rgb(11, 47, 140);  color: rgb(255, 255, 255);   border: 2px solid rgb(125, 157, 1); \" tagorder\u003d\"617515\"\u003e1\u003c/quantity\u003e\u003c/line\u003e  \u003c/par\u003e  \u003c/text\u003e  \u003c/td\u003e   \u003ctd bottomborder\u003d\"White\" h\u003d\"21\" leftborder\u003d\"White\" rightborder\u003d\"White\" w\u003d\"78\"\u003e \u003ctext xmlns\u003d\"http://ocr.crowdcomputingsystems.com/xml/schema-v1.xml\"\u003e \u003cpar align\u003d\"Center\" leftindent\u003d\"200\" linespacing\u003d\"660\"\u003e \u003cline b\u003d\"447\" baseline\u003d\"447\" l\u003d\"730\" r\u003d\"735\" t\u003d\"436\"\u003e \u003cformatting lang\u003d\"EnglishUnitedStates\"\u003e \u003cquantity class\u003d\"extraction-tag\" data-value\u003d\"1\" fold-name\u003d\"fold5\" ml-tagorder\u003d\"7976962\" score\u003d\"0.3898093107609904\" tagorder\u003d\"7976962\"\u003e1\u003c/quantity\u003e \u003c/formatting\u003e  \u003c/line\u003e  \u003c/par\u003e  \u003c/text\u003e  \u003c/td\u003e   \u003ctd bottomborder\u003d\"White\" h\u003d\"21\" leftborder\u003d\"White\" rightborder\u003d\"White\" w\u003d\"73\"\u003e \u003ctext xmlns\u003d\"http://ocr.crowdcomputingsystems.com/xml/schema-v1.xml\"\u003e \u003cpar align\u003d\"Right\" linespacing\u003d\"660\"\u003e \u003cline b\u003d\"448\" baseline\u003d\"447\" l\u003d\"790\" r\u003d\"837\" t\u003d\"436\"\u003e$\u003cprice class\u003d\"extraction-tag\" data-value\u003d\"499.95\" fold-name\u003d\"fold5\" ml-tagorder\u003d\"7976963\" score\u003d\"0.8082745130147535\" tagorder\u003d\"7976963\"\u003e499.95\u003c/price\u003e\u003c/line\u003e  \u003c/par\u003e  \u003c/text\u003e  \u003c/td\u003e   \u003ctd bottomborder\u003d\"White\" h\u003d\"21\" leftborder\u003d\"White\" w\u003d\"81\"\u003e \u003ctext xmlns\u003d\"http://ocr.crowdcomputingsystems.com/xml/schema-v1.xml\"\u003e \u003cpar leftindent\u003d\"1300\" linespacing\u003d\"660\"\u003e \u003cline b\u003d\"448\" baseline\u003d\"447\" l\u003d\"868\" r\u003d\"915\" t\u003d\"436\"\u003e \u003cformatting lang\u003d\"EnglishUnitedStates\"\u003e $499.95 \u003c/formatting\u003e  \u003c/line\u003e  \u003c/par\u003e  \u003c/text\u003e  \u003c/td\u003e   \u003c/tr\u003e \n \u003ctr\u003e \u003ctd bottomborder\u003d\"White\" h\u003d\"26\" rightborder\u003d\"White\" topborder\u003d\"White\" w\u003d\"131\"\u003e \u003ctext xmlns\u003d\"http://ocr.crowdcomputingsystems.com/xml/schema-v1.xml\"\u003e \u003cpar linespacing\u003d\"600\"\u003e \u003cline b\u003d\"475\" baseline\u003d\"472\" l\u003d\"60\" r\u003d\"179\" t\u003d\"462\"\u003e \u003cformatting lang\u003d\"EnglishUnitedStates\"\u003e gpspro-SUB-UP-750 \u003c/formatting\u003e  \u003c/line\u003e  \u003c/par\u003e  \u003c/text\u003e  \u003c/td\u003e   \u003ctd bottomborder\u003d\"White\" h\u003d\"26\" leftborder\u003d\"White\" rightborder\u003d\"White\" topborder\u003d\"White\" w\u003d\"36\"\u003e \u003ctext xmlns\u003d\"http://ocr.crowdcomputingsystems.com/xml/schema-v1.xml\"\u003e \u003cpar linespacing\u003d\"-1\"\u003e\u003c/par\u003e  \u003c/text\u003e  \u003c/td\u003e   \u003ctd bottomborder\u003d\"White\" h\u003d\"26\" leftborder\u003d\"White\" rightborder\u003d\"White\" topborder\u003d\"White\" w\u003d\"399\"\u003e \u003ctext xmlns\u003d\"http://ocr.crowdcomputingsystems.com/xml/schema-v1.xml\"\u003e \u003cpar linespacing\u003d\"660\"\u003e \u003cline b\u003d\"475\" baseline\u003d\"472\" l\u003d\"221\" r\u003d\"446\" t\u003d\"461\"\u003e\u003cproduct appendorder\u003d\"5\" class\u003d\"extraction-tag\" confidence\u003d\"1/1\" data-original-title\u003d\"construction_type\" data-toggle\u003d\"tooltip\" data-value\u003d\"750 locates per month subscription UP\" fold-name\u003d\"fold2\" injection\u003d\"true\" referencedatausedininjection\u003d\"manual\" score\u003d\"0.6772046040193554\" style\u003d\"background-color: rgb(78, 135, 105);  color: rgb(0, 0, 0);   border: 2px solid rgb(125, 157, 1); \" tagorder\u003d\"7976958\"\u003e750 locates per month subscription UP\u003c/product\u003e\u003c/line\u003e  \u003c/par\u003e  \u003c/text\u003e  \u003c/td\u003e   \u003ctd bottomborder\u003d\"White\" h\u003d\"26\" leftborder\u003d\"White\" rightborder\u003d\"White\" topborder\u003d\"White\" w\u003d\"76\"\u003e \u003ctext xmlns\u003d\"http://ocr.crowdcomputingsystems.com/xml/schema-v1.xml\"\u003e \u003cpar align\u003d\"Center\" leftindent\u003d\"400\" linespacing\u003d\"660\"\u003e \u003cline b\u003d\"471\" baseline\u003d\"472\" l\u003d\"652\" r\u003d\"656\" t\u003d\"461\"\u003e\u003cquantity appendorder\u003d\"5\" class\u003d\"extraction-tag\" confidence\u003d\"1/1\" data-original-title\u003d\"construction_type\" data-toggle\u003d\"tooltip\" data-value\u003d\"1\" fold-name\u003d\"fold5\" injection\u003d\"true\" referencedatausedininjection\u003d\"manual\" score\u003d\"0.8093733358343876\" style\u003d\"background-color: rgb(11, 47, 140);  color: rgb(255, 255, 255);   border: 2px solid rgb(125, 157, 1); \" tagorder\u003d\"6268411\"\u003e1\u003c/quantity\u003e\u003c/line\u003e  \u003c/par\u003e  \u003c/text\u003e  \u003c/td\u003e   \u003ctd bottomborder\u003d\"White\" h\u003d\"26\" leftborder\u003d\"White\" rightborder\u003d\"White\" topborder\u003d\"White\" w\u003d\"78\"\u003e \u003ctext xmlns\u003d\"http://ocr.crowdcomputingsystems.com/xml/schema-v1.xml\"\u003e \u003cpar align\u003d\"Center\" leftindent\u003d\"200\" linespacing\u003d\"660\"\u003e \u003cline b\u003d\"471\" baseline\u003d\"472\" l\u003d\"730\" r\u003d\"735\" t\u003d\"461\"\u003e \u003cformatting lang\u003d\"EnglishUnitedStates\"\u003e 1 \u003c/formatting\u003e  \u003c/line\u003e  \u003c/par\u003e  \u003c/text\u003e  \u003c/td\u003e   \u003ctd bottomborder\u003d\"White\" h\u003d\"26\" leftborder\u003d\"White\" rightborder\u003d\"White\" topborder\u003d\"White\" w\u003d\"73\"\u003e \u003ctext xmlns\u003d\"http://ocr.crowdcomputingsystems.com/xml/schema-v1.xml\"\u003e \u003cpar align\u003d\"Right\" linespacing\u003d\"660\"\u003e \u003cline b\u003d\"473\" baseline\u003d\"472\" l\u003d\"797\" r\u003d\"836\" t\u003d\"461\"\u003e$\u003cprice class\u003d\"extraction-tag\" data-value\u003d\"49.95\" fold-name\u003d\"fold5\" ml-tagorder\u003d\"7976966\" score\u003d\"0.8227422075377265\" tagorder\u003d\"7976966\"\u003e49.95\u003c/price\u003e\u003c/line\u003e  \u003c/par\u003e  \u003c/text\u003e  \u003c/td\u003e   \u003ctd bottomborder\u003d\"White\" h\u003d\"26\" leftborder\u003d\"White\" topborder\u003d\"White\" w\u003d\"81\"\u003e \u003ctext xmlns\u003d\"http://ocr.crowdcomputingsystems.com/xml/schema-v1.xml\"\u003e \u003cpar align\u003d\"Right\" linespacing\u003d\"660\" rightindent\u003d\"700\"\u003e \u003cline b\u003d\"473\" baseline\u003d\"472\" l\u003d\"875\" r\u003d\"915\" t\u003d\"461\"\u003e \u003cformatting lang\u003d\"EnglishUnitedStates\"\u003e $49.95 \u003c/formatting\u003e  \u003c/line\u003e  \u003c/par\u003e  \u003c/text\u003e  \u003c/td\u003e   \u003c/tr\u003e \n \u003ctr\u003e \u003ctd h\u003d\"26\" rightborder\u003d\"White\" topborder\u003d\"White\" w\u003d\"131\"\u003e \u003ctext xmlns\u003d\"http://ocr.crowdcomputingsystems.com/xml/schema-v1.xml\"\u003e \u003cpar linespacing\u003d\"660\"\u003e \u003cline b\u003d\"500\" baseline\u003d\"497\" l\u003d\"60\" r\u003d\"159\" t\u003d\"486\"\u003e \u003cformatting lang\u003d\"EnglishUnitedStates\"\u003e pt8200-activation \u003c/formatting\u003e  \u003c/line\u003e  \u003c/par\u003e  \u003c/text\u003e  \u003c/td\u003e   \u003ctd h\u003d\"26\" leftborder\u003d\"White\" rightborder\u003d\"White\" topborder\u003d\"White\" w\u003d\"36\"\u003e \u003ctext xmlns\u003d\"http://ocr.crowdcomputingsystems.com/xml/schema-v1.xml\"\u003e \u003cpar linespacing\u003d\"-1\"\u003e\u003c/par\u003e  \u003c/text\u003e  \u003c/td\u003e   \u003ctd h\u003d\"26\" leftborder\u003d\"White\" rightborder\u003d\"White\" topborder\u003d\"White\" w\u003d\"399\"\u003e \u003ctext xmlns\u003d\"http://ocr.crowdcomputingsystems.com/xml/schema-v1.xml\"\u003e \u003cpar linespacing\u003d\"660\"\u003e \u003cline b\u003d\"497\" baseline\u003d\"497\" l\u003d\"221\" r\u003d\"414\" t\u003d\"486\"\u003e\u003cproduct appendorder\u003d\"5\" class\u003d\"extraction-tag\" confidence\u003d\"1/1\" data-original-title\u003d\"construction_type\" data-toggle\u003d\"tooltip\" data-value\u003d\"Service activation for the PT8200\" fold-name\u003d\"fold2\" injection\u003d\"true\" referencedatausedininjection\u003d\"manual\" score\u003d\"0.7078933685288098\" style\u003d\"background-color: rgb(78, 135, 105);  color: rgb(0, 0, 0);   border: 2px solid rgb(125, 157, 1); \" tagorder\u003d\"637656\"\u003eService activation for the PT8200\u003c/product\u003e\u003c/line\u003e  \u003c/par\u003e  \u003c/text\u003e  \u003c/td\u003e   \u003ctd h\u003d\"26\" leftborder\u003d\"White\" rightborder\u003d\"White\" topborder\u003d\"White\" w\u003d\"76\"\u003e \u003ctext xmlns\u003d\"http://ocr.crowdcomputingsystems.com/xml/schema-v1.xml\"\u003e \u003cpar align\u003d\"Center\" leftindent\u003d\"400\" linespacing\u003d\"660\"\u003e \u003cline b\u003d\"496\" baseline\u003d\"497\" l\u003d\"652\" r\u003d\"656\" t\u003d\"486\"\u003e\u003cquantity appendorder\u003d\"5\" class\u003d\"extraction-tag\" confidence\u003d\"1/1\" data-original-title\u003d\"construction_type\" data-toggle\u003d\"tooltip\" data-value\u003d\"1\" fold-name\u003d\"fold5\" injection\u003d\"true\" referencedatausedininjection\u003d\"manual\" score\u003d\"0.6722186796295742\" style\u003d\"background-color: rgb(11, 47, 140);  color: rgb(255, 255, 255);   border: 2px solid rgb(125, 157, 1); \" tagorder\u003d\"5259240\"\u003e1\u003c/quantity\u003e\u003c/line\u003e  \u003c/par\u003e  \u003c/text\u003e  \u003c/td\u003e   \u003ctd h\u003d\"26\" leftborder\u003d\"White\" rightborder\u003d\"White\" topborder\u003d\"White\" w\u003d\"78\"\u003e \u003ctext xmlns\u003d\"http://ocr.crowdcomputingsystems.com/xml/schema-v1.xml\"\u003e \u003cpar align\u003d\"Center\" leftindent\u003d\"200\" linespacing\u003d\"660\"\u003e \u003cline b\u003d\"496\" baseline\u003d\"497\" l\u003d\"731\" r\u003d\"735\" t\u003d\"486\"\u003e \u003cformatting lang\u003d\"EnglishUnitedStates\"\u003e 1 \u003c/formatting\u003e  \u003c/line\u003e  \u003c/par\u003e  \u003c/text\u003e  \u003c/td\u003e   \u003ctd h\u003d\"26\" leftborder\u003d\"White\" rightborder\u003d\"White\" topborder\u003d\"White\" w\u003d\"73\"\u003e \u003ctext xmlns\u003d\"http://ocr.crowdcomputingsystems.com/xml/schema-v1.xml\"\u003e \u003cpar align\u003d\"Right\" linespacing\u003d\"660\"\u003e \u003cline b\u003d\"497\" baseline\u003d\"496\" l\u003d\"797\" r\u003d\"836\" t\u003d\"485\"\u003e$\u003cprice class\u003d\"extraction-tag\" data-value\u003d\"69.95\" fold-name\u003d\"fold5\" ml-tagorder\u003d\"7976969\" score\u003d\"0.8759233753713979\" tagorder\u003d\"7976969\"\u003e69.95\u003c/price\u003e\u003c/line\u003e  \u003c/par\u003e  \u003c/text\u003e  \u003c/td\u003e   \u003ctd h\u003d\"26\" leftborder\u003d\"White\" topborder\u003d\"White\" w\u003d\"81\"\u003e \u003ctext xmlns\u003d\"http://ocr.crowdcomputingsystems.com/xml/schema-v1.xml\"\u003e \u003cpar align\u003d\"Right\" linespacing\u003d\"660\" rightindent\u003d\"700\"\u003e \u003cline b\u003d\"497\" baseline\u003d\"496\" l\u003d\"875\" r\u003d\"915\" t\u003d\"485\"\u003e \u003cformatting lang\u003d\"EnglishUnitedStates\"\u003e $69.95 \u003c/formatting\u003e  \u003c/line\u003e  \u003c/par\u003e  \u003c/text\u003e  \u003c/td\u003e   \u003c/tr\u003e \n \u003ctr\u003e \u003ctd bottomborder\u003d\"White\" h\u003d\"20\" leftborder\u003d\"White\" rightborder\u003d\"White\" w\u003d\"131\"\u003e \u003ctext xmlns\u003d\"http://ocr.crowdcomputingsystems.com/xml/schema-v1.xml\"\u003e \u003cpar linespacing\u003d\"-1\"\u003e\u003c/par\u003e  \u003c/text\u003e  \u003c/td\u003e   \u003ctd bottomborder\u003d\"White\" h\u003d\"20\" leftborder\u003d\"White\" rightborder\u003d\"White\" w\u003d\"36\"\u003e \u003ctext xmlns\u003d\"http://ocr.crowdcomputingsystems.com/xml/schema-v1.xml\"\u003e \u003cpar linespacing\u003d\"-1\"\u003e\u003c/par\u003e  \u003c/text\u003e  \u003c/td\u003e   \u003ctd bottomborder\u003d\"White\" h\u003d\"20\" leftborder\u003d\"White\" w\u003d\"399\"\u003e \u003ctext xmlns\u003d\"http://ocr.crowdcomputingsystems.com/xml/schema-v1.xml\"\u003e \u003cpar linespacing\u003d\"-1\"\u003e\u003c/par\u003e  \u003c/text\u003e  \u003c/td\u003e   \u003ctd colspan\u003d\"3\" h\u003d\"20\" w\u003d\"227\"\u003e \u003ctext xmlns\u003d\"http://ocr.crowdcomputingsystems.com/xml/schema-v1.xml\"\u003e \u003cpar align\u003d\"Center\" linespacing\u003d\"600\"\u003e \u003cline b\u003d\"521\" baseline\u003d\"521\" l\u003d\"707\" r\u003d\"759\" t\u003d\"511\"\u003e \u003cformatting lang\u003d\"EnglishUnitedStates\"\u003e Subtotal \u003c/formatting\u003e  \u003c/line\u003e  \u003c/par\u003e  \u003c/text\u003e  \u003c/td\u003e   \u003ctd h\u003d\"20\" w\u003d\"81\"\u003e \u003ctext xmlns\u003d\"http://ocr.crowdcomputingsystems.com/xml/schema-v1.xml\"\u003e \u003cpar leftindent\u003d\"1300\" linespacing\u003d\"660\"\u003e \u003cline b\u003d\"522\" baseline\u003d\"521\" l\u003d\"868\" r\u003d\"915\" t\u003d\"510\"\u003e \u003cformatting lang\u003d\"EnglishUnitedStates\"\u003e $619.85 \u003c/formatting\u003e  \u003c/line\u003e  \u003c/par\u003e  \u003c/text\u003e  \u003c/td\u003e   \u003c/tr\u003e \n \u003ctr\u003e \u003ctd bottomborder\u003d\"White\" h\u003d\"19\" leftborder\u003d\"White\" rightborder\u003d\"White\" topborder\u003d\"White\" w\u003d\"131\"\u003e \u003ctext xmlns\u003d\"http://ocr.crowdcomputingsystems.com/xml/schema-v1.xml\"\u003e \u003cpar linespacing\u003d\"-1\"\u003e\u003c/par\u003e  \u003c/text\u003e  \u003c/td\u003e   \u003ctd bottomborder\u003d\"White\" h\u003d\"19\" leftborder\u003d\"White\" rightborder\u003d\"White\" topborder\u003d\"White\" w\u003d\"36\"\u003e \u003ctext xmlns\u003d\"http://ocr.crowdcomputingsystems.com/xml/schema-v1.xml\"\u003e \u003cpar linespacing\u003d\"-1\"\u003e\u003c/par\u003e  \u003c/text\u003e  \u003c/td\u003e   \u003ctd bottomborder\u003d\"White\" h\u003d\"19\" leftborder\u003d\"White\" topborder\u003d\"White\" w\u003d\"399\"\u003e \u003ctext xmlns\u003d\"http://ocr.crowdcomputingsystems.com/xml/schema-v1.xml\"\u003e \u003cpar linespacing\u003d\"-1\"\u003e\u003c/par\u003e  \u003c/text\u003e  \u003c/td\u003e   \u003ctd colspan\u003d\"3\" h\u003d\"19\" w\u003d\"227\"\u003e \u003ctext xmlns\u003d\"http://ocr.crowdcomputingsystems.com/xml/schema-v1.xml\"\u003e \u003cpar align\u003d\"Center\" linespacing\u003d\"600\"\u003e \u003cline b\u003d\"543\" baseline\u003d\"540\" l\u003d\"705\" r\u003d\"760\" t\u003d\"530\"\u003e \u003cformatting lang\u003d\"EnglishUnitedStates\"\u003e Shipping \u003c/formatting\u003e  \u003c/line\u003e  \u003c/par\u003e  \u003c/text\u003e  \u003c/td\u003e   \u003ctd h\u003d\"19\" w\u003d\"81\"\u003e \u003ctext xmlns\u003d\"http://ocr.crowdcomputingsystems.com/xml/schema-v1.xml\"\u003e \u003cpar align\u003d\"Right\" linespacing\u003d\"660\" rightindent\u003d\"700\"\u003e \u003cline b\u003d\"542\" baseline\u003d\"541\" l\u003d\"876\" r\u003d\"915\" t\u003d\"530\"\u003e \u003cformatting lang\u003d\"EnglishUnitedStates\"\u003e $29.50 \u003c/formatting\u003e  \u003c/line\u003e  \u003c/par\u003e  \u003c/text\u003e  \u003c/td\u003e   \u003c/tr\u003e \n \u003ctr\u003e \u003ctd bottomborder\u003d\"White\" h\u003d\"20\" leftborder\u003d\"White\" rightborder\u003d\"White\" topborder\u003d\"White\" w\u003d\"131\"\u003e \u003ctext xmlns\u003d\"http://ocr.crowdcomputingsystems.com/xml/schema-v1.xml\"\u003e \u003cpar linespacing\u003d\"-1\"\u003e\u003c/par\u003e  \u003c/text\u003e  \u003c/td\u003e   \u003ctd bottomborder\u003d\"White\" h\u003d\"20\" leftborder\u003d\"White\" rightborder\u003d\"White\" topborder\u003d\"White\" w\u003d\"36\"\u003e \u003ctext xmlns\u003d\"http://ocr.crowdcomputingsystems.com/xml/schema-v1.xml\"\u003e \u003cpar linespacing\u003d\"-1\"\u003e\u003c/par\u003e  \u003c/text\u003e  \u003c/td\u003e   \u003ctd bottomborder\u003d\"White\" h\u003d\"20\" leftborder\u003d\"White\" topborder\u003d\"White\" w\u003d\"399\"\u003e \u003ctext xmlns\u003d\"http://ocr.crowdcomputingsystems.com/xml/schema-v1.xml\"\u003e \u003cpar linespacing\u003d\"-1\"\u003e\u003c/par\u003e  \u003c/text\u003e  \u003c/td\u003e   \u003ctd colspan\u003d\"3\" h\u003d\"20\" w\u003d\"227\"\u003e \u003ctext xmlns\u003d\"http://ocr.crowdcomputingsystems.com/xml/schema-v1.xml\"\u003e \u003cpar align\u003d\"Center\" linespacing\u003d\"600\"\u003e \u003cline b\u003d\"561\" baseline\u003d\"560\" l\u003d\"702\" r\u003d\"764\" t\u003d\"550\"\u003e \u003cformatting lang\u003d\"EnglishUnitedStates\"\u003e Discounts \u003c/formatting\u003e  \u003c/line\u003e  \u003c/par\u003e  \u003c/text\u003e  \u003c/td\u003e   \u003ctd h\u003d\"20\" w\u003d\"81\"\u003e \u003ctext xmlns\u003d\"http://ocr.crowdcomputingsystems.com/xml/schema-v1.xml\"\u003e \u003cpar align\u003d\"Right\" linespacing\u003d\"600\" rightindent\u003d\"700\"\u003e \u003cline b\u003d\"561\" baseline\u003d\"560\" l\u003d\"883\" r\u003d\"915\" t\u003d\"550\"\u003e \u003cformatting lang\u003d\"EnglishUnitedStates\"\u003e $0.00 \u003c/formatting\u003e  \u003c/line\u003e  \u003c/par\u003e  \u003c/text\u003e  \u003c/td\u003e   \u003c/tr\u003e \n \u003ctr\u003e \u003ctd bottomborder\u003d\"White\" h\u003d\"20\" leftborder\u003d\"White\" rightborder\u003d\"White\" topborder\u003d\"White\" w\u003d\"131\"\u003e \u003ctext xmlns\u003d\"http://ocr.crowdcomputingsystems.com/xml/schema-v1.xml\"\u003e \u003cpar linespacing\u003d\"-1\"\u003e\u003c/par\u003e  \u003c/text\u003e  \u003c/td\u003e   \u003ctd bottomborder\u003d\"White\" h\u003d\"20\" leftborder\u003d\"White\" rightborder\u003d\"White\" topborder\u003d\"White\" w\u003d\"36\"\u003e \u003ctext xmlns\u003d\"http://ocr.crowdcomputingsystems.com/xml/schema-v1.xml\"\u003e \u003cpar linespacing\u003d\"-1\"\u003e\u003c/par\u003e  \u003c/text\u003e  \u003c/td\u003e   \u003ctd bottomborder\u003d\"White\" h\u003d\"20\" leftborder\u003d\"White\" topborder\u003d\"White\" w\u003d\"399\"\u003e \u003ctext xmlns\u003d\"http://ocr.crowdcomputingsystems.com/xml/schema-v1.xml\"\u003e \u003cpar linespacing\u003d\"-1\"\u003e\u003c/par\u003e  \u003c/text\u003e  \u003c/td\u003e   \u003ctd colspan\u003d\"3\" h\u003d\"20\" w\u003d\"227\"\u003e \u003ctext xmlns\u003d\"http://ocr.crowdcomputingsystems.com/xml/schema-v1.xml\"\u003e \u003cpar align\u003d\"Center\" linespacing\u003d\"600\"\u003e \u003cline b\u003d\"580\" baseline\u003d\"580\" l\u003d\"703\" r\u003d\"763\" t\u003d\"570\"\u003e \u003cformatting lang\u003d\"EnglishUnitedStates\"\u003e Sales Tax \u003c/formatting\u003e  \u003c/line\u003e  \u003c/par\u003e  \u003c/text\u003e  \u003c/td\u003e   \u003ctd h\u003d\"20\" w\u003d\"81\"\u003e \u003ctext xmlns\u003d\"http://ocr.crowdcomputingsystems.com/xml/schema-v1.xml\"\u003e \u003cpar align\u003d\"Right\" linespacing\u003d\"660\" rightindent\u003d\"700\"\u003e \u003cline b\u003d\"581\" baseline\u003d\"580\" l\u003d\"883\" r\u003d\"916\" t\u003d\"569\"\u003e \u003cformatting lang\u003d\"EnglishUnitedStates\"\u003e $0.00 \u003c/formatting\u003e  \u003c/line\u003e  \u003c/par\u003e  \u003c/text\u003e  \u003c/td\u003e   \u003c/tr\u003e \n \u003ctr\u003e \u003ctd bottomborder\u003d\"White\" h\u003d\"20\" leftborder\u003d\"White\" rightborder\u003d\"White\" topborder\u003d\"White\" w\u003d\"131\"\u003e \u003ctext xmlns\u003d\"http://ocr.crowdcomputingsystems.com/xml/schema-v1.xml\"\u003e \u003cpar linespacing\u003d\"-1\"\u003e\u003c/par\u003e  \u003c/text\u003e  \u003c/td\u003e   \u003ctd bottomborder\u003d\"White\" h\u003d\"20\" leftborder\u003d\"White\" rightborder\u003d\"White\" topborder\u003d\"White\" w\u003d\"36\"\u003e \u003ctext xmlns\u003d\"http://ocr.crowdcomputingsystems.com/xml/schema-v1.xml\"\u003e \u003cpar linespacing\u003d\"-1\"\u003e\u003c/par\u003e  \u003c/text\u003e  \u003c/td\u003e   \u003ctd bottomborder\u003d\"White\" h\u003d\"20\" leftborder\u003d\"White\" topborder\u003d\"White\" w\u003d\"399\"\u003e \u003ctext xmlns\u003d\"http://ocr.crowdcomputingsystems.com/xml/schema-v1.xml\"\u003e \u003cpar linespacing\u003d\"-1\"\u003e\u003c/par\u003e  \u003c/text\u003e  \u003c/td\u003e   \u003ctd colspan\u003d\"3\" h\u003d\"20\" w\u003d\"227\"\u003e \u003ctext xmlns\u003d\"http://ocr.crowdcomputingsystems.com/xml/schema-v1.xml\"\u003e \u003cpar align\u003d\"Center\" linespacing\u003d\"660\"\u003e \u003cline b\u003d\"600\" baseline\u003d\"600\" l\u003d\"718\" r\u003d\"748\" t\u003d\"589\"\u003e \u003cformatting lang\u003d\"EnglishUnitedStates\"\u003e Total \u003c/formatting\u003e  \u003c/line\u003e  \u003c/par\u003e  \u003c/text\u003e  \u003c/td\u003e   \u003ctd h\u003d\"20\" w\u003d\"81\"\u003e \u003ctext xmlns\u003d\"http://ocr.crowdcomputingsystems.com/xml/schema-v1.xml\"\u003e \u003cpar leftindent\u003d\"1300\" linespacing\u003d\"660\"\u003e \u003cline b\u003d\"601\" baseline\u003d\"600\" l\u003d\"869\" r\u003d\"915\" t\u003d\"589\"\u003e \u003cformatting lang\u003d\"EnglishUnitedStates\"\u003e $\u003ctotal_amount appendorder\u003d\"11\" class\u003d\"extraction-tag\" confidence\u003d\"1/1\" data-original-title\u003d\"Total amount\" data-toggle\u003d\"tooltip\" data-value\u003d\"649.35\" fold-name\u003d\"fold5\" score\u003d\"0.846056113261422\" style\u003d\"background-color: rgb(27, 182, 226);  color: rgb(0, 0, 0);   border: 2px solid rgb(125, 157, 1); \" tagorder\u003d\"6\"\u003e649.35\u003c/total_amount\u003e \u003c/formatting\u003e  \u003c/line\u003e  \u003c/par\u003e  \u003c/text\u003e  \u003c/td\u003e   \u003c/tr\u003e \n \u003c/tbody\u003e\u003c/table\u003e\n \u003cblock b\u003d\"984\" blockname\u003d\"\" blocktype\u003d\"Text\" l\u003d\"51\" r\u003d\"888\" style\u003d\"transform: translate(39px, 679px); position: absolute; width: 641.106px; height: 386.75px;\" t\u003d\"627\"\u003e \u003cregion\u003e \u003crect b\u003d\"984\" l\u003d\"51\" r\u003d\"888\" t\u003d\"627\"\u003e\u003c/rect\u003e  \u003c/region\u003e  \u003ctext\u003e \u003cpar linespacing\u003d\"900\" rightindent\u003d\"2500\"\u003e \u003cline b\u003d\"647\" baseline\u003d\"644\" l\u003d\"54\" r\u003d\"885\" style\u003d\"transform: translate(2px, 7px); position: absolute;\" t\u003d\"633\"\u003e \u003cformatting lang\u003d\"EnglishUnitedStates\"\u003e Thank you for purchasing the P-Trac In order to get you started quickly so that you will be better acquainted with some of the great features we \u003c/formatting\u003e  \u003c/line\u003e  \u003cline b\u003d\"662\" baseline\u003d\"659\" l\u003d\"55\" r\u003d\"449\" style\u003d\"transform: translate(3px, 24px); position: absolute;\" t\u003d\"649\"\u003e \u003cformatting lang\u003d\"EnglishUnitedStates\"\u003e have set up an introductory training which we include free of charge. \u003c/formatting\u003e  \u003c/line\u003e  \u003c/par\u003e  \u003cpar linespacing\u003d\"600\"\u003e \u003cline b\u003d\"692\" baseline\u003d\"689\" l\u003d\"55\" r\u003d\"286\" style\u003d\"transform: translate(3px, 56px); position: absolute;\" t\u003d\"679\"\u003e \u003cformatting lang\u003d\"EnglishUnitedStates\"\u003e P*Trac training is held daily at 2pm EST \u003c/formatting\u003e  \u003c/line\u003e  \u003c/par\u003e  \u003cpar linespacing\u003d\"660\"\u003e \u003cline b\u003d\"723\" baseline\u003d\"720\" l\u003d\"55\" r\u003d\"376\" style\u003d\"transform: translate(3px, 89px); position: absolute;\" t\u003d\"709\"\u003e \u003cformatting lang\u003d\"EnglishUnitedStates\"\u003e to join in the training please use the below info at 2 PM: \u003c/formatting\u003e  \u003c/line\u003e  \u003c/par\u003e  \u003cpar linespacing\u003d\"900\" rightindent\u003d\"2500\"\u003e \u003cline b\u003d\"753\" baseline\u003d\"750\" l\u003d\"56\" r\u003d\"434\" style\u003d\"transform: translate(4px, 121px); position: absolute;\" t\u003d\"739\"\u003e \u003cformatting lang\u003d\"EnglishUnitedStates\"\u003e https://www1 .gotomeeting.com/join/194046785 \u0026lt;- Click this link \u003c/formatting\u003e  \u003c/line\u003e  \u003cline b\u003d\"768\" baseline\u003d\"765\" l\u003d\"55\" r\u003d\"360\" style\u003d\"transform: translate(3px, 139px); position: absolute;\" t\u003d\"755\"\u003e \u003cformatting lang\u003d\"EnglishUnitedStates\"\u003e Call in to: (605) 990-0215, access code 194-046-785 \u003c/formatting\u003e  \u003c/line\u003e  \u003cline b\u003d\"783\" baseline\u003d\"780\" l\u003d\"55\" r\u003d\"199\" style\u003d\"transform: translate(3px, 155px); position: absolute;\" t\u003d\"770\"\u003e \u003cformatting lang\u003d\"EnglishUnitedStates\"\u003e Meeting ID: 194-046-785 \u003c/formatting\u003e  \u003c/line\u003e  \u003c/par\u003e  \u003cpar linespacing\u003d\"1800\" rightindent\u003d\"2500\"\u003e \u003cline b\u003d\"814\" baseline\u003d\"810\" l\u003d\"55\" r\u003d\"520\" style\u003d\"transform: translate(3px, 186px); position: absolute;\" t\u003d\"799\"\u003e \u003cformatting lang\u003d\"EnglishUnitedStates\"\u003e We will start promptly at 2PM and the training should take no longer than 45 min \u003c/formatting\u003e  \u003c/line\u003e  \u003cline b\u003d\"844\" baseline\u003d\"840\" l\u003d\"55\" r\u003d\"453\" style\u003d\"transform: translate(3px, 220px); position: absolute;\" t\u003d\"830\"\u003e \u003cformatting lang\u003d\"EnglishUnitedStates\"\u003e To login please go to: http://www.brickhousesecurity.com/login.html \u003c/formatting\u003e  \u003c/line\u003e  \u003cline b\u003d\"874\" baseline\u003d\"871\" l\u003d\"55\" r\u003d\"452\" style\u003d\"transform: translate(3px, 252px); position: absolute;\" t\u003d\"860\"\u003e \u003cformatting lang\u003d\"EnglishUnitedStates\"\u003e Click on the P-Trac device and it will take you right to the login page. \u003c/formatting\u003e  \u003c/line\u003e  \u003c/par\u003e  \u003cpar linespacing\u003d\"1800\"\u003e \u003cline b\u003d\"904\" baseline\u003d\"902\" l\u003d\"56\" r\u003d\"368\" style\u003d\"transform: translate(4px, 286px); position: absolute;\" t\u003d\"891\"\u003e \u003cformatting lang\u003d\"EnglishUnitedStates\"\u003e Please make sure to bookmark the P-Trac login page. \u003c/formatting\u003e  \u003c/line\u003e  \u003c/par\u003e  \u003cpar linespacing\u003d\"1800\"\u003e \u003cline b\u003d\"934\" baseline\u003d\"932\" l\u003d\"55\" r\u003d\"549\" style\u003d\"transform: translate(3px, 319px); position: absolute;\" t\u003d\"921\"\u003e \u003cformatting lang\u003d\"EnglishUnitedStates\"\u003e Your user name is the first initial and last name of the person the unit was shipped to. \u003c/formatting\u003e  \u003c/line\u003e  \u003c/par\u003e  \u003cpar align\u003d\"Justified\" linespacing\u003d\"1800\"\u003e \u003cline b\u003d\"966\" baseline\u003d\"962\" l\u003d\"55\" r\u003d\"865\" style\u003d\"transform: translate(3px, 351px); position: absolute;\" t\u003d\"951\"\u003e \u003cformatting lang\u003d\"EnglishUnitedStates\"\u003e Your default password ls: abcdefg (Change this in your profile after you login)_ _ \u003c/formatting\u003e  \u003c/line\u003e  \u003c/par\u003e  \u003cpar align\u003d\"Justified\" linespacing\u003d\"720\"\u003e \u003cline b\u003d\"984\" baseline\u003d\"980\" l\u003d\"61\" r\u003d\"887\" style\u003d\"transform: translate(8px, 369px); position: absolute;\" t\u003d\"968\"\u003e \u003cformatting lang\u003d\"EnglishUnitedStates\"\u003e Comments I Beacon ID: 00506585951 _ \u003c/formatting\u003e  \u003c/line\u003e  \u003c/par\u003e  \u003c/text\u003e  \u003c/block\u003e  \u003cblock b\u003d\"278\" blockname\u003d\"\" blocktype\u003d\"SeparatorsBox\" class\u003d\"hidden\" l\u003d\"547\" r\u003d\"926\" style\u003d\"transform: translate(419px, 151px); position: absolute;\" t\u003d\"139\"\u003e \u003cregion\u003e \u003crect b\u003d\"141\" l\u003d\"547\" r\u003d\"926\" t\u003d\"139\"\u003e\u003c/rect\u003e  \u003crect b\u003d\"276\" l\u003d\"547\" r\u003d\"926\" t\u003d\"141\"\u003e\u003c/rect\u003e  \u003crect b\u003d\"277\" l\u003d\"547\" r\u003d\"926\" t\u003d\"276\"\u003e\u003c/rect\u003e  \u003crect b\u003d\"278\" l\u003d\"548\" r\u003d\"926\" t\u003d\"277\"\u003e\u003c/rect\u003e  \u003c/region\u003e  \u003cseparatorsbox\u003e \u003cseparator thickness\u003d\"2\" type\u003d\"Black\"\u003e \u003cstart x\u003d\"547\" y\u003d\"140\"\u003e\u003c/start\u003e \u003cend x\u003d\"926\" y\u003d\"140\"\u003e\u003c/end\u003e \u003c/separator\u003e \u003cseparator thickness\u003d\"2\" type\u003d\"Black\"\u003e \u003cstart x\u003d\"548\" y\u003d\"277\"\u003e\u003c/start\u003e \u003cend x\u003d\"926\" y\u003d\"277\"\u003e\u003c/end\u003e \u003c/separator\u003e \u003cseparator thickness\u003d\"2\" type\u003d\"Black\"\u003e \u003cstart x\u003d\"548\" y\u003d\"139\"\u003e\u003c/start\u003e \u003cend x\u003d\"548\" y\u003d\"277\"\u003e\u003c/end\u003e \u003c/separator\u003e \u003cseparator thickness\u003d\"2\" type\u003d\"Black\"\u003e \u003cstart x\u003d\"925\" y\u003d\"139\"\u003e\u003c/start\u003e \u003cend x\u003d\"925\" y\u003d\"278\"\u003e\u003c/end\u003e \u003c/separator\u003e \u003c/separatorsbox\u003e \u003c/block\u003e  \u003cblock b\u003d\"131\" blockname\u003d\"\" blocktype\u003d\"Separator\" l\u003d\"54\" r\u003d\"925\" style\u003d\"transform: translate(41px, 140px); position: absolute;\" t\u003d\"129\"\u003e \u003cregion\u003e \u003crect b\u003d\"131\" l\u003d\"54\" r\u003d\"925\" t\u003d\"129\"\u003e\u003c/rect\u003e  \u003c/region\u003e  \u003cseparator thickness\u003d\"2\" type\u003d\"Black\"\u003e \u003cstart x\u003d\"54\" y\u003d\"130\"\u003e\u003c/start\u003e \u003cend x\u003d\"925\" y\u003d\"130\"\u003e\u003c/end\u003e \u003c/separator\u003e \u003c/block\u003e  \u003cblock b\u003d\"142\" blockname\u003d\"\" blocktype\u003d\"Separator\" class\u003d\"hidden\" l\u003d\"53\" r\u003d\"432\" style\u003d\"transform: translate(41px, 151px); position: absolute;\" t\u003d\"139\"\u003e \u003cregion\u003e \u003crect b\u003d\"142\" l\u003d\"53\" r\u003d\"432\" t\u003d\"139\"\u003e\u003c/rect\u003e  \u003c/region\u003e  \u003cseparator thickness\u003d\"2\" type\u003d\"Black\"\u003e \u003cstart x\u003d\"53\" y\u003d\"140\"\u003e\u003c/start\u003e \u003cend x\u003d\"432\" y\u003d\"140\"\u003e\u003c/end\u003e \u003c/separator\u003e \u003c/block\u003e  \u003cblock b\u003d\"160\" blockname\u003d\"\" blocktype\u003d\"Separator\" class\u003d\"hidden\" l\u003d\"53\" r\u003d\"432\" style\u003d\"transform: translate(41px, 171px); position: absolute;\" t\u003d\"158\"\u003e \u003cregion\u003e \u003crect b\u003d\"160\" l\u003d\"53\" r\u003d\"432\" t\u003d\"158\"\u003e\u003c/rect\u003e  \u003c/region\u003e  \u003cseparator thickness\u003d\"2\" type\u003d\"Black\"\u003e \u003cstart x\u003d\"53\" y\u003d\"159\"\u003e\u003c/start\u003e \u003cend x\u003d\"432\" y\u003d\"159\"\u003e\u003c/end\u003e \u003c/separator\u003e \u003c/block\u003e  \u003cblock b\u003d\"160\" blockname\u003d\"\" blocktype\u003d\"Separator\" l\u003d\"547\" r\u003d\"926\" style\u003d\"transform: translate(419px, 171px); position: absolute;\" t\u003d\"158\"\u003e \u003cregion\u003e \u003crect b\u003d\"160\" l\u003d\"547\" r\u003d\"926\" t\u003d\"158\"\u003e\u003c/rect\u003e  \u003c/region\u003e  \u003cseparator thickness\u003d\"2\" type\u003d\"Black\"\u003e \u003cstart x\u003d\"547\" y\u003d\"159\"\u003e\u003c/start\u003e \u003cend x\u003d\"926\" y\u003d\"159\"\u003e\u003c/end\u003e \u003c/separator\u003e \u003c/block\u003e  \u003cblock b\u003d\"213\" blockname\u003d\"\" blocktype\u003d\"Separator\" l\u003d\"53\" r\u003d\"103\" style\u003d\"transform: translate(41px, 228px); position: absolute;\" t\u003d\"210\"\u003e \u003cregion\u003e \u003crect b\u003d\"211\" l\u003d\"100\" r\u003d\"103\" t\u003d\"210\"\u003e\u003c/rect\u003e  \u003crect b\u003d\"212\" l\u003d\"53\" r\u003d\"103\" t\u003d\"211\"\u003e\u003c/rect\u003e  \u003crect b\u003d\"213\" l\u003d\"53\" r\u003d\"100\" t\u003d\"212\"\u003e\u003c/rect\u003e  \u003c/region\u003e  \u003cseparator thickness\u003d\"2\" type\u003d\"Black\"\u003e \u003cstart x\u003d\"53\" y\u003d\"211\"\u003e\u003c/start\u003e \u003cend x\u003d\"103\" y\u003d\"211\"\u003e\u003c/end\u003e \u003c/separator\u003e \u003c/block\u003e  \u003cblock b\u003d\"218\" blockname\u003d\"\" blocktype\u003d\"Separator\" l\u003d\"552\" r\u003d\"696\" style\u003d\"transform: translate(423px, 233px); position: absolute;\" t\u003d\"215\"\u003e \u003cregion\u003e \u003crect b\u003d\"218\" l\u003d\"552\" r\u003d\"696\" t\u003d\"215\"\u003e\u003c/rect\u003e  \u003c/region\u003e  \u003cseparator thickness\u003d\"2\" type\u003d\"Black\"\u003e \u003cstart x\u003d\"552\" y\u003d\"216\"\u003e\u003c/start\u003e \u003cend x\u003d\"696\" y\u003d\"216\"\u003e\u003c/end\u003e \u003c/separator\u003e \u003c/block\u003e  \u003cblock b\u003d\"278\" blockname\u003d\"\" blocktype\u003d\"Separator\" l\u003d\"53\" r\u003d\"431\" style\u003d\"transform: translate(41px, 299px); position: absolute;\" t\u003d\"276\"\u003e \u003cregion\u003e \u003crect b\u003d\"278\" l\u003d\"53\" r\u003d\"431\" t\u003d\"276\"\u003e\u003c/rect\u003e  \u003c/region\u003e  \u003cseparator thickness\u003d\"2\" type\u003d\"Black\"\u003e \u003cstart x\u003d\"53\" y\u003d\"277\"\u003e\u003c/start\u003e \u003cend x\u003d\"431\" y\u003d\"277\"\u003e\u003c/end\u003e \u003c/separator\u003e \u003c/block\u003e  \u003cblock b\u003d\"381\" blockname\u003d\"\" blocktype\u003d\"Separator\" l\u003d\"54\" r\u003d\"753\" style\u003d\"transform: translate(41px, 411px); position: absolute;\" t\u003d\"379\"\u003e \u003cregion\u003e \u003crect b\u003d\"381\" l\u003d\"54\" r\u003d\"753\" t\u003d\"379\"\u003e\u003c/rect\u003e  \u003c/region\u003e  \u003cseparator thickness\u003d\"2\" type\u003d\"Black\"\u003e \u003cstart x\u003d\"54\" y\u003d\"380\"\u003e\u003c/start\u003e \u003cend x\u003d\"753\" y\u003d\"380\"\u003e\u003c/end\u003e \u003c/separator\u003e \u003c/block\u003e  \u003cblock b\u003d\"402\" blockname\u003d\"\" blocktype\u003d\"Separator\" l\u003d\"53\" r\u003d\"926\" style\u003d\"transform: translate(41px, 431px); position: absolute;\" t\u003d\"398\"\u003e \u003cregion\u003e \u003crect b\u003d\"399\" l\u003d\"53\" r\u003d\"926\" t\u003d\"398\"\u003e\u003c/rect\u003e  \u003crect b\u003d\"400\" l\u003d\"53\" r\u003d\"926\" t\u003d\"399\"\u003e\u003c/rect\u003e  \u003crect b\u003d\"401\" l\u003d\"53\" r\u003d\"920\" t\u003d\"400\"\u003e\u003c/rect\u003e  \u003crect b\u003d\"402\" l\u003d\"870\" r\u003d\"894\" t\u003d\"401\"\u003e\u003c/rect\u003e  \u003c/region\u003e  \u003cseparator thickness\u003d\"2\" type\u003d\"Black\"\u003e \u003cstart x\u003d\"53\" y\u003d\"400\"\u003e\u003c/start\u003e \u003cend x\u003d\"926\" y\u003d\"400\"\u003e\u003c/end\u003e \u003c/separator\u003e \u003c/block\u003e  \u003cblock b\u003d\"435\" blockname\u003d\"\" blocktype\u003d\"Separator\" l\u003d\"53\" r\u003d\"926\" style\u003d\"transform: translate(41px, 469px); position: absolute;\" t\u003d\"433\"\u003e \u003cregion\u003e \u003crect b\u003d\"435\" l\u003d\"53\" r\u003d\"926\" t\u003d\"433\"\u003e\u003c/rect\u003e  \u003c/region\u003e  \u003cseparator thickness\u003d\"2\" type\u003d\"Black\"\u003e \u003cstart x\u003d\"53\" y\u003d\"434\"\u003e\u003c/start\u003e \u003cend x\u003d\"926\" y\u003d\"434\"\u003e\u003c/end\u003e \u003c/separator\u003e \u003c/block\u003e  \u003cblock b\u003d\"509\" blockname\u003d\"\" blocktype\u003d\"Separator\" l\u003d\"53\" r\u003d\"926\" style\u003d\"transform: translate(41px, 548px); position: absolute;\" t\u003d\"506\"\u003e \u003cregion\u003e \u003crect b\u003d\"507\" l\u003d\"579\" r\u003d\"926\" t\u003d\"506\"\u003e\u003c/rect\u003e  \u003crect b\u003d\"508\" l\u003d\"53\" r\u003d\"926\" t\u003d\"507\"\u003e\u003c/rect\u003e  \u003crect b\u003d\"509\" l\u003d\"53\" r\u003d\"579\" t\u003d\"508\"\u003e\u003c/rect\u003e  \u003c/region\u003e  \u003cseparator thickness\u003d\"2\" type\u003d\"Black\"\u003e \u003cstart x\u003d\"53\" y\u003d\"507\"\u003e\u003c/start\u003e \u003cend x\u003d\"926\" y\u003d\"507\"\u003e\u003c/end\u003e \u003c/separator\u003e \u003c/block\u003e  \u003cblock b\u003d\"528\" blockname\u003d\"\" blocktype\u003d\"Separator\" l\u003d\"621\" r\u003d\"926\" style\u003d\"transform: translate(476px, 570px); position: absolute;\" t\u003d\"526\"\u003e \u003cregion\u003e \u003crect b\u003d\"528\" l\u003d\"621\" r\u003d\"926\" t\u003d\"526\"\u003e\u003c/rect\u003e  \u003c/region\u003e  \u003cseparator thickness\u003d\"2\" type\u003d\"Black\"\u003e \u003cstart x\u003d\"621\" y\u003d\"527\"\u003e\u003c/start\u003e \u003cend x\u003d\"926\" y\u003d\"527\"\u003e\u003c/end\u003e \u003c/separator\u003e \u003c/block\u003e  \u003cblock b\u003d\"547\" blockname\u003d\"\" blocktype\u003d\"Separator\" l\u003d\"620\" r\u003d\"926\" style\u003d\"transform: translate(475px, 592px); position: absolute;\" t\u003d\"546\"\u003e \u003cregion\u003e \u003crect b\u003d\"547\" l\u003d\"620\" r\u003d\"926\" t\u003d\"546\"\u003e\u003c/rect\u003e  \u003c/region\u003e  \u003cseparator thickness\u003d\"1\" type\u003d\"Black\"\u003e \u003cstart x\u003d\"620\" y\u003d\"546\"\u003e\u003c/start\u003e \u003cend x\u003d\"926\" y\u003d\"546\"\u003e\u003c/end\u003e \u003c/separator\u003e \u003c/block\u003e  \u003cblock b\u003d\"567\" blockname\u003d\"\" blocktype\u003d\"Separator\" l\u003d\"621\" r\u003d\"926\" style\u003d\"transform: translate(476px, 612px); position: absolute;\" t\u003d\"565\"\u003e \u003cregion\u003e \u003crect b\u003d\"567\" l\u003d\"621\" r\u003d\"926\" t\u003d\"565\"\u003e\u003c/rect\u003e  \u003c/region\u003e  \u003cseparator thickness\u003d\"2\" type\u003d\"Black\"\u003e \u003cstart x\u003d\"621\" y\u003d\"566\"\u003e\u003c/start\u003e \u003cend x\u003d\"926\" y\u003d\"566\"\u003e\u003c/end\u003e \u003c/separator\u003e \u003c/block\u003e  \u003cblock b\u003d\"587\" blockname\u003d\"\" blocktype\u003d\"Separator\" l\u003d\"621\" r\u003d\"926\" style\u003d\"transform: translate(476px, 634px); position: absolute;\" t\u003d\"585\"\u003e \u003cregion\u003e \u003crect b\u003d\"587\" l\u003d\"621\" r\u003d\"926\" t\u003d\"585\"\u003e\u003c/rect\u003e  \u003c/region\u003e  \u003cseparator thickness\u003d\"2\" type\u003d\"Black\"\u003e \u003cstart x\u003d\"621\" y\u003d\"586\"\u003e\u003c/start\u003e \u003cend x\u003d\"926\" y\u003d\"586\"\u003e\u003c/end\u003e \u003c/separator\u003e \u003c/block\u003e  \u003cblock b\u003d\"606\" blockname\u003d\"\" blocktype\u003d\"Separator\" l\u003d\"621\" r\u003d\"926\" style\u003d\"transform: translate(476px, 654px); position: absolute;\" t\u003d\"604\"\u003e \u003cregion\u003e \u003crect b\u003d\"606\" l\u003d\"621\" r\u003d\"926\" t\u003d\"604\"\u003e\u003c/rect\u003e  \u003c/region\u003e  \u003cseparator thickness\u003d\"2\" type\u003d\"Black\"\u003e \u003cstart x\u003d\"621\" y\u003d\"605\"\u003e\u003c/start\u003e \u003cend x\u003d\"926\" y\u003d\"605\"\u003e\u003c/end\u003e \u003c/separator\u003e \u003c/block\u003e  \u003cblock b\u003d\"631\" blockname\u003d\"\" blocktype\u003d\"Separator\" l\u003d\"91\" r\u003d\"526\" style\u003d\"transform: translate(70px, 683px); position: absolute;\" t\u003d\"630\"\u003e \u003cregion\u003e \u003crect b\u003d\"631\" l\u003d\"91\" r\u003d\"526\" t\u003d\"630\"\u003e\u003c/rect\u003e  \u003c/region\u003e  \u003cseparator thickness\u003d\"1\" type\u003d\"Black\"\u003e \u003cstart x\u003d\"91\" y\u003d\"630\"\u003e\u003c/start\u003e \u003cend x\u003d\"526\" y\u003d\"630\"\u003e\u003c/end\u003e \u003c/separator\u003e \u003c/block\u003e  \u003cblock b\u003d\"968\" blockname\u003d\"\" blocktype\u003d\"Separator\" class\u003d\"hidden\" l\u003d\"54\" r\u003d\"926\" style\u003d\"transform: translate(41px, 1045px); position: absolute;\" t\u003d\"965\"\u003e \u003cregion\u003e \u003crect b\u003d\"968\" l\u003d\"54\" r\u003d\"926\" t\u003d\"965\"\u003e\u003c/rect\u003e  \u003c/region\u003e  \u003cseparator thickness\u003d\"2\" type\u003d\"Black\"\u003e \u003cstart x\u003d\"54\" y\u003d\"966\"\u003e\u003c/start\u003e \u003cend x\u003d\"926\" y\u003d\"966\"\u003e\u003c/end\u003e \u003c/separator\u003e \u003c/block\u003e  \u003cblock b\u003d\"985\" blockname\u003d\"\" blocktype\u003d\"Separator\" class\u003d\"hidden\" l\u003d\"369\" r\u003d\"926\" style\u003d\"transform: translate(283px, 1065px); position: absolute;\" t\u003d\"983\"\u003e \u003cregion\u003e \u003crect b\u003d\"985\" l\u003d\"369\" r\u003d\"926\" t\u003d\"983\"\u003e\u003c/rect\u003e  \u003c/region\u003e  \u003cseparator thickness\u003d\"2\" type\u003d\"Black\"\u003e \u003cstart x\u003d\"369\" y\u003d\"984\"\u003e\u003c/start\u003e \u003cend x\u003d\"926\" y\u003d\"984\"\u003e\u003c/end\u003e \u003c/separator\u003e \u003c/block\u003e  \u003cblock b\u003d\"987\" blockname\u003d\"\" blocktype\u003d\"Separator\" l\u003d\"54\" r\u003d\"346\" style\u003d\"transform: translate(41px, 1066px); position: absolute;\" t\u003d\"984\"\u003e \u003cregion\u003e \u003crect b\u003d\"985\" l\u003d\"334\" r\u003d\"346\" t\u003d\"984\"\u003e\u003c/rect\u003e  \u003crect b\u003d\"986\" l\u003d\"54\" r\u003d\"346\" t\u003d\"985\"\u003e\u003c/rect\u003e  \u003crect b\u003d\"987\" l\u003d\"54\" r\u003d\"334\" t\u003d\"986\"\u003e\u003c/rect\u003e  \u003c/region\u003e  \u003cseparator thickness\u003d\"2\" type\u003d\"Black\"\u003e \u003cstart x\u003d\"54\" y\u003d\"985\"\u003e\u003c/start\u003e \u003cend x\u003d\"346\" y\u003d\"985\"\u003e\u003c/end\u003e \u003c/separator\u003e \u003c/block\u003e  \u003cblock b\u003d\"278\" blockname\u003d\"\" blocktype\u003d\"Separator\" l\u003d\"53\" r\u003d\"55\" style\u003d\"transform: translate(41px, 203px); position: absolute;\" t\u003d\"187\"\u003e \u003cregion\u003e \u003crect b\u003d\"278\" l\u003d\"53\" r\u003d\"55\" t\u003d\"187\"\u003e\u003c/rect\u003e  \u003c/region\u003e  \u003cseparator thickness\u003d\"2\" type\u003d\"Black\"\u003e \u003cstart x\u003d\"54\" y\u003d\"187\"\u003e\u003c/start\u003e \u003cend x\u003d\"54\" y\u003d\"278\"\u003e\u003c/end\u003e \u003c/separator\u003e \u003c/block\u003e  \u003cblock b\u003d\"509\" blockname\u003d\"\" blocktype\u003d\"Separator\" l\u003d\"53\" r\u003d\"55\" style\u003d\"transform: translate(41px, 412px); position: absolute;\" t\u003d\"380\"\u003e \u003cregion\u003e \u003crect b\u003d\"509\" l\u003d\"53\" r\u003d\"55\" t\u003d\"380\"\u003e\u003c/rect\u003e  \u003c/region\u003e  \u003cseparator thickness\u003d\"2\" type\u003d\"Black\"\u003e \u003cstart x\u003d\"54\" y\u003d\"380\"\u003e\u003c/start\u003e \u003cend x\u003d\"54\" y\u003d\"509\"\u003e\u003c/end\u003e \u003c/separator\u003e \u003c/block\u003e  \u003cblock b\u003d\"987\" blockname\u003d\"\" blocktype\u003d\"Separator\" class\u003d\"hidden\" l\u003d\"53\" r\u003d\"55\" style\u003d\"transform: translate(41px, 683px); position: absolute;\" t\u003d\"630\"\u003e \u003cregion\u003e \u003crect b\u003d\"987\" l\u003d\"53\" r\u003d\"55\" t\u003d\"630\"\u003e\u003c/rect\u003e  \u003c/region\u003e  \u003cseparator thickness\u003d\"2\" type\u003d\"Black\"\u003e \u003cstart x\u003d\"54\" y\u003d\"630\"\u003e\u003c/start\u003e \u003cend x\u003d\"54\" y\u003d\"987\"\u003e\u003c/end\u003e \u003c/separator\u003e \u003c/block\u003e  \u003cblock b\u003d\"435\" blockname\u003d\"\" blocktype\u003d\"Separator\" l\u003d\"219\" r\u003d\"221\" style\u003d\"transform: translate(168px, 432px); position: absolute;\" t\u003d\"399\"\u003e \u003cregion\u003e \u003crect b\u003d\"435\" l\u003d\"219\" r\u003d\"221\" t\u003d\"399\"\u003e\u003c/rect\u003e  \u003c/region\u003e  \u003cseparator thickness\u003d\"2\" type\u003d\"Black\"\u003e \u003cstart x\u003d\"220\" y\u003d\"399\"\u003e\u003c/start\u003e \u003cend x\u003d\"220\" y\u003d\"435\"\u003e\u003c/end\u003e \u003c/separator\u003e \u003c/block\u003e  \u003cblock b\u003d\"278\" blockname\u003d\"\" blocktype\u003d\"Separator\" l\u003d\"429\" r\u003d\"432\" style\u003d\"transform: translate(329px, 156px); position: absolute;\" t\u003d\"144\"\u003e \u003cregion\u003e \u003crect b\u003d\"151\" l\u003d\"429\" r\u003d\"432\" t\u003d\"144\"\u003e\u003c/rect\u003e  \u003crect b\u003d\"157\" l\u003d\"430\" r\u003d\"432\" t\u003d\"151\"\u003e\u003c/rect\u003e  \u003crect b\u003d\"168\" l\u003d\"429\" r\u003d\"432\" t\u003d\"157\"\u003e\u003c/rect\u003e  \u003crect b\u003d\"266\" l\u003d\"429\" r\u003d\"431\" t\u003d\"168\"\u003e\u003c/rect\u003e  \u003crect b\u003d\"278\" l\u003d\"430\" r\u003d\"432\" t\u003d\"266\"\u003e\u003c/rect\u003e  \u003c/region\u003e  \u003cseparator thickness\u003d\"2\" type\u003d\"Black\"\u003e \u003cstart x\u003d\"430\" y\u003d\"144\"\u003e\u003c/start\u003e \u003cend x\u003d\"430\" y\u003d\"278\"\u003e\u003c/end\u003e \u003c/separator\u003e \u003c/block\u003e  \u003cblock b\u003d\"434\" blockname\u003d\"\" blocktype\u003d\"Separator\" l\u003d\"615\" r\u003d\"617\" style\u003d\"transform: translate(471px, 431px); position: absolute;\" t\u003d\"398\"\u003e \u003cregion\u003e \u003crect b\u003d\"434\" l\u003d\"615\" r\u003d\"617\" t\u003d\"398\"\u003e\u003c/rect\u003e  \u003c/region\u003e  \u003cseparator thickness\u003d\"2\" type\u003d\"Black\"\u003e \u003cstart x\u003d\"616\" y\u003d\"398\"\u003e\u003c/start\u003e \u003cend x\u003d\"616\" y\u003d\"434\"\u003e\u003c/end\u003e \u003c/separator\u003e \u003c/block\u003e  \u003cblock b\u003d\"606\" blockname\u003d\"\" blocktype\u003d\"Separator\" l\u003d\"620\" r\u003d\"622\" style\u003d\"transform: translate(475px, 548px); position: absolute;\" t\u003d\"506\"\u003e \u003cregion\u003e \u003crect b\u003d\"606\" l\u003d\"620\" r\u003d\"622\" t\u003d\"506\"\u003e\u003c/rect\u003e  \u003c/region\u003e  \u003cseparator thickness\u003d\"2\" type\u003d\"Black\"\u003e \u003cstart x\u003d\"621\" y\u003d\"506\"\u003e\u003c/start\u003e \u003cend x\u003d\"621\" y\u003d\"606\"\u003e\u003c/end\u003e \u003c/separator\u003e \u003c/block\u003e  \u003cblock b\u003d\"434\" blockname\u003d\"\" blocktype\u003d\"Separator\" l\u003d\"694\" r\u003d\"696\" style\u003d\"transform: translate(532px, 432px); position: absolute;\" t\u003d\"399\"\u003e \u003cregion\u003e \u003crect b\u003d\"434\" l\u003d\"694\" r\u003d\"696\" t\u003d\"399\"\u003e\u003c/rect\u003e  \u003c/region\u003e  \u003cseparator thickness\u003d\"2\" type\u003d\"Black\"\u003e \u003cstart x\u003d\"695\" y\u003d\"399\"\u003e\u003c/start\u003e \u003cend x\u003d\"695\" y\u003d\"434\"\u003e\u003c/end\u003e \u003c/separator\u003e \u003c/block\u003e  \u003cblock b\u003d\"86\" blockname\u003d\"\" blocktype\u003d\"Separator\" l\u003d\"767\" r\u003d\"770\" style\u003d\"transform: translate(587px, 30px); position: absolute;\" t\u003d\"28\"\u003e \u003cregion\u003e \u003crect b\u003d\"86\" l\u003d\"767\" r\u003d\"770\" t\u003d\"28\"\u003e\u003c/rect\u003e  \u003c/region\u003e  \u003cseparator thickness\u003d\"3\" type\u003d\"Black\"\u003e \u003cstart x\u003d\"768\" y\u003d\"28\"\u003e\u003c/start\u003e \u003cend x\u003d\"768\" y\u003d\"86\"\u003e\u003c/end\u003e \u003c/separator\u003e \u003c/block\u003e  \u003cblock b\u003d\"86\" blockname\u003d\"\" blocktype\u003d\"Separator\" l\u003d\"771\" r\u003d\"773\" style\u003d\"transform: translate(591px, 30px); position: absolute;\" t\u003d\"28\"\u003e \u003cregion\u003e \u003crect b\u003d\"86\" l\u003d\"771\" r\u003d\"773\" t\u003d\"28\"\u003e\u003c/rect\u003e  \u003c/region\u003e  \u003cseparator thickness\u003d\"2\" type\u003d\"Black\"\u003e \u003cstart x\u003d\"772\" y\u003d\"28\"\u003e\u003c/start\u003e \u003cend x\u003d\"772\" y\u003d\"86\"\u003e\u003c/end\u003e \u003c/separator\u003e \u003c/block\u003e  \u003cblock b\u003d\"434\" blockname\u003d\"\" blocktype\u003d\"Separator\" l\u003d\"772\" r\u003d\"774\" style\u003d\"transform: translate(591px, 431px); position: absolute;\" t\u003d\"398\"\u003e \u003cregion\u003e \u003crect b\u003d\"434\" l\u003d\"772\" r\u003d\"774\" t\u003d\"398\"\u003e\u003c/rect\u003e  \u003c/region\u003e  \u003cseparator thickness\u003d\"2\" type\u003d\"Black\"\u003e \u003cstart x\u003d\"773\" y\u003d\"398\"\u003e\u003c/start\u003e \u003cend x\u003d\"773\" y\u003d\"434\"\u003e\u003c/end\u003e \u003c/separator\u003e \u003c/block\u003e  \u003cblock b\u003d\"86\" blockname\u003d\"\" blocktype\u003d\"Separator\" l\u003d\"774\" r\u003d\"776\" style\u003d\"transform: translate(593px, 30px); position: absolute;\" t\u003d\"28\"\u003e \u003cregion\u003e \u003crect b\u003d\"86\" l\u003d\"774\" r\u003d\"776\" t\u003d\"28\"\u003e\u003c/rect\u003e  \u003c/region\u003e  \u003cseparator thickness\u003d\"2\" type\u003d\"Black\"\u003e \u003cstart x\u003d\"775\" y\u003d\"28\"\u003e\u003c/start\u003e \u003cend x\u003d\"775\" y\u003d\"86\"\u003e\u003c/end\u003e \u003c/separator\u003e \u003c/block\u003e  \u003cblock b\u003d\"86\" blockname\u003d\"\" blocktype\u003d\"Separator\" l\u003d\"779\" r\u003d\"781\" style\u003d\"transform: translate(597px, 30px); position: absolute;\" t\u003d\"28\"\u003e \u003cregion\u003e \u003crect b\u003d\"86\" l\u003d\"779\" r\u003d\"781\" t\u003d\"28\"\u003e\u003c/rect\u003e  \u003c/region\u003e  \u003cseparator thickness\u003d\"2\" type\u003d\"Black\"\u003e \u003cstart x\u003d\"780\" y\u003d\"28\"\u003e\u003c/start\u003e \u003cend x\u003d\"780\" y\u003d\"86\"\u003e\u003c/end\u003e \u003c/separator\u003e \u003c/block\u003e  \u003cblock b\u003d\"86\" blockname\u003d\"\" blocktype\u003d\"Separator\" class\u003d\"hidden\" l\u003d\"787\" r\u003d\"790\" style\u003d\"transform: translate(603px, 36px); position: absolute;\" t\u003d\"33\"\u003e \u003cregion\u003e \u003crect b\u003d\"86\" l\u003d\"787\" r\u003d\"790\" t\u003d\"33\"\u003e\u003c/rect\u003e  \u003c/region\u003e  \u003cseparator thickness\u003d\"3\" type\u003d\"Black\"\u003e \u003cstart x\u003d\"788\" y\u003d\"33\"\u003e\u003c/start\u003e \u003cend x\u003d\"788\" y\u003d\"86\"\u003e\u003c/end\u003e \u003c/separator\u003e \u003c/block\u003e  \u003cblock b\u003d\"86\" blockname\u003d\"\" blocktype\u003d\"Separator\" class\u003d\"hidden\" l\u003d\"792\" r\u003d\"793\" style\u003d\"transform: translate(607px, 30px); position: absolute;\" t\u003d\"28\"\u003e \u003cregion\u003e \u003crect b\u003d\"86\" l\u003d\"792\" r\u003d\"793\" t\u003d\"28\"\u003e\u003c/rect\u003e  \u003c/region\u003e  \u003cseparator thickness\u003d\"1\" type\u003d\"Black\"\u003e \u003cstart x\u003d\"792\" y\u003d\"28\"\u003e\u003c/start\u003e \u003cend x\u003d\"792\" y\u003d\"86\"\u003e\u003c/end\u003e \u003c/separator\u003e \u003c/block\u003e  \u003cblock b\u003d\"86\" blockname\u003d\"\" blocktype\u003d\"Separator\" class\u003d\"hidden\" l\u003d\"803\" r\u003d\"805\" style\u003d\"transform: translate(615px, 30px); position: absolute;\" t\u003d\"28\"\u003e \u003cregion\u003e \u003crect b\u003d\"86\" l\u003d\"803\" r\u003d\"805\" t\u003d\"28\"\u003e\u003c/rect\u003e  \u003c/region\u003e  \u003cseparator thickness\u003d\"2\" type\u003d\"Black\"\u003e \u003cstart x\u003d\"804\" y\u003d\"28\"\u003e\u003c/start\u003e \u003cend x\u003d\"804\" y\u003d\"86\"\u003e\u003c/end\u003e \u003c/separator\u003e \u003c/block\u003e  \u003cblock b\u003d\"86\" blockname\u003d\"\" blocktype\u003d\"Separator\" class\u003d\"hidden\" l\u003d\"815\" r\u003d\"817\" style\u003d\"transform: translate(624px, 30px); position: absolute;\" t\u003d\"28\"\u003e \u003cregion\u003e \u003crect b\u003d\"86\" l\u003d\"815\" r\u003d\"817\" t\u003d\"28\"\u003e\u003c/rect\u003e  \u003c/region\u003e  \u003cseparator thickness\u003d\"2\" type\u003d\"Black\"\u003e \u003cstart x\u003d\"816\" y\u003d\"28\"\u003e\u003c/start\u003e \u003cend x\u003d\"816\" y\u003d\"86\"\u003e\u003c/end\u003e \u003c/separator\u003e \u003c/block\u003e  \u003cblock b\u003d\"86\" blockname\u003d\"\" blocktype\u003d\"Separator\" class\u003d\"hidden\" l\u003d\"819\" r\u003d\"822\" style\u003d\"transform: translate(627px, 30px); position: absolute;\" t\u003d\"28\"\u003e \u003cregion\u003e \u003crect b\u003d\"86\" l\u003d\"819\" r\u003d\"822\" t\u003d\"28\"\u003e\u003c/rect\u003e  \u003c/region\u003e  \u003cseparator thickness\u003d\"3\" type\u003d\"Black\"\u003e \u003cstart x\u003d\"820\" y\u003d\"28\"\u003e\u003c/start\u003e \u003cend x\u003d\"820\" y\u003d\"86\"\u003e\u003c/end\u003e \u003c/separator\u003e \u003c/block\u003e  \u003cblock b\u003d\"86\" blockname\u003d\"\" blocktype\u003d\"Separator\" class\u003d\"hidden\" l\u003d\"823\" r\u003d\"826\" style\u003d\"transform: translate(630px, 31px); position: absolute;\" t\u003d\"29\"\u003e \u003cregion\u003e \u003crect b\u003d\"86\" l\u003d\"823\" r\u003d\"826\" t\u003d\"29\"\u003e\u003c/rect\u003e  \u003c/region\u003e  \u003cseparator thickness\u003d\"3\" type\u003d\"Black\"\u003e \u003cstart x\u003d\"824\" y\u003d\"29\"\u003e\u003c/start\u003e \u003cend x\u003d\"824\" y\u003d\"86\"\u003e\u003c/end\u003e \u003c/separator\u003e \u003c/block\u003e  \u003cblock b\u003d\"86\" blockname\u003d\"\" blocktype\u003d\"Separator\" class\u003d\"hidden\" l\u003d\"827\" r\u003d\"829\" style\u003d\"transform: translate(633px, 30px); position: absolute;\" t\u003d\"28\"\u003e \u003cregion\u003e \u003crect b\u003d\"86\" l\u003d\"827\" r\u003d\"829\" t\u003d\"28\"\u003e\u003c/rect\u003e  \u003c/region\u003e  \u003cseparator thickness\u003d\"2\" type\u003d\"Black\"\u003e \u003cstart x\u003d\"828\" y\u003d\"28\"\u003e\u003c/start\u003e \u003cend x\u003d\"828\" y\u003d\"86\"\u003e\u003c/end\u003e \u003c/separator\u003e \u003c/block\u003e  \u003cblock b\u003d\"86\" blockname\u003d\"\" blocktype\u003d\"Separator\" class\u003d\"hidden\" l\u003d\"831\" r\u003d\"834\" style\u003d\"transform: translate(637px, 36px); position: absolute;\" t\u003d\"33\"\u003e \u003cregion\u003e \u003crect b\u003d\"86\" l\u003d\"831\" r\u003d\"834\" t\u003d\"33\"\u003e\u003c/rect\u003e  \u003c/region\u003e  \u003cseparator thickness\u003d\"3\" type\u003d\"Black\"\u003e \u003cstart x\u003d\"832\" y\u003d\"33\"\u003e\u003c/start\u003e \u003cend x\u003d\"832\" y\u003d\"86\"\u003e\u003c/end\u003e \u003c/separator\u003e \u003c/block\u003e  \u003cblock b\u003d\"86\" blockname\u003d\"\" blocktype\u003d\"Separator\" class\u003d\"hidden\" l\u003d\"835\" r\u003d\"838\" style\u003d\"transform: translate(640px, 36px); position: absolute;\" t\u003d\"33\"\u003e \u003cregion\u003e \u003crect b\u003d\"86\" l\u003d\"835\" r\u003d\"838\" t\u003d\"33\"\u003e\u003c/rect\u003e  \u003c/region\u003e  \u003cseparator thickness\u003d\"3\" type\u003d\"Black\"\u003e \u003cstart x\u003d\"836\" y\u003d\"33\"\u003e\u003c/start\u003e \u003cend x\u003d\"836\" y\u003d\"86\"\u003e\u003c/end\u003e \u003c/separator\u003e \u003c/block\u003e  \u003cblock b\u003d\"86\" blockname\u003d\"\" blocktype\u003d\"Separator\" class\u003d\"hidden\" l\u003d\"839\" r\u003d\"842\" style\u003d\"transform: translate(643px, 31px); position: absolute;\" t\u003d\"29\"\u003e \u003cregion\u003e \u003crect b\u003d\"86\" l\u003d\"839\" r\u003d\"842\" t\u003d\"29\"\u003e\u003c/rect\u003e  \u003c/region\u003e  \u003cseparator thickness\u003d\"3\" type\u003d\"Black\"\u003e \u003cstart x\u003d\"840\" y\u003d\"29\"\u003e\u003c/start\u003e \u003cend x\u003d\"840\" y\u003d\"86\"\u003e\u003c/end\u003e \u003c/separator\u003e \u003c/block\u003e  \u003cblock b\u003d\"86\" blockname\u003d\"\" blocktype\u003d\"Separator\" class\u003d\"hidden\" l\u003d\"844\" r\u003d\"845\" style\u003d\"transform: translate(646px, 30px); position: absolute;\" t\u003d\"28\"\u003e \u003cregion\u003e \u003crect b\u003d\"86\" l\u003d\"844\" r\u003d\"845\" t\u003d\"28\"\u003e\u003c/rect\u003e  \u003c/region\u003e  \u003cseparator thickness\u003d\"1\" type\u003d\"Black\"\u003e \u003cstart x\u003d\"844\" y\u003d\"28\"\u003e\u003c/start\u003e \u003cend x\u003d\"844\" y\u003d\"86\"\u003e\u003c/end\u003e \u003c/separator\u003e \u003c/block\u003e  \u003cblock b\u003d\"434\" blockname\u003d\"\" blocktype\u003d\"Separator\" l\u003d\"845\" r\u003d\"847\" style\u003d\"transform: translate(647px, 431px); position: absolute;\" t\u003d\"398\"\u003e \u003cregion\u003e \u003crect b\u003d\"434\" l\u003d\"845\" r\u003d\"847\" t\u003d\"398\"\u003e\u003c/rect\u003e  \u003c/region\u003e  \u003cseparator thickness\u003d\"2\" type\u003d\"Black\"\u003e \u003cstart x\u003d\"846\" y\u003d\"398\"\u003e\u003c/start\u003e \u003cend x\u003d\"846\" y\u003d\"434\"\u003e\u003c/end\u003e \u003c/separator\u003e \u003c/block\u003e  \u003cblock b\u003d\"606\" blockname\u003d\"\" blocktype\u003d\"Separator\" l\u003d\"845\" r\u003d\"848\" style\u003d\"transform: translate(647px, 549px); position: absolute;\" t\u003d\"507\"\u003e \u003cregion\u003e \u003crect b\u003d\"606\" l\u003d\"845\" r\u003d\"848\" t\u003d\"507\"\u003e\u003c/rect\u003e  \u003c/region\u003e  \u003cseparator thickness\u003d\"2\" type\u003d\"Black\"\u003e \u003cstart x\u003d\"846\" y\u003d\"507\"\u003e\u003c/start\u003e \u003cend x\u003d\"846\" y\u003d\"606\"\u003e\u003c/end\u003e \u003c/separator\u003e \u003c/block\u003e  \u003cblock b\u003d\"86\" blockname\u003d\"\" blocktype\u003d\"Separator\" class\u003d\"hidden\" l\u003d\"847\" r\u003d\"851\" style\u003d\"transform: translate(649px, 30px); position: absolute;\" t\u003d\"28\"\u003e \u003cregion\u003e \u003crect b\u003d\"86\" l\u003d\"847\" r\u003d\"851\" t\u003d\"28\"\u003e\u003c/rect\u003e  \u003c/region\u003e  \u003cseparator thickness\u003d\"4\" type\u003d\"Black\"\u003e \u003cstart x\u003d\"849\" y\u003d\"28\"\u003e\u003c/start\u003e \u003cend x\u003d\"849\" y\u003d\"86\"\u003e\u003c/end\u003e \u003c/separator\u003e \u003c/block\u003e  \u003cblock b\u003d\"86\" blockname\u003d\"\" blocktype\u003d\"Separator\" class\u003d\"hidden\" l\u003d\"851\" r\u003d\"855\" style\u003d\"transform: translate(652px, 30px); position: absolute;\" t\u003d\"28\"\u003e \u003cregion\u003e \u003crect b\u003d\"86\" l\u003d\"851\" r\u003d\"855\" t\u003d\"28\"\u003e\u003c/rect\u003e  \u003c/region\u003e  \u003cseparator thickness\u003d\"4\" type\u003d\"Black\"\u003e \u003cstart x\u003d\"853\" y\u003d\"28\"\u003e\u003c/start\u003e \u003cend x\u003d\"853\" y\u003d\"86\"\u003e\u003c/end\u003e \u003c/separator\u003e \u003c/block\u003e  \u003cblock b\u003d\"86\" blockname\u003d\"\" blocktype\u003d\"Separator\" class\u003d\"hidden\" l\u003d\"857\" r\u003d\"858\" style\u003d\"transform: translate(656px, 46px); position: absolute;\" t\u003d\"42\"\u003e \u003cregion\u003e \u003crect b\u003d\"86\" l\u003d\"857\" r\u003d\"858\" t\u003d\"42\"\u003e\u003c/rect\u003e  \u003c/region\u003e  \u003cseparator thickness\u003d\"1\" type\u003d\"Black\"\u003e \u003cstart x\u003d\"857\" y\u003d\"42\"\u003e\u003c/start\u003e \u003cend x\u003d\"857\" y\u003d\"86\"\u003e\u003c/end\u003e \u003c/separator\u003e \u003c/block\u003e  \u003cblock b\u003d\"86\" blockname\u003d\"\" blocktype\u003d\"Separator\" class\u003d\"hidden\" l\u003d\"859\" r\u003d\"861\" style\u003d\"transform: translate(658px, 50px); position: absolute;\" t\u003d\"46\"\u003e \u003cregion\u003e \u003crect b\u003d\"86\" l\u003d\"859\" r\u003d\"861\" t\u003d\"46\"\u003e\u003c/rect\u003e  \u003c/region\u003e  \u003cseparator thickness\u003d\"2\" type\u003d\"Black\"\u003e \u003cstart x\u003d\"860\" y\u003d\"46\"\u003e\u003c/start\u003e \u003cend x\u003d\"860\" y\u003d\"86\"\u003e\u003c/end\u003e \u003c/separator\u003e \u003c/block\u003e  \u003cblock b\u003d\"86\" blockname\u003d\"\" blocktype\u003d\"Separator\" class\u003d\"hidden\" l\u003d\"863\" r\u003d\"866\" style\u003d\"transform: translate(661px, 30px); position: absolute;\" t\u003d\"28\"\u003e \u003cregion\u003e \u003crect b\u003d\"86\" l\u003d\"863\" r\u003d\"866\" t\u003d\"28\"\u003e\u003c/rect\u003e  \u003c/region\u003e  \u003cseparator thickness\u003d\"3\" type\u003d\"Black\"\u003e \u003cstart x\u003d\"864\" y\u003d\"28\"\u003e\u003c/start\u003e \u003cend x\u003d\"864\" y\u003d\"86\"\u003e\u003c/end\u003e \u003c/separator\u003e \u003c/block\u003e  \u003cblock b\u003d\"86\" blockname\u003d\"\" blocktype\u003d\"Separator\" class\u003d\"hidden\" l\u003d\"875\" r\u003d\"878\" style\u003d\"transform: translate(670px, 31px); position: absolute;\" t\u003d\"29\"\u003e \u003cregion\u003e \u003crect b\u003d\"86\" l\u003d\"875\" r\u003d\"878\" t\u003d\"29\"\u003e\u003c/rect\u003e  \u003c/region\u003e  \u003cseparator thickness\u003d\"3\" type\u003d\"Black\"\u003e \u003cstart x\u003d\"876\" y\u003d\"29\"\u003e\u003c/start\u003e \u003cend x\u003d\"876\" y\u003d\"86\"\u003e\u003c/end\u003e \u003c/separator\u003e \u003c/block\u003e  \u003cblock b\u003d\"86\" blockname\u003d\"\" blocktype\u003d\"Separator\" class\u003d\"hidden\" l\u003d\"880\" r\u003d\"881\" style\u003d\"transform: translate(674px, 31px); position: absolute;\" t\u003d\"29\"\u003e \u003cregion\u003e \u003crect b\u003d\"86\" l\u003d\"880\" r\u003d\"881\" t\u003d\"29\"\u003e\u003c/rect\u003e  \u003c/region\u003e  \u003cseparator thickness\u003d\"1\" type\u003d\"Black\"\u003e \u003cstart x\u003d\"880\" y\u003d\"29\"\u003e\u003c/start\u003e \u003cend x\u003d\"880\" y\u003d\"86\"\u003e\u003c/end\u003e \u003c/separator\u003e \u003c/block\u003e  \u003cblock b\u003d\"86\" blockname\u003d\"\" blocktype\u003d\"Separator\" class\u003d\"hidden\" l\u003d\"883\" r\u003d\"886\" style\u003d\"transform: translate(676px, 37px); position: absolute;\" t\u003d\"34\"\u003e \u003cregion\u003e \u003crect b\u003d\"86\" l\u003d\"883\" r\u003d\"886\" t\u003d\"34\"\u003e\u003c/rect\u003e  \u003c/region\u003e  \u003cseparator thickness\u003d\"3\" type\u003d\"Black\"\u003e \u003cstart x\u003d\"884\" y\u003d\"34\"\u003e\u003c/start\u003e \u003cend x\u003d\"884\" y\u003d\"86\"\u003e\u003c/end\u003e \u003c/separator\u003e \u003c/block\u003e  \u003cblock b\u003d\"86\" blockname\u003d\"\" blocktype\u003d\"Separator\" class\u003d\"hidden\" l\u003d\"887\" r\u003d\"890\" style\u003d\"transform: translate(679px, 37px); position: absolute;\" t\u003d\"34\"\u003e \u003cregion\u003e \u003crect b\u003d\"86\" l\u003d\"887\" r\u003d\"890\" t\u003d\"34\"\u003e\u003c/rect\u003e  \u003c/region\u003e  \u003cseparator thickness\u003d\"3\" type\u003d\"Black\"\u003e \u003cstart x\u003d\"888\" y\u003d\"34\"\u003e\u003c/start\u003e \u003cend x\u003d\"888\" y\u003d\"86\"\u003e\u003c/end\u003e \u003c/separator\u003e \u003c/block\u003e  \u003cblock b\u003d\"86\" blockname\u003d\"\" blocktype\u003d\"Separator\" class\u003d\"hidden\" l\u003d\"892\" r\u003d\"895\" style\u003d\"transform: translate(683px, 31px); position: absolute;\" t\u003d\"29\"\u003e \u003cregion\u003e \u003crect b\u003d\"86\" l\u003d\"892\" r\u003d\"895\" t\u003d\"29\"\u003e\u003c/rect\u003e  \u003c/region\u003e  \u003cseparator thickness\u003d\"3\" type\u003d\"Black\"\u003e \u003cstart x\u003d\"893\" y\u003d\"29\"\u003e\u003c/start\u003e \u003cend x\u003d\"893\" y\u003d\"86\"\u003e\u003c/end\u003e \u003c/separator\u003e \u003c/block\u003e  \u003cblock b\u003d\"86\" blockname\u003d\"\" blocktype\u003d\"Separator\" class\u003d\"hidden\" l\u003d\"896\" r\u003d\"897\" style\u003d\"transform: translate(686px, 31px); position: absolute;\" t\u003d\"29\"\u003e \u003cregion\u003e \u003crect b\u003d\"86\" l\u003d\"896\" r\u003d\"897\" t\u003d\"29\"\u003e\u003c/rect\u003e  \u003c/region\u003e  \u003cseparator thickness\u003d\"1\" type\u003d\"Black\"\u003e \u003cstart x\u003d\"896\" y\u003d\"29\"\u003e\u003c/start\u003e \u003cend x\u003d\"896\" y\u003d\"86\"\u003e\u003c/end\u003e \u003c/separator\u003e \u003c/block\u003e  \u003cblock b\u003d\"86\" blockname\u003d\"\" blocktype\u003d\"Separator\" class\u003d\"hidden\" l\u003d\"909\" r\u003d\"913\" style\u003d\"transform: translate(696px, 31px); position: absolute;\" t\u003d\"29\"\u003e \u003cregion\u003e \u003crect b\u003d\"86\" l\u003d\"909\" r\u003d\"913\" t\u003d\"29\"\u003e\u003c/rect\u003e  \u003c/region\u003e  \u003cseparator thickness\u003d\"4\" type\u003d\"Black\"\u003e \u003cstart x\u003d\"911\" y\u003d\"29\"\u003e\u003c/start\u003e \u003cend x\u003d\"911\" y\u003d\"86\"\u003e\u003c/end\u003e \u003c/separator\u003e \u003c/block\u003e  \u003cblock b\u003d\"606\" blockname\u003d\"\" blocktype\u003d\"Separator\" l\u003d\"924\" r\u003d\"927\" style\u003d\"transform: translate(708px, 432px); position: absolute;\" t\u003d\"399\"\u003e \u003cregion\u003e \u003crect b\u003d\"506\" l\u003d\"925\" r\u003d\"927\" t\u003d\"399\"\u003e\u003c/rect\u003e  \u003crect b\u003d\"606\" l\u003d\"924\" r\u003d\"926\" t\u003d\"506\"\u003e\u003c/rect\u003e  \u003c/region\u003e  \u003cseparator thickness\u003d\"2\" type\u003d\"Black\"\u003e \u003cstart x\u003d\"925\" y\u003d\"399\"\u003e\u003c/start\u003e \u003cend x\u003d\"925\" y\u003d\"606\"\u003e\u003c/end\u003e \u003c/separator\u003e \u003c/block\u003e  \u003cblock b\u003d\"984\" blockname\u003d\"\" blocktype\u003d\"Separator\" l\u003d\"924\" r\u003d\"926\" style\u003d\"transform: translate(708px, 681px); position: absolute;\" t\u003d\"629\"\u003e \u003cregion\u003e \u003crect b\u003d\"984\" l\u003d\"924\" r\u003d\"926\" t\u003d\"629\"\u003e\u003c/rect\u003e  \u003c/region\u003e  \u003cseparator thickness\u003d\"2\" type\u003d\"Black\"\u003e \u003cstart x\u003d\"925\" y\u003d\"629\"\u003e\u003c/start\u003e \u003cend x\u003d\"925\" y\u003d\"984\"\u003e\u003c/end\u003e \u003c/separator\u003e \u003c/block\u003e  \u003cblock b\u003d\"401\" blockname\u003d\"\" blocktype\u003d\"Separator\" class\u003d\"hidden\" l\u003d\"400\" r\u003d\"402\" style\u003d\"transform: translate(306px, 412px); position: absolute;\" t\u003d\"380\"\u003e \u003cregion\u003e \u003crect b\u003d\"401\" l\u003d\"400\" r\u003d\"402\" t\u003d\"380\"\u003e\u003c/rect\u003e  \u003c/region\u003e  \u003cseparator thickness\u003d\"2\" type\u003d\"Black\"\u003e \u003cstart x\u003d\"401\" y\u003d\"380\"\u003e\u003c/start\u003e \u003cend x\u003d\"401\" y\u003d\"401\"\u003e\u003c/end\u003e \u003c/separator\u003e \u003c/block\u003e  \u003c/page\u003e   \u003c/document\u003e\u003c/body\u003e\u003c/html\u003e","tags":[{"begin":26,"end":41,"text":"Sleies Security","tag":"supplier_name","fieldType":"COMPANY_NAME","score":0.7915279792611782,"estimatedAccuracy":0.0},{"begin":437,"end":446,"text":"7/18/2008","tag":"invoice_date","fieldType":"DATE","score":0.7209911195763812,"estimatedAccuracy":0.0},{"begin":938,"end":962,"text":"Mobile Alarm GPS Locator","tag":"product","fieldType":"TEXT","score":0.7970872389603236,"estimatedAccuracy":0.0},{"begin":974,"end":975,"text":"1","tag":"quantity","fieldType":"NUMBER","score":0.7916307065001196,"estimatedAccuracy":0.0},{"begin":989,"end":990,"text":"1","tag":"quantity","fieldType":"NUMBER","score":0.3898093107609904,"estimatedAccuracy":0.0},{"begin":1006,"end":1012,"text":"499.95","tag":"price","fieldType":"NUMBER","score":0.8082745130147535,"estimatedAccuracy":0.0},{"begin":1095,"end":1132,"text":"750 locates per month subscription UP","tag":"product","fieldType":"TEXT","score":0.6772046040193554,"estimatedAccuracy":0.0},{"begin":1144,"end":1145,"text":"1","tag":"quantity","fieldType":"NUMBER","score":0.8093733358343876,"estimatedAccuracy":0.0},{"begin":1176,"end":1181,"text":"49.95","tag":"price","fieldType":"NUMBER","score":0.8227422075377265,"estimatedAccuracy":0.0},{"begin":1263,"end":1296,"text":"Service activation for the PT8200","tag":"product","fieldType":"TEXT","score":0.7078933685288098,"estimatedAccuracy":0.0},{"begin":1308,"end":1309,"text":"1","tag":"quantity","fieldType":"NUMBER","score":0.6722186796295742,"estimatedAccuracy":0.0},{"begin":1340,"end":1345,"text":"69.95","tag":"price","fieldType":"NUMBER","score":0.8759233753713979,"estimatedAccuracy":0.0},{"begin":1753,"end":1759,"text":"649.35","tag":"total_amount","fieldType":"NUMBER","score":0.846056113261422,"estimatedAccuracy":0.0}],"group":"invoice_date|price|product|quantity|supplier_name|total_amount","limeExplanation":{},"liblinearFeatureImportance":{}}