{"finalScore":0.0,"metaInfo":{"model":{"coreVersion":"10.3.0.39"}},"sumScore":0.0,"tagsCounter":0.0,"taggedText":"\u003cdocument languages\u003d\"\" producer\u003d\"Workfusion\" schemalocation\u003d\"http://ocr.crowdcomputingsystems.com/xml/schema-v1.xml\" version\u003d\"1.0\" xmlns\u003d\"http://ocr.crowdcomputingsystems.com/xml/schema-v1.xml\" xsi\u003d\"http://www.w3.org/2001/XMLSchema-instance\"\u003e \u003clink href\u003d\"https://s3.amazonaws.com/workfusion-resources/ocr/ocr-xml-viewer-0.3-scale-to-width.css\" rel\u003d\"stylesheet\" type\u003d\"text/css\"\u003e\u003c/link\u003e \u003cstyle\u003e\u003c/style\u003e\u003cpage data-pages\u003d\"1\" h\u003d\"480\" resolution\u003d\"150\" style\u003d\"height: 410px;\" w\u003d\"579\"\u003e \u003cblock b\u003d\"120\" blockname\u003d\"\" blocktype\u003d\"Text\" l\u003d\"31\" r\u003d\"95\" style\u003d\"transform: translate(75px, 90px); position: absolute; width: 155.413px; height: 13.8667px;\" t\u003d\"104\"\u003e \u003cregion\u003e \u003crect b\u003d\"120\" l\u003d\"31\" r\u003d\"95\" t\u003d\"104\"\u003e\u003c/rect\u003e  \u003c/region\u003e  \u003ctext\u003e \u003cpar linespacing\u003d\"530\"\u003e \u003cline b\u003d\"117\" baseline\u003d\"117\" l\u003d\"34\" r\u003d\"91\" style\u003d\"transform: translate(7px, 2px); position: absolute;\" t\u003d\"106\"\u003e \u003cformatting lang\u003d\"EnglishUnitedStates\"\u003e INVOICE \u003c/formatting\u003e  \u003c/line\u003e  \u003c/par\u003e  \u003c/text\u003e  \u003c/block\u003e  \u003cblock b\u003d\"78\" blockname\u003d\"\" blocktype\u003d\"Text\" l\u003d\"95\" r\u003d\"219\" style\u003d\"transform: translate(231px, 1px); position: absolute; width: 301.112px; height: 66.7333px;\" t\u003d\"1\"\u003e \u003cregion\u003e \u003crect b\u003d\"27\" l\u003d\"95\" r\u003d\"219\" t\u003d\"1\"\u003e\u003c/rect\u003e  \u003crect b\u003d\"33\" l\u003d\"95\" r\u003d\"110\" t\u003d\"27\"\u003e\u003c/rect\u003e  \u003crect b\u003d\"56\" l\u003d\"95\" r\u003d\"109\" t\u003d\"33\"\u003e\u003c/rect\u003e  \u003crect b\u003d\"78\" l\u003d\"95\" r\u003d\"110\" t\u003d\"56\"\u003e\u003c/rect\u003e  \u003c/region\u003e  \u003ctext\u003e \u003cpar linespacing\u003d\"860\"\u003e \u003cline b\u003d\"53\" baseline\u003d\"53\" l\u003d\"95\" r\u003d\"109\" style\u003d\"transform: translate(0px, 29px); position: absolute;\" t\u003d\"35\"\u003e \u003cformatting lang\u003d\"EnglishUnitedStates\"\u003e \u0026gt;2 \u003c/formatting\u003e  \u003c/line\u003e  \u003c/par\u003e  \u003c/text\u003e  \u003c/block\u003e  \u003cblock b\u003d\"56\" blockname\u003d\"\" blocktype\u003d\"Text\" l\u003d\"109\" r\u003d\"219\" style\u003d\"transform: translate(265px, 29px); position: absolute; width: 267.116px; height: 19.9333px;\" t\u003d\"33\"\u003e \u003cregion\u003e \u003crect b\u003d\"56\" l\u003d\"109\" r\u003d\"219\" t\u003d\"33\"\u003e\u003c/rect\u003e  \u003c/region\u003e  \u003ctext\u003e \u003cpar linespacing\u003d\"770\"\u003e \u003cline b\u003d\"53\" baseline\u003d\"51\" l\u003d\"111\" r\u003d\"212\" style\u003d\"transform: translate(5px, 2px); position: absolute;\" t\u003d\"35\"\u003e \u003cformatting lang\u003d\"EnglishUnitedStates\"\u003e ,400.00 usd \u003c/formatting\u003e  \u003c/line\u003e  \u003c/par\u003e  \u003c/text\u003e  \u003c/block\u003e  \u003cblock b\u003d\"53\" blockname\u003d\"\" blocktype\u003d\"Text\" l\u003d\"434\" r\u003d\"551\" style\u003d\"transform: translate(1054px, 35px); position: absolute; width: 284.114px; height: 11.2667px;\" t\u003d\"40\"\u003e \u003cregion\u003e \u003crect b\u003d\"53\" l\u003d\"434\" r\u003d\"551\" t\u003d\"40\"\u003e\u003c/rect\u003e  \u003c/region\u003e  \u003ctext\u003e \u003cpar align\u003d\"Justified\" linespacing\u003d\"340\"\u003e \u003cline b\u003d\"49\" baseline\u003d\"49\" l\u003d\"436\" r\u003d\"547\" style\u003d\"transform: translate(5px, 2px); position: absolute;\" t\u003d\"42\"\u003e \u003cformatting lang\u003d\"EnglishUnitedStates\"\u003e PDF CSV Save \u003c/formatting\u003e  \u003c/line\u003e  \u003c/par\u003e  \u003c/text\u003e  \u003c/block\u003e  \u003cblock b\u003d\"149\" blockname\u003d\"\" blocktype\u003d\"Text\" l\u003d\"461\" r\u003d\"536\" style\u003d\"transform: translate(1119px, 99px); position: absolute; width: 182.124px; height: 30.3333px;\" t\u003d\"114\"\u003e \u003cregion\u003e \u003crect b\u003d\"149\" l\u003d\"461\" r\u003d\"536\" t\u003d\"114\"\u003e\u003c/rect\u003e  \u003c/region\u003e  \u003ctext\u003e \u003cpar linespacing\u003d\"380\"\u003e \u003cline b\u003d\"145\" baseline\u003d\"144\" l\u003d\"463\" r\u003d\"532\" style\u003d\"transform: translate(5px, 19px); position: absolute;\" t\u003d\"136\"\u003e \u003cformatting lang\u003d\"EnglishUnitedStates\"\u003e Cooler MakerMn* Co \u003c/formatting\u003e  \u003c/line\u003e  \u003c/par\u003e  \u003c/text\u003e  \u003c/block\u003e  \u003cblock b\u003d\"251\" blockname\u003d\"\" blocktype\u003d\"Text\" l\u003d\"24\" r\u003d\"99\" style\u003d\"transform: translate(58px, 208px); position: absolute; width: 182.124px; height: 9.53333px;\" t\u003d\"240\"\u003e \u003cregion\u003e \u003crect b\u003d\"251\" l\u003d\"24\" r\u003d\"99\" t\u003d\"240\"\u003e\u003c/rect\u003e  \u003c/region\u003e  \u003ctext\u003e \u003cpar linespacing\u003d\"290\"\u003e \u003cline b\u003d\"248\" baseline\u003d\"247\" l\u003d\"32\" r\u003d\"90\" style\u003d\"transform: translate(19px, 1px); position: absolute;\" t\u003d\"241\"\u003e \u003cformatting lang\u003d\"EnglishUnitedStates\"\u003e Invoke Mumbai \u003c/formatting\u003e  \u003c/line\u003e  \u003c/par\u003e  \u003c/text\u003e  \u003c/block\u003e  \u003cblock b\u003d\"251\" blockname\u003d\"\" blocktype\u003d\"Text\" l\u003d\"159\" r\u003d\"263\" style\u003d\"transform: translate(386px, 162px); position: absolute; width: 252.546px; height: 55.4667px;\" t\u003d\"187\"\u003e \u003cregion\u003e \u003crect b\u003d\"251\" l\u003d\"159\" r\u003d\"263\" t\u003d\"187\"\u003e\u003c/rect\u003e  \u003c/region\u003e  \u003ctext\u003e \u003cpar linespacing\u003d\"480\"\u003e \u003cline b\u003d\"196\" baseline\u003d\"194\" l\u003d\"167\" r\u003d\"241\" style\u003d\"transform: translate(19px, 2px); position: absolute;\" t\u003d\"189\"\u003e \u003cformatting lang\u003d\"EnglishUnitedStates\"\u003e Ridweay University \u003c/formatting\u003e  \u003c/line\u003e  \u003cline b\u003d\"207\" baseline\u003d\"205\" l\u003d\"167\" r\u003d\"253\" style\u003d\"transform: translate(19px, 10px); position: absolute;\" t\u003d\"199\"\u003e \u003cformatting lang\u003d\"EnglishUnitedStates\"\u003e Ar\u0026laquo;n\u0026raquo;on Accounts Dept \u003c/formatting\u003e  \u003c/line\u003e  \u003cline b\u003d\"216\" baseline\u003d\"216\" l\u003d\"167\" r\u003d\"231\" style\u003d\"transform: translate(19px, 20px); position: absolute;\" t\u003d\"210\"\u003e \u003cformatting lang\u003d\"EnglishUnitedStates\"\u003e 9-123 Lambda A\u0026raquo;e \u003c/formatting\u003e  \u003c/line\u003e  \u003cline b\u003d\"227\" baseline\u003d\"227\" l\u003d\"167\" r\u003d\"257\" style\u003d\"transform: translate(19px, 29px); position: absolute;\" t\u003d\"220\"\u003e \u003cformatting lang\u003d\"EnglishUnitedStates\"\u003e COPPERTOVW FI 46678 \u003c/formatting\u003e  \u003c/line\u003e  \u003c/par\u003e  \u003cpar linespacing\u003d\"340\"\u003e \u003cline b\u003d\"248\" baseline\u003d\"248\" l\u003d\"167\" r\u003d\"198\" style\u003d\"transform: translate(19px, 47px); position: absolute;\" t\u003d\"241\"\u003e \u003cformatting lang\u003d\"EnglishUnitedStates\"\u003e INV-0042 \u003c/formatting\u003e  \u003c/line\u003e  \u003c/par\u003e  \u003c/text\u003e  \u003c/block\u003e  \u003cblock b\u003d\"242\" blockname\u003d\"\" blocktype\u003d\"Text\" l\u003d\"386\" r\u003d\"481\" style\u003d\"transform: translate(937px, 161px); position: absolute; width: 230.691px; height: 48.5333px;\" t\u003d\"186\"\u003e \u003cregion\u003e \u003crect b\u003d\"242\" l\u003d\"386\" r\u003d\"481\" t\u003d\"186\"\u003e\u003c/rect\u003e  \u003c/region\u003e  \u003ctext\u003e \u003cpar linespacing\u003d\"480\"\u003e \u003cline b\u003d\"197\" baseline\u003d\"195\" l\u003d\"388\" r\u003d\"461\" style\u003d\"transform: translate(5px, 2px); position: absolute;\" t\u003d\"188\"\u003e \u003cformatting lang\u003d\"EnglishUnitedStates\"\u003e Cooler Maker Consulting Co \u003c/formatting\u003e  \u003c/line\u003e  \u003cline b\u003d\"206\" baseline\u003d\"205\" l\u003d\"388\" r\u003d\"439\" style\u003d\"transform: translate(5px, 11px); position: absolute;\" t\u003d\"199\"\u003e \u003cformatting lang\u003d\"EnglishUnitedStates\"\u003e 123 Main Street \u003c/formatting\u003e  \u003c/line\u003e  \u003cline b\u003d\"218\" baseline\u003d\"216\" l\u003d\"389\" r\u003d\"428\" style\u003d\"transform: translate(7px, 21px); position: absolute;\" t\u003d\"210\"\u003e \u003cformatting lang\u003d\"EnglishUnitedStates\"\u003e Cental C*y \u003c/formatting\u003e  \u003c/line\u003e  \u003c/par\u003e  \u003cpar linespacing\u003d\"480\"\u003e \u003cline b\u003d\"227\" baseline\u003d\"227\" l\u003d\"389\" r\u003d\"477\" style\u003d\"transform: translate(7px, 29px); position: absolute;\" t\u003d\"220\"\u003e \u003cformatting lang\u003d\"EnglishUnitedStates\"\u003e MARI NEVILLE NY 12123 \u003c/formatting\u003e  \u003c/line\u003e  \u003cline b\u003d\"238\" baseline\u003d\"238\" l\u003d\"388\" r\u003d\"404\" style\u003d\"transform: translate(5px, 39px); position: absolute;\" t\u003d\"231\"\u003e \u003cformatting lang\u003d\"EnglishUnitedStates\"\u003e USA \u003c/formatting\u003e  \u003c/line\u003e  \u003c/par\u003e  \u003c/text\u003e  \u003c/block\u003e  \u003cblock b\u003d\"294\" blockname\u003d\"\" blocktype\u003d\"Text\" l\u003d\"29\" r\u003d\"50\" style\u003d\"transform: translate(70px, 244px); position: absolute; width: 50.9948px; height: 11.2667px;\" t\u003d\"281\"\u003e \u003cregion\u003e \u003crect b\u003d\"294\" l\u003d\"29\" r\u003d\"50\" t\u003d\"281\"\u003e\u003c/rect\u003e  \u003c/region\u003e  \u003ctext\u003e \u003cpar linespacing\u003d\"340\"\u003e \u003cline b\u003d\"290\" baseline\u003d\"290\" l\u003d\"32\" r\u003d\"46\" style\u003d\"transform: translate(7px, 2px); position: absolute;\" t\u003d\"283\"\u003e \u003cformatting lang\u003d\"EnglishUnitedStates\"\u003e Due \u003c/formatting\u003e  \u003c/line\u003e  \u003c/par\u003e  \u003c/text\u003e  \u003c/block\u003e  \u003cblock b\u003d\"354\" blockname\u003d\"\" blocktype\u003d\"Text\" l\u003d\"28\" r\u003d\"87\" style\u003d\"transform: translate(68px, 279px); position: absolute; width: 143.271px; height: 27.7333px;\" t\u003d\"322\"\u003e \u003cregion\u003e \u003crect b\u003d\"354\" l\u003d\"28\" r\u003d\"87\" t\u003d\"322\"\u003e\u003c/rect\u003e  \u003c/region\u003e  \u003ctext\u003e \u003cpar align\u003d\"Justified\" linespacing\u003d\"816\" rightindent\u003d\"700\"\u003e \u003cline b\u003d\"333\" baseline\u003d\"331\" l\u003d\"31\" r\u003d\"72\" style\u003d\"transform: translate(7px, 3px); position: absolute;\" t\u003d\"325\"\u003e \u003cformatting lang\u003d\"EnglishUnitedStates\"\u003e Description \u003c/formatting\u003e  \u003c/line\u003e  \u003cline b\u003d\"350\" baseline\u003d\"348\" l\u003d\"30\" r\u003d\"83\" style\u003d\"transform: translate(5px, 17px); position: absolute;\" t\u003d\"342\"\u003e \u003cformatting lang\u003d\"EnglishUnitedStates\"\u003e ConsJtng tees \u003c/formatting\u003e  \u003c/line\u003e  \u003c/par\u003e  \u003c/text\u003e  \u003c/block\u003e  \u003cblock b\u003d\"400\" blockname\u003d\"\" blocktype\u003d\"Text\" l\u003d\"351\" r\u003d\"546\" style\u003d\"transform: translate(852px, 279px); position: absolute; width: 473.523px; height: 67.6px;\" t\u003d\"322\"\u003e \u003cregion\u003e \u003crect b\u003d\"400\" l\u003d\"351\" r\u003d\"546\" t\u003d\"322\"\u003e\u003c/rect\u003e  \u003c/region\u003e  \u003ctext\u003e \u003cpar align\u003d\"Justified\" linespacing\u003d\"864\"\u003e \u003cline b\u003d\"333\" baseline\u003d\"331\" l\u003d\"357\" r\u003d\"543\" style\u003d\"transform: translate(15px, 3px); position: absolute;\" t\u003d\"325\"\u003e \u003cformatting lang\u003d\"EnglishUnitedStates\"\u003e Quantity Unit Plica Amount USO \u003c/formatting\u003e  \u003c/line\u003e  \u003c/par\u003e  \u003cpar align\u003d\"Justified\" linespacing\u003d\"864\"\u003e \u003cline b\u003d\"349\" baseline\u003d\"349\" l\u003d\"369\" r\u003d\"542\" style\u003d\"transform: translate(44px, 17px); position: absolute;\" t\u003d\"342\"\u003e \u003cformatting lang\u003d\"EnglishUnitedStates\"\u003e 12 00 200 00 2.400.00 \u003c/formatting\u003e  \u003c/line\u003e  \u003c/par\u003e  \u003cpar align\u003d\"Justified\" leftindent\u003d\"1900\" linespacing\u003d\"864\"\u003e \u003cline b\u003d\"369\" baseline\u003d\"368\" l\u003d\"396\" r\u003d\"542\" style\u003d\"transform: translate(109px, 35px); position: absolute;\" t\u003d\"362\"\u003e \u003cformatting lang\u003d\"EnglishUnitedStates\"\u003e Subtotal 2 400 00 \u003c/formatting\u003e  \u003c/line\u003e  \u003c/par\u003e  \u003cpar align\u003d\"Justified\" linespacing\u003d\"430\"\u003e \u003cline b\u003d\"396\" baseline\u003d\"393\" l\u003d\"353\" r\u003d\"540\" style\u003d\"transform: translate(5px, 54px); position: absolute;\" t\u003d\"384\"\u003e \u003cformatting lang\u003d\"EnglishUnitedStates\"\u003e Amount Qua USO 2,400.00 \u003c/formatting\u003e  \u003c/line\u003e  \u003c/par\u003e  \u003c/text\u003e  \u003c/block\u003e  \u003cblock b\u003d\"473\" blockname\u003d\"\" blocktype\u003d\"Text\" l\u003d\"25\" r\u003d\"544\" style\u003d\"transform: translate(61px, 374px); position: absolute; width: 1260.3px; height: 35.5333px;\" t\u003d\"432\"\u003e \u003cregion\u003e \u003crect b\u003d\"473\" l\u003d\"25\" r\u003d\"544\" t\u003d\"432\"\u003e\u003c/rect\u003e  \u003c/region\u003e  \u003ctext\u003e \u003cpar align\u003d\"Justified\" linespacing\u003d\"1296\"\u003e \u003cline b\u003d\"443\" baseline\u003d\"441\" l\u003d\"27\" r\u003d\"540\" style\u003d\"transform: translate(5px, 3px); position: absolute;\" t\u003d\"435\"\u003e \u003cformatting lang\u003d\"EnglishUnitedStates\"\u003e Electrons payment p\u0026gt;e/\u0026laquo;*red - use the Pay noW button to pey via Stripe rrtth you cratM card Aftemalrveiy use ou account 123456799-1234567890 \u003c/formatting\u003e  \u003c/line\u003e  \u003cline b\u003d\"469\" baseline\u003d\"468\" l\u003d\"27\" r\u003d\"229\" style\u003d\"transform: translate(5px, 27px); position: absolute;\" t\u003d\"463\"\u003e \u003cformatting lang\u003d\"EnglishUnitedStates\"\u003e rr.jv.-M COea 2) Man SteM Cvm Cr Omw W 12121 u!* \u003c/formatting\u003e  \u003c/line\u003e  \u003c/par\u003e  \u003c/text\u003e  \u003c/block\u003e  \u003cblock b\u003d\"171\" blockname\u003d\"\" blocktype\u003d\"SeparatorsBox\" class\u003d\"hidden\" l\u003d\"449\" r\u003d\"547\" style\u003d\"transform: translate(1090px, 82px); position: absolute;\" t\u003d\"95\"\u003e \u003cregion\u003e \u003crect b\u003d\"97\" l\u003d\"449\" r\u003d\"547\" t\u003d\"95\"\u003e\u003c/rect\u003e  \u003crect b\u003d\"169\" l\u003d\"449\" r\u003d\"547\" t\u003d\"97\"\u003e\u003c/rect\u003e  \u003crect b\u003d\"171\" l\u003d\"449\" r\u003d\"547\" t\u003d\"169\"\u003e\u003c/rect\u003e  \u003c/region\u003e  \u003cseparatorsbox\u003e \u003cseparator thickness\u003d\"2\" type\u003d\"Black\"\u003e \u003cstart x\u003d\"449\" y\u003d\"96\"\u003e\u003c/start\u003e \u003cend x\u003d\"547\" y\u003d\"96\"\u003e\u003c/end\u003e \u003c/separator\u003e \u003cseparator thickness\u003d\"2\" type\u003d\"Black\"\u003e \u003cstart x\u003d\"449\" y\u003d\"170\"\u003e\u003c/start\u003e \u003cend x\u003d\"547\" y\u003d\"170\"\u003e\u003c/end\u003e \u003c/separator\u003e \u003cseparator thickness\u003d\"2\" type\u003d\"Black\"\u003e \u003cstart x\u003d\"450\" y\u003d\"95\"\u003e\u003c/start\u003e \u003cend x\u003d\"450\" y\u003d\"171\"\u003e\u003c/end\u003e \u003c/separator\u003e \u003cseparator thickness\u003d\"2\" type\u003d\"Black\"\u003e \u003cstart x\u003d\"546\" y\u003d\"95\"\u003e\u003c/start\u003e \u003cend x\u003d\"546\" y\u003d\"171\"\u003e\u003c/end\u003e \u003c/separator\u003e \u003c/separatorsbox\u003e \u003c/block\u003e  \u003cblock b\u003d\"56\" blockname\u003d\"\" blocktype\u003d\"Separator\" l\u003d\"430\" r\u003d\"496\" style\u003d\"transform: translate(1044px, 48px); position: absolute;\" t\u003d\"55\"\u003e \u003cregion\u003e \u003crect b\u003d\"56\" l\u003d\"430\" r\u003d\"496\" t\u003d\"55\"\u003e\u003c/rect\u003e  \u003c/region\u003e  \u003cseparator thickness\u003d\"1\" type\u003d\"Black\"\u003e \u003cstart x\u003d\"430\" y\u003d\"55\"\u003e\u003c/start\u003e \u003cend x\u003d\"496\" y\u003d\"55\"\u003e\u003c/end\u003e \u003c/separator\u003e \u003c/block\u003e  \u003cblock b\u003d\"68\" blockname\u003d\"\" blocktype\u003d\"Separator\" l\u003d\"132\" r\u003d\"579\" style\u003d\"transform: translate(321px, 55px); position: absolute;\" t\u003d\"63\"\u003e \u003cregion\u003e \u003crect b\u003d\"64\" l\u003d\"285\" r\u003d\"427\" t\u003d\"63\"\u003e\u003c/rect\u003e  \u003crect b\u003d\"66\" l\u003d\"132\" r\u003d\"579\" t\u003d\"64\"\u003e\u003c/rect\u003e  \u003crect b\u003d\"67\" l\u003d\"150\" r\u003d\"579\" t\u003d\"66\"\u003e\u003c/rect\u003e  \u003crect b\u003d\"68\" l\u003d\"150\" r\u003d\"579\" t\u003d\"67\"\u003e\u003c/rect\u003e  \u003c/region\u003e  \u003cseparator thickness\u003d\"4\" type\u003d\"Black\"\u003e \u003cstart x\u003d\"132\" y\u003d\"65\"\u003e\u003c/start\u003e \u003cend x\u003d\"579\" y\u003d\"65\"\u003e\u003c/end\u003e \u003c/separator\u003e \u003c/block\u003e  \u003cblock b\u003d\"84\" blockname\u003d\"\" blocktype\u003d\"Separator\" l\u003d\"7\" r\u003d\"86\" style\u003d\"transform: translate(17px, 70px); position: absolute;\" t\u003d\"81\"\u003e \u003cregion\u003e \u003crect b\u003d\"84\" l\u003d\"7\" r\u003d\"86\" t\u003d\"81\"\u003e\u003c/rect\u003e  \u003c/region\u003e  \u003cseparator thickness\u003d\"2\" type\u003d\"Black\"\u003e \u003cstart x\u003d\"7\" y\u003d\"82\"\u003e\u003c/start\u003e \u003cend x\u003d\"86\" y\u003d\"82\"\u003e\u003c/end\u003e \u003c/separator\u003e \u003c/block\u003e  \u003cblock b\u003d\"84\" blockname\u003d\"\" blocktype\u003d\"Separator\" l\u003d\"147\" r\u003d\"573\" style\u003d\"transform: translate(357px, 70px); position: absolute;\" t\u003d\"81\"\u003e \u003cregion\u003e \u003crect b\u003d\"84\" l\u003d\"147\" r\u003d\"573\" t\u003d\"81\"\u003e\u003c/rect\u003e  \u003c/region\u003e  \u003cseparator thickness\u003d\"2\" type\u003d\"Black\"\u003e \u003cstart x\u003d\"147\" y\u003d\"82\"\u003e\u003c/start\u003e \u003cend x\u003d\"573\" y\u003d\"82\"\u003e\u003c/end\u003e \u003c/separator\u003e \u003c/block\u003e  \u003cblock b\u003d\"423\" blockname\u003d\"\" blocktype\u003d\"Separator\" l\u003d\"27\" r\u003d\"547\" style\u003d\"transform: translate(66px, 365px); position: absolute;\" t\u003d\"421\"\u003e \u003cregion\u003e \u003crect b\u003d\"423\" l\u003d\"27\" r\u003d\"547\" t\u003d\"421\"\u003e\u003c/rect\u003e  \u003c/region\u003e  \u003cseparator thickness\u003d\"2\" type\u003d\"Black\"\u003e \u003cstart x\u003d\"27\" y\u003d\"422\"\u003e\u003c/start\u003e \u003cend x\u003d\"547\" y\u003d\"422\"\u003e\u003c/end\u003e \u003c/separator\u003e \u003c/block\u003e  \u003cblock b\u003d\"480\" blockname\u003d\"\" blocktype\u003d\"Separator\" l\u003d\"0\" r\u003d\"579\" style\u003d\"transform: translate(0px, 413px); position: absolute;\" t\u003d\"477\"\u003e \u003cregion\u003e \u003crect b\u003d\"480\" l\u003d\"0\" r\u003d\"579\" t\u003d\"477\"\u003e\u003c/rect\u003e  \u003c/region\u003e  \u003cseparator thickness\u003d\"3\" type\u003d\"Black\"\u003e \u003cstart x\u003d\"0\" y\u003d\"478\"\u003e\u003c/start\u003e \u003cend x\u003d\"579\" y\u003d\"478\"\u003e\u003c/end\u003e \u003c/separator\u003e \u003c/block\u003e  \u003cblock b\u003d\"476\" blockname\u003d\"\" blocktype\u003d\"Separator\" l\u003d\"0\" r\u003d\"3\" style\u003d\"transform: translate(0px, 46px); position: absolute;\" t\u003d\"53\"\u003e \u003cregion\u003e \u003crect b\u003d\"476\" l\u003d\"0\" r\u003d\"3\" t\u003d\"53\"\u003e\u003c/rect\u003e  \u003c/region\u003e  \u003cseparator thickness\u003d\"3\" type\u003d\"Black\"\u003e \u003cstart x\u003d\"1\" y\u003d\"53\"\u003e\u003c/start\u003e \u003cend x\u003d\"1\" y\u003d\"476\"\u003e\u003c/end\u003e \u003c/separator\u003e \u003c/block\u003e  \u003cblock b\u003d\"476\" blockname\u003d\"\" blocktype\u003d\"Separator\" l\u003d\"4\" r\u003d\"9\" style\u003d\"transform: translate(10px, 71px); position: absolute;\" t\u003d\"82\"\u003e \u003cregion\u003e \u003crect b\u003d\"88\" l\u003d\"6\" r\u003d\"9\" t\u003d\"82\"\u003e\u003c/rect\u003e  \u003crect b\u003d\"476\" l\u003d\"4\" r\u003d\"9\" t\u003d\"88\"\u003e\u003c/rect\u003e  \u003c/region\u003e  \u003cseparator thickness\u003d\"4\" type\u003d\"Black\"\u003e \u003cstart x\u003d\"6\" y\u003d\"82\"\u003e\u003c/start\u003e \u003cend x\u003d\"6\" y\u003d\"476\"\u003e\u003c/end\u003e \u003c/separator\u003e \u003c/block\u003e  \u003cblock b\u003d\"476\" blockname\u003d\"\" blocktype\u003d\"Separator\" l\u003d\"570\" r\u003d\"574\" style\u003d\"transform: translate(1384px, 72px); position: absolute;\" t\u003d\"83\"\u003e \u003cregion\u003e \u003crect b\u003d\"476\" l\u003d\"570\" r\u003d\"574\" t\u003d\"83\"\u003e\u003c/rect\u003e  \u003c/region\u003e  \u003cseparator thickness\u003d\"4\" type\u003d\"Black\"\u003e \u003cstart x\u003d\"572\" y\u003d\"83\"\u003e\u003c/start\u003e \u003cend x\u003d\"572\" y\u003d\"476\"\u003e\u003c/end\u003e \u003c/separator\u003e \u003c/block\u003e  \u003cblock b\u003d\"476\" blockname\u003d\"\" blocktype\u003d\"Separator\" l\u003d\"575\" r\u003d\"579\" style\u003d\"transform: translate(1396px, 22px); position: absolute;\" t\u003d\"25\"\u003e \u003cregion\u003e \u003crect b\u003d\"476\" l\u003d\"575\" r\u003d\"579\" t\u003d\"25\"\u003e\u003c/rect\u003e  \u003c/region\u003e  \u003cseparator thickness\u003d\"4\" type\u003d\"Black\"\u003e \u003cstart x\u003d\"577\" y\u003d\"25\"\u003e\u003c/start\u003e \u003cend x\u003d\"577\" y\u003d\"476\"\u003e\u003c/end\u003e \u003c/separator\u003e \u003c/block\u003e  \u003cblock b\u003d\"23\" blockname\u003d\"\" blocktype\u003d\"Text\" l\u003d\"14\" r\u003d\"576\" style\u003d\"transform: translate(34px, 2px); position: absolute; width: 1364.72px; height: 18.2px;\" t\u003d\"2\"\u003e \u003cregion\u003e \u003crect b\u003d\"23\" l\u003d\"14\" r\u003d\"576\" t\u003d\"2\"\u003e\u003c/rect\u003e  \u003c/region\u003e  \u003ctext\u003e \u003cpar linespacing\u003d\"-1\"\u003e\u003c/par\u003e  \u003c/text\u003e  \u003c/block\u003e  \u003c/page\u003e       \u003c/document\u003e","tags":[],"group":"","limeExplanation":{},"liblinearFeatureImportance":{}}