{"finalScore":0.7248560672258817,"metaInfo":{"model":{"coreVersion":"10.3.0.39"}},"sumScore":5.073992470581172,"tagsCounter":7.0,"taggedText":"\u003chtml\u003e\u003chead\u003e\u003cscript src\u003d\"https://ajax.googleapis.com/ajax/libs/jquery/2.2.0/jquery.min.js\"\u003e\u003c/script\u003e\u003c/head\u003e\u003cbody\u003e\u003cdocument languages\u003d\"\" producer\u003d\"Workfusion\" schemalocation\u003d\"http://ocr.crowdcomputingsystems.com/xml/schema-v1.xml\" version\u003d\"1.0\" xmlns\u003d\"http://ocr.crowdcomputingsystems.com/xml/schema-v1.xml\" xsi\u003d\"http://www.w3.org/2001/XMLSchema-instance\"\u003e \u003clink href\u003d\"https://s3.amazonaws.com/workfusion-resources/ocr/ocr-xml-viewer-0.3-scale-to-width.css\" rel\u003d\"stylesheet\" type\u003d\"text/css\"\u003e\u003c/link\u003e \u003cstyle\u003e\u003c/style\u003e\u003cpage data-pages\u003d\"1\" h\u003d\"280\" resolution\u003d\"96\" style\u003d\"height: 355px;\" w\u003d\"482\"\u003e \u003cblock b\u003d\"26\" blockname\u003d\"\" blocktype\u003d\"Text\" l\u003d\"416\" r\u003d\"470\" style\u003d\"transform: translate(665px, 15px); position: absolute; width: 86.3776px; height: 20.3125px;\" t\u003d\"11\"\u003e \u003cregion\u003e \u003crect b\u003d\"26\" l\u003d\"416\" r\u003d\"470\" t\u003d\"11\"\u003e\u003c/rect\u003e  \u003c/region\u003e  \u003ctext\u003e \u003cpar linespacing\u003d\"750\"\u003e \u003cline b\u003d\"24\" baseline\u003d\"23\" l\u003d\"417\" r\u003d\"467\" style\u003d\"transform: translate(2px, 3px); position: absolute;\" t\u003d\"13\"\u003e \u003cformatting lang\u003d\"EnglishUnitedStates\"\u003e Invoice \u003c/formatting\u003e  \u003c/line\u003e  \u003c/par\u003e  \u003c/text\u003e  \u003c/block\u003e  \u003cblock b\u003d\"155\" blockname\u003d\"\" blocktype\u003d\"Text\" l\u003d\"375\" r\u003d\"471\" style\u003d\"transform: translate(600px, 141px); position: absolute; width: 153.56px; height: 69.0625px;\" t\u003d\"104\"\u003e \u003cregion\u003e \u003crect b\u003d\"155\" l\u003d\"375\" r\u003d\"471\" t\u003d\"104\"\u003e\u003c/rect\u003e  \u003c/region\u003e  \u003ctext\u003e \u003cpar leftindent\u003d\"2000\" linespacing\u003d\"975\" startindent\u003d\"-2000\"\u003e \u003cline b\u003d\"112\" baseline\u003d\"112\" l\u003d\"377\" r\u003d\"458\" style\u003d\"transform: translate(3px, 1px); position: absolute;\" t\u003d\"105\"\u003e \u003cformatting lang\u003d\"EnglishUnitedStates\"\u003e Invoice no. \u003cinvoice_number appendorder\u003d\"2\" class\u003d\"extraction-tag\" confidence\u003d\"1/1\" data-original-title\u003d\"Invoice number\" data-toggle\u003d\"tooltip\" data-value\u003d\"980201\" fold-name\u003d\"fold3\" score\u003d\"0.8213365768890933\" style\u003d\"background-color: rgb(0, 83, 98);  color: rgb(255, 255, 255);   border: 2px solid rgb(125, 157, 1); \" tagorder\u003d\"1\"\u003e980201\u003c/invoice_number\u003e \u003c/formatting\u003e  \u003c/line\u003e  \u003cline b\u003d\"125\" baseline\u003d\"125\" l\u003d\"401\" r\u003d\"468\" style\u003d\"transform: translate(42px, 19px); position: absolute;\" t\u003d\"118\"\u003e \u003cformatting lang\u003d\"EnglishUnitedStates\"\u003e Date \u003cinvoice_date appendorder\u003d\"3\" class\u003d\"extraction-tag\" confidence\u003d\"1/1\" data-original-title\u003d\"Invoice date\" data-toggle\u003d\"tooltip\" data-value\u003d\"Ml/2010\" fold-name\u003d\"fold5\" score\u003d\"0.6137351715929399\" style\u003d\"background-color: rgb(17, 18, 43);  color: rgb(255, 255, 255);   border: 2px solid rgb(125, 157, 1); \" tagorder\u003d\"2\"\u003eMl/2010\u003c/invoice_date\u003e \u003c/formatting\u003e  \u003c/line\u003e  \u003c/par\u003e  \u003cpar align\u003d\"Right\" linespacing\u003d\"975\" rightindent\u003d\"4000\"\u003e \u003cline b\u003d\"138\" baseline\u003d\"138\" l\u003d\"384\" r\u003d\"418\" style\u003d\"transform: translate(14px, 38px); position: absolute;\" t\u003d\"132\"\u003e \u003cformatting lang\u003d\"EnglishUnitedStates\"\u003e One Date \u003c/formatting\u003e  \u003c/line\u003e  \u003cline b\u003d\"152\" baseline\u003d\"152\" l\u003d\"394\" r\u003d\"418\" style\u003d\"transform: translate(30px, 57px); position: absolute;\" t\u003d\"146\"\u003e \u003cformatting lang\u003d\"EnglishUnitedStates\"\u003e Term a \u003c/formatting\u003e  \u003c/line\u003e  \u003c/par\u003e  \u003c/text\u003e  \u003c/block\u003e  \u003cregion xmlns\u003d\"http://ocr.crowdcomputingsystems.com/xml/schema-v1.xml\"\u003e \u003crect b\u003d\"248\" l\u003d\"13\" r\u003d\"469\" t\u003d\"185\"\u003e\u003c/rect\u003e  \u003c/region\u003e \u003ctable b\u003d\"248\" blockname\u003d\"\" blocktype\u003d\"Table\" l\u003d\"13\" r\u003d\"469\" style\u003d\"transform: translate(21px, 251px); position: absolute;\" t\u003d\"185\" xmlns\u003d\"\"\u003e \u003ctbody\u003e\u003ctr\u003e \u003ctd h\u003d\"22\" topborder\u003d\"White\" w\u003d\"135\"\u003e \u003ctext xmlns\u003d\"http://ocr.crowdcomputingsystems.com/xml/schema-v1.xml\"\u003e \u003cpar linespacing\u003d\"450\"\u003e \u003cline b\u003d\"201\" baseline\u003d\"199\" l\u003d\"17\" r\u003d\"61\" t\u003d\"193\"\u003e \u003cformatting lang\u003d\"EnglishUnitedStates\"\u003e Description \u003c/formatting\u003e  \u003c/line\u003e  \u003c/par\u003e  \u003c/text\u003e  \u003c/td\u003e   \u003ctd h\u003d\"22\" topborder\u003d\"White\" w\u003d\"107\"\u003e \u003ctext xmlns\u003d\"http://ocr.crowdcomputingsystems.com/xml/schema-v1.xml\"\u003e \u003cpar linespacing\u003d\"450\"\u003e \u003cline b\u003d\"201\" baseline\u003d\"199\" l\u003d\"152\" r\u003d\"185\" t\u003d\"193\"\u003e \u003cformatting lang\u003d\"EnglishUnitedStates\"\u003e Quantity \u003c/formatting\u003e  \u003c/line\u003e  \u003c/par\u003e  \u003c/text\u003e  \u003c/td\u003e   \u003ctd h\u003d\"22\" rightborder\u003d\"White\" topborder\u003d\"White\" w\u003d\"139\"\u003e \u003ctext xmlns\u003d\"http://ocr.crowdcomputingsystems.com/xml/schema-v1.xml\"\u003e \u003cpar linespacing\u003d\"530\"\u003e \u003cline b\u003d\"201\" baseline\u003d\"200\" l\u003d\"258\" r\u003d\"295\" t\u003d\"193\"\u003e \u003cformatting lang\u003d\"EnglishUnitedStates\"\u003e Unit price \u003c/formatting\u003e  \u003c/line\u003e  \u003c/par\u003e  \u003c/text\u003e  \u003c/td\u003e   \u003ctd h\u003d\"22\" leftborder\u003d\"White\" topborder\u003d\"White\" w\u003d\"75\"\u003e \u003ctext xmlns\u003d\"http://ocr.crowdcomputingsystems.com/xml/schema-v1.xml\"\u003e \u003cpar linespacing\u003d\"450\"\u003e \u003cline b\u003d\"200\" baseline\u003d\"199\" l\u003d\"396\" r\u003d\"426\" t\u003d\"193\"\u003e \u003cformatting lang\u003d\"EnglishUnitedStates\"\u003e Amount \u003c/formatting\u003e  \u003c/line\u003e  \u003c/par\u003e  \u003c/text\u003e  \u003c/td\u003e   \u003c/tr\u003e \n \u003ctr\u003e \u003ctd bottomborder\u003d\"White\" h\u003d\"20\" w\u003d\"135\"\u003e \u003ctext xmlns\u003d\"http://ocr.crowdcomputingsystems.com/xml/schema-v1.xml\"\u003e \u003cpar linespacing\u003d\"450\"\u003e \u003cline b\u003d\"219\" baseline\u003d\"219\" l\u003d\"17\" r\u003d\"50\" t\u003d\"213\"\u003e\u003cproduct appendorder\u003d\"5\" class\u003d\"extraction-tag\" confidence\u003d\"1/1\" data-original-title\u003d\"construction_type\" data-toggle\u003d\"tooltip\" data-value\u003d\"Product 1\" fold-name\u003d\"fold2\" injection\u003d\"true\" referencedatausedininjection\u003d\"manual\" score\u003d\"0.7061612675044169\" style\u003d\"background-color: rgb(78, 135, 105);  color: rgb(0, 0, 0);   border: 2px solid rgb(125, 157, 1); \" tagorder\u003d\"3861241\"\u003eProduct 1\u003c/product\u003e\u003c/line\u003e  \u003c/par\u003e  \u003c/text\u003e  \u003c/td\u003e   \u003ctd bottomborder\u003d\"White\" h\u003d\"20\" w\u003d\"107\"\u003e \u003ctext xmlns\u003d\"http://ocr.crowdcomputingsystems.com/xml/schema-v1.xml\"\u003e \u003cpar linespacing\u003d\"450\"\u003e \u003cline b\u003d\"219\" baseline\u003d\"219\" l\u003d\"153\" r\u003d\"161\" t\u003d\"213\"\u003e\u003cquantity appendorder\u003d\"5\" class\u003d\"extraction-tag\" confidence\u003d\"1/1\" data-original-title\u003d\"construction_type\" data-toggle\u003d\"tooltip\" data-value\u003d\"10\" fold-name\u003d\"fold4\" injection\u003d\"true\" referencedatausedininjection\u003d\"manual\" score\u003d\"0.9430651329066744\" style\u003d\"background-color: rgb(11, 47, 140);  color: rgb(255, 255, 255);   border: 2px solid rgb(125, 157, 1); \" tagorder\u003d\"6643214\"\u003e10\u003c/quantity\u003e\u003c/line\u003e  \u003c/par\u003e  \u003c/text\u003e  \u003c/td\u003e   \u003ctd bottomborder\u003d\"White\" h\u003d\"20\" rightborder\u003d\"White\" w\u003d\"139\"\u003e \u003ctext xmlns\u003d\"http://ocr.crowdcomputingsystems.com/xml/schema-v1.xml\"\u003e \u003cpar linespacing\u003d\"450\"\u003e \u003cline b\u003d\"219\" baseline\u003d\"219\" l\u003d\"259\" r\u003d\"297\" t\u003d\"213\"\u003e\u003cprice appendorder\u003d\"5\" class\u003d\"extraction-tag\" confidence\u003d\"1/1\" data-original-title\u003d\"construction_type\" data-toggle\u003d\"tooltip\" data-value\u003d\"100.00 QA\" fold-name\u003d\"fold1\" injection\u003d\"true\" referencedatausedininjection\u003d\"manual\" score\u003d\"0.4609800138004756\" style\u003d\"background-color: rgb(140, 250, 187);  color: rgb(0, 0, 0);   border: 2px solid rgb(125, 157, 1); \" tagorder\u003d\"91207\"\u003e100.00 QA\u003c/price\u003e\u003c/line\u003e  \u003c/par\u003e  \u003c/text\u003e  \u003c/td\u003e   \u003ctd bottomborder\u003d\"White\" h\u003d\"20\" leftborder\u003d\"White\" w\u003d\"75\"\u003e \u003ctext xmlns\u003d\"http://ocr.crowdcomputingsystems.com/xml/schema-v1.xml\"\u003e \u003cpar linespacing\u003d\"530\"\u003e \u003cline b\u003d\"220\" baseline\u003d\"220\" l\u003d\"397\" r\u003d\"442\" t\u003d\"213\"\u003e \u003cformatting lang\u003d\"EnglishUnitedStates\"\u003e 1.000.00 QA \u003c/formatting\u003e  \u003c/line\u003e  \u003c/par\u003e  \u003c/text\u003e  \u003c/td\u003e   \u003c/tr\u003e \n \u003ctr\u003e \u003ctd h\u003d\"21\" topborder\u003d\"White\" w\u003d\"135\"\u003e \u003ctext xmlns\u003d\"http://ocr.crowdcomputingsystems.com/xml/schema-v1.xml\"\u003e \u003cpar linespacing\u003d\"450\"\u003e \u003cline b\u003d\"239\" baseline\u003d\"239\" l\u003d\"17\" r\u003d\"49\" t\u003d\"233\"\u003e\u003cproduct appendorder\u003d\"5\" class\u003d\"extraction-tag\" confidence\u003d\"1/1\" data-original-title\u003d\"construction_type\" data-toggle\u003d\"tooltip\" data-value\u003d\"Service 1\" fold-name\u003d\"fold2\" injection\u003d\"true\" referencedatausedininjection\u003d\"manual\" score\u003d\"0.6692098739668015\" style\u003d\"background-color: rgb(78, 135, 105);  color: rgb(0, 0, 0);   border: 2px solid rgb(125, 157, 1); \" tagorder\u003d\"5410975\"\u003eService 1\u003c/product\u003e\u003c/line\u003e  \u003c/par\u003e  \u003c/text\u003e  \u003c/td\u003e   \u003ctd h\u003d\"21\" topborder\u003d\"White\" w\u003d\"107\"\u003e \u003ctext xmlns\u003d\"http://ocr.crowdcomputingsystems.com/xml/schema-v1.xml\"\u003e \u003cpar linespacing\u003d\"530\"\u003e \u003cline b\u003d\"239\" baseline\u003d\"240\" l\u003d\"153\" r\u003d\"155\" t\u003d\"233\"\u003e\u003cquantity appendorder\u003d\"5\" class\u003d\"extraction-tag\" confidence\u003d\"1/1\" data-original-title\u003d\"construction_type\" data-toggle\u003d\"tooltip\" data-value\u003d\"1\" fold-name\u003d\"fold4\" injection\u003d\"true\" referencedatausedininjection\u003d\"manual\" score\u003d\"0.8595044339207697\" style\u003d\"background-color: rgb(11, 47, 140);  color: rgb(255, 255, 255);   border: 2px solid rgb(125, 157, 1); \" tagorder\u003d\"8731562\"\u003e1\u003c/quantity\u003e\u003c/line\u003e  \u003c/par\u003e  \u003c/text\u003e  \u003c/td\u003e   \u003ctd h\u003d\"21\" rightborder\u003d\"White\" topborder\u003d\"White\" w\u003d\"139\"\u003e \u003ctext xmlns\u003d\"http://ocr.crowdcomputingsystems.com/xml/schema-v1.xml\"\u003e \u003cpar linespacing\u003d\"450\"\u003e \u003cline b\u003d\"240\" baseline\u003d\"239\" l\u003d\"259\" r\u003d\"304\" t\u003d\"233\"\u003e1.000 00 QA\u003c/line\u003e  \u003c/par\u003e  \u003c/text\u003e  \u003c/td\u003e   \u003ctd h\u003d\"21\" leftborder\u003d\"White\" topborder\u003d\"White\" w\u003d\"75\"\u003e \u003ctext xmlns\u003d\"http://ocr.crowdcomputingsystems.com/xml/schema-v1.xml\"\u003e \u003cpar linespacing\u003d\"450\"\u003e \u003cline b\u003d\"240\" baseline\u003d\"239\" l\u003d\"397\" r\u003d\"442\" t\u003d\"233\"\u003e \u003cformatting lang\u003d\"EnglishUnitedStates\"\u003e 1.000.00 QA \u003c/formatting\u003e  \u003c/line\u003e  \u003c/par\u003e  \u003c/text\u003e  \u003c/td\u003e   \u003c/tr\u003e \n \u003c/tbody\u003e\u003c/table\u003e\n \u003cblock b\u003d\"262\" blockname\u003d\"\" blocktype\u003d\"Text\" l\u003d\"256\" r\u003d\"297\" style\u003d\"transform: translate(409px, 340px); position: absolute; width: 65.583px; height: 14.8958px;\" t\u003d\"251\"\u003e \u003cregion\u003e \u003crect b\u003d\"262\" l\u003d\"256\" r\u003d\"297\" t\u003d\"251\"\u003e\u003c/rect\u003e  \u003c/region\u003e  \u003ctext\u003e \u003cpar linespacing\u003d\"530\"\u003e \u003cline b\u003d\"259\" baseline\u003d\"259\" l\u003d\"258\" r\u003d\"294\" style\u003d\"transform: translate(3px, 1px); position: absolute;\" t\u003d\"252\"\u003e \u003cformatting lang\u003d\"EnglishUnitedStates\"\u003e Total Duo \u003c/formatting\u003e  \u003c/line\u003e  \u003c/par\u003e  \u003c/text\u003e  \u003c/block\u003e  \u003cblock b\u003d\"262\" blockname\u003d\"\" blocktype\u003d\"Text\" l\u003d\"394\" r\u003d\"444\" style\u003d\"transform: translate(630px, 340px); position: absolute; width: 79.9793px; height: 14.8958px;\" t\u003d\"251\"\u003e \u003cregion\u003e \u003crect b\u003d\"262\" l\u003d\"394\" r\u003d\"444\" t\u003d\"251\"\u003e\u003c/rect\u003e  \u003c/region\u003e  \u003ctext\u003e \u003cpar linespacing\u003d\"530\"\u003e \u003cline b\u003d\"259\" baseline\u003d\"259\" l\u003d\"395\" r\u003d\"441\" style\u003d\"transform: translate(2px, 1px); position: absolute;\" t\u003d\"252\"\u003e \u003cformatting lang\u003d\"EnglishUnitedStates\"\u003e 2.000 00 QA \u003c/formatting\u003e  \u003c/line\u003e  \u003c/par\u003e  \u003c/text\u003e  \u003c/block\u003e  \u003cblock b\u003d\"86\" blockname\u003d\"\" blocktype\u003d\"Separator\" l\u003d\"13\" r\u003d\"469\" style\u003d\"transform: translate(21px, 112px); position: absolute;\" t\u003d\"83\"\u003e \u003cregion\u003e \u003crect b\u003d\"86\" l\u003d\"13\" r\u003d\"469\" t\u003d\"83\"\u003e\u003c/rect\u003e  \u003c/region\u003e  \u003cseparator thickness\u003d\"3\" type\u003d\"Black\"\u003e \u003cstart x\u003d\"13\" y\u003d\"84\"\u003e\u003c/start\u003e \u003cend x\u003d\"469\" y\u003d\"84\"\u003e\u003c/end\u003e \u003c/separator\u003e \u003c/block\u003e  \u003cblock b\u003d\"208\" blockname\u003d\"\" blocktype\u003d\"Separator\" l\u003d\"13\" r\u003d\"469\" style\u003d\"transform: translate(21px, 280px); position: absolute;\" t\u003d\"207\"\u003e \u003cregion\u003e \u003crect b\u003d\"208\" l\u003d\"13\" r\u003d\"469\" t\u003d\"207\"\u003e\u003c/rect\u003e  \u003c/region\u003e  \u003cseparator thickness\u003d\"1\" type\u003d\"Black\"\u003e \u003cstart x\u003d\"13\" y\u003d\"207\"\u003e\u003c/start\u003e \u003cend x\u003d\"469\" y\u003d\"207\"\u003e\u003c/end\u003e \u003c/separator\u003e \u003c/block\u003e  \u003cblock b\u003d\"248\" blockname\u003d\"\" blocktype\u003d\"Separator\" l\u003d\"13\" r\u003d\"469\" style\u003d\"transform: translate(21px, 333px); position: absolute;\" t\u003d\"246\"\u003e \u003cregion\u003e \u003crect b\u003d\"248\" l\u003d\"13\" r\u003d\"469\" t\u003d\"246\"\u003e\u003c/rect\u003e  \u003c/region\u003e  \u003cseparator thickness\u003d\"2\" type\u003d\"Black\"\u003e \u003cstart x\u003d\"13\" y\u003d\"247\"\u003e\u003c/start\u003e \u003cend x\u003d\"469\" y\u003d\"247\"\u003e\u003c/end\u003e \u003c/separator\u003e \u003c/block\u003e  \u003cblock b\u003d\"268\" blockname\u003d\"\" blocktype\u003d\"Separator\" l\u003d\"254\" r\u003d\"468\" style\u003d\"transform: translate(406px, 360px); position: absolute;\" t\u003d\"266\"\u003e \u003cregion\u003e \u003crect b\u003d\"268\" l\u003d\"254\" r\u003d\"468\" t\u003d\"266\"\u003e\u003c/rect\u003e  \u003c/region\u003e  \u003cseparator thickness\u003d\"2\" type\u003d\"Black\"\u003e \u003cstart x\u003d\"254\" y\u003d\"267\"\u003e\u003c/start\u003e \u003cend x\u003d\"468\" y\u003d\"267\"\u003e\u003c/end\u003e \u003c/separator\u003e \u003c/block\u003e  \u003cblock b\u003d\"247\" blockname\u003d\"\" blocktype\u003d\"Separator\" l\u003d\"13\" r\u003d\"14\" style\u003d\"transform: translate(21px, 253px); position: absolute;\" t\u003d\"187\"\u003e \u003cregion\u003e \u003crect b\u003d\"247\" l\u003d\"13\" r\u003d\"14\" t\u003d\"187\"\u003e\u003c/rect\u003e  \u003c/region\u003e  \u003cseparator thickness\u003d\"1\" type\u003d\"Black\"\u003e \u003cstart x\u003d\"13\" y\u003d\"187\"\u003e\u003c/start\u003e \u003cend x\u003d\"13\" y\u003d\"247\"\u003e\u003c/end\u003e \u003c/separator\u003e \u003c/block\u003e  \u003cblock b\u003d\"248\" blockname\u003d\"\" blocktype\u003d\"Separator\" l\u003d\"148\" r\u003d\"149\" style\u003d\"transform: translate(237px, 253px); position: absolute;\" t\u003d\"187\"\u003e \u003cregion\u003e \u003crect b\u003d\"248\" l\u003d\"148\" r\u003d\"149\" t\u003d\"187\"\u003e\u003c/rect\u003e  \u003c/region\u003e  \u003cseparator thickness\u003d\"1\" type\u003d\"Black\"\u003e \u003cstart x\u003d\"148\" y\u003d\"187\"\u003e\u003c/start\u003e \u003cend x\u003d\"148\" y\u003d\"248\"\u003e\u003c/end\u003e \u003c/separator\u003e \u003c/block\u003e  \u003cblock b\u003d\"248\" blockname\u003d\"\" blocktype\u003d\"Separator\" l\u003d\"254\" r\u003d\"256\" style\u003d\"transform: translate(406px, 253px); position: absolute;\" t\u003d\"187\"\u003e \u003cregion\u003e \u003crect b\u003d\"248\" l\u003d\"254\" r\u003d\"256\" t\u003d\"187\"\u003e\u003c/rect\u003e  \u003c/region\u003e  \u003cseparator thickness\u003d\"2\" type\u003d\"Black\"\u003e \u003cstart x\u003d\"255\" y\u003d\"187\"\u003e\u003c/start\u003e \u003cend x\u003d\"255\" y\u003d\"248\"\u003e\u003c/end\u003e \u003c/separator\u003e \u003c/block\u003e  \u003cblock b\u003d\"247\" blockname\u003d\"\" blocktype\u003d\"Separator\" l\u003d\"468\" r\u003d\"469\" style\u003d\"transform: translate(749px, 255px); position: absolute;\" t\u003d\"188\"\u003e \u003cregion\u003e \u003crect b\u003d\"247\" l\u003d\"468\" r\u003d\"469\" t\u003d\"188\"\u003e\u003c/rect\u003e  \u003c/region\u003e  \u003cseparator thickness\u003d\"1\" type\u003d\"Black\"\u003e \u003cstart x\u003d\"468\" y\u003d\"188\"\u003e\u003c/start\u003e \u003cend x\u003d\"468\" y\u003d\"247\"\u003e\u003c/end\u003e \u003c/separator\u003e \u003c/block\u003e  \u003c/page\u003e               \u003c/document\u003e\u003c/body\u003e\u003c/html\u003e","tags":[{"begin":53,"end":59,"text":"980201","tag":"invoice_number","fieldType":"TEXT","score":0.8213365768890933,"estimatedAccuracy":0.0},{"begin":71,"end":78,"text":"Ml/2010","tag":"invoice_date","fieldType":"DATE","score":0.6137351715929399,"estimatedAccuracy":0.0},{"begin":236,"end":245,"text":"Product 1","tag":"product","fieldType":"TEXT","score":0.7061612675044169,"estimatedAccuracy":0.0},{"begin":257,"end":259,"text":"10","tag":"quantity","fieldType":"NUMBER","score":0.9430651329066744,"estimatedAccuracy":0.0},{"begin":271,"end":280,"text":"100.00 QA","tag":"price","fieldType":"NUMBER","score":0.4609800138004756,"estimatedAccuracy":0.0},{"begin":324,"end":333,"text":"Service 1","tag":"product","fieldType":"TEXT","score":0.6692098739668015,"estimatedAccuracy":0.0},{"begin":345,"end":346,"text":"1","tag":"quantity","fieldType":"NUMBER","score":0.8595044339207697,"estimatedAccuracy":0.0}],"group":"invoice_date|invoice_number|price|product|quantity","limeExplanation":{},"liblinearFeatureImportance":{}}