{"finalScore":0.7063940714593405,"metaInfo":{"model":{"coreVersion":"10.3.0.39"}},"sumScore":3.5319703572967027,"tagsCounter":5.0,"taggedText":"\u003chtml\u003e\u003chead\u003e\u003cscript src\u003d\"https://ajax.googleapis.com/ajax/libs/jquery/2.2.0/jquery.min.js\"\u003e\u003c/script\u003e\u003c/head\u003e\u003cbody\u003e\u003cdocument languages\u003d\"\" producer\u003d\"Workfusion\" schemalocation\u003d\"http://ocr.crowdcomputingsystems.com/xml/schema-v1.xml\" version\u003d\"1.0\" xmlns\u003d\"http://ocr.crowdcomputingsystems.com/xml/schema-v1.xml\" xsi\u003d\"http://www.w3.org/2001/XMLSchema-instance\"\u003e \u003clink href\u003d\"https://s3.amazonaws.com/workfusion-resources/ocr/ocr-xml-viewer-0.3-scale-to-width.css\" rel\u003d\"stylesheet\" type\u003d\"text/css\"\u003e\u003c/link\u003e \u003cstyle\u003e\u003c/style\u003e\u003cpage data-pages\u003d\"1\" h\u003d\"389\" resolution\u003d\"72\" style\u003d\"height: 575px;\" w\u003d\"618\"\u003e \u003cblock b\u003d\"49\" blockname\u003d\"\" blocktype\u003d\"Text\" l\u003d\"466\" r\u003d\"555\" style\u003d\"transform: translate(581px, 54px); position: absolute; width: 111.034px; height: 34.3056px;\" t\u003d\"30\"\u003e \u003cregion\u003e \u003crect b\u003d\"49\" l\u003d\"466\" r\u003d\"555\" t\u003d\"30\"\u003e\u003c/rect\u003e  \u003c/region\u003e  \u003ctext\u003e \u003cpar align\u003d\"Right\" linespacing\u003d\"1600\" rightindent\u003d\"2000\"\u003e \u003cline b\u003d\"47\" baseline\u003d\"47\" l\u003d\"467\" r\u003d\"554\" style\u003d\"transform: translate(1px, 2px); position: absolute;\" t\u003d\"31\"\u003e \u003cformatting lang\u003d\"EnglishUnitedStates\"\u003e INVOICE \u003c/formatting\u003e  \u003c/line\u003e  \u003c/par\u003e  \u003c/text\u003e  \u003c/block\u003e  \u003cblock b\u003d\"160\" blockname\u003d\"\" blocktype\u003d\"Text\" l\u003d\"53\" r\u003d\"136\" style\u003d\"transform: translate(66px, 103px); position: absolute; width: 103.549px; height: 185.972px;\" t\u003d\"57\"\u003e \u003cregion\u003e \u003crect b\u003d\"115\" l\u003d\"53\" r\u003d\"95\" t\u003d\"57\"\u003e\u003c/rect\u003e  \u003crect b\u003d\"160\" l\u003d\"53\" r\u003d\"136\" t\u003d\"115\"\u003e\u003c/rect\u003e  \u003c/region\u003e  \u003ctext\u003e \u003cpar leftindent\u003d\"1100\" linespacing\u003d\"600\"\u003e \u003cline b\u003d\"62\" baseline\u003d\"63\" l\u003d\"64\" r\u003d\"83\" style\u003d\"transform: translate(14px, 0px); position: absolute;\" t\u003d\"57\"\u003e \u003cformatting lang\u003d\"EnglishUnitedStates\"\u003e \u0026bull; \u0026bull; \u003c/formatting\u003e  \u003c/line\u003e  \u003c/par\u003e  \u003cpar leftindent\u003d\"1100\" linespacing\u003d\"600\"\u003e \u003cline b\u003d\"97\" baseline\u003d\"97\" l\u003d\"64\" r\u003d\"83\" style\u003d\"transform: translate(14px, 61px); position: absolute;\" t\u003d\"91\"\u003e \u003cformatting lang\u003d\"EnglishUnitedStates\"\u003e \u0026bull; \u0026bull; \u003c/formatting\u003e  \u003c/line\u003e  \u003c/par\u003e  \u003cpar linespacing\u003d\"1000\"\u003e \u003cline b\u003d\"112\" baseline\u003d\"110\" l\u003d\"54\" r\u003d\"91\" style\u003d\"transform: translate(1px, 83px); position: absolute;\" t\u003d\"103\"\u003e \u003cformatting lang\u003d\"EnglishUnitedStates\"\u003e \u003csupplier_name appendorder\u003d\"4\" class\u003d\"extraction-tag\" confidence\u003d\"1/1\" data-original-title\u003d\"Supplier name\" data-toggle\u003d\"tooltip\" data-value\u003d\"Ntog. lnc.\" fold-name\u003d\"fold4\" score\u003d\"0.6681535958227234\" style\u003d\"background-color: rgb(88, 50, 166);  color: rgb(255, 255, 255);   border: 2px solid rgb(125, 157, 1); \" tagorder\u003d\"2\"\u003eNtog. lnc.\u003c/supplier_name\u003e \u003c/formatting\u003e  \u003c/line\u003e  \u003c/par\u003e  \u003cpar linespacing\u003d\"1000\"\u003e \u003cline b\u003d\"121\" baseline\u003d\"121\" l\u003d\"55\" r\u003d\"112\" style\u003d\"transform: translate(2px, 103px); position: absolute;\" t\u003d\"114\"\u003e \u003cformatting lang\u003d\"EnglishUnitedStates\"\u003e P.O. Box 1622 \u003c/formatting\u003e  \u003c/line\u003e  \u003cline b\u003d\"132\" baseline\u003d\"132\" l\u003d\"55\" r\u003d\"134\" style\u003d\"transform: translate(2px, 123px); position: absolute;\" t\u003d\"125\"\u003e \u003cformatting lang\u003d\"EnglishUnitedStates\"\u003e Palo AI10. CA 94302 \u003c/formatting\u003e  \u003c/line\u003e  \u003cline b\u003d\"142\" baseline\u003d\"142\" l\u003d\"55\" r\u003d\"72\" style\u003d\"transform: translate(2px, 141px); position: absolute;\" t\u003d\"135\"\u003e \u003cformatting lang\u003d\"EnglishUnitedStates\"\u003e USA \u003c/formatting\u003e  \u003c/line\u003e  \u003c/par\u003e  \u003cpar linespacing\u003d\"700\"\u003e \u003cline b\u003d\"158\" baseline\u003d\"157\" l\u003d\"54\" r\u003d\"134\" style\u003d\"transform: translate(1px, 168px); position: absolute;\" t\u003d\"150\"\u003e \u003cformatting lang\u003d\"EnglishUnitedStates\"\u003e http://www.ning.com \u003c/formatting\u003e  \u003c/line\u003e  \u003c/par\u003e  \u003c/text\u003e  \u003c/block\u003e  \u003cblock b\u003d\"95\" blockname\u003d\"\" blocktype\u003d\"Text\" l\u003d\"102\" r\u003d\"196\" style\u003d\"transform: translate(127px, 110px); position: absolute; width: 117.272px; height: 61.3889px;\" t\u003d\"61\"\u003e \u003cregion\u003e \u003crect b\u003d\"95\" l\u003d\"102\" r\u003d\"196\" t\u003d\"61\"\u003e\u003c/rect\u003e  \u003c/region\u003e  \u003ctext\u003e \u003cpar linespacing\u003d\"2900\"\u003e \u003cline b\u003d\"92\" baseline\u003d\"92\" l\u003d\"103\" r\u003d\"192\" style\u003d\"transform: translate(1px, 4px); position: absolute;\" t\u003d\"63\"\u003e \u003cformatting lang\u003d\"EnglishUnitedStates\"\u003e NING \u003c/formatting\u003e  \u003c/line\u003e  \u003c/par\u003e  \u003c/text\u003e  \u003c/block\u003e  \u003cblock b\u003d\"134\" blockname\u003d\"\" blocktype\u003d\"Text\" l\u003d\"343\" r\u003d\"549\" style\u003d\"transform: translate(428px, 143px); position: absolute; width: 257px; height: 99.3056px;\" t\u003d\"79\"\u003e \u003cregion\u003e \u003crect b\u003d\"134\" l\u003d\"343\" r\u003d\"549\" t\u003d\"79\"\u003e\u003c/rect\u003e  \u003c/region\u003e  \u003ctext\u003e \u003cpar linespacing\u003d\"800\"\u003e \u003cline b\u003d\"87\" baseline\u003d\"87\" l\u003d\"394\" r\u003d\"470\" style\u003d\"transform: translate(64px, 0px); position: absolute;\" t\u003d\"79\"\u003e \u003cformatting lang\u003d\"EnglishUnitedStates\"\u003e Da1o: \u003cinvoice_date appendorder\u003d\"2\" class\u003d\"extraction-tag\" confidence\u003d\"1/1\" data-original-title\u003d\"Invoice date\" data-toggle\u003d\"tooltip\" data-value\u003d\"07/15/2010\" fold-name\u003d\"fold2\" score\u003d\"0.6214828647877417\" style\u003d\"background-color: rgb(17, 18, 43);  color: rgb(255, 255, 255);   border: 2px solid rgb(125, 157, 1); \" tagorder\u003d\"1\"\u003e07/15/2010\u003c/invoice_date\u003e \u003c/formatting\u003e  \u003c/line\u003e  \u003c/par\u003e  \u003cpar linespacing\u003d\"1100\"\u003e \u003cline b\u003d\"110\" baseline\u003d\"110\" l\u003d\"343\" r\u003d\"478\" style\u003d\"transform: translate(0px, 43px); position: absolute;\" t\u003d\"103\"\u003e \u003cformatting lang\u003d\"EnglishUnitedStates\"\u003e Network Creator Jane Crealor \u003c/formatting\u003e  \u003c/line\u003e  \u003c/par\u003e  \u003cpar leftindent\u003d\"3200\" linespacing\u003d\"1100\"\u003e \u003cline b\u003d\"123\" baseline\u003d\"121\" l\u003d\"426\" r\u003d\"547\" style\u003d\"transform: translate(104px, 63px); position: absolute;\" t\u003d\"114\"\u003e \u003cformatting lang\u003d\"EnglishUnitedStates\"\u003e\u003cemail appendorder\u003d\"6\" class\u003d\"extraction-tag\" confidence\u003d\"1/1\" data-original-title\u003d\"email\" data-toggle\u003d\"tooltip\" data-value\u003d\"networkcrealor@example.com\" fold-name\u003d\"fold4\" score\u003d\"0.8605970933701542\" style\u003d\"background-color: rgb(4, 0, 38);  color: rgb(255, 255, 255);   border: 2px solid rgb(125, 157, 1); \" tagorder\u003d\"444\"\u003enetworkcrealor@example.com\u003c/email\u003e \u003c/formatting\u003e  \u003c/line\u003e  \u003c/par\u003e  \u003cpar leftindent\u003d\"3200\" linespacing\u003d\"1100\"\u003e \u003cline b\u003d\"132\" baseline\u003d\"132\" l\u003d\"426\" r\u003d\"481\" style\u003d\"transform: translate(104px, 83px); position: absolute;\" t\u003d\"125\"\u003e \u003cformatting lang\u003d\"EnglishUnitedStates\"\u003e 603-595-1873 \u003c/formatting\u003e  \u003c/line\u003e  \u003c/par\u003e  \u003c/text\u003e  \u003c/block\u003e  \u003cregion xmlns\u003d\"http://ocr.crowdcomputingsystems.com/xml/schema-v1.xml\"\u003e \u003crect b\u003d\"288\" l\u003d\"47\" r\u003d\"574\" t\u003d\"194\"\u003e\u003c/rect\u003e  \u003c/region\u003e \u003ctable b\u003d\"288\" blockname\u003d\"\" blocktype\u003d\"Table\" l\u003d\"47\" r\u003d\"574\" style\u003d\"transform: translate(59px, 350px); position: absolute;\" t\u003d\"194\" xmlns\u003d\"\"\u003e \u003ctbody\u003e\u003ctr\u003e \u003ctd h\u003d\"19\" leftborder\u003d\"White\" rightborder\u003d\"White\" w\u003d\"127\"\u003e \u003ctext xmlns\u003d\"http://ocr.crowdcomputingsystems.com/xml/schema-v1.xml\"\u003e \u003cpar leftindent\u003d\"800\" linespacing\u003d\"700\"\u003e \u003cline b\u003d\"209\" baseline\u003d\"207\" l\u003d\"55\" r\u003d\"117\" t\u003d\"200\"\u003e \u003cformatting lang\u003d\"EnglishUnitedStates\"\u003e Ning Network \u003c/formatting\u003e  \u003c/line\u003e  \u003c/par\u003e  \u003c/text\u003e  \u003c/td\u003e   \u003ctd h\u003d\"19\" leftborder\u003d\"White\" rightborder\u003d\"White\" w\u003d\"198\"\u003e \u003ctext xmlns\u003d\"http://ocr.crowdcomputingsystems.com/xml/schema-v1.xml\"\u003e \u003cpar leftindent\u003d\"4300\" linespacing\u003d\"700\"\u003e \u003cline b\u003d\"207\" baseline\u003d\"207\" l\u003d\"217\" r\u003d\"236\" t\u003d\"200\"\u003e \u003cformatting lang\u003d\"EnglishUnitedStates\"\u003e Itom \u003c/formatting\u003e  \u003c/line\u003e  \u003c/par\u003e  \u003c/text\u003e  \u003c/td\u003e   \u003ctd h\u003d\"19\" leftborder\u003d\"White\" rightborder\u003d\"White\" w\u003d\"136\"\u003e \u003ctext xmlns\u003d\"http://ocr.crowdcomputingsystems.com/xml/schema-v1.xml\"\u003e \u003cpar leftindent\u003d\"1000\" linespacing\u003d\"700\"\u003e \u003cline b\u003d\"207\" baseline\u003d\"207\" l\u003d\"382\" r\u003d\"450\" t\u003d\"200\"\u003e \u003cformatting lang\u003d\"EnglishUnitedStates\"\u003e Service Period \u003c/formatting\u003e  \u003c/line\u003e  \u003c/par\u003e  \u003c/text\u003e  \u003c/td\u003e   \u003ctd h\u003d\"19\" leftborder\u003d\"White\" rightborder\u003d\"White\" w\u003d\"66\"\u003e \u003ctext xmlns\u003d\"http://ocr.crowdcomputingsystems.com/xml/schema-v1.xml\"\u003e \u003cpar align\u003d\"Right\" linespacing\u003d\"700\" rightindent\u003d\"800\"\u003e \u003cline b\u003d\"207\" baseline\u003d\"207\" l\u003d\"530\" r\u003d\"566\" t\u003d\"200\"\u003e \u003cformatting lang\u003d\"EnglishUnitedStates\"\u003e Amount \u003c/formatting\u003e  \u003c/line\u003e  \u003c/par\u003e  \u003c/text\u003e  \u003c/td\u003e   \u003c/tr\u003e \n \u003ctr\u003e \u003ctd bottomborder\u003d\"White\" h\u003d\"17\" leftborder\u003d\"White\" rightborder\u003d\"White\" w\u003d\"127\"\u003e \u003ctext xmlns\u003d\"http://ocr.crowdcomputingsystems.com/xml/schema-v1.xml\"\u003e \u003cpar leftindent\u003d\"800\" linespacing\u003d\"800\"\u003e \u003cline b\u003d\"226\" baseline\u003d\"224\" l\u003d\"55\" r\u003d\"131\" t\u003d\"216\"\u003e \u003cformatting lang\u003d\"EnglishUnitedStates\"\u003e Examplo Notwork \u003c/formatting\u003e  \u003c/line\u003e  \u003c/par\u003e  \u003c/text\u003e  \u003c/td\u003e   \u003ctd bottomborder\u003d\"White\" h\u003d\"17\" leftborder\u003d\"White\" rightborder\u003d\"White\" w\u003d\"198\"\u003e \u003ctext xmlns\u003d\"http://ocr.crowdcomputingsystems.com/xml/schema-v1.xml\"\u003e \u003cpar leftindent\u003d\"4300\" linespacing\u003d\"800\"\u003e \u003cline b\u003d\"226\" baseline\u003d\"224\" l\u003d\"217\" r\u003d\"352\" t\u003d\"216\"\u003eNmg Plus - Annual - Proration\u003c/line\u003e  \u003c/par\u003e  \u003c/text\u003e  \u003c/td\u003e   \u003ctd bottomborder\u003d\"White\" h\u003d\"17\" leftborder\u003d\"White\" rightborder\u003d\"White\" w\u003d\"136\"\u003e \u003ctext xmlns\u003d\"http://ocr.crowdcomputingsystems.com/xml/schema-v1.xml\"\u003e \u003cpar leftindent\u003d\"1000\" linespacing\u003d\"800\"\u003e \u003cline b\u003d\"224\" baseline\u003d\"224\" l\u003d\"382\" r\u003d\"484\" t\u003d\"216\"\u003e \u003cformatting lang\u003d\"EnglishUnitedStates\"\u003e 07/192010-08/07/2010 \u003c/formatting\u003e  \u003c/line\u003e  \u003c/par\u003e  \u003c/text\u003e  \u003c/td\u003e   \u003ctd bottomborder\u003d\"White\" h\u003d\"17\" leftborder\u003d\"White\" rightborder\u003d\"White\" w\u003d\"66\"\u003e \u003ctext xmlns\u003d\"http://ocr.crowdcomputingsystems.com/xml/schema-v1.xml\"\u003e \u003cpar align\u003d\"Right\" linespacing\u003d\"900\" rightindent\u003d\"800\"\u003e \u003cline b\u003d\"224\" baseline\u003d\"225\" l\u003d\"537\" r\u003d\"566\" t\u003d\"216\"\u003e$\u003cprice class\u003d\"extraction-tag\" data-value\u003d\"14.80\" fold-name\u003d\"fold3\" ml-tagorder\u003d\"447\" score\u003d\"0.5828798943808655\" tagorder\u003d\"447\"\u003e14.80\u003c/price\u003e\u003c/line\u003e  \u003c/par\u003e  \u003c/text\u003e  \u003c/td\u003e   \u003c/tr\u003e \n \u003ctr\u003e \u003ctd bottomborder\u003d\"White\" h\u003d\"28\" leftborder\u003d\"White\" rightborder\u003d\"White\" topborder\u003d\"White\" w\u003d\"127\"\u003e \u003ctext xmlns\u003d\"http://ocr.crowdcomputingsystems.com/xml/schema-v1.xml\"\u003e \u003cpar leftindent\u003d\"800\" linespacing\u003d\"800\"\u003e \u003cline b\u003d\"243\" baseline\u003d\"242\" l\u003d\"55\" r\u003d\"131\" t\u003d\"234\"\u003e \u003cformatting lang\u003d\"EnglishUnitedStates\"\u003e Example Network \u003c/formatting\u003e  \u003c/line\u003e  \u003c/par\u003e  \u003c/text\u003e  \u003c/td\u003e   \u003ctd bottomborder\u003d\"White\" h\u003d\"28\" leftborder\u003d\"White\" rightborder\u003d\"White\" topborder\u003d\"White\" w\u003d\"198\"\u003e \u003ctext xmlns\u003d\"http://ocr.crowdcomputingsystems.com/xml/schema-v1.xml\"\u003e \u003cpar leftindent\u003d\"4300\" linespacing\u003d\"1100\"\u003e \u003cline b\u003d\"242\" baseline\u003d\"242\" l\u003d\"217\" r\u003d\"364\" t\u003d\"234\"\u003eRemove Create Links - Proration\u003c/line\u003e  \u003cline b\u003d\"253\" baseline\u003d\"253\" l\u003d\"217\" r\u003d\"242\" t\u003d\"245\"\u003eCredit\u003c/line\u003e  \u003c/par\u003e  \u003c/text\u003e  \u003c/td\u003e   \u003ctd bottomborder\u003d\"White\" h\u003d\"28\" leftborder\u003d\"White\" rightborder\u003d\"White\" topborder\u003d\"White\" w\u003d\"136\"\u003e \u003ctext xmlns\u003d\"http://ocr.crowdcomputingsystems.com/xml/schema-v1.xml\"\u003e \u003cpar leftindent\u003d\"1000\" linespacing\u003d\"800\"\u003e \u003cline b\u003d\"242\" baseline\u003d\"242\" l\u003d\"382\" r\u003d\"484\" t\u003d\"234\"\u003e \u003cformatting lang\u003d\"EnglishUnitedStates\"\u003e 07/192010-0907/2010 \u003c/formatting\u003e  \u003c/line\u003e  \u003c/par\u003e  \u003c/text\u003e  \u003c/td\u003e   \u003ctd bottomborder\u003d\"White\" h\u003d\"28\" leftborder\u003d\"White\" rightborder\u003d\"White\" topborder\u003d\"White\" w\u003d\"66\"\u003e \u003ctext xmlns\u003d\"http://ocr.crowdcomputingsystems.com/xml/schema-v1.xml\"\u003e \u003cpar align\u003d\"Right\" linespacing\u003d\"800\" rightindent\u003d\"800\"\u003e \u003cline b\u003d\"244\" baseline\u003d\"242\" l\u003d\"531\" r\u003d\"567\" t\u003d\"234\"\u003e($19.32)\u003c/line\u003e  \u003c/par\u003e  \u003c/text\u003e  \u003c/td\u003e   \u003c/tr\u003e \n \u003ctr\u003e \u003ctd h\u003d\"30\" leftborder\u003d\"White\" rightborder\u003d\"White\" topborder\u003d\"White\" w\u003d\"127\"\u003e \u003ctext xmlns\u003d\"http://ocr.crowdcomputingsystems.com/xml/schema-v1.xml\"\u003e \u003cpar leftindent\u003d\"800\" linespacing\u003d\"800\"\u003e \u003cline b\u003d\"272\" baseline\u003d\"270\" l\u003d\"55\" r\u003d\"131\" t\u003d\"262\"\u003e \u003cformatting lang\u003d\"EnglishUnitedStates\"\u003e Example Network \u003c/formatting\u003e  \u003c/line\u003e  \u003c/par\u003e  \u003c/text\u003e  \u003c/td\u003e   \u003ctd h\u003d\"30\" leftborder\u003d\"White\" rightborder\u003d\"White\" topborder\u003d\"White\" w\u003d\"198\"\u003e \u003ctext xmlns\u003d\"http://ocr.crowdcomputingsystems.com/xml/schema-v1.xml\"\u003e \u003cpar leftindent\u003d\"4300\" linespacing\u003d\"1200\"\u003e \u003cline b\u003d\"270\" baseline\u003d\"270\" l\u003d\"217\" r\u003d\"353\" t\u003d\"262\"\u003eRun Your Own Ads - Proration\u003c/line\u003e  \u003cline b\u003d\"282\" baseline\u003d\"282\" l\u003d\"216\" r\u003d\"242\" t\u003d\"274\"\u003eCredit\u003c/line\u003e  \u003c/par\u003e  \u003c/text\u003e  \u003c/td\u003e   \u003ctd h\u003d\"30\" leftborder\u003d\"White\" rightborder\u003d\"White\" topborder\u003d\"White\" w\u003d\"136\"\u003e \u003ctext xmlns\u003d\"http://ocr.crowdcomputingsystems.com/xml/schema-v1.xml\"\u003e \u003cpar leftindent\u003d\"1000\" linespacing\u003d\"800\"\u003e \u003cline b\u003d\"270\" baseline\u003d\"270\" l\u003d\"382\" r\u003d\"484\" t\u003d\"262\"\u003e \u003cformatting lang\u003d\"EnglishUnitedStates\"\u003e 07/192010-0907/2010 \u003c/formatting\u003e  \u003c/line\u003e  \u003c/par\u003e  \u003c/text\u003e  \u003c/td\u003e   \u003ctd h\u003d\"30\" leftborder\u003d\"White\" rightborder\u003d\"White\" topborder\u003d\"White\" w\u003d\"66\"\u003e \u003ctext xmlns\u003d\"http://ocr.crowdcomputingsystems.com/xml/schema-v1.xml\"\u003e \u003cpar align\u003d\"Right\" linespacing\u003d\"800\" rightindent\u003d\"800\"\u003e \u003cline b\u003d\"272\" baseline\u003d\"270\" l\u003d\"531\" r\u003d\"567\" t\u003d\"262\"\u003e($19.32)\u003c/line\u003e  \u003c/par\u003e  \u003c/text\u003e  \u003c/td\u003e   \u003c/tr\u003e \n \u003c/tbody\u003e\u003c/table\u003e\n \u003cblock b\u003d\"316\" blockname\u003d\"\" blocktype\u003d\"Text\" l\u003d\"464\" r\u003d\"492\" style\u003d\"transform: translate(579px, 553px); position: absolute; width: 34.932px; height: 18.0556px;\" t\u003d\"306\"\u003e \u003cregion\u003e \u003crect b\u003d\"316\" l\u003d\"464\" r\u003d\"492\" t\u003d\"306\"\u003e\u003c/rect\u003e  \u003c/region\u003e  \u003ctext\u003e \u003cpar linespacing\u003d\"700\"\u003e \u003cline b\u003d\"314\" baseline\u003d\"314\" l\u003d\"464\" r\u003d\"490\" style\u003d\"transform: translate(0px, 2px); position: absolute;\" t\u003d\"307\"\u003e \u003cformatting lang\u003d\"EnglishUnitedStates\"\u003e Total: \u003c/formatting\u003e  \u003c/line\u003e  \u003c/par\u003e  \u003c/text\u003e  \u003c/block\u003e  \u003cblock b\u003d\"318\" blockname\u003d\"\" blocktype\u003d\"Text\" l\u003d\"530\" r\u003d\"568\" style\u003d\"transform: translate(661px, 553px); position: absolute; width: 47.4078px; height: 21.6667px;\" t\u003d\"306\"\u003e \u003cregion\u003e \u003crect b\u003d\"318\" l\u003d\"530\" r\u003d\"568\" t\u003d\"306\"\u003e\u003c/rect\u003e  \u003c/region\u003e  \u003ctext\u003e \u003cpar linespacing\u003d\"700\"\u003e \u003cline b\u003d\"316\" baseline\u003d\"314\" l\u003d\"530\" r\u003d\"566\" style\u003d\"transform: translate(0px, 2px); position: absolute;\" t\u003d\"307\"\u003e \u003cformatting lang\u003d\"EnglishUnitedStates\"\u003e \u003ctotal_amount class\u003d\"extraction-tag\" data-value\u003d\"(S23.84\" fold-name\u003d\"fold5\" ml-tagorder\u003d\"448\" score\u003d\"0.7988569089352181\" tagorder\u003d\"448\"\u003e(S23.84\u003c/total_amount\u003e) \u003c/formatting\u003e  \u003c/line\u003e  \u003c/par\u003e  \u003c/text\u003e  \u003c/block\u003e  \u003cblock b\u003d\"196\" blockname\u003d\"\" blocktype\u003d\"Separator\" l\u003d\"49\" r\u003d\"573\" style\u003d\"transform: translate(61px, 350px); position: absolute;\" t\u003d\"194\"\u003e \u003cregion\u003e \u003crect b\u003d\"196\" l\u003d\"49\" r\u003d\"573\" t\u003d\"194\"\u003e\u003c/rect\u003e  \u003c/region\u003e  \u003cseparator thickness\u003d\"2\" type\u003d\"Black\"\u003e \u003cstart x\u003d\"49\" y\u003d\"195\"\u003e\u003c/start\u003e \u003cend x\u003d\"573\" y\u003d\"195\"\u003e\u003c/end\u003e \u003c/separator\u003e \u003c/block\u003e  \u003cblock b\u003d\"214\" blockname\u003d\"\" blocktype\u003d\"Separator\" l\u003d\"49\" r\u003d\"573\" style\u003d\"transform: translate(61px, 383px); position: absolute;\" t\u003d\"212\"\u003e \u003cregion\u003e \u003crect b\u003d\"214\" l\u003d\"49\" r\u003d\"573\" t\u003d\"212\"\u003e\u003c/rect\u003e  \u003c/region\u003e  \u003cseparator thickness\u003d\"2\" type\u003d\"Black\"\u003e \u003cstart x\u003d\"49\" y\u003d\"213\"\u003e\u003c/start\u003e \u003cend x\u003d\"573\" y\u003d\"213\"\u003e\u003c/end\u003e \u003c/separator\u003e \u003c/block\u003e  \u003cblock b\u003d\"288\" blockname\u003d\"\" blocktype\u003d\"Separator\" l\u003d\"48\" r\u003d\"573\" style\u003d\"transform: translate(60px, 516px); position: absolute;\" t\u003d\"286\"\u003e \u003cregion\u003e \u003crect b\u003d\"288\" l\u003d\"48\" r\u003d\"573\" t\u003d\"286\"\u003e\u003c/rect\u003e  \u003c/region\u003e  \u003cseparator thickness\u003d\"2\" type\u003d\"Black\"\u003e \u003cstart x\u003d\"48\" y\u003d\"287\"\u003e\u003c/start\u003e \u003cend x\u003d\"573\" y\u003d\"287\"\u003e\u003c/end\u003e \u003c/separator\u003e \u003c/block\u003e  \u003cblock b\u003d\"357\" blockname\u003d\"\" blocktype\u003d\"Separator\" l\u003d\"606\" r\u003d\"608\" style\u003d\"transform: translate(756px, 22px); position: absolute;\" t\u003d\"12\"\u003e \u003cregion\u003e \u003crect b\u003d\"357\" l\u003d\"606\" r\u003d\"608\" t\u003d\"12\"\u003e\u003c/rect\u003e  \u003c/region\u003e  \u003cseparator thickness\u003d\"2\" type\u003d\"Black\"\u003e \u003cstart x\u003d\"607\" y\u003d\"12\"\u003e\u003c/start\u003e \u003cend x\u003d\"607\" y\u003d\"357\"\u003e\u003c/end\u003e \u003c/separator\u003e \u003c/block\u003e  \u003c/page\u003e         \u003c/document\u003e\u003c/body\u003e\u003c/html\u003e","tags":[{"begin":69,"end":79,"text":"Ntog. lnc.","tag":"supplier_name","fieldType":"COMPANY_NAME","score":0.6681535958227234,"estimatedAccuracy":0.0},{"begin":219,"end":229,"text":"07/15/2010","tag":"invoice_date","fieldType":"DATE","score":0.6214828647877417,"estimatedAccuracy":0.0},{"begin":276,"end":302,"text":"networkcrealor@example.com","tag":"email","fieldType":"EMAIL","score":0.8605970933701542,"estimatedAccuracy":0.0},{"begin":563,"end":568,"text":"14.80","tag":"price","fieldType":"NUMBER","score":0.5828798943808655,"estimatedAccuracy":0.0},{"begin":902,"end":909,"text":"(S23.84","tag":"total_amount","fieldType":"NUMBER","score":0.7988569089352181,"estimatedAccuracy":0.0}],"group":"email|invoice_date|price|supplier_name|total_amount","limeExplanation":{},"liblinearFeatureImportance":{}}