{"finalScore":0.6801204264511006,"metaInfo":{"model":{"coreVersion":"10.3.0.39"}},"sumScore":6.801204264511006,"tagsCounter":10.0,"taggedText":"\u003chtml\u003e\u003chead\u003e\u003cscript src\u003d\"https://ajax.googleapis.com/ajax/libs/jquery/2.2.0/jquery.min.js\"\u003e\u003c/script\u003e\u003c/head\u003e\u003cbody\u003e\u003cdocument languages\u003d\"\" producer\u003d\"Workfusion\" schemalocation\u003d\"http://ocr.crowdcomputingsystems.com/xml/schema-v1.xml\" version\u003d\"1.0\" xmlns\u003d\"http://ocr.crowdcomputingsystems.com/xml/schema-v1.xml\" xsi\u003d\"http://www.w3.org/2001/XMLSchema-instance\"\u003e \u003clink href\u003d\"https://s3.amazonaws.com/workfusion-resources/ocr/ocr-xml-viewer-0.3-scale-to-width.css\" rel\u003d\"stylesheet\" type\u003d\"text/css\"\u003e\u003c/link\u003e \u003cstyle\u003e\u003c/style\u003e\u003cpage data-pages\u003d\"1\" h\u003d\"333\" resolution\u003d\"96\" style\u003d\"height: 413px;\" w\u003d\"482\"\u003e \u003cblock b\u003d\"26\" blockname\u003d\"\" blocktype\u003d\"Text\" l\u003d\"386\" r\u003d\"470\" style\u003d\"transform: translate(1126px, 15px); position: absolute; width: 245.029px; height: 20.3125px;\" t\u003d\"11\"\u003e \u003cregion\u003e \u003crect b\u003d\"26\" l\u003d\"386\" r\u003d\"470\" t\u003d\"11\"\u003e\u003c/rect\u003e  \u003c/region\u003e  \u003ctext\u003e \u003cpar linespacing\u003d\"830\"\u003e \u003cline b\u003d\"23\" baseline\u003d\"23\" l\u003d\"387\" r\u003d\"467\" style\u003d\"transform: translate(3px, 1px); position: absolute;\" t\u003d\"12\"\u003e \u003cformatting lang\u003d\"EnglishUnitedStates\"\u003e Tax Invoice \u003c/formatting\u003e  \u003c/line\u003e  \u003c/par\u003e  \u003c/text\u003e  \u003c/block\u003e  \u003cblock b\u003d\"66\" blockname\u003d\"\" blocktype\u003d\"Text\" l\u003d\"11\" r\u003d\"129\" style\u003d\"transform: translate(32px, 18px); position: absolute; width: 344.207px; height: 71.7708px;\" t\u003d\"13\"\u003e \u003cregion\u003e \u003crect b\u003d\"66\" l\u003d\"11\" r\u003d\"129\" t\u003d\"13\"\u003e\u003c/rect\u003e  \u003c/region\u003e  \u003ctext\u003e \u003cpar linespacing\u003d\"975\"\u003e \u003cline b\u003d\"21\" baseline\u003d\"21\" l\u003d\"12\" r\u003d\"69\" style\u003d\"transform: translate(3px, 3px); position: absolute;\" t\u003d\"15\"\u003e \u003cformatting lang\u003d\"EnglishUnitedStates\"\u003e \u003csupplier_name appendorder\u003d\"3\" class\u003d\"extraction-tag\" confidence\u003d\"1/1\" data-original-title\u003d\"Supplier name\" data-toggle\u003d\"tooltip\" data-value\u003d\"ABC Goods LW\" fold-name\u003d\"fold1\" score\u003d\"0.5205301981191346\" style\u003d\"background-color: rgb(88, 50, 166);  color: rgb(255, 255, 255);   border: 2px solid rgb(125, 157, 1); \" tagorder\u003d\"1\"\u003eABC Goods LW\u003c/supplier_name\u003e \u003c/formatting\u003e  \u003c/line\u003e  \u003cline b\u003d\"35\" baseline\u003d\"35\" l\u003d\"13\" r\u003d\"126\" style\u003d\"transform: translate(6px, 20px); position: absolute;\" t\u003d\"28\"\u003e \u003cformatting lang\u003d\"EnglishUnitedStates\"\u003e 55 Main Street Auckland. 8976 \u003c/formatting\u003e  \u003c/line\u003e  \u003cline b\u003d\"48\" baseline\u003d\"48\" l\u003d\"13\" r\u003d\"68\" style\u003d\"transform: translate(6px, 39px); position: absolute;\" t\u003d\"42\"\u003e \u003cformatting lang\u003d\"EnglishUnitedStates\"\u003e PO Box 12-345 \u003c/formatting\u003e  \u003c/line\u003e  \u003cline b\u003d\"63\" baseline\u003d\"62\" l\u003d\"13\" r\u003d\"84\" style\u003d\"transform: translate(6px, 57px); position: absolute;\" t\u003d\"55\"\u003e \u003cformatting lang\u003d\"EnglishUnitedStates\"\u003e Phono (09(8766757 \u003c/formatting\u003e  \u003c/line\u003e  \u003c/par\u003e  \u003c/text\u003e  \u003c/block\u003e  \u003cregion xmlns\u003d\"http://ocr.crowdcomputingsystems.com/xml/schema-v1.xml\"\u003e \u003crect b\u003d\"184\" l\u003d\"53\" r\u003d\"471\" t\u003d\"104\"\u003e\u003c/rect\u003e  \u003c/region\u003e \u003ctable b\u003d\"184\" blockname\u003d\"\" blocktype\u003d\"Table\" l\u003d\"53\" r\u003d\"471\" style\u003d\"transform: translate(155px, 141px); position: absolute; user-select: auto;\" t\u003d\"104\" xmlns\u003d\"\"\u003e \u003ctbody\u003e\u003ctr\u003e \u003ctd bottomborder\u003d\"White\" h\u003d\"12\" leftborder\u003d\"White\" rightborder\u003d\"White\" topborder\u003d\"White\" w\u003d\"200\"\u003e \u003ctext xmlns\u003d\"http://ocr.crowdcomputingsystems.com/xml/schema-v1.xml\"\u003e \u003cpar linespacing\u003d\"450\"\u003e \u003cline b\u003d\"112\" baseline\u003d\"111\" l\u003d\"55\" r\u003d\"111\" t\u003d\"105\"\u003e \u003cformatting lang\u003d\"EnglishUnitedStates\"\u003e Jane Buchanan \u003c/formatting\u003e  \u003c/line\u003e  \u003c/par\u003e  \u003c/text\u003e  \u003c/td\u003e   \u003ctd bottomborder\u003d\"White\" h\u003d\"12\" leftborder\u003d\"White\" rightborder\u003d\"White\" topborder\u003d\"White\" w\u003d\"173\"\u003e \u003ctext xmlns\u003d\"http://ocr.crowdcomputingsystems.com/xml/schema-v1.xml\"\u003e \u003cpar align\u003d\"Right\" linespacing\u003d\"450\"\u003e \u003cline b\u003d\"112\" baseline\u003d\"111\" l\u003d\"367\" r\u003d\"417\" t\u003d\"105\"\u003e \u003cformatting lang\u003d\"EnglishUnitedStates\"\u003e GST number \u003c/formatting\u003e  \u003c/line\u003e  \u003c/par\u003e  \u003c/text\u003e  \u003c/td\u003e   \u003ctd bottomborder\u003d\"White\" h\u003d\"12\" leftborder\u003d\"White\" rightborder\u003d\"White\" topborder\u003d\"White\" w\u003d\"45\"\u003e \u003ctext xmlns\u003d\"http://ocr.crowdcomputingsystems.com/xml/schema-v1.xml\"\u003e \u003cpar linespacing\u003d\"530\"\u003e \u003cline b\u003d\"112\" baseline\u003d\"112\" l\u003d\"432\" r\u003d\"458\" t\u003d\"105\"\u003e \u003cformatting lang\u003d\"EnglishUnitedStates\"\u003e \u003cinvoice_number appendorder\u003d\"9\" class\u003d\"extraction-tag\" confidence\u003d\"1/1\" data-original-title\u003d\"Invoice number\" data-toggle\u003d\"tooltip\" data-value\u003d\"000001\" fold-name\u003d\"fold4\" score\u003d\"0.6580219953468411\" style\u003d\"background-color: rgb(0, 83, 98);  color: rgb(255, 255, 255);   border: 2px solid rgb(125, 157, 1); \" tagorder\u003d\"6\"\u003e000001\u003c/invoice_number\u003e \u003c/formatting\u003e  \u003c/line\u003e  \u003c/par\u003e  \u003c/text\u003e  \u003c/td\u003e   \u003c/tr\u003e \n \u003ctr\u003e \u003ctd bottomborder\u003d\"White\" h\u003d\"14\" leftborder\u003d\"White\" rightborder\u003d\"White\" topborder\u003d\"White\" w\u003d\"200\"\u003e \u003ctext xmlns\u003d\"http://ocr.crowdcomputingsystems.com/xml/schema-v1.xml\"\u003e \u003cpar linespacing\u003d\"450\"\u003e \u003cline b\u003d\"127\" baseline\u003d\"125\" l\u003d\"55\" r\u003d\"120\" t\u003d\"119\"\u003e \u003cformatting lang\u003d\"EnglishUnitedStates\"\u003e Contract Manager \u003c/formatting\u003e  \u003c/line\u003e  \u003c/par\u003e  \u003c/text\u003e  \u003c/td\u003e   \u003ctd bottomborder\u003d\"White\" h\u003d\"14\" leftborder\u003d\"White\" rightborder\u003d\"White\" topborder\u003d\"White\" w\u003d\"173\"\u003e \u003ctext xmlns\u003d\"http://ocr.crowdcomputingsystems.com/xml/schema-v1.xml\"\u003e \u003cpar align\u003d\"Right\" linespacing\u003d\"450\"\u003e \u003cline b\u003d\"125\" baseline\u003d\"125\" l\u003d\"401\" r\u003d\"418\" t\u003d\"119\"\u003e \u003cformatting lang\u003d\"EnglishUnitedStates\"\u003e Date \u003c/formatting\u003e  \u003c/line\u003e  \u003c/par\u003e  \u003c/text\u003e  \u003c/td\u003e   \u003ctd bottomborder\u003d\"White\" h\u003d\"14\" leftborder\u003d\"White\" rightborder\u003d\"White\" topborder\u003d\"White\" w\u003d\"45\"\u003e \u003ctext xmlns\u003d\"http://ocr.crowdcomputingsystems.com/xml/schema-v1.xml\"\u003e \u003cpar linespacing\u003d\"450\"\u003e \u003cline b\u003d\"125\" baseline\u003d\"125\" l\u003d\"432\" r\u003d\"468\" t\u003d\"119\"\u003e \u003cformatting lang\u003d\"EnglishUnitedStates\"\u003e \u003cinvoice_date appendorder\u003d\"12\" class\u003d\"extraction-tag\" confidence\u003d\"1/1\" data-original-title\u003d\"Invoice date\" data-toggle\u003d\"tooltip\" data-value\u003d\"501/2016\" fold-name\u003d\"fold2\" score\u003d\"0.7238632325885216\" style\u003d\"background-color: rgb(17, 18, 43);  color: rgb(255, 255, 255);   border: 2px solid rgb(125, 157, 1); \" tagorder\u003d\"7\"\u003e501/2016\u003c/invoice_date\u003e \u003c/formatting\u003e  \u003c/line\u003e  \u003c/par\u003e  \u003c/text\u003e  \u003c/td\u003e   \u003c/tr\u003e \n \u003ctr\u003e \u003ctd bottomborder\u003d\"White\" h\u003d\"13\" leftborder\u003d\"White\" rightborder\u003d\"White\" topborder\u003d\"White\" w\u003d\"200\"\u003e \u003ctext xmlns\u003d\"http://ocr.crowdcomputingsystems.com/xml/schema-v1.xml\"\u003e \u003cpar linespacing\u003d\"450\"\u003e \u003cline b\u003d\"140\" baseline\u003d\"138\" l\u003d\"55\" r\u003d\"149\" t\u003d\"132\"\u003e \u003cformatting lang\u003d\"EnglishUnitedStates\"\u003e Ofhca Management Team \u003c/formatting\u003e  \u003c/line\u003e  \u003c/par\u003e  \u003c/text\u003e  \u003c/td\u003e   \u003ctd bottomborder\u003d\"White\" h\u003d\"13\" leftborder\u003d\"White\" rightborder\u003d\"White\" topborder\u003d\"White\" w\u003d\"173\"\u003e \u003ctext xmlns\u003d\"http://ocr.crowdcomputingsystems.com/xml/schema-v1.xml\"\u003e \u003cpar align\u003d\"Right\" linespacing\u003d\"450\"\u003e \u003cline b\u003d\"138\" baseline\u003d\"138\" l\u003d\"356\" r\u003d\"418\" t\u003d\"132\"\u003e \u003cformatting lang\u003d\"EnglishUnitedStates\"\u003e Invoice number \u003c/formatting\u003e  \u003c/line\u003e  \u003c/par\u003e  \u003c/text\u003e  \u003c/td\u003e   \u003ctd bottomborder\u003d\"White\" h\u003d\"13\" leftborder\u003d\"White\" rightborder\u003d\"White\" topborder\u003d\"White\" w\u003d\"45\"\u003e \u003ctext xmlns\u003d\"http://ocr.crowdcomputingsystems.com/xml/schema-v1.xml\"\u003e \u003cpar linespacing\u003d\"-1\"\u003e\u003c/par\u003e  \u003c/text\u003e  \u003c/td\u003e   \u003c/tr\u003e \n \u003ctr\u003e \u003ctd bottomborder\u003d\"White\" h\u003d\"13\" leftborder\u003d\"White\" rightborder\u003d\"White\" topborder\u003d\"White\" w\u003d\"200\"\u003e \u003ctext xmlns\u003d\"http://ocr.crowdcomputingsystems.com/xml/schema-v1.xml\"\u003e \u003cpar linespacing\u003d\"450\"\u003e \u003cline b\u003d\"154\" baseline\u003d\"152\" l\u003d\"55\" r\u003d\"144\" t\u003d\"146\"\u003e \u003cformatting lang\u003d\"EnglishUnitedStates\"\u003e Ministry o\u0026raquo; Enlortammont \u003c/formatting\u003e  \u003c/line\u003e  \u003c/par\u003e  \u003c/text\u003e  \u003c/td\u003e   \u003ctd bottomborder\u003d\"White\" h\u003d\"13\" leftborder\u003d\"White\" rightborder\u003d\"White\" topborder\u003d\"White\" w\u003d\"173\"\u003e \u003ctext xmlns\u003d\"http://ocr.crowdcomputingsystems.com/xml/schema-v1.xml\"\u003e \u003cpar align\u003d\"Right\" linespacing\u003d\"450\"\u003e \u003cline b\u003d\"152\" baseline\u003d\"152\" l\u003d\"361\" r\u003d\"418\" t\u003d\"146\"\u003e \u003cformatting lang\u003d\"EnglishUnitedStates\"\u003e Period coverod \u003c/formatting\u003e  \u003c/line\u003e  \u003c/par\u003e  \u003c/text\u003e  \u003c/td\u003e   \u003ctd bottomborder\u003d\"White\" h\u003d\"13\" leftborder\u003d\"White\" rightborder\u003d\"White\" topborder\u003d\"White\" w\u003d\"45\"\u003e \u003ctext xmlns\u003d\"http://ocr.crowdcomputingsystems.com/xml/schema-v1.xml\"\u003e \u003cpar linespacing\u003d\"-1\"\u003e\u003c/par\u003e  \u003c/text\u003e  \u003c/td\u003e   \u003c/tr\u003e \n \u003ctr\u003e \u003ctd bottomborder\u003d\"White\" h\u003d\"14\" leftborder\u003d\"White\" rightborder\u003d\"White\" topborder\u003d\"White\" w\u003d\"200\"\u003e \u003ctext xmlns\u003d\"http://ocr.crowdcomputingsystems.com/xml/schema-v1.xml\"\u003e \u003cpar linespacing\u003d\"530\"\u003e \u003cline b\u003d\"166\" baseline\u003d\"166\" l\u003d\"55\" r\u003d\"115\" t\u003d\"159\"\u003e \u003cformatting lang\u003d\"EnglishUnitedStates\"\u003e PO Box 33-3333 \u003c/formatting\u003e  \u003c/line\u003e  \u003c/par\u003e  \u003c/text\u003e  \u003c/td\u003e   \u003ctd bottomborder\u003d\"White\" h\u003d\"14\" leftborder\u003d\"White\" rightborder\u003d\"White\" topborder\u003d\"White\" w\u003d\"173\"\u003e \u003ctext xmlns\u003d\"http://ocr.crowdcomputingsystems.com/xml/schema-v1.xml\"\u003e \u003cpar align\u003d\"Right\" linespacing\u003d\"530\"\u003e \u003cline b\u003d\"166\" baseline\u003d\"166\" l\u003d\"383\" r\u003d\"418\" t\u003d\"159\"\u003e \u003cformatting lang\u003d\"EnglishUnitedStates\"\u003e Contract: \u003c/formatting\u003e  \u003c/line\u003e  \u003c/par\u003e  \u003c/text\u003e  \u003c/td\u003e   \u003ctd bottomborder\u003d\"White\" h\u003d\"14\" leftborder\u003d\"White\" rightborder\u003d\"White\" topborder\u003d\"White\" w\u003d\"45\"\u003e \u003ctext xmlns\u003d\"http://ocr.crowdcomputingsystems.com/xml/schema-v1.xml\"\u003e \u003cpar linespacing\u003d\"-1\"\u003e\u003c/par\u003e  \u003c/text\u003e  \u003c/td\u003e   \u003c/tr\u003e \n \u003ctr\u003e \u003ctd bottomborder\u003d\"White\" h\u003d\"14\" leftborder\u003d\"White\" rightborder\u003d\"White\" topborder\u003d\"White\" w\u003d\"200\"\u003e \u003ctext xmlns\u003d\"http://ocr.crowdcomputingsystems.com/xml/schema-v1.xml\"\u003e \u003cpar linespacing\u003d\"450\"\u003e \u003cline b\u003d\"181\" baseline\u003d\"179\" l\u003d\"55\" r\u003d\"92\" t\u003d\"173\"\u003e \u003cformatting lang\u003d\"EnglishUnitedStates\"\u003e Wobngton \u003c/formatting\u003e  \u003c/line\u003e  \u003c/par\u003e  \u003c/text\u003e  \u003c/td\u003e   \u003ctd bottomborder\u003d\"White\" h\u003d\"14\" leftborder\u003d\"White\" rightborder\u003d\"White\" topborder\u003d\"White\" w\u003d\"173\"\u003e \u003ctext xmlns\u003d\"http://ocr.crowdcomputingsystems.com/xml/schema-v1.xml\"\u003e \u003cpar leftindent\u003d\"7700\" linespacing\u003d\"-1\"\u003e\u003c/par\u003e  \u003c/text\u003e  \u003c/td\u003e   \u003ctd bottomborder\u003d\"White\" h\u003d\"14\" leftborder\u003d\"White\" rightborder\u003d\"White\" topborder\u003d\"White\" w\u003d\"45\"\u003e \u003ctext xmlns\u003d\"http://ocr.crowdcomputingsystems.com/xml/schema-v1.xml\"\u003e \u003cpar linespacing\u003d\"-1\"\u003e\u003c/par\u003e  \u003c/text\u003e  \u003c/td\u003e   \u003c/tr\u003e \n \u003c/tbody\u003e\u003c/table\u003e\n \u003cregion xmlns\u003d\"http://ocr.crowdcomputingsystems.com/xml/schema-v1.xml\"\u003e \u003crect b\u003d\"262\" l\u003d\"13\" r\u003d\"469\" t\u003d\"199\"\u003e\u003c/rect\u003e  \u003c/region\u003e \u003ctable b\u003d\"262\" blockname\u003d\"\" blocktype\u003d\"Table\" l\u003d\"13\" r\u003d\"469\" style\u003d\"transform: translate(38px, 269px); position: absolute; user-select: auto;\" t\u003d\"199\" xmlns\u003d\"\"\u003e \u003ctbody\u003e\u003ctr\u003e \u003ctd h\u003d\"22\" topborder\u003d\"White\" w\u003d\"113\"\u003e \u003ctext xmlns\u003d\"http://ocr.crowdcomputingsystems.com/xml/schema-v1.xml\"\u003e \u003cpar linespacing\u003d\"450\"\u003e \u003cline b\u003d\"214\" baseline\u003d\"213\" l\u003d\"17\" r\u003d\"61\" t\u003d\"207\"\u003e \u003cformatting lang\u003d\"EnglishUnitedStates\"\u003e Description \u003c/formatting\u003e  \u003c/line\u003e  \u003c/par\u003e  \u003c/text\u003e  \u003c/td\u003e   \u003ctd h\u003d\"22\" topborder\u003d\"White\" w\u003d\"87\"\u003e \u003ctext xmlns\u003d\"http://ocr.crowdcomputingsystems.com/xml/schema-v1.xml\"\u003e \u003cpar linespacing\u003d\"450\"\u003e \u003cline b\u003d\"215\" baseline\u003d\"213\" l\u003d\"129\" r\u003d\"161\" t\u003d\"207\"\u003e \u003cformatting lang\u003d\"EnglishUnitedStates\"\u003e Quantity \u003c/formatting\u003e  \u003c/line\u003e  \u003c/par\u003e  \u003c/text\u003e  \u003c/td\u003e   \u003ctd h\u003d\"22\" topborder\u003d\"White\" w\u003d\"180\"\u003e \u003ctext xmlns\u003d\"http://ocr.crowdcomputingsystems.com/xml/schema-v1.xml\"\u003e \u003cpar linespacing\u003d\"450\"\u003e \u003cline b\u003d\"215\" baseline\u003d\"213\" l\u003d\"216\" r\u003d\"253\" t\u003d\"207\"\u003e \u003cformatting lang\u003d\"EnglishUnitedStates\"\u003e Unit price \u003c/formatting\u003e  \u003c/line\u003e  \u003c/par\u003e  \u003c/text\u003e  \u003c/td\u003e   \u003ctd h\u003d\"22\" topborder\u003d\"White\" w\u003d\"76\"\u003e \u003ctext xmlns\u003d\"http://ocr.crowdcomputingsystems.com/xml/schema-v1.xml\"\u003e \u003cpar linespacing\u003d\"450\"\u003e \u003cline b\u003d\"213\" baseline\u003d\"213\" l\u003d\"396\" r\u003d\"426\" t\u003d\"207\"\u003e \u003cformatting lang\u003d\"EnglishUnitedStates\"\u003e Amount \u003c/formatting\u003e  \u003c/line\u003e  \u003c/par\u003e  \u003c/text\u003e  \u003c/td\u003e   \u003c/tr\u003e \n \u003ctr\u003e \u003ctd h\u003d\"20\" w\u003d\"113\"\u003e \u003ctext xmlns\u003d\"http://ocr.crowdcomputingsystems.com/xml/schema-v1.xml\"\u003e \u003cpar linespacing\u003d\"530\"\u003e \u003cline b\u003d\"233\" baseline\u003d\"233\" l\u003d\"16\" r\u003d\"50\" t\u003d\"226\"\u003e\u003cproduct appendorder\u003d\"5\" class\u003d\"extraction-tag\" confidence\u003d\"1/1\" data-original-title\u003d\"construction_type\" data-toggle\u003d\"tooltip\" data-value\u003d\"Product 1\" fold-name\u003d\"fold4\" injection\u003d\"true\" referencedatausedininjection\u003d\"manual\" score\u003d\"0.7306904459293906\" style\u003d\"background-color: rgb(78, 135, 105);  color: rgb(0, 0, 0);   border: 2px solid rgb(125, 157, 1); \" tagorder\u003d\"6702870\"\u003eProduct 1\u003c/product\u003e\u003c/line\u003e  \u003c/par\u003e  \u003c/text\u003e  \u003c/td\u003e   \u003ctd h\u003d\"20\" w\u003d\"87\"\u003e \u003ctext xmlns\u003d\"http://ocr.crowdcomputingsystems.com/xml/schema-v1.xml\"\u003e \u003cpar linespacing\u003d\"530\"\u003e \u003cline b\u003d\"233\" baseline\u003d\"233\" l\u003d\"130\" r\u003d\"138\" t\u003d\"226\"\u003e\u003cquantity appendorder\u003d\"5\" class\u003d\"extraction-tag\" confidence\u003d\"1/1\" data-original-title\u003d\"construction_type\" data-toggle\u003d\"tooltip\" data-value\u003d\"10\" fold-name\u003d\"fold2\" injection\u003d\"true\" referencedatausedininjection\u003d\"manual\" score\u003d\"0.9725527769513251\" style\u003d\"background-color: rgb(11, 47, 140);  color: rgb(255, 255, 255);   border: 2px solid rgb(125, 157, 1); \" tagorder\u003d\"2795599\"\u003e10\u003c/quantity\u003e\u003c/line\u003e  \u003c/par\u003e  \u003c/text\u003e  \u003c/td\u003e   \u003ctd h\u003d\"20\" w\u003d\"180\"\u003e \u003ctext xmlns\u003d\"http://ocr.crowdcomputingsystems.com/xml/schema-v1.xml\"\u003e \u003cpar linespacing\u003d\"530\"\u003e \u003cline b\u003d\"233\" baseline\u003d\"233\" l\u003d\"216\" r\u003d\"251\" t\u003d\"226\"\u003e\u003cprice appendorder\u003d\"5\" class\u003d\"extraction-tag\" confidence\u003d\"1/1\" data-original-title\u003d\"construction_type\" data-toggle\u003d\"tooltip\" data-value\u003d\"NZ$1000\" fold-name\u003d\"fold2\" injection\u003d\"true\" referencedatausedininjection\u003d\"manual\" score\u003d\"0.4360235206552475\" style\u003d\"background-color: rgb(140, 250, 187);  color: rgb(0, 0, 0);   border: 2px solid rgb(125, 157, 1); \" tagorder\u003d\"2515117\"\u003eNZ$1000\u003c/price\u003e\u003c/line\u003e  \u003c/par\u003e  \u003c/text\u003e  \u003c/td\u003e   \u003ctd h\u003d\"20\" w\u003d\"76\"\u003e \u003ctext xmlns\u003d\"http://ocr.crowdcomputingsystems.com/xml/schema-v1.xml\"\u003e \u003cpar linespacing\u003d\"530\"\u003e \u003cline b\u003d\"233\" baseline\u003d\"233\" l\u003d\"396\" r\u003d\"436\" t\u003d\"226\"\u003e \u003cformatting lang\u003d\"EnglishUnitedStates\"\u003e NZ$100 00 \u003c/formatting\u003e  \u003c/line\u003e  \u003c/par\u003e  \u003c/text\u003e  \u003c/td\u003e   \u003c/tr\u003e \n \u003ctr\u003e \u003ctd h\u003d\"21\" w\u003d\"113\"\u003e \u003ctext xmlns\u003d\"http://ocr.crowdcomputingsystems.com/xml/schema-v1.xml\"\u003e \u003cpar linespacing\u003d\"530\"\u003e \u003cline b\u003d\"253\" baseline\u003d\"253\" l\u003d\"17\" r\u003d\"49\" t\u003d\"246\"\u003e\u003cproduct appendorder\u003d\"5\" class\u003d\"extraction-tag\" confidence\u003d\"1/1\" data-original-title\u003d\"construction_type\" data-toggle\u003d\"tooltip\" data-value\u003d\"Sonnco 1\" fold-name\u003d\"fold4\" injection\u003d\"true\" referencedatausedininjection\u003d\"manual\" score\u003d\"0.8102966158077058\" style\u003d\"background-color: rgb(78, 135, 105);  color: rgb(0, 0, 0);   border: 2px solid rgb(125, 157, 1); \" tagorder\u003d\"9832000\"\u003eSonnco 1\u003c/product\u003e\u003c/line\u003e  \u003c/par\u003e  \u003c/text\u003e  \u003c/td\u003e   \u003ctd h\u003d\"21\" w\u003d\"87\"\u003e \u003ctext xmlns\u003d\"http://ocr.crowdcomputingsystems.com/xml/schema-v1.xml\"\u003e \u003cpar linespacing\u003d\"450\"\u003e \u003cline b\u003d\"253\" baseline\u003d\"253\" l\u003d\"130\" r\u003d\"132\" t\u003d\"247\"\u003e\u003cquantity appendorder\u003d\"5\" class\u003d\"extraction-tag\" confidence\u003d\"1/1\" data-original-title\u003d\"construction_type\" data-toggle\u003d\"tooltip\" data-value\u003d\"1\" fold-name\u003d\"fold2\" injection\u003d\"true\" referencedatausedininjection\u003d\"manual\" score\u003d\"0.9525882342843508\" style\u003d\"background-color: rgb(11, 47, 140);  color: rgb(255, 255, 255);   border: 2px solid rgb(125, 157, 1); \" tagorder\u003d\"4119129\"\u003e1\u003c/quantity\u003e\u003c/line\u003e  \u003c/par\u003e  \u003c/text\u003e  \u003c/td\u003e   \u003ctd h\u003d\"21\" w\u003d\"180\"\u003e \u003ctext xmlns\u003d\"http://ocr.crowdcomputingsystems.com/xml/schema-v1.xml\"\u003e \u003cpar linespacing\u003d\"530\"\u003e \u003cline b\u003d\"253\" baseline\u003d\"253\" l\u003d\"216\" r\u003d\"256\" t\u003d\"246\"\u003e\u003cprice appendorder\u003d\"5\" class\u003d\"extraction-tag\" confidence\u003d\"1/1\" data-original-title\u003d\"construction_type\" data-toggle\u003d\"tooltip\" data-value\u003d\"NZ$100.00\" fold-name\u003d\"fold2\" injection\u003d\"true\" referencedatausedininjection\u003d\"manual\" score\u003d\"0.3925626387820962\" style\u003d\"background-color: rgb(140, 250, 187);  color: rgb(0, 0, 0);   border: 2px solid rgb(125, 157, 1); \" tagorder\u003d\"2973696\"\u003eNZ$100.00\u003c/price\u003e\u003c/line\u003e  \u003c/par\u003e  \u003c/text\u003e  \u003c/td\u003e   \u003ctd h\u003d\"21\" w\u003d\"76\"\u003e \u003ctext xmlns\u003d\"http://ocr.crowdcomputingsystems.com/xml/schema-v1.xml\"\u003e \u003cpar linespacing\u003d\"530\"\u003e \u003cline b\u003d\"253\" baseline\u003d\"253\" l\u003d\"396\" r\u003d\"436\" t\u003d\"246\"\u003e \u003cformatting lang\u003d\"EnglishUnitedStates\"\u003e NZ$100 00 \u003c/formatting\u003e  \u003c/line\u003e  \u003c/par\u003e  \u003c/text\u003e  \u003c/td\u003e   \u003c/tr\u003e \n \u003c/tbody\u003e\u003c/table\u003e\n \u003cblock b\u003d\"276\" blockname\u003d\"\" blocktype\u003d\"Text\" l\u003d\"214\" r\u003d\"438\" style\u003d\"transform: translate(624px, 358px); position: absolute; width: 653.411px; height: 16.25px;\" t\u003d\"264\"\u003e \u003cregion\u003e \u003crect b\u003d\"276\" l\u003d\"214\" r\u003d\"438\" t\u003d\"264\"\u003e\u003c/rect\u003e  \u003c/region\u003e  \u003ctext\u003e \u003cpar align\u003d\"Justified\" linespacing\u003d\"450\"\u003e \u003cline b\u003d\"273\" baseline\u003d\"272\" l\u003d\"216\" r\u003d\"436\" style\u003d\"transform: translate(6px, 3px); position: absolute;\" t\u003d\"266\"\u003e \u003cformatting lang\u003d\"EnglishUnitedStates\"\u003e Subtotal NZ$200.00 \u003c/formatting\u003e  \u003c/line\u003e  \u003c/par\u003e  \u003c/text\u003e  \u003c/block\u003e  \u003cregion xmlns\u003d\"http://ocr.crowdcomputingsystems.com/xml/schema-v1.xml\"\u003e \u003crect b\u003d\"321\" l\u003d\"210\" r\u003d\"470\" t\u003d\"279\"\u003e\u003c/rect\u003e  \u003c/region\u003e \u003ctable b\u003d\"321\" blockname\u003d\"\" blocktype\u003d\"Table\" l\u003d\"210\" r\u003d\"470\" style\u003d\"transform: translate(613px, 378px); position: absolute; user-select: auto;\" t\u003d\"279\" xmlns\u003d\"\"\u003e \u003ctbody\u003e\u003ctr\u003e \u003ctd h\u003d\"21\" leftborder\u003d\"White\" rightborder\u003d\"White\" w\u003d\"134\"\u003e \u003ctext xmlns\u003d\"http://ocr.crowdcomputingsystems.com/xml/schema-v1.xml\"\u003e \u003cpar linespacing\u003d\"530\"\u003e \u003cline b\u003d\"292\" baseline\u003d\"292\" l\u003d\"215\" r\u003d\"231\" t\u003d\"285\"\u003e \u003cformatting lang\u003d\"EnglishUnitedStates\"\u003e GST \u003c/formatting\u003e  \u003c/line\u003e  \u003c/par\u003e  \u003c/text\u003e  \u003c/td\u003e   \u003ctd h\u003d\"21\" leftborder\u003d\"White\" rightborder\u003d\"White\" w\u003d\"126\"\u003e \u003ctext xmlns\u003d\"http://ocr.crowdcomputingsystems.com/xml/schema-v1.xml\"\u003e \u003cpar align\u003d\"Center\" linespacing\u003d\"530\" rightindent\u003d\"1200\"\u003e \u003cline b\u003d\"292\" baseline\u003d\"292\" l\u003d\"396\" r\u003d\"431\" t\u003d\"285\"\u003e \u003cformatting lang\u003d\"EnglishUnitedStates\"\u003e NZ$30 00 \u003c/formatting\u003e  \u003c/line\u003e  \u003c/par\u003e  \u003c/text\u003e  \u003c/td\u003e   \u003c/tr\u003e \n \u003ctr\u003e \u003ctd h\u003d\"21\" leftborder\u003d\"White\" rightborder\u003d\"White\" w\u003d\"134\"\u003e \u003ctext xmlns\u003d\"http://ocr.crowdcomputingsystems.com/xml/schema-v1.xml\"\u003e \u003cpar linespacing\u003d\"530\"\u003e \u003cline b\u003d\"313\" baseline\u003d\"312\" l\u003d\"215\" r\u003d\"292\" t\u003d\"305\"\u003e \u003cformatting lang\u003d\"EnglishUnitedStates\"\u003e Total Including GST \u003c/formatting\u003e  \u003c/line\u003e  \u003c/par\u003e  \u003c/text\u003e  \u003c/td\u003e   \u003ctd h\u003d\"21\" leftborder\u003d\"White\" rightborder\u003d\"White\" w\u003d\"126\"\u003e \u003ctext xmlns\u003d\"http://ocr.crowdcomputingsystems.com/xml/schema-v1.xml\"\u003e \u003cpar leftindent\u003d\"3900\" linespacing\u003d\"530\"\u003e \u003cline b\u003d\"312\" baseline\u003d\"312\" l\u003d\"396\" r\u003d\"436\" t\u003d\"305\"\u003e \u003cformatting lang\u003d\"EnglishUnitedStates\"\u003e \u003ctotal_amount class\u003d\"extraction-tag\" data-value\u003d\"NZ\" fold-name\u003d\"fold2\" ml-tagorder\u003d\"9832009\" score\u003d\"0.6040746060463924\" tagorder\u003d\"9832009\"\u003eNZ\u003c/total_amount\u003e$230 00 \u003c/formatting\u003e  \u003c/line\u003e  \u003c/par\u003e  \u003c/text\u003e  \u003c/td\u003e   \u003c/tr\u003e \n \u003c/tbody\u003e\u003c/table\u003e\n \u003cblock b\u003d\"86\" blockname\u003d\"\" blocktype\u003d\"Separator\" l\u003d\"13\" r\u003d\"469\" style\u003d\"transform: translate(38px, 112px); position: absolute;\" t\u003d\"83\"\u003e \u003cregion\u003e \u003crect b\u003d\"86\" l\u003d\"13\" r\u003d\"469\" t\u003d\"83\"\u003e\u003c/rect\u003e  \u003c/region\u003e  \u003cseparator thickness\u003d\"3\" type\u003d\"Black\"\u003e \u003cstart x\u003d\"13\" y\u003d\"84\"\u003e\u003c/start\u003e \u003cend x\u003d\"469\" y\u003d\"84\"\u003e\u003c/end\u003e \u003c/separator\u003e \u003c/block\u003e  \u003cblock b\u003d\"222\" blockname\u003d\"\" blocktype\u003d\"Separator\" l\u003d\"13\" r\u003d\"469\" style\u003d\"transform: translate(38px, 298px); position: absolute;\" t\u003d\"220\"\u003e \u003cregion\u003e \u003crect b\u003d\"222\" l\u003d\"13\" r\u003d\"469\" t\u003d\"220\"\u003e\u003c/rect\u003e  \u003c/region\u003e  \u003cseparator thickness\u003d\"2\" type\u003d\"Black\"\u003e \u003cstart x\u003d\"13\" y\u003d\"221\"\u003e\u003c/start\u003e \u003cend x\u003d\"469\" y\u003d\"221\"\u003e\u003c/end\u003e \u003c/separator\u003e \u003c/block\u003e  \u003cblock b\u003d\"242\" blockname\u003d\"\" blocktype\u003d\"Separator\" l\u003d\"13\" r\u003d\"469\" style\u003d\"transform: translate(38px, 325px); position: absolute;\" t\u003d\"240\"\u003e \u003cregion\u003e \u003crect b\u003d\"242\" l\u003d\"13\" r\u003d\"469\" t\u003d\"240\"\u003e\u003c/rect\u003e  \u003c/region\u003e  \u003cseparator thickness\u003d\"2\" type\u003d\"Black\"\u003e \u003cstart x\u003d\"13\" y\u003d\"241\"\u003e\u003c/start\u003e \u003cend x\u003d\"469\" y\u003d\"241\"\u003e\u003c/end\u003e \u003c/separator\u003e \u003c/block\u003e  \u003cblock b\u003d\"262\" blockname\u003d\"\" blocktype\u003d\"Separator\" l\u003d\"13\" r\u003d\"468\" style\u003d\"transform: translate(38px, 351px); position: absolute;\" t\u003d\"259\"\u003e \u003cregion\u003e \u003crect b\u003d\"262\" l\u003d\"13\" r\u003d\"468\" t\u003d\"259\"\u003e\u003c/rect\u003e  \u003c/region\u003e  \u003cseparator thickness\u003d\"3\" type\u003d\"Black\"\u003e \u003cstart x\u003d\"13\" y\u003d\"260\"\u003e\u003c/start\u003e \u003cend x\u003d\"468\" y\u003d\"260\"\u003e\u003c/end\u003e \u003c/separator\u003e \u003c/block\u003e  \u003cblock b\u003d\"281\" blockname\u003d\"\" blocktype\u003d\"Separator\" l\u003d\"213\" r\u003d\"468\" style\u003d\"transform: translate(621px, 378px); position: absolute;\" t\u003d\"279\"\u003e \u003cregion\u003e \u003crect b\u003d\"281\" l\u003d\"213\" r\u003d\"468\" t\u003d\"279\"\u003e\u003c/rect\u003e  \u003c/region\u003e  \u003cseparator thickness\u003d\"2\" type\u003d\"Black\"\u003e \u003cstart x\u003d\"213\" y\u003d\"280\"\u003e\u003c/start\u003e \u003cend x\u003d\"468\" y\u003d\"280\"\u003e\u003c/end\u003e \u003c/separator\u003e \u003c/block\u003e  \u003cblock b\u003d\"301\" blockname\u003d\"\" blocktype\u003d\"Separator\" l\u003d\"212\" r\u003d\"468\" style\u003d\"transform: translate(618px, 405px); position: absolute;\" t\u003d\"299\"\u003e \u003cregion\u003e \u003crect b\u003d\"301\" l\u003d\"212\" r\u003d\"468\" t\u003d\"299\"\u003e\u003c/rect\u003e  \u003c/region\u003e  \u003cseparator thickness\u003d\"2\" type\u003d\"Black\"\u003e \u003cstart x\u003d\"212\" y\u003d\"300\"\u003e\u003c/start\u003e \u003cend x\u003d\"468\" y\u003d\"300\"\u003e\u003c/end\u003e \u003c/separator\u003e \u003c/block\u003e  \u003cblock b\u003d\"321\" blockname\u003d\"\" blocktype\u003d\"Separator\" l\u003d\"212\" r\u003d\"468\" style\u003d\"transform: translate(618px, 432px); position: absolute;\" t\u003d\"319\"\u003e \u003cregion\u003e \u003crect b\u003d\"321\" l\u003d\"212\" r\u003d\"468\" t\u003d\"319\"\u003e\u003c/rect\u003e  \u003c/region\u003e  \u003cseparator thickness\u003d\"2\" type\u003d\"Black\"\u003e \u003cstart x\u003d\"212\" y\u003d\"320\"\u003e\u003c/start\u003e \u003cend x\u003d\"468\" y\u003d\"320\"\u003e\u003c/end\u003e \u003c/separator\u003e \u003c/block\u003e  \u003cblock b\u003d\"262\" blockname\u003d\"\" blocktype\u003d\"Separator\" l\u003d\"13\" r\u003d\"15\" style\u003d\"transform: translate(38px, 272px); position: absolute;\" t\u003d\"201\"\u003e \u003cregion\u003e \u003crect b\u003d\"262\" l\u003d\"13\" r\u003d\"15\" t\u003d\"201\"\u003e\u003c/rect\u003e  \u003c/region\u003e  \u003cseparator thickness\u003d\"2\" type\u003d\"Black\"\u003e \u003cstart x\u003d\"14\" y\u003d\"201\"\u003e\u003c/start\u003e \u003cend x\u003d\"14\" y\u003d\"262\"\u003e\u003c/end\u003e \u003c/separator\u003e \u003c/block\u003e  \u003cblock b\u003d\"262\" blockname\u003d\"\" blocktype\u003d\"Separator\" l\u003d\"124\" r\u003d\"128\" style\u003d\"transform: translate(362px, 272px); position: absolute;\" t\u003d\"201\"\u003e \u003cregion\u003e \u003crect b\u003d\"259\" l\u003d\"125\" r\u003d\"127\" t\u003d\"201\"\u003e\u003c/rect\u003e  \u003crect b\u003d\"262\" l\u003d\"124\" r\u003d\"128\" t\u003d\"259\"\u003e\u003c/rect\u003e  \u003c/region\u003e  \u003cseparator thickness\u003d\"3\" type\u003d\"Black\"\u003e \u003cstart x\u003d\"126\" y\u003d\"201\"\u003e\u003c/start\u003e \u003cend x\u003d\"126\" y\u003d\"262\"\u003e\u003c/end\u003e \u003c/separator\u003e \u003c/block\u003e  \u003cblock b\u003d\"259\" blockname\u003d\"\" blocktype\u003d\"Separator\" l\u003d\"212\" r\u003d\"214\" style\u003d\"transform: translate(618px, 272px); position: absolute;\" t\u003d\"201\"\u003e \u003cregion\u003e \u003crect b\u003d\"259\" l\u003d\"212\" r\u003d\"214\" t\u003d\"201\"\u003e\u003c/rect\u003e  \u003c/region\u003e  \u003cseparator thickness\u003d\"2\" type\u003d\"Black\"\u003e \u003cstart x\u003d\"213\" y\u003d\"201\"\u003e\u003c/start\u003e \u003cend x\u003d\"213\" y\u003d\"259\"\u003e\u003c/end\u003e \u003c/separator\u003e \u003c/block\u003e  \u003cblock b\u003d\"262\" blockname\u003d\"\" blocktype\u003d\"Separator\" l\u003d\"391\" r\u003d\"395\" style\u003d\"transform: translate(1141px, 272px); position: absolute;\" t\u003d\"201\"\u003e \u003cregion\u003e \u003crect b\u003d\"259\" l\u003d\"392\" r\u003d\"394\" t\u003d\"201\"\u003e\u003c/rect\u003e  \u003crect b\u003d\"262\" l\u003d\"391\" r\u003d\"395\" t\u003d\"259\"\u003e\u003c/rect\u003e  \u003c/region\u003e  \u003cseparator thickness\u003d\"3\" type\u003d\"Black\"\u003e \u003cstart x\u003d\"393\" y\u003d\"201\"\u003e\u003c/start\u003e \u003cend x\u003d\"393\" y\u003d\"262\"\u003e\u003c/end\u003e \u003c/separator\u003e \u003c/block\u003e  \u003cblock b\u003d\"262\" blockname\u003d\"\" blocktype\u003d\"Separator\" l\u003d\"467\" r\u003d\"469\" style\u003d\"transform: translate(1362px, 272px); position: absolute;\" t\u003d\"201\"\u003e \u003cregion\u003e \u003crect b\u003d\"262\" l\u003d\"467\" r\u003d\"469\" t\u003d\"201\"\u003e\u003c/rect\u003e  \u003c/region\u003e  \u003cseparator thickness\u003d\"2\" type\u003d\"Black\"\u003e \u003cstart x\u003d\"468\" y\u003d\"201\"\u003e\u003c/start\u003e \u003cend x\u003d\"468\" y\u003d\"262\"\u003e\u003c/end\u003e \u003c/separator\u003e \u003c/block\u003e  \u003c/page\u003e     \u003c/document\u003e\u003c/body\u003e\u003c/html\u003e","tags":[{"begin":45,"end":57,"text":"ABC Goods LW","tag":"supplier_name","fieldType":"COMPANY_NAME","score":0.5205301981191346,"estimatedAccuracy":0.0},{"begin":216,"end":222,"text":"000001","tag":"invoice_number","fieldType":"TEXT","score":0.6580219953468411,"estimatedAccuracy":0.0},{"begin":297,"end":305,"text":"501/2016","tag":"invoice_date","fieldType":"DATE","score":0.7238632325885216,"estimatedAccuracy":0.0},{"begin":722,"end":731,"text":"Product 1","tag":"product","fieldType":"TEXT","score":0.7306904459293906,"estimatedAccuracy":0.0},{"begin":743,"end":745,"text":"10","tag":"quantity","fieldType":"NUMBER","score":0.9725527769513251,"estimatedAccuracy":0.0},{"begin":757,"end":764,"text":"NZ$1000","tag":"price","fieldType":"NUMBER","score":0.4360235206552475,"estimatedAccuracy":0.0},{"begin":806,"end":814,"text":"Sonnco 1","tag":"product","fieldType":"TEXT","score":0.8102966158077058,"estimatedAccuracy":0.0},{"begin":826,"end":827,"text":"1","tag":"quantity","fieldType":"NUMBER","score":0.9525882342843508,"estimatedAccuracy":0.0},{"begin":839,"end":848,"text":"NZ$100.00","tag":"price","fieldType":"NUMBER","score":0.3925626387820962,"estimatedAccuracy":0.0},{"begin":1023,"end":1025,"text":"NZ","tag":"total_amount","fieldType":"NUMBER","score":0.6040746060463924,"estimatedAccuracy":0.0}],"group":"invoice_date|invoice_number|price|product|quantity|supplier_name|total_amount","limeExplanation":{},"liblinearFeatureImportance":{}}