{"finalScore":0.6755402658317796,"metaInfo":{"model":{"coreVersion":"10.3.0.39"}},"sumScore":6.755402658317796,"tagsCounter":10.0,"taggedText":"\u003chtml\u003e\u003chead\u003e\u003cscript src\u003d\"https://ajax.googleapis.com/ajax/libs/jquery/2.2.0/jquery.min.js\"\u003e\u003c/script\u003e\u003c/head\u003e\u003cbody\u003e\u003cdocument languages\u003d\"\" producer\u003d\"Workfusion\" schemalocation\u003d\"http://ocr.crowdcomputingsystems.com/xml/schema-v1.xml\" version\u003d\"1.0\" xmlns\u003d\"http://ocr.crowdcomputingsystems.com/xml/schema-v1.xml\" xsi\u003d\"http://www.w3.org/2001/XMLSchema-instance\"\u003e \u003clink href\u003d\"https://s3.amazonaws.com/workfusion-resources/ocr/ocr-xml-viewer-0.3-scale-to-width.css\" rel\u003d\"stylesheet\" type\u003d\"text/css\"\u003e\u003c/link\u003e \u003cstyle\u003e\u003c/style\u003e\u003cpage data-pages\u003d\"1\" h\u003d\"714\" resolution\u003d\"96\" style\u003d\"height: 933px;\" w\u003d\"555\"\u003e \u003cblock b\u003d\"43\" blockname\u003d\"\" blocktype\u003d\"Text\" l\u003d\"16\" r\u003d\"142\" style\u003d\"transform: translate(40px, 11px); position: absolute; width: 314.432px; height: 47.3958px;\" t\u003d\"8\"\u003e \u003cregion\u003e \u003crect b\u003d\"43\" l\u003d\"16\" r\u003d\"142\" t\u003d\"8\"\u003e\u003c/rect\u003e  \u003c/region\u003e  \u003ctext\u003e \u003cpar linespacing\u003d\"1730\"\u003e \u003cline b\u003d\"42\" baseline\u003d\"36\" l\u003d\"20\" r\u003d\"137\" style\u003d\"transform: translate(10px, 7px); position: absolute;\" t\u003d\"13\"\u003e \u003cformatting lang\u003d\"EnglishUnitedStates\"\u003e your Logo \u003c/formatting\u003e  \u003c/line\u003e  \u003c/par\u003e  \u003c/text\u003e  \u003c/block\u003e  \u003cblock b\u003d\"59\" blockname\u003d\"\" blocktype\u003d\"Text\" l\u003d\"443\" r\u003d\"541\" style\u003d\"transform: translate(1106px, 16px); position: absolute; width: 244.559px; height: 63.6458px;\" t\u003d\"12\"\u003e \u003cregion\u003e \u003crect b\u003d\"59\" l\u003d\"443\" r\u003d\"541\" t\u003d\"12\"\u003e\u003c/rect\u003e  \u003c/region\u003e  \u003ctext\u003e \u003cpar linespacing\u003d\"1200\"\u003e \u003cline b\u003d\"31\" baseline\u003d\"30\" l\u003d\"444\" r\u003d\"539\" style\u003d\"transform: translate(2px, 3px); position: absolute;\" t\u003d\"14\"\u003e \u003cformatting lang\u003d\"EnglishUnitedStates\"\u003e SERVICE \u003c/formatting\u003e  \u003c/line\u003e  \u003c/par\u003e  \u003cpar linespacing\u003d\"1200\"\u003e \u003cline b\u003d\"57\" baseline\u003d\"56\" l\u003d\"449\" r\u003d\"538\" style\u003d\"transform: translate(15px, 38px); position: absolute;\" t\u003d\"40\"\u003e \u003cformatting lang\u003d\"EnglishUnitedStates\"\u003e INVOICE \u003c/formatting\u003e  \u003c/line\u003e  \u003c/par\u003e  \u003c/text\u003e  \u003c/block\u003e  \u003cblock b\u003d\"144\" blockname\u003d\"\" blocktype\u003d\"Text\" l\u003d\"13\" r\u003d\"120\" style\u003d\"transform: translate(32px, 104px); position: absolute; width: 267.018px; height: 90.7292px;\" t\u003d\"77\"\u003e \u003cregion\u003e \u003crect b\u003d\"144\" l\u003d\"13\" r\u003d\"120\" t\u003d\"77\"\u003e\u003c/rect\u003e  \u003c/region\u003e  \u003ctext\u003e \u003cpar linespacing\u003d\"1275\"\u003e \u003cline b\u003d\"88\" baseline\u003d\"86\" l\u003d\"15\" r\u003d\"94\" style\u003d\"transform: translate(5px, 1px); position: absolute;\" t\u003d\"78\"\u003e \u003cformatting lang\u003d\"EnglishUnitedStates\"\u003e \u003csupplier_name appendorder\u003d\"3\" class\u003d\"extraction-tag\" confidence\u003d\"1/1\" data-original-title\u003d\"Supplier name\" data-toggle\u003d\"tooltip\" data-value\u003d\"Nolke Resort Group\" fold-name\u003d\"fold1\" score\u003d\"0.7067426181449529\" style\u003d\"background-color: rgb(88, 50, 166);  color: rgb(255, 255, 255);   border: 2px solid rgb(125, 157, 1); \" tagorder\u003d\"190821\"\u003eNolke Resort Group\u003c/supplier_name\u003e \u003c/formatting\u003e  \u003c/line\u003e  \u003cline b\u003d\"103\" baseline\u003d\"103\" l\u003d\"16\" r\u003d\"92\" style\u003d\"transform: translate(7px, 24px); position: absolute;\" t\u003d\"95\"\u003e \u003cformatting lang\u003d\"EnglishUnitedStates\"\u003e 123 Main Street \u003c/formatting\u003e  \u003c/line\u003e  \u003cline b\u003d\"122\" baseline\u003d\"121\" l\u003d\"15\" r\u003d\"117\" style\u003d\"transform: translate(5px, 49px); position: absolute;\" t\u003d\"113\"\u003e \u003cformatting lang\u003d\"EnglishUnitedStates\"\u003e Hamilton OH 44416 \u003c/formatting\u003e  \u003c/line\u003e  \u003cline b\u003d\"141\" baseline\u003d\"139\" l\u003d\"15\" r\u003d\"89\" style\u003d\"transform: translate(5px, 73px); position: absolute;\" t\u003d\"131\"\u003e \u003cformatting lang\u003d\"EnglishUnitedStates\"\u003e (321)456-7890 \u003c/formatting\u003e  \u003c/line\u003e  \u003c/par\u003e  \u003c/text\u003e  \u003c/block\u003e  \u003cregion xmlns\u003d\"http://ocr.crowdcomputingsystems.com/xml/schema-v1.xml\"\u003e \u003crect b\u003d\"130\" l\u003d\"314\" r\u003d\"547\" t\u003d\"70\"\u003e\u003c/rect\u003e  \u003c/region\u003e \u003ctable b\u003d\"130\" blockname\u003d\"\" blocktype\u003d\"Table\" l\u003d\"314\" r\u003d\"547\" style\u003d\"transform: translate(784px, 95px); position: absolute; user-select: auto;\" t\u003d\"70\" xmlns\u003d\"\"\u003e \u003ctbody\u003e\u003ctr\u003e \u003ctd bottomborder\u003d\"White\" h\u003d\"20\" leftborder\u003d\"White\" rightborder\u003d\"White\" topborder\u003d\"White\" w\u003d\"170\"\u003e \u003ctext xmlns\u003d\"http://ocr.crowdcomputingsystems.com/xml/schema-v1.xml\"\u003e \u003cpar leftindent\u003d\"3000\" linespacing\u003d\"600\"\u003e \u003cline b\u003d\"84\" baseline\u003d\"84\" l\u003d\"354\" r\u003d\"421\" t\u003d\"76\"\u003e \u003cformatting lang\u003d\"EnglishUnitedStates\"\u003e INVOICE NO. \u003c/formatting\u003e  \u003c/line\u003e  \u003c/par\u003e  \u003c/text\u003e  \u003c/td\u003e   \u003ctd bottomborder\u003d\"White\" h\u003d\"20\" leftborder\u003d\"White\" rightborder\u003d\"White\" topborder\u003d\"White\" w\u003d\"63\"\u003e \u003ctext xmlns\u003d\"http://ocr.crowdcomputingsystems.com/xml/schema-v1.xml\"\u003e \u003cpar linespacing\u003d\"600\"\u003e \u003cline b\u003d\"84\" baseline\u003d\"84\" l\u003d\"488\" r\u003d\"516\" t\u003d\"76\"\u003e \u003cformatting lang\u003d\"EnglishUnitedStates\"\u003e DATE \u003c/formatting\u003e  \u003c/line\u003e  \u003c/par\u003e  \u003c/text\u003e  \u003c/td\u003e   \u003c/tr\u003e \n \u003ctr\u003e \u003ctd bottomborder\u003d\"White\" colspan\u003d\"2\" h\u003d\"19\" leftborder\u003d\"White\" rightborder\u003d\"White\" topborder\u003d\"White\" w\u003d\"233\"\u003e \u003ctext xmlns\u003d\"http://ocr.crowdcomputingsystems.com/xml/schema-v1.xml\"\u003e \u003cpar align\u003d\"Justified\" leftindent\u003d\"4400\" linespacing\u003d\"680\"\u003e \u003cline b\u003d\"104\" baseline\u003d\"104\" l\u003d\"372\" r\u003d\"521\" t\u003d\"95\"\u003e \u003cformatting lang\u003d\"EnglishUnitedStates\"\u003e 103001 \u003cinvoice_date appendorder\u003d\"3\" class\u003d\"extraction-tag\" confidence\u003d\"1/1\" data-original-title\u003d\"Invoice date\" data-toggle\u003d\"tooltip\" data-value\u003d\"02/15/16\" fold-name\u003d\"fold3\" score\u003d\"0.6423988454777093\" style\u003d\"background-color: rgb(17, 18, 43);  color: rgb(255, 255, 255);   border: 2px solid rgb(125, 157, 1); \" tagorder\u003d\"2\"\u003e02/15/16\u003c/invoice_date\u003e \u003c/formatting\u003e  \u003c/line\u003e  \u003c/par\u003e  \u003c/text\u003e  \u003c/td\u003e   \u003c/tr\u003e \n \u003ctr\u003e \u003ctd bottomborder\u003d\"White\" h\u003d\"21\" leftborder\u003d\"White\" rightborder\u003d\"White\" topborder\u003d\"White\" w\u003d\"170\"\u003e \u003ctext xmlns\u003d\"http://ocr.crowdcomputingsystems.com/xml/schema-v1.xml\"\u003e \u003cpar align\u003d\"Justified\" linespacing\u003d\"830\"\u003e \u003cline b\u003d\"126\" baseline\u003d\"120\" l\u003d\"314\" r\u003d\"426\" t\u003d\"109\"\u003e \u003cformatting lang\u003d\"EnglishUnitedStates\"\u003e ǀ CUSTOMER ID \u003c/formatting\u003e  \u003c/line\u003e  \u003c/par\u003e  \u003c/text\u003e  \u003c/td\u003e   \u003ctd bottomborder\u003d\"White\" h\u003d\"21\" leftborder\u003d\"White\" rightborder\u003d\"White\" topborder\u003d\"White\" w\u003d\"63\"\u003e \u003ctext xmlns\u003d\"http://ocr.crowdcomputingsystems.com/xml/schema-v1.xml\"\u003e \u003cpar linespacing\u003d\"-1\"\u003e\u003c/par\u003e  \u003c/text\u003e  \u003c/td\u003e   \u003c/tr\u003e \n \u003c/tbody\u003e\u003c/table\u003e\n \u003cblock b\u003d\"144\" blockname\u003d\"\" blocktype\u003d\"Text\" l\u003d\"375\" r\u003d\"532\" style\u003d\"transform: translate(936px, 176px); position: absolute; width: 391.793px; height: 18.9583px;\" t\u003d\"130\"\u003e \u003cregion\u003e \u003crect b\u003d\"144\" l\u003d\"375\" r\u003d\"532\" t\u003d\"130\"\u003e\u003c/rect\u003e  \u003c/region\u003e  \u003ctext\u003e \u003cpar align\u003d\"Justified\" linespacing\u003d\"530\"\u003e \u003cline b\u003d\"141\" baseline\u003d\"139\" l\u003d\"376\" r\u003d\"529\" style\u003d\"transform: translate(2px, 3px); position: absolute;\" t\u003d\"132\"\u003e \u003cformatting lang\u003d\"EnglishUnitedStates\"\u003e A246 Net 30 Days \u003c/formatting\u003e  \u003c/line\u003e  \u003c/par\u003e  \u003c/text\u003e  \u003c/block\u003e  \u003cblock b\u003d\"160\" blockname\u003d\"\" blocktype\u003d\"Text\" l\u003d\"14\" r\u003d\"87\" style\u003d\"transform: translate(35px, 200px); position: absolute; width: 182.171px; height: 16.25px;\" t\u003d\"148\"\u003e \u003cregion\u003e \u003crect b\u003d\"160\" l\u003d\"14\" r\u003d\"87\" t\u003d\"148\"\u003e\u003c/rect\u003e  \u003c/region\u003e  \u003ctext\u003e \u003cpar linespacing\u003d\"600\"\u003e \u003cline b\u003d\"157\" baseline\u003d\"157\" l\u003d\"15\" r\u003d\"84\" style\u003d\"transform: translate(2px, 1px); position: absolute;\" t\u003d\"149\"\u003e \u003cformatting lang\u003d\"EnglishUnitedStates\"\u003e\u003cemail appendorder\u003d\"6\" class\u003d\"extraction-tag\" confidence\u003d\"1/1\" data-original-title\u003d\"email\" data-toggle\u003d\"tooltip\" data-value\u003d\"sski@slowi.com\" fold-name\u003d\"fold2\" score\u003d\"0.6859791866778655\" style\u003d\"background-color: rgb(4, 0, 38);  color: rgb(255, 255, 255);   border: 2px solid rgb(125, 157, 1); \" tagorder\u003d\"4\"\u003esski@slowi.com\u003c/email\u003e\u003c/formatting\u003e  \u003c/line\u003e  \u003c/par\u003e  \u003c/text\u003e  \u003c/block\u003e  \u003cblock b\u003d\"186\" blockname\u003d\"\" blocktype\u003d\"Text\" l\u003d\"13\" r\u003d\"57\" style\u003d\"transform: translate(32px, 234px); position: absolute; width: 109.802px; height: 17.6042px;\" t\u003d\"173\"\u003e \u003cregion\u003e \u003crect b\u003d\"186\" l\u003d\"13\" r\u003d\"57\" t\u003d\"173\"\u003e\u003c/rect\u003e  \u003c/region\u003e  \u003ctext\u003e \u003cpar linespacing\u003d\"600\"\u003e \u003cline b\u003d\"183\" baseline\u003d\"183\" l\u003d\"15\" r\u003d\"54\" style\u003d\"transform: translate(5px, 3px); position: absolute;\" t\u003d\"175\"\u003e \u003cformatting lang\u003d\"EnglishUnitedStates\"\u003e CLIENT \u003c/formatting\u003e  \u003c/line\u003e  \u003c/par\u003e  \u003c/text\u003e  \u003c/block\u003e  \u003cblock b\u003d\"233\" blockname\u003d\"\" blocktype\u003d\"Text\" l\u003d\"13\" r\u003d\"105\" style\u003d\"transform: translate(32px, 256px); position: absolute; width: 229.586px; height: 59.5833px;\" t\u003d\"189\"\u003e \u003cregion\u003e \u003crect b\u003d\"233\" l\u003d\"13\" r\u003d\"105\" t\u003d\"189\"\u003e\u003c/rect\u003e  \u003c/region\u003e  \u003ctext\u003e \u003cpar linespacing\u003d\"1200\"\u003e \u003cline b\u003d\"200\" baseline\u003d\"198\" l\u003d\"14\" r\u003d\"102\" style\u003d\"transform: translate(2px, 3px); position: absolute;\" t\u003d\"191\"\u003e \u003cformatting lang\u003d\"EnglishUnitedStates\"\u003e ATTN: Product Department \u003c/formatting\u003e  \u003c/line\u003e  \u003cline b\u003d\"216\" baseline\u003d\"214\" l\u003d\"15\" r\u003d\"87\" style\u003d\"transform: translate(5px, 23px); position: absolute;\" t\u003d\"206\"\u003e \u003cformatting lang\u003d\"EnglishUnitedStates\"\u003e MLODE Logic Corporation \u003c/formatting\u003e  \u003c/line\u003e  \u003cline b\u003d\"230\" baseline\u003d\"230\" l\u003d\"15\" r\u003d\"85\" style\u003d\"transform: translate(5px, 46px); position: absolute;\" t\u003d\"223\"\u003e \u003cformatting lang\u003d\"EnglishUnitedStates\"\u003e 123 Main Street \u003c/formatting\u003e  \u003c/line\u003e  \u003c/par\u003e  \u003c/text\u003e  \u003c/block\u003e  \u003cblock b\u003d\"186\" blockname\u003d\"\" blocktype\u003d\"Text\" l\u003d\"330\" r\u003d\"375\" style\u003d\"transform: translate(824px, 236px); position: absolute; width: 112.297px; height: 16.25px;\" t\u003d\"174\"\u003e \u003cregion\u003e \u003crect b\u003d\"186\" l\u003d\"330\" r\u003d\"375\" t\u003d\"174\"\u003e\u003c/rect\u003e  \u003c/region\u003e  \u003ctext\u003e \u003cpar linespacing\u003d\"600\"\u003e \u003cline b\u003d\"183\" baseline\u003d\"183\" l\u003d\"331\" r\u003d\"372\" style\u003d\"transform: translate(2px, 1px); position: absolute;\" t\u003d\"175\"\u003e \u003cformatting lang\u003d\"EnglishUnitedStates\"\u003e BILL TO \u003c/formatting\u003e  \u003c/line\u003e  \u003c/par\u003e  \u003c/text\u003e  \u003c/block\u003e  \u003cblock b\u003d\"233\" blockname\u003d\"\" blocktype\u003d\"Text\" l\u003d\"329\" r\u003d\"421\" style\u003d\"transform: translate(821px, 256px); position: absolute; width: 229.586px; height: 59.5833px;\" t\u003d\"189\"\u003e \u003cregion\u003e \u003crect b\u003d\"233\" l\u003d\"329\" r\u003d\"421\" t\u003d\"189\"\u003e\u003c/rect\u003e  \u003c/region\u003e  \u003ctext\u003e \u003cpar linespacing\u003d\"1200\"\u003e \u003cline b\u003d\"200\" baseline\u003d\"198\" l\u003d\"330\" r\u003d\"418\" style\u003d\"transform: translate(2px, 3px); position: absolute;\" t\u003d\"191\"\u003e \u003cformatting lang\u003d\"EnglishUnitedStates\"\u003e ATTN: Product Department \u003c/formatting\u003e  \u003c/line\u003e  \u003cline b\u003d\"216\" baseline\u003d\"214\" l\u003d\"331\" r\u003d\"403\" style\u003d\"transform: translate(5px, 23px); position: absolute;\" t\u003d\"206\"\u003e \u003cformatting lang\u003d\"EnglishUnitedStates\"\u003eMLODE Logic Corporation \u003c/formatting\u003e  \u003c/line\u003e  \u003cline b\u003d\"230\" baseline\u003d\"230\" l\u003d\"331\" r\u003d\"401\" style\u003d\"transform: translate(5px, 46px); position: absolute;\" t\u003d\"223\"\u003e \u003cformatting lang\u003d\"EnglishUnitedStates\"\u003e 123 Main Street \u003c/formatting\u003e  \u003c/line\u003e  \u003c/par\u003e  \u003c/text\u003e  \u003c/block\u003e  \u003cregion xmlns\u003d\"http://ocr.crowdcomputingsystems.com/xml/schema-v1.xml\"\u003e \u003crect b\u003d\"619\" l\u003d\"0\" r\u003d\"545\" t\u003d\"234\"\u003e\u003c/rect\u003e  \u003c/region\u003e \u003ctable b\u003d\"619\" blockname\u003d\"\" blocktype\u003d\"Table\" l\u003d\"0\" r\u003d\"545\" style\u003d\"transform: translate(0px, 317px); position: absolute; user-select: auto;\" t\u003d\"234\" xmlns\u003d\"\"\u003e \u003ctbody\u003e\u003ctr\u003e \u003ctd bottomborder\u003d\"White\" h\u003d\"61\" rightborder\u003d\"White\" topborder\u003d\"White\" w\u003d\"316\"\u003e \u003ctext xmlns\u003d\"http://ocr.crowdcomputingsystems.com/xml/schema-v1.xml\"\u003e \u003cpar leftindent\u003d\"1100\" linespacing\u003d\"1200\"\u003e \u003cline b\u003d\"247\" baseline\u003d\"246\" l\u003d\"15\" r\u003d\"108\" t\u003d\"238\"\u003e \u003cformatting lang\u003d\"EnglishUnitedStates\"\u003e Hamilton. OH 44416 \u003c/formatting\u003e  \u003c/line\u003e  \u003c/par\u003e  \u003cpar leftindent\u003d\"1100\" linespacing\u003d\"1200\"\u003e \u003cline b\u003d\"264\" baseline\u003d\"262\" l\u003d\"15\" r\u003d\"83\" t\u003d\"255\"\u003e \u003cformatting lang\u003d\"EnglishUnitedStates\"\u003e (321)456-7890 \u003c/formatting\u003e  \u003c/line\u003e  \u003c/par\u003e  \u003cpar leftindent\u003d\"1100\" linespacing\u003d\"1200\"\u003e \u003cline b\u003d\"278\" baseline\u003d\"278\" l\u003d\"15\" r\u003d\"78\" t\u003d\"271\"\u003e \u003cformatting lang\u003d\"EnglishUnitedStates\"\u003e Email Address \u003c/formatting\u003e  \u003c/line\u003e  \u003c/par\u003e  \u003c/text\u003e  \u003c/td\u003e   \u003ctd bottomborder\u003d\"White\" colspan\u003d\"2\" h\u003d\"61\" leftborder\u003d\"White\" rightborder\u003d\"White\" topborder\u003d\"White\" w\u003d\"145\"\u003e \u003ctext xmlns\u003d\"http://ocr.crowdcomputingsystems.com/xml/schema-v1.xml\"\u003e \u003cpar leftindent\u003d\"1100\" linespacing\u003d\"600\"\u003e \u003cline b\u003d\"247\" baseline\u003d\"246\" l\u003d\"331\" r\u003d\"424\" t\u003d\"238\"\u003e \u003cformatting lang\u003d\"EnglishUnitedStates\"\u003e Hamilton. OH 44416 \u003c/formatting\u003e  \u003c/line\u003e  \u003c/par\u003e  \u003cpar leftindent\u003d\"1100\" linespacing\u003d\"530\"\u003e \u003cline b\u003d\"264\" baseline\u003d\"262\" l\u003d\"331\" r\u003d\"399\" t\u003d\"255\"\u003e \u003cformatting lang\u003d\"EnglishUnitedStates\"\u003e (321)456-7890 \u003c/formatting\u003e  \u003c/line\u003e  \u003c/par\u003e  \u003c/text\u003e  \u003c/td\u003e   \u003ctd bottomborder\u003d\"White\" h\u003d\"61\" leftborder\u003d\"White\" rightborder\u003d\"White\" topborder\u003d\"White\" w\u003d\"84\"\u003e \u003ctext xmlns\u003d\"http://ocr.crowdcomputingsystems.com/xml/schema-v1.xml\"\u003e \u003cpar linespacing\u003d\"-1\"\u003e\u003c/par\u003e  \u003c/text\u003e  \u003c/td\u003e   \u003c/tr\u003e \n \u003ctr\u003e \u003ctd bottomborder\u003d\"White\" h\u003d\"16\" leftborder\u003d\"White\" rightborder\u003d\"White\" topborder\u003d\"White\" w\u003d\"316\"\u003e \u003ctext xmlns\u003d\"http://ocr.crowdcomputingsystems.com/xml/schema-v1.xml\"\u003e \u003cpar align\u003d\"Center\" leftindent\u003d\"100\" linespacing\u003d\"600\"\u003e \u003cline b\u003d\"305\" baseline\u003d\"305\" l\u003d\"121\" r\u003d\"195\" t\u003d\"297\"\u003e \u003cformatting lang\u003d\"EnglishUnitedStates\"\u003e DESCRIPTION \u003c/formatting\u003e  \u003c/line\u003e  \u003c/par\u003e  \u003c/text\u003e  \u003c/td\u003e   \u003ctd bottomborder\u003d\"White\" h\u003d\"16\" leftborder\u003d\"White\" rightborder\u003d\"White\" topborder\u003d\"White\" w\u003d\"60\"\u003e \u003ctext xmlns\u003d\"http://ocr.crowdcomputingsystems.com/xml/schema-v1.xml\"\u003e \u003cpar leftindent\u003d\"800\" linespacing\u003d\"600\"\u003e \u003cline b\u003d\"305\" baseline\u003d\"305\" l\u003d\"327\" r\u003d\"366\" t\u003d\"297\"\u003e \u003cformatting lang\u003d\"EnglishUnitedStates\"\u003e HOURS \u003c/formatting\u003e  \u003c/line\u003e  \u003c/par\u003e  \u003c/text\u003e  \u003c/td\u003e   \u003ctd bottomborder\u003d\"White\" h\u003d\"16\" leftborder\u003d\"White\" rightborder\u003d\"White\" topborder\u003d\"White\" w\u003d\"85\"\u003e \u003ctext xmlns\u003d\"http://ocr.crowdcomputingsystems.com/xml/schema-v1.xml\"\u003e \u003cpar align\u003d\"Center\" leftindent\u003d\"100\" linespacing\u003d\"600\"\u003e \u003cline b\u003d\"305\" baseline\u003d\"305\" l\u003d\"404\" r\u003d\"432\" t\u003d\"297\"\u003e \u003cformatting lang\u003d\"EnglishUnitedStates\"\u003e RATE \u003c/formatting\u003e  \u003c/line\u003e  \u003c/par\u003e  \u003c/text\u003e  \u003c/td\u003e   \u003ctd bottomborder\u003d\"White\" h\u003d\"16\" leftborder\u003d\"White\" rightborder\u003d\"White\" topborder\u003d\"White\" w\u003d\"84\"\u003e \u003ctext xmlns\u003d\"http://ocr.crowdcomputingsystems.com/xml/schema-v1.xml\"\u003e \u003cpar align\u003d\"Center\" leftindent\u003d\"200\" linespacing\u003d\"600\"\u003e \u003cline b\u003d\"305\" baseline\u003d\"305\" l\u003d\"477\" r\u003d\"525\" t\u003d\"297\"\u003e \u003cformatting lang\u003d\"EnglishUnitedStates\"\u003e AMOUNT \u003c/formatting\u003e  \u003c/line\u003e  \u003c/par\u003e  \u003c/text\u003e  \u003c/td\u003e   \u003c/tr\u003e \n \u003ctr\u003e \u003ctd h\u003d\"15\" topborder\u003d\"White\" w\u003d\"316\"\u003e \u003ctext xmlns\u003d\"http://ocr.crowdcomputingsystems.com/xml/schema-v1.xml\"\u003e \u003cpar leftindent\u003d\"1100\" linespacing\u003d\"600\"\u003e \u003cline b\u003d\"322\" baseline\u003d\"322\" l\u003d\"15\" r\u003d\"70\" t\u003d\"314\"\u003e\u003cproduct appendorder\u003d\"5\" class\u003d\"extraction-tag\" confidence\u003d\"1/1\" data-original-title\u003d\"construction_type\" data-toggle\u003d\"tooltip\" data-value\u003d\"Consultation\" fold-name\u003d\"fold1\" injection\u003d\"true\" referencedatausedininjection\u003d\"manual\" score\u003d\"0.5266391091876279\" style\u003d\"background-color: rgb(78, 135, 105);  color: rgb(0, 0, 0);   border: 2px solid rgb(125, 157, 1); \" tagorder\u003d\"3657237\"\u003eConsultation\u003c/product\u003e\u003c/line\u003e  \u003c/par\u003e  \u003c/text\u003e  \u003c/td\u003e   \u003ctd h\u003d\"15\" rightborder\u003d\"White\" topborder\u003d\"White\" w\u003d\"60\"\u003e \u003ctext xmlns\u003d\"http://ocr.crowdcomputingsystems.com/xml/schema-v1.xml\"\u003e \u003cpar align\u003d\"Center\" linespacing\u003d\"530\"\u003e \u003cline b\u003d\"322\" baseline\u003d\"322\" l\u003d\"344\" r\u003d\"348\" t\u003d\"315\"\u003e\u003cquantity appendorder\u003d\"5\" class\u003d\"extraction-tag\" confidence\u003d\"1/1\" data-original-title\u003d\"construction_type\" data-toggle\u003d\"tooltip\" data-value\u003d\"2\" fold-name\u003d\"fold5\" injection\u003d\"true\" referencedatausedininjection\u003d\"manual\" score\u003d\"0.618945916673282\" style\u003d\"background-color: rgb(11, 47, 140);  color: rgb(255, 255, 255);   border: 2px solid rgb(125, 157, 1); \" tagorder\u003d\"5504636\"\u003e2\u003c/quantity\u003e\u003c/line\u003e  \u003c/par\u003e  \u003c/text\u003e  \u003c/td\u003e   \u003ctd h\u003d\"15\" leftborder\u003d\"White\" rightborder\u003d\"White\" topborder\u003d\"White\" w\u003d\"85\"\u003e \u003ctext xmlns\u003d\"http://ocr.crowdcomputingsystems.com/xml/schema-v1.xml\"\u003e \u003cpar align\u003d\"Right\" linespacing\u003d\"530\"\u003e \u003cline b\u003d\"322\" baseline\u003d\"322\" l\u003d\"432\" r\u003d\"456\" t\u003d\"315\"\u003e\u003cprice appendorder\u003d\"5\" class\u003d\"extraction-tag\" confidence\u003d\"1/1\" data-original-title\u003d\"construction_type\" data-toggle\u003d\"tooltip\" data-value\u003d\"50.00\" fold-name\u003d\"fold4\" injection\u003d\"true\" referencedatausedininjection\u003d\"manual\" score\u003d\"0.6798083624571234\" style\u003d\"background-color: rgb(140, 250, 187);  color: rgb(0, 0, 0);   border: 2px solid rgb(125, 157, 1); \" tagorder\u003d\"4139094\"\u003e50.00\u003c/price\u003e\u003c/line\u003e  \u003c/par\u003e  \u003c/text\u003e  \u003c/td\u003e   \u003ctd h\u003d\"15\" leftborder\u003d\"White\" topborder\u003d\"White\" w\u003d\"84\"\u003e \u003ctext xmlns\u003d\"http://ocr.crowdcomputingsystems.com/xml/schema-v1.xml\"\u003e \u003cpar align\u003d\"Right\" linespacing\u003d\"530\"\u003e \u003cline b\u003d\"322\" baseline\u003d\"322\" l\u003d\"511\" r\u003d\"540\" t\u003d\"315\"\u003e \u003cformatting lang\u003d\"EnglishUnitedStates\"\u003e 100.00 \u003c/formatting\u003e  \u003c/line\u003e  \u003c/par\u003e  \u003c/text\u003e  \u003c/td\u003e   \u003c/tr\u003e \n \u003ctr\u003e \u003ctd h\u003d\"15\" w\u003d\"316\"\u003e \u003ctext xmlns\u003d\"http://ocr.crowdcomputingsystems.com/xml/schema-v1.xml\"\u003e \u003cpar leftindent\u003d\"1100\" linespacing\u003d\"530\"\u003e \u003cline b\u003d\"339\" baseline\u003d\"337\" l\u003d\"15\" r\u003d\"45\" t\u003d\"330\"\u003eDesign\u003c/line\u003e  \u003c/par\u003e  \u003c/text\u003e  \u003c/td\u003e   \u003ctd bottomborder\u003d\"White\" h\u003d\"15\" rightborder\u003d\"White\" w\u003d\"60\"\u003e \u003ctext xmlns\u003d\"http://ocr.crowdcomputingsystems.com/xml/schema-v1.xml\"\u003e \u003cpar align\u003d\"Center\" linespacing\u003d\"530\"\u003e \u003cline b\u003d\"337\" baseline\u003d\"337\" l\u003d\"344\" r\u003d\"349\" t\u003d\"330\"\u003e\u003cquantity appendorder\u003d\"5\" class\u003d\"extraction-tag\" confidence\u003d\"1/1\" data-original-title\u003d\"construction_type\" data-toggle\u003d\"tooltip\" data-value\u003d\"7\" fold-name\u003d\"fold5\" injection\u003d\"true\" referencedatausedininjection\u003d\"manual\" score\u003d\"0.534796183181841\" style\u003d\"background-color: rgb(11, 47, 140);  color: rgb(255, 255, 255);   border: 2px solid rgb(125, 157, 1); \" tagorder\u003d\"2255425\"\u003e7\u003c/quantity\u003e\u003c/line\u003e  \u003c/par\u003e  \u003c/text\u003e  \u003c/td\u003e   \u003ctd h\u003d\"15\" leftborder\u003d\"White\" rightborder\u003d\"White\" w\u003d\"85\"\u003e \u003ctext xmlns\u003d\"http://ocr.crowdcomputingsystems.com/xml/schema-v1.xml\"\u003e \u003cpar align\u003d\"Right\" linespacing\u003d\"530\"\u003e \u003cline b\u003d\"337\" baseline\u003d\"337\" l\u003d\"432\" r\u003d\"456\" t\u003d\"330\"\u003e\u003cprice appendorder\u003d\"5\" class\u003d\"extraction-tag\" confidence\u003d\"1/1\" data-original-title\u003d\"construction_type\" data-toggle\u003d\"tooltip\" data-value\u003d\"80.00\" fold-name\u003d\"fold4\" injection\u003d\"true\" referencedatausedininjection\u003d\"manual\" score\u003d\"0.7647439014899772\" style\u003d\"background-color: rgb(140, 250, 187);  color: rgb(0, 0, 0);   border: 2px solid rgb(125, 157, 1); \" tagorder\u003d\"241607\"\u003e80.00\u003c/price\u003e\u003c/line\u003e  \u003c/par\u003e  \u003c/text\u003e  \u003c/td\u003e   \u003ctd h\u003d\"15\" leftborder\u003d\"White\" w\u003d\"84\"\u003e \u003ctext xmlns\u003d\"http://ocr.crowdcomputingsystems.com/xml/schema-v1.xml\"\u003e \u003cpar align\u003d\"Right\" linespacing\u003d\"530\"\u003e \u003cline b\u003d\"337\" baseline\u003d\"337\" l\u003d\"511\" r\u003d\"540\" t\u003d\"330\"\u003e \u003cformatting lang\u003d\"EnglishUnitedStates\"\u003e 560.00 \u003c/formatting\u003e  \u003c/line\u003e  \u003c/par\u003e  \u003c/text\u003e  \u003c/td\u003e   \u003c/tr\u003e \n \u003ctr\u003e \u003ctd h\u003d\"15\" w\u003d\"316\"\u003e \u003ctext xmlns\u003d\"http://ocr.crowdcomputingsystems.com/xml/schema-v1.xml\"\u003e \u003cpar leftindent\u003d\"1100\" linespacing\u003d\"530\"\u003e \u003cline b\u003d\"352\" baseline\u003d\"352\" l\u003d\"15\" r\u003d\"53\" t\u003d\"345\"\u003eDiscount\u003c/line\u003e  \u003c/par\u003e  \u003c/text\u003e  \u003c/td\u003e   \u003ctd bottomborder\u003d\"White\" h\u003d\"15\" topborder\u003d\"White\" w\u003d\"60\"\u003e \u003ctext xmlns\u003d\"http://ocr.crowdcomputingsystems.com/xml/schema-v1.xml\"\u003e \u003cpar align\u003d\"Center\" linespacing\u003d\"600\"\u003e \u003cline b\u003d\"352\" baseline\u003d\"353\" l\u003d\"344\" r\u003d\"347\" t\u003d\"345\"\u003e1\u003c/line\u003e  \u003c/par\u003e  \u003c/text\u003e  \u003c/td\u003e   \u003ctd h\u003d\"15\" w\u003d\"85\"\u003e \u003ctext xmlns\u003d\"http://ocr.crowdcomputingsystems.com/xml/schema-v1.xml\"\u003e \u003cpar align\u003d\"Right\" linespacing\u003d\"530\"\u003e \u003cline b\u003d\"352\" baseline\u003d\"352\" l\u003d\"429\" r\u003d\"456\" t\u003d\"345\"\u003e-\u003cprice class\u003d\"extraction-tag\" data-value\u003d\"30.00\" fold-name\u003d\"fold4\" ml-tagorder\u003d\"5504644\" score\u003d\"0.7325127857844668\" tagorder\u003d\"5504644\"\u003e30.00\u003c/price\u003e\u003c/line\u003e  \u003c/par\u003e  \u003c/text\u003e  \u003c/td\u003e   \u003ctd h\u003d\"15\" w\u003d\"84\"\u003e \u003ctext xmlns\u003d\"http://ocr.crowdcomputingsystems.com/xml/schema-v1.xml\"\u003e \u003cpar align\u003d\"Right\" linespacing\u003d\"530\"\u003e \u003cline b\u003d\"352\" baseline\u003d\"352\" l\u003d\"513\" r\u003d\"540\" t\u003d\"345\"\u003e \u003cformatting lang\u003d\"EnglishUnitedStates\"\u003e -30.00 \u003c/formatting\u003e  \u003c/line\u003e  \u003c/par\u003e  \u003c/text\u003e  \u003c/td\u003e   \u003c/tr\u003e \n \u003ctr\u003e \u003ctd h\u003d\"17\" w\u003d\"316\"\u003e \u003ctext xmlns\u003d\"http://ocr.crowdcomputingsystems.com/xml/schema-v1.xml\"\u003e \u003cpar linespacing\u003d\"-1\"\u003e\u003c/par\u003e  \u003c/text\u003e  \u003c/td\u003e   \u003ctd bottomborder\u003d\"White\" h\u003d\"17\" topborder\u003d\"White\" w\u003d\"60\"\u003e \u003ctext xmlns\u003d\"http://ocr.crowdcomputingsystems.com/xml/schema-v1.xml\"\u003e \u003cpar leftindent\u003d\"800\" linespacing\u003d\"-1\"\u003e\u003c/par\u003e  \u003c/text\u003e  \u003c/td\u003e   \u003ctd h\u003d\"17\" w\u003d\"85\"\u003e \u003ctext xmlns\u003d\"http://ocr.crowdcomputingsystems.com/xml/schema-v1.xml\"\u003e \u003cpar leftindent\u003d\"2100\" linespacing\u003d\"-1\"\u003e\u003c/par\u003e  \u003c/text\u003e  \u003c/td\u003e   \u003ctd h\u003d\"17\" w\u003d\"84\"\u003e \u003ctext xmlns\u003d\"http://ocr.crowdcomputingsystems.com/xml/schema-v1.xml\"\u003e \u003cpar align\u003d\"Right\" linespacing\u003d\"530\"\u003e \u003cline b\u003d\"367\" baseline\u003d\"367\" l\u003d\"522\" r\u003d\"540\" t\u003d\"360\"\u003e \u003cformatting lang\u003d\"EnglishUnitedStates\"\u003e 0.00 \u003c/formatting\u003e  \u003c/line\u003e  \u003c/par\u003e  \u003c/text\u003e  \u003c/td\u003e   \u003c/tr\u003e \n \u003ctr\u003e \u003ctd h\u003d\"15\" w\u003d\"316\"\u003e \u003ctext xmlns\u003d\"http://ocr.crowdcomputingsystems.com/xml/schema-v1.xml\"\u003e \u003cpar linespacing\u003d\"-1\"\u003e\u003c/par\u003e  \u003c/text\u003e  \u003c/td\u003e   \u003ctd h\u003d\"15\" topborder\u003d\"White\" w\u003d\"60\"\u003e \u003ctext xmlns\u003d\"http://ocr.crowdcomputingsystems.com/xml/schema-v1.xml\"\u003e \u003cpar leftindent\u003d\"800\" linespacing\u003d\"-1\"\u003e\u003c/par\u003e  \u003c/text\u003e  \u003c/td\u003e   \u003ctd h\u003d\"15\" w\u003d\"85\"\u003e \u003ctext xmlns\u003d\"http://ocr.crowdcomputingsystems.com/xml/schema-v1.xml\"\u003e \u003cpar leftindent\u003d\"2100\" linespacing\u003d\"-1\"\u003e\u003c/par\u003e  \u003c/text\u003e  \u003c/td\u003e   \u003ctd h\u003d\"15\" w\u003d\"84\"\u003e \u003ctext xmlns\u003d\"http://ocr.crowdcomputingsystems.com/xml/schema-v1.xml\"\u003e \u003cpar align\u003d\"Right\" linespacing\u003d\"530\"\u003e \u003cline b\u003d\"383\" baseline\u003d\"383\" l\u003d\"522\" r\u003d\"540\" t\u003d\"376\"\u003e \u003cformatting lang\u003d\"EnglishUnitedStates\"\u003e 0.00 \u003c/formatting\u003e  \u003c/line\u003e  \u003c/par\u003e  \u003c/text\u003e  \u003c/td\u003e   \u003c/tr\u003e \n \u003ctr\u003e \u003ctd h\u003d\"15\" w\u003d\"316\"\u003e \u003ctext xmlns\u003d\"http://ocr.crowdcomputingsystems.com/xml/schema-v1.xml\"\u003e \u003cpar linespacing\u003d\"-1\"\u003e\u003c/par\u003e  \u003c/text\u003e  \u003c/td\u003e   \u003ctd bottomborder\u003d\"White\" h\u003d\"15\" w\u003d\"60\"\u003e \u003ctext xmlns\u003d\"http://ocr.crowdcomputingsystems.com/xml/schema-v1.xml\"\u003e \u003cpar leftindent\u003d\"800\" linespacing\u003d\"-1\"\u003e\u003c/par\u003e  \u003c/text\u003e  \u003c/td\u003e   \u003ctd h\u003d\"15\" w\u003d\"85\"\u003e \u003ctext xmlns\u003d\"http://ocr.crowdcomputingsystems.com/xml/schema-v1.xml\"\u003e \u003cpar leftindent\u003d\"2100\" linespacing\u003d\"-1\"\u003e\u003c/par\u003e  \u003c/text\u003e  \u003c/td\u003e   \u003ctd h\u003d\"15\" w\u003d\"84\"\u003e \u003ctext xmlns\u003d\"http://ocr.crowdcomputingsystems.com/xml/schema-v1.xml\"\u003e \u003cpar align\u003d\"Right\" linespacing\u003d\"530\"\u003e \u003cline b\u003d\"398\" baseline\u003d\"398\" l\u003d\"522\" r\u003d\"540\" t\u003d\"391\"\u003e \u003cformatting lang\u003d\"EnglishUnitedStates\"\u003e 0.00 \u003c/formatting\u003e  \u003c/line\u003e  \u003c/par\u003e  \u003c/text\u003e  \u003c/td\u003e   \u003c/tr\u003e \n \u003ctr\u003e \u003ctd h\u003d\"15\" w\u003d\"316\"\u003e \u003ctext xmlns\u003d\"http://ocr.crowdcomputingsystems.com/xml/schema-v1.xml\"\u003e \u003cpar linespacing\u003d\"-1\"\u003e\u003c/par\u003e  \u003c/text\u003e  \u003c/td\u003e   \u003ctd h\u003d\"15\" topborder\u003d\"White\" w\u003d\"60\"\u003e \u003ctext xmlns\u003d\"http://ocr.crowdcomputingsystems.com/xml/schema-v1.xml\"\u003e \u003cpar leftindent\u003d\"800\" linespacing\u003d\"-1\"\u003e\u003c/par\u003e  \u003c/text\u003e  \u003c/td\u003e   \u003ctd h\u003d\"15\" w\u003d\"85\"\u003e \u003ctext xmlns\u003d\"http://ocr.crowdcomputingsystems.com/xml/schema-v1.xml\"\u003e \u003cpar leftindent\u003d\"2100\" linespacing\u003d\"-1\"\u003e\u003c/par\u003e  \u003c/text\u003e  \u003c/td\u003e   \u003ctd h\u003d\"15\" w\u003d\"84\"\u003e \u003ctext xmlns\u003d\"http://ocr.crowdcomputingsystems.com/xml/schema-v1.xml\"\u003e \u003cpar align\u003d\"Right\" linespacing\u003d\"530\"\u003e \u003cline b\u003d\"413\" baseline\u003d\"413\" l\u003d\"522\" r\u003d\"540\" t\u003d\"406\"\u003e \u003cformatting lang\u003d\"EnglishUnitedStates\"\u003e 0.00 \u003c/formatting\u003e  \u003c/line\u003e  \u003c/par\u003e  \u003c/text\u003e  \u003c/td\u003e   \u003c/tr\u003e \n \u003ctr\u003e \u003ctd h\u003d\"15\" w\u003d\"316\"\u003e \u003ctext xmlns\u003d\"http://ocr.crowdcomputingsystems.com/xml/schema-v1.xml\"\u003e \u003cpar linespacing\u003d\"-1\"\u003e\u003c/par\u003e  \u003c/text\u003e  \u003c/td\u003e   \u003ctd bottomborder\u003d\"White\" h\u003d\"15\" w\u003d\"60\"\u003e \u003ctext xmlns\u003d\"http://ocr.crowdcomputingsystems.com/xml/schema-v1.xml\"\u003e \u003cpar leftindent\u003d\"800\" linespacing\u003d\"-1\"\u003e\u003c/par\u003e  \u003c/text\u003e  \u003c/td\u003e   \u003ctd h\u003d\"15\" w\u003d\"85\"\u003e \u003ctext xmlns\u003d\"http://ocr.crowdcomputingsystems.com/xml/schema-v1.xml\"\u003e \u003cpar leftindent\u003d\"2100\" linespacing\u003d\"-1\"\u003e\u003c/par\u003e  \u003c/text\u003e  \u003c/td\u003e   \u003ctd h\u003d\"15\" w\u003d\"84\"\u003e \u003ctext xmlns\u003d\"http://ocr.crowdcomputingsystems.com/xml/schema-v1.xml\"\u003e \u003cpar align\u003d\"Right\" linespacing\u003d\"530\"\u003e \u003cline b\u003d\"428\" baseline\u003d\"428\" l\u003d\"522\" r\u003d\"540\" t\u003d\"421\"\u003e \u003cformatting lang\u003d\"EnglishUnitedStates\"\u003e 0.00 \u003c/formatting\u003e  \u003c/line\u003e  \u003c/par\u003e  \u003c/text\u003e  \u003c/td\u003e   \u003c/tr\u003e \n \u003ctr\u003e \u003ctd h\u003d\"15\" w\u003d\"316\"\u003e \u003ctext xmlns\u003d\"http://ocr.crowdcomputingsystems.com/xml/schema-v1.xml\"\u003e \u003cpar linespacing\u003d\"-1\"\u003e\u003c/par\u003e  \u003c/text\u003e  \u003c/td\u003e   \u003ctd h\u003d\"15\" topborder\u003d\"White\" w\u003d\"60\"\u003e \u003ctext xmlns\u003d\"http://ocr.crowdcomputingsystems.com/xml/schema-v1.xml\"\u003e \u003cpar leftindent\u003d\"800\" linespacing\u003d\"-1\"\u003e\u003c/par\u003e  \u003c/text\u003e  \u003c/td\u003e   \u003ctd h\u003d\"15\" w\u003d\"85\"\u003e \u003ctext xmlns\u003d\"http://ocr.crowdcomputingsystems.com/xml/schema-v1.xml\"\u003e \u003cpar leftindent\u003d\"2100\" linespacing\u003d\"-1\"\u003e\u003c/par\u003e  \u003c/text\u003e  \u003c/td\u003e   \u003ctd h\u003d\"15\" w\u003d\"84\"\u003e \u003ctext xmlns\u003d\"http://ocr.crowdcomputingsystems.com/xml/schema-v1.xml\"\u003e \u003cpar align\u003d\"Right\" linespacing\u003d\"530\"\u003e \u003cline b\u003d\"443\" baseline\u003d\"443\" l\u003d\"522\" r\u003d\"540\" t\u003d\"436\"\u003e \u003cformatting lang\u003d\"EnglishUnitedStates\"\u003e 0.00 \u003c/formatting\u003e  \u003c/line\u003e  \u003c/par\u003e  \u003c/text\u003e  \u003c/td\u003e   \u003c/tr\u003e \n \u003ctr\u003e \u003ctd h\u003d\"15\" w\u003d\"316\"\u003e \u003ctext xmlns\u003d\"http://ocr.crowdcomputingsystems.com/xml/schema-v1.xml\"\u003e \u003cpar linespacing\u003d\"-1\"\u003e\u003c/par\u003e  \u003c/text\u003e  \u003c/td\u003e   \u003ctd bottomborder\u003d\"White\" h\u003d\"15\" w\u003d\"60\"\u003e \u003ctext xmlns\u003d\"http://ocr.crowdcomputingsystems.com/xml/schema-v1.xml\"\u003e \u003cpar leftindent\u003d\"800\" linespacing\u003d\"-1\"\u003e\u003c/par\u003e  \u003c/text\u003e  \u003c/td\u003e   \u003ctd h\u003d\"15\" w\u003d\"85\"\u003e \u003ctext xmlns\u003d\"http://ocr.crowdcomputingsystems.com/xml/schema-v1.xml\"\u003e \u003cpar leftindent\u003d\"2100\" linespacing\u003d\"-1\"\u003e\u003c/par\u003e  \u003c/text\u003e  \u003c/td\u003e   \u003ctd h\u003d\"15\" w\u003d\"84\"\u003e \u003ctext xmlns\u003d\"http://ocr.crowdcomputingsystems.com/xml/schema-v1.xml\"\u003e \u003cpar align\u003d\"Right\" linespacing\u003d\"530\"\u003e \u003cline b\u003d\"458\" baseline\u003d\"458\" l\u003d\"522\" r\u003d\"540\" t\u003d\"451\"\u003e \u003cformatting lang\u003d\"EnglishUnitedStates\"\u003e 0.00 \u003c/formatting\u003e  \u003c/line\u003e  \u003c/par\u003e  \u003c/text\u003e  \u003c/td\u003e   \u003c/tr\u003e \n \u003ctr\u003e \u003ctd h\u003d\"15\" w\u003d\"316\"\u003e \u003ctext xmlns\u003d\"http://ocr.crowdcomputingsystems.com/xml/schema-v1.xml\"\u003e \u003cpar linespacing\u003d\"-1\"\u003e\u003c/par\u003e  \u003c/text\u003e  \u003c/td\u003e   \u003ctd h\u003d\"15\" topborder\u003d\"White\" w\u003d\"60\"\u003e \u003ctext xmlns\u003d\"http://ocr.crowdcomputingsystems.com/xml/schema-v1.xml\"\u003e \u003cpar leftindent\u003d\"800\" linespacing\u003d\"-1\"\u003e\u003c/par\u003e  \u003c/text\u003e  \u003c/td\u003e   \u003ctd h\u003d\"15\" w\u003d\"85\"\u003e \u003ctext xmlns\u003d\"http://ocr.crowdcomputingsystems.com/xml/schema-v1.xml\"\u003e \u003cpar leftindent\u003d\"2100\" linespacing\u003d\"-1\"\u003e\u003c/par\u003e  \u003c/text\u003e  \u003c/td\u003e   \u003ctd h\u003d\"15\" w\u003d\"84\"\u003e \u003ctext xmlns\u003d\"http://ocr.crowdcomputingsystems.com/xml/schema-v1.xml\"\u003e \u003cpar align\u003d\"Right\" linespacing\u003d\"530\"\u003e \u003cline b\u003d\"473\" baseline\u003d\"473\" l\u003d\"522\" r\u003d\"540\" t\u003d\"466\"\u003e \u003cformatting lang\u003d\"EnglishUnitedStates\"\u003e 0.00 \u003c/formatting\u003e  \u003c/line\u003e  \u003c/par\u003e  \u003c/text\u003e  \u003c/td\u003e   \u003c/tr\u003e \n \u003ctr\u003e \u003ctd h\u003d\"15\" w\u003d\"316\"\u003e \u003ctext xmlns\u003d\"http://ocr.crowdcomputingsystems.com/xml/schema-v1.xml\"\u003e \u003cpar linespacing\u003d\"-1\"\u003e\u003c/par\u003e  \u003c/text\u003e  \u003c/td\u003e   \u003ctd bottomborder\u003d\"White\" h\u003d\"15\" w\u003d\"60\"\u003e \u003ctext xmlns\u003d\"http://ocr.crowdcomputingsystems.com/xml/schema-v1.xml\"\u003e \u003cpar leftindent\u003d\"800\" linespacing\u003d\"-1\"\u003e\u003c/par\u003e  \u003c/text\u003e  \u003c/td\u003e   \u003ctd h\u003d\"15\" w\u003d\"85\"\u003e \u003ctext xmlns\u003d\"http://ocr.crowdcomputingsystems.com/xml/schema-v1.xml\"\u003e \u003cpar leftindent\u003d\"2100\" linespacing\u003d\"-1\"\u003e\u003c/par\u003e  \u003c/text\u003e  \u003c/td\u003e   \u003ctd h\u003d\"15\" w\u003d\"84\"\u003e \u003ctext xmlns\u003d\"http://ocr.crowdcomputingsystems.com/xml/schema-v1.xml\"\u003e \u003cpar align\u003d\"Right\" linespacing\u003d\"530\"\u003e \u003cline b\u003d\"488\" baseline\u003d\"488\" l\u003d\"522\" r\u003d\"540\" t\u003d\"481\"\u003e \u003cformatting lang\u003d\"EnglishUnitedStates\"\u003e 0.00 \u003c/formatting\u003e  \u003c/line\u003e  \u003c/par\u003e  \u003c/text\u003e  \u003c/td\u003e   \u003c/tr\u003e \n \u003ctr\u003e \u003ctd h\u003d\"14\" w\u003d\"316\"\u003e \u003ctext xmlns\u003d\"http://ocr.crowdcomputingsystems.com/xml/schema-v1.xml\"\u003e \u003cpar linespacing\u003d\"230\"\u003e \u003cline b\u003d\"507\" baseline\u003d\"509\" l\u003d\"0\" r\u003d\"316\" t\u003d\"506\"\u003e \u003cformatting lang\u003d\"EnglishUnitedStates\"\u003e \u0026mdash; \u003c/formatting\u003e  \u003c/line\u003e  \u003c/par\u003e  \u003c/text\u003e  \u003c/td\u003e   \u003ctd h\u003d\"14\" topborder\u003d\"White\" w\u003d\"60\"\u003e \u003ctext xmlns\u003d\"http://ocr.crowdcomputingsystems.com/xml/schema-v1.xml\"\u003e \u003cpar leftindent\u003d\"800\" linespacing\u003d\"-1\"\u003e\u003c/par\u003e  \u003c/text\u003e  \u003c/td\u003e   \u003ctd h\u003d\"14\" w\u003d\"85\"\u003e \u003ctext xmlns\u003d\"http://ocr.crowdcomputingsystems.com/xml/schema-v1.xml\"\u003e \u003cpar leftindent\u003d\"2100\" linespacing\u003d\"-1\"\u003e\u003c/par\u003e  \u003c/text\u003e  \u003c/td\u003e   \u003ctd h\u003d\"14\" w\u003d\"84\"\u003e \u003ctext xmlns\u003d\"http://ocr.crowdcomputingsystems.com/xml/schema-v1.xml\"\u003e \u003cpar align\u003d\"Right\" linespacing\u003d\"530\"\u003e \u003cline b\u003d\"503\" baseline\u003d\"503\" l\u003d\"522\" r\u003d\"540\" t\u003d\"496\"\u003e \u003cformatting lang\u003d\"EnglishUnitedStates\"\u003e 0.00 \u003c/formatting\u003e  \u003c/line\u003e  \u003c/par\u003e  \u003c/text\u003e  \u003c/td\u003e   \u003c/tr\u003e \n \u003ctr\u003e \u003ctd h\u003d\"15\" w\u003d\"316\"\u003e \u003ctext xmlns\u003d\"http://ocr.crowdcomputingsystems.com/xml/schema-v1.xml\"\u003e \u003cpar linespacing\u003d\"-1\"\u003e\u003c/par\u003e  \u003c/text\u003e  \u003c/td\u003e   \u003ctd h\u003d\"15\" w\u003d\"60\"\u003e \u003ctext xmlns\u003d\"http://ocr.crowdcomputingsystems.com/xml/schema-v1.xml\"\u003e \u003cpar leftindent\u003d\"800\" linespacing\u003d\"-1\"\u003e\u003c/par\u003e  \u003c/text\u003e  \u003c/td\u003e   \u003ctd h\u003d\"15\" w\u003d\"85\"\u003e \u003ctext xmlns\u003d\"http://ocr.crowdcomputingsystems.com/xml/schema-v1.xml\"\u003e \u003cpar leftindent\u003d\"2100\" linespacing\u003d\"-1\"\u003e\u003c/par\u003e  \u003c/text\u003e  \u003c/td\u003e   \u003ctd h\u003d\"15\" w\u003d\"84\"\u003e \u003ctext xmlns\u003d\"http://ocr.crowdcomputingsystems.com/xml/schema-v1.xml\"\u003e \u003cpar align\u003d\"Right\" linespacing\u003d\"530\"\u003e \u003cline b\u003d\"518\" baseline\u003d\"518\" l\u003d\"522\" r\u003d\"540\" t\u003d\"511\"\u003e \u003cformatting lang\u003d\"EnglishUnitedStates\"\u003e 0.00 \u003c/formatting\u003e  \u003c/line\u003e  \u003c/par\u003e  \u003c/text\u003e  \u003c/td\u003e   \u003c/tr\u003e \n \u003ctr\u003e \u003ctd bottomborder\u003d\"White\" h\u003d\"24\" w\u003d\"316\"\u003e \u003ctext xmlns\u003d\"http://ocr.crowdcomputingsystems.com/xml/schema-v1.xml\"\u003e \u003cpar linespacing\u003d\"530\"\u003e \u003cline b\u003d\"531\" baseline\u003d\"531\" l\u003d\"3\" r\u003d\"105\" t\u003d\"524\"\u003e \u003cformatting lang\u003d\"EnglishUnitedStates\"\u003e Remarks / Instructors \u003c/formatting\u003e  \u003c/line\u003e  \u003c/par\u003e  \u003c/text\u003e  \u003c/td\u003e   \u003ctd bottomborder\u003d\"White\" colspan\u003d\"2\" h\u003d\"24\" rightborder\u003d\"White\" w\u003d\"145\"\u003e \u003ctext xmlns\u003d\"http://ocr.crowdcomputingsystems.com/xml/schema-v1.xml\"\u003e \u003cpar leftindent\u003d\"1100\" linespacing\u003d\"600\"\u003e \u003cline b\u003d\"537\" baseline\u003d\"537\" l\u003d\"331\" r\u003d\"389\" t\u003d\"529\"\u003e \u003cformatting lang\u003d\"EnglishUnitedStates\"\u003e SUBTOTAL \u003c/formatting\u003e  \u003c/line\u003e  \u003c/par\u003e  \u003c/text\u003e  \u003c/td\u003e   \u003ctd bottomborder\u003d\"White\" h\u003d\"24\" leftborder\u003d\"White\" w\u003d\"84\"\u003e \u003ctext xmlns\u003d\"http://ocr.crowdcomputingsystems.com/xml/schema-v1.xml\"\u003e \u003cpar align\u003d\"Right\" linespacing\u003d\"600\"\u003e \u003cline b\u003d\"537\" baseline\u003d\"537\" l\u003d\"508\" r\u003d\"540\" t\u003d\"529\"\u003e \u003cformatting lang\u003d\"EnglishUnitedStates\"\u003e 630.00 \u003c/formatting\u003e  \u003c/line\u003e  \u003c/par\u003e  \u003c/text\u003e  \u003c/td\u003e   \u003c/tr\u003e \n \u003ctr\u003e \u003ctd bottomborder\u003d\"White\" h\u003d\"25\" topborder\u003d\"White\" w\u003d\"316\"\u003e \u003ctext xmlns\u003d\"http://ocr.crowdcomputingsystems.com/xml/schema-v1.xml\"\u003e \u003cpar linespacing\u003d\"-1\"\u003e\u003c/par\u003e  \u003c/text\u003e  \u003c/td\u003e   \u003ctd bottomborder\u003d\"White\" colspan\u003d\"2\" h\u003d\"25\" rightborder\u003d\"White\" topborder\u003d\"White\" w\u003d\"145\"\u003e \u003ctext xmlns\u003d\"http://ocr.crowdcomputingsystems.com/xml/schema-v1.xml\"\u003e \u003cpar leftindent\u003d\"1100\" linespacing\u003d\"600\"\u003e \u003cline b\u003d\"563\" baseline\u003d\"561\" l\u003d\"330\" r\u003d\"386\" t\u003d\"553\"\u003e \u003cformatting lang\u003d\"EnglishUnitedStates\"\u003e TAX (3.8%) \u003c/formatting\u003e  \u003c/line\u003e  \u003c/par\u003e  \u003c/text\u003e  \u003c/td\u003e   \u003ctd bottomborder\u003d\"White\" h\u003d\"25\" leftborder\u003d\"White\" topborder\u003d\"White\" w\u003d\"84\"\u003e \u003ctext xmlns\u003d\"http://ocr.crowdcomputingsystems.com/xml/schema-v1.xml\"\u003e \u003cpar align\u003d\"Right\" linespacing\u003d\"600\"\u003e \u003cline b\u003d\"561\" baseline\u003d\"561\" l\u003d\"514\" r\u003d\"540\" t\u003d\"553\"\u003e \u003cformatting lang\u003d\"EnglishUnitedStates\"\u003e 23.94 \u003c/formatting\u003e  \u003c/line\u003e  \u003c/par\u003e  \u003c/text\u003e  \u003c/td\u003e   \u003c/tr\u003e \n \u003ctr\u003e \u003ctd bottomborder\u003d\"White\" h\u003d\"24\" topborder\u003d\"White\" w\u003d\"316\"\u003e \u003ctext xmlns\u003d\"http://ocr.crowdcomputingsystems.com/xml/schema-v1.xml\"\u003e \u003cpar align\u003d\"Center\" leftindent\u003d\"100\" linespacing\u003d\"600\"\u003e \u003cline b\u003d\"590\" baseline\u003d\"587\" l\u003d\"39\" r\u003d\"276\" t\u003d\"579\"\u003e \u003cformatting lang\u003d\"EnglishUnitedStates\"\u003e Please make check payable to Your Company Name. \u003c/formatting\u003e  \u003c/line\u003e  \u003c/par\u003e  \u003c/text\u003e  \u003c/td\u003e   \u003ctd bottomborder\u003d\"White\" h\u003d\"24\" rightborder\u003d\"White\" topborder\u003d\"White\" w\u003d\"60\"\u003e \u003ctext xmlns\u003d\"http://ocr.crowdcomputingsystems.com/xml/schema-v1.xml\"\u003e \u003cpar leftindent\u003d\"1100\" linespacing\u003d\"600\"\u003e \u003cline b\u003d\"585\" baseline\u003d\"585\" l\u003d\"331\" r\u003d\"368\" t\u003d\"577\"\u003e \u003cformatting lang\u003d\"EnglishUnitedStates\"\u003e OTHER \u003c/formatting\u003e  \u003c/line\u003e  \u003c/par\u003e  \u003c/text\u003e  \u003c/td\u003e   \u003ctd bottomborder\u003d\"White\" h\u003d\"24\" leftborder\u003d\"White\" rightborder\u003d\"White\" topborder\u003d\"White\" w\u003d\"85\"\u003e \u003ctext xmlns\u003d\"http://ocr.crowdcomputingsystems.com/xml/schema-v1.xml\"\u003e \u003cpar leftindent\u003d\"2100\" linespacing\u003d\"-1\"\u003e\u003c/par\u003e  \u003c/text\u003e  \u003c/td\u003e   \u003ctd bottomborder\u003d\"White\" h\u003d\"24\" leftborder\u003d\"White\" topborder\u003d\"White\" w\u003d\"84\"\u003e \u003ctext xmlns\u003d\"http://ocr.crowdcomputingsystems.com/xml/schema-v1.xml\"\u003e \u003cpar align\u003d\"Right\" linespacing\u003d\"600\"\u003e \u003cline b\u003d\"585\" baseline\u003d\"585\" l\u003d\"520\" r\u003d\"540\" t\u003d\"577\"\u003e \u003cformatting lang\u003d\"EnglishUnitedStates\"\u003e 5.00 \u003c/formatting\u003e  \u003c/line\u003e  \u003c/par\u003e  \u003c/text\u003e  \u003c/td\u003e   \u003c/tr\u003e \n \u003ctr\u003e \u003ctd bottomborder\u003d\"White\" h\u003d\"24\" topborder\u003d\"White\" w\u003d\"316\"\u003e \u003ctext xmlns\u003d\"http://ocr.crowdcomputingsystems.com/xml/schema-v1.xml\"\u003e \u003cpar align\u003d\"Center\" leftindent\u003d\"100\" linespacing\u003d\"900\"\u003e \u003cline b\u003d\"612\" baseline\u003d\"612\" l\u003d\"110\" r\u003d\"204\" t\u003d\"600\"\u003e \u003cformatting lang\u003d\"EnglishUnitedStates\"\u003e THANK YOU \u003c/formatting\u003e  \u003c/line\u003e  \u003c/par\u003e  \u003c/text\u003e  \u003c/td\u003e   \u003ctd h\u003d\"24\" rightborder\u003d\"White\" topborder\u003d\"White\" w\u003d\"60\"\u003e \u003ctext xmlns\u003d\"http://ocr.crowdcomputingsystems.com/xml/schema-v1.xml\"\u003e \u003cpar leftindent\u003d\"1100\" linespacing\u003d\"600\"\u003e \u003cline b\u003d\"609\" baseline\u003d\"609\" l\u003d\"330\" r\u003d\"366\" t\u003d\"601\"\u003e \u003cformatting lang\u003d\"EnglishUnitedStates\"\u003e TOTAL \u003c/formatting\u003e  \u003c/line\u003e  \u003c/par\u003e  \u003c/text\u003e  \u003c/td\u003e   \u003ctd h\u003d\"24\" leftborder\u003d\"White\" rightborder\u003d\"White\" topborder\u003d\"White\" w\u003d\"85\"\u003e \u003ctext xmlns\u003d\"http://ocr.crowdcomputingsystems.com/xml/schema-v1.xml\"\u003e \u003cpar leftindent\u003d\"2100\" linespacing\u003d\"-1\"\u003e\u003c/par\u003e  \u003c/text\u003e  \u003c/td\u003e   \u003ctd h\u003d\"24\" leftborder\u003d\"White\" topborder\u003d\"White\" w\u003d\"84\"\u003e \u003ctext xmlns\u003d\"http://ocr.crowdcomputingsystems.com/xml/schema-v1.xml\"\u003e \u003cpar align\u003d\"Justified\" linespacing\u003d\"600\"\u003e \u003cline b\u003d\"610\" baseline\u003d\"609\" l\u003d\"467\" r\u003d\"537\" t\u003d\"601\"\u003e \u003cformatting lang\u003d\"EnglishUnitedStates\"\u003e $ \u003ctotal_amount appendorder\u003d\"11\" class\u003d\"extraction-tag\" confidence\u003d\"1/1\" data-original-title\u003d\"Total amount\" data-toggle\u003d\"tooltip\" data-value\u003d\"658.94\" fold-name\u003d\"fold1\" score\u003d\"0.8628357492429499\" style\u003d\"background-color: rgb(27, 182, 226);  color: rgb(0, 0, 0);   border: 2px solid rgb(125, 157, 1); \" tagorder\u003d\"8\"\u003e658.94\u003c/total_amount\u003e \u003c/formatting\u003e  \u003c/line\u003e  \u003c/par\u003e  \u003c/text\u003e  \u003c/td\u003e   \u003c/tr\u003e \n \u003c/tbody\u003e\u003c/table\u003e\n \u003cblock b\u003d\"689\" blockname\u003d\"\" blocktype\u003d\"Text\" l\u003d\"141\" r\u003d\"405\" style\u003d\"transform: translate(352px, 860px); position: absolute; width: 658.811px; height: 73.125px;\" t\u003d\"635\"\u003e \u003cregion\u003e \u003crect b\u003d\"689\" l\u003d\"141\" r\u003d\"405\" t\u003d\"635\"\u003e\u003c/rect\u003e  \u003c/region\u003e  \u003ctext\u003e \u003cpar align\u003d\"Center\" leftindent\u003d\"100\" linespacing\u003d\"1125\"\u003e \u003cline b\u003d\"646\" baseline\u003d\"644\" l\u003d\"143\" r\u003d\"402\" style\u003d\"transform: translate(5px, 1px); position: absolute;\" t\u003d\"636\"\u003e \u003cformatting lang\u003d\"EnglishUnitedStates\"\u003e For questions concerning this invoice. please contact \u003c/formatting\u003e  \u003c/line\u003e  \u003cline b\u003d\"661\" baseline\u003d\"659\" l\u003d\"179\" r\u003d\"366\" style\u003d\"transform: translate(95px, 22px); position: absolute;\" t\u003d\"651\"\u003e \u003cformatting lang\u003d\"EnglishUnitedStates\"\u003e Name. (321)456-7890, Email Address \u003c/formatting\u003e  \u003c/line\u003e  \u003c/par\u003e  \u003cpar align\u003d\"Center\" leftindent\u003d\"100\" linespacing\u003d\"600\"\u003e \u003cline b\u003d\"686\" baseline\u003d\"684\" l\u003d\"206\" r\u003d\"338\" style\u003d\"transform: translate(162px, 56px); position: absolute;\" t\u003d\"676\"\u003e \u003cformatting lang\u003d\"EnglishUnitedStates\"\u003e www.yourwebaddress.com \u003c/formatting\u003e  \u003c/line\u003e  \u003c/par\u003e  \u003c/text\u003e  \u003c/block\u003e  \u003cblock b\u003d\"1\" blockname\u003d\"\" blocktype\u003d\"Separator\" l\u003d\"0\" r\u003d\"555\" style\u003d\"transform: translate(0px, 0px); position: absolute;\" t\u003d\"0\"\u003e \u003cregion\u003e \u003crect b\u003d\"1\" l\u003d\"0\" r\u003d\"555\" t\u003d\"0\"\u003e\u003c/rect\u003e  \u003c/region\u003e  \u003cseparator thickness\u003d\"1\" type\u003d\"Black\"\u003e \u003cstart x\u003d\"0\" y\u003d\"0\"\u003e\u003c/start\u003e \u003cend x\u003d\"555\" y\u003d\"0\"\u003e\u003c/end\u003e \u003c/separator\u003e \u003c/block\u003e  \u003cblock b\u003d\"327\" blockname\u003d\"\" blocktype\u003d\"Separator\" l\u003d\"0\" r\u003d\"545\" style\u003d\"transform: translate(0px, 441px); position: absolute;\" t\u003d\"326\"\u003e \u003cregion\u003e \u003crect b\u003d\"327\" l\u003d\"0\" r\u003d\"545\" t\u003d\"326\"\u003e\u003c/rect\u003e  \u003c/region\u003e  \u003cseparator thickness\u003d\"1\" type\u003d\"Black\"\u003e \u003cstart x\u003d\"0\" y\u003d\"326\"\u003e\u003c/start\u003e \u003cend x\u003d\"545\" y\u003d\"326\"\u003e\u003c/end\u003e \u003c/separator\u003e \u003c/block\u003e  \u003cblock b\u003d\"342\" blockname\u003d\"\" blocktype\u003d\"Separator\" l\u003d\"0\" r\u003d\"318\" style\u003d\"transform: translate(0px, 462px); position: absolute;\" t\u003d\"341\"\u003e \u003cregion\u003e \u003crect b\u003d\"342\" l\u003d\"0\" r\u003d\"318\" t\u003d\"341\"\u003e\u003c/rect\u003e  \u003c/region\u003e  \u003cseparator thickness\u003d\"1\" type\u003d\"Black\"\u003e \u003cstart x\u003d\"0\" y\u003d\"341\"\u003e\u003c/start\u003e \u003cend x\u003d\"318\" y\u003d\"341\"\u003e\u003c/end\u003e \u003c/separator\u003e \u003c/block\u003e  \u003cblock b\u003d\"342\" blockname\u003d\"\" blocktype\u003d\"Separator\" l\u003d\"376\" r\u003d\"545\" style\u003d\"transform: translate(938px, 462px); position: absolute;\" t\u003d\"341\"\u003e \u003cregion\u003e \u003crect b\u003d\"342\" l\u003d\"376\" r\u003d\"545\" t\u003d\"341\"\u003e\u003c/rect\u003e  \u003c/region\u003e  \u003cseparator thickness\u003d\"1\" type\u003d\"Black\"\u003e \u003cstart x\u003d\"376\" y\u003d\"341\"\u003e\u003c/start\u003e \u003cend x\u003d\"545\" y\u003d\"341\"\u003e\u003c/end\u003e \u003c/separator\u003e \u003c/block\u003e  \u003cblock b\u003d\"357\" blockname\u003d\"\" blocktype\u003d\"Separator\" l\u003d\"0\" r\u003d\"318\" style\u003d\"transform: translate(0px, 482px); position: absolute;\" t\u003d\"356\"\u003e \u003cregion\u003e \u003crect b\u003d\"357\" l\u003d\"0\" r\u003d\"318\" t\u003d\"356\"\u003e\u003c/rect\u003e  \u003c/region\u003e  \u003cseparator thickness\u003d\"1\" type\u003d\"Black\"\u003e \u003cstart x\u003d\"0\" y\u003d\"356\"\u003e\u003c/start\u003e \u003cend x\u003d\"318\" y\u003d\"356\"\u003e\u003c/end\u003e \u003c/separator\u003e \u003c/block\u003e  \u003cblock b\u003d\"358\" blockname\u003d\"\" blocktype\u003d\"Separator\" l\u003d\"376\" r\u003d\"545\" style\u003d\"transform: translate(938px, 482px); position: absolute;\" t\u003d\"356\"\u003e \u003cregion\u003e \u003crect b\u003d\"358\" l\u003d\"376\" r\u003d\"545\" t\u003d\"356\"\u003e\u003c/rect\u003e  \u003c/region\u003e  \u003cseparator thickness\u003d\"2\" type\u003d\"Black\"\u003e \u003cstart x\u003d\"376\" y\u003d\"357\"\u003e\u003c/start\u003e \u003cend x\u003d\"545\" y\u003d\"357\"\u003e\u003c/end\u003e \u003c/separator\u003e \u003c/block\u003e  \u003cblock b\u003d\"373\" blockname\u003d\"\" blocktype\u003d\"Separator\" l\u003d\"0\" r\u003d\"318\" style\u003d\"transform: translate(0px, 504px); position: absolute;\" t\u003d\"372\"\u003e \u003cregion\u003e \u003crect b\u003d\"373\" l\u003d\"0\" r\u003d\"318\" t\u003d\"372\"\u003e\u003c/rect\u003e  \u003c/region\u003e  \u003cseparator thickness\u003d\"1\" type\u003d\"Black\"\u003e \u003cstart x\u003d\"0\" y\u003d\"372\"\u003e\u003c/start\u003e \u003cend x\u003d\"318\" y\u003d\"372\"\u003e\u003c/end\u003e \u003c/separator\u003e \u003c/block\u003e  \u003cblock b\u003d\"374\" blockname\u003d\"\" blocktype\u003d\"Separator\" l\u003d\"376\" r\u003d\"545\" style\u003d\"transform: translate(938px, 504px); position: absolute;\" t\u003d\"372\"\u003e \u003cregion\u003e \u003crect b\u003d\"374\" l\u003d\"376\" r\u003d\"545\" t\u003d\"372\"\u003e\u003c/rect\u003e  \u003c/region\u003e  \u003cseparator thickness\u003d\"2\" type\u003d\"Black\"\u003e \u003cstart x\u003d\"376\" y\u003d\"373\"\u003e\u003c/start\u003e \u003cend x\u003d\"545\" y\u003d\"373\"\u003e\u003c/end\u003e \u003c/separator\u003e \u003c/block\u003e  \u003cblock b\u003d\"389\" blockname\u003d\"\" blocktype\u003d\"Separator\" l\u003d\"0\" r\u003d\"545\" style\u003d\"transform: translate(0px, 524px); position: absolute;\" t\u003d\"387\"\u003e \u003cregion\u003e \u003crect b\u003d\"389\" l\u003d\"0\" r\u003d\"545\" t\u003d\"387\"\u003e\u003c/rect\u003e  \u003c/region\u003e  \u003cseparator thickness\u003d\"2\" type\u003d\"Black\"\u003e \u003cstart x\u003d\"0\" y\u003d\"388\"\u003e\u003c/start\u003e \u003cend x\u003d\"545\" y\u003d\"388\"\u003e\u003c/end\u003e \u003c/separator\u003e \u003c/block\u003e  \u003cblock b\u003d\"403\" blockname\u003d\"\" blocktype\u003d\"Separator\" l\u003d\"0\" r\u003d\"318\" style\u003d\"transform: translate(0px, 544px); position: absolute;\" t\u003d\"402\"\u003e \u003cregion\u003e \u003crect b\u003d\"403\" l\u003d\"0\" r\u003d\"318\" t\u003d\"402\"\u003e\u003c/rect\u003e  \u003c/region\u003e  \u003cseparator thickness\u003d\"1\" type\u003d\"Black\"\u003e \u003cstart x\u003d\"0\" y\u003d\"402\"\u003e\u003c/start\u003e \u003cend x\u003d\"318\" y\u003d\"402\"\u003e\u003c/end\u003e \u003c/separator\u003e \u003c/block\u003e  \u003cblock b\u003d\"404\" blockname\u003d\"\" blocktype\u003d\"Separator\" l\u003d\"376\" r\u003d\"545\" style\u003d\"transform: translate(938px, 544px); position: absolute;\" t\u003d\"402\"\u003e \u003cregion\u003e \u003crect b\u003d\"404\" l\u003d\"376\" r\u003d\"545\" t\u003d\"402\"\u003e\u003c/rect\u003e  \u003c/region\u003e  \u003cseparator thickness\u003d\"2\" type\u003d\"Black\"\u003e \u003cstart x\u003d\"376\" y\u003d\"403\"\u003e\u003c/start\u003e \u003cend x\u003d\"545\" y\u003d\"403\"\u003e\u003c/end\u003e \u003c/separator\u003e \u003c/block\u003e  \u003cblock b\u003d\"419\" blockname\u003d\"\" blocktype\u003d\"Separator\" l\u003d\"0\" r\u003d\"545\" style\u003d\"transform: translate(0px, 565px); position: absolute;\" t\u003d\"417\"\u003e \u003cregion\u003e \u003crect b\u003d\"419\" l\u003d\"0\" r\u003d\"545\" t\u003d\"417\"\u003e\u003c/rect\u003e  \u003c/region\u003e  \u003cseparator thickness\u003d\"2\" type\u003d\"Black\"\u003e \u003cstart x\u003d\"0\" y\u003d\"418\"\u003e\u003c/start\u003e \u003cend x\u003d\"545\" y\u003d\"418\"\u003e\u003c/end\u003e \u003c/separator\u003e \u003c/block\u003e  \u003cblock b\u003d\"433\" blockname\u003d\"\" blocktype\u003d\"Separator\" l\u003d\"0\" r\u003d\"318\" style\u003d\"transform: translate(0px, 585px); position: absolute;\" t\u003d\"432\"\u003e \u003cregion\u003e \u003crect b\u003d\"433\" l\u003d\"0\" r\u003d\"318\" t\u003d\"432\"\u003e\u003c/rect\u003e  \u003c/region\u003e  \u003cseparator thickness\u003d\"1\" type\u003d\"Black\"\u003e \u003cstart x\u003d\"0\" y\u003d\"432\"\u003e\u003c/start\u003e \u003cend x\u003d\"318\" y\u003d\"432\"\u003e\u003c/end\u003e \u003c/separator\u003e \u003c/block\u003e  \u003cblock b\u003d\"434\" blockname\u003d\"\" blocktype\u003d\"Separator\" l\u003d\"376\" r\u003d\"545\" style\u003d\"transform: translate(938px, 585px); position: absolute;\" t\u003d\"432\"\u003e \u003cregion\u003e \u003crect b\u003d\"434\" l\u003d\"376\" r\u003d\"545\" t\u003d\"432\"\u003e\u003c/rect\u003e  \u003c/region\u003e  \u003cseparator thickness\u003d\"2\" type\u003d\"Black\"\u003e \u003cstart x\u003d\"376\" y\u003d\"433\"\u003e\u003c/start\u003e \u003cend x\u003d\"545\" y\u003d\"433\"\u003e\u003c/end\u003e \u003c/separator\u003e \u003c/block\u003e  \u003cblock b\u003d\"449\" blockname\u003d\"\" blocktype\u003d\"Separator\" l\u003d\"0\" r\u003d\"545\" style\u003d\"transform: translate(0px, 605px); position: absolute;\" t\u003d\"447\"\u003e \u003cregion\u003e \u003crect b\u003d\"449\" l\u003d\"0\" r\u003d\"545\" t\u003d\"447\"\u003e\u003c/rect\u003e  \u003c/region\u003e  \u003cseparator thickness\u003d\"2\" type\u003d\"Black\"\u003e \u003cstart x\u003d\"0\" y\u003d\"448\"\u003e\u003c/start\u003e \u003cend x\u003d\"545\" y\u003d\"448\"\u003e\u003c/end\u003e \u003c/separator\u003e \u003c/block\u003e  \u003cblock b\u003d\"463\" blockname\u003d\"\" blocktype\u003d\"Separator\" l\u003d\"0\" r\u003d\"318\" style\u003d\"transform: translate(0px, 626px); position: absolute;\" t\u003d\"462\"\u003e \u003cregion\u003e \u003crect b\u003d\"463\" l\u003d\"0\" r\u003d\"318\" t\u003d\"462\"\u003e\u003c/rect\u003e  \u003c/region\u003e  \u003cseparator thickness\u003d\"1\" type\u003d\"Black\"\u003e \u003cstart x\u003d\"0\" y\u003d\"462\"\u003e\u003c/start\u003e \u003cend x\u003d\"318\" y\u003d\"462\"\u003e\u003c/end\u003e \u003c/separator\u003e \u003c/block\u003e  \u003cblock b\u003d\"464\" blockname\u003d\"\" blocktype\u003d\"Separator\" l\u003d\"376\" r\u003d\"545\" style\u003d\"transform: translate(938px, 626px); position: absolute;\" t\u003d\"462\"\u003e \u003cregion\u003e \u003crect b\u003d\"464\" l\u003d\"376\" r\u003d\"545\" t\u003d\"462\"\u003e\u003c/rect\u003e  \u003c/region\u003e  \u003cseparator thickness\u003d\"2\" type\u003d\"Black\"\u003e \u003cstart x\u003d\"376\" y\u003d\"463\"\u003e\u003c/start\u003e \u003cend x\u003d\"545\" y\u003d\"463\"\u003e\u003c/end\u003e \u003c/separator\u003e \u003c/block\u003e  \u003cblock b\u003d\"479\" blockname\u003d\"\" blocktype\u003d\"Separator\" l\u003d\"0\" r\u003d\"545\" style\u003d\"transform: translate(0px, 646px); position: absolute;\" t\u003d\"477\"\u003e \u003cregion\u003e \u003crect b\u003d\"479\" l\u003d\"0\" r\u003d\"545\" t\u003d\"477\"\u003e\u003c/rect\u003e  \u003c/region\u003e  \u003cseparator thickness\u003d\"2\" type\u003d\"Black\"\u003e \u003cstart x\u003d\"0\" y\u003d\"478\"\u003e\u003c/start\u003e \u003cend x\u003d\"545\" y\u003d\"478\"\u003e\u003c/end\u003e \u003c/separator\u003e \u003c/block\u003e  \u003cblock b\u003d\"493\" blockname\u003d\"\" blocktype\u003d\"Separator\" l\u003d\"0\" r\u003d\"318\" style\u003d\"transform: translate(0px, 666px); position: absolute;\" t\u003d\"492\"\u003e \u003cregion\u003e \u003crect b\u003d\"493\" l\u003d\"0\" r\u003d\"318\" t\u003d\"492\"\u003e\u003c/rect\u003e  \u003c/region\u003e  \u003cseparator thickness\u003d\"1\" type\u003d\"Black\"\u003e \u003cstart x\u003d\"0\" y\u003d\"492\"\u003e\u003c/start\u003e \u003cend x\u003d\"318\" y\u003d\"492\"\u003e\u003c/end\u003e \u003c/separator\u003e \u003c/block\u003e  \u003cblock b\u003d\"494\" blockname\u003d\"\" blocktype\u003d\"Separator\" l\u003d\"376\" r\u003d\"545\" style\u003d\"transform: translate(938px, 666px); position: absolute;\" t\u003d\"492\"\u003e \u003cregion\u003e \u003crect b\u003d\"494\" l\u003d\"376\" r\u003d\"545\" t\u003d\"492\"\u003e\u003c/rect\u003e  \u003c/region\u003e  \u003cseparator thickness\u003d\"2\" type\u003d\"Black\"\u003e \u003cstart x\u003d\"376\" y\u003d\"493\"\u003e\u003c/start\u003e \u003cend x\u003d\"545\" y\u003d\"493\"\u003e\u003c/end\u003e \u003c/separator\u003e \u003c/block\u003e  \u003cblock b\u003d\"509\" blockname\u003d\"\" blocktype\u003d\"Separator\" class\u003d\"hidden\" l\u003d\"0\" r\u003d\"545\" style\u003d\"transform: translate(0px, 685px); position: absolute;\" t\u003d\"506\"\u003e \u003cregion\u003e \u003crect b\u003d\"509\" l\u003d\"0\" r\u003d\"545\" t\u003d\"506\"\u003e\u003c/rect\u003e  \u003c/region\u003e  \u003cseparator thickness\u003d\"2\" type\u003d\"Black\"\u003e \u003cstart x\u003d\"0\" y\u003d\"507\"\u003e\u003c/start\u003e \u003cend x\u003d\"545\" y\u003d\"507\"\u003e\u003c/end\u003e \u003c/separator\u003e \u003c/block\u003e  \u003cblock b\u003d\"524\" blockname\u003d\"\" blocktype\u003d\"Separator\" l\u003d\"0\" r\u003d\"326\" style\u003d\"transform: translate(0px, 707px); position: absolute;\" t\u003d\"522\"\u003e \u003cregion\u003e \u003crect b\u003d\"524\" l\u003d\"0\" r\u003d\"326\" t\u003d\"522\"\u003e\u003c/rect\u003e  \u003c/region\u003e  \u003cseparator thickness\u003d\"2\" type\u003d\"Black\"\u003e \u003cstart x\u003d\"0\" y\u003d\"523\"\u003e\u003c/start\u003e \u003cend x\u003d\"326\" y\u003d\"523\"\u003e\u003c/end\u003e \u003c/separator\u003e \u003c/block\u003e  \u003cblock b\u003d\"524\" blockname\u003d\"\" blocktype\u003d\"Separator\" l\u003d\"366\" r\u003d\"545\" style\u003d\"transform: translate(913px, 707px); position: absolute;\" t\u003d\"522\"\u003e \u003cregion\u003e \u003crect b\u003d\"524\" l\u003d\"366\" r\u003d\"545\" t\u003d\"522\"\u003e\u003c/rect\u003e  \u003c/region\u003e  \u003cseparator thickness\u003d\"2\" type\u003d\"Black\"\u003e \u003cstart x\u003d\"366\" y\u003d\"523\"\u003e\u003c/start\u003e \u003cend x\u003d\"545\" y\u003d\"523\"\u003e\u003c/end\u003e \u003c/separator\u003e \u003c/block\u003e  \u003cblock b\u003d\"619\" blockname\u003d\"\" blocktype\u003d\"Separator\" l\u003d\"316\" r\u003d\"545\" style\u003d\"transform: translate(789px, 834px); position: absolute;\" t\u003d\"616\"\u003e \u003cregion\u003e \u003crect b\u003d\"619\" l\u003d\"316\" r\u003d\"545\" t\u003d\"616\"\u003e\u003c/rect\u003e  \u003c/region\u003e  \u003cseparator thickness\u003d\"3\" type\u003d\"Black\"\u003e \u003cstart x\u003d\"316\" y\u003d\"617\"\u003e\u003c/start\u003e \u003cend x\u003d\"545\" y\u003d\"617\"\u003e\u003c/end\u003e \u003c/separator\u003e \u003c/block\u003e  \u003cblock b\u003d\"701\" blockname\u003d\"\" blocktype\u003d\"Separator\" l\u003d\"0\" r\u003d\"545\" style\u003d\"transform: translate(0px, 947px); position: absolute;\" t\u003d\"699\"\u003e \u003cregion\u003e \u003crect b\u003d\"701\" l\u003d\"0\" r\u003d\"545\" t\u003d\"699\"\u003e\u003c/rect\u003e  \u003c/region\u003e  \u003cseparator thickness\u003d\"2\" type\u003d\"Black\"\u003e \u003cstart x\u003d\"0\" y\u003d\"700\"\u003e\u003c/start\u003e \u003cend x\u003d\"545\" y\u003d\"700\"\u003e\u003c/end\u003e \u003c/separator\u003e \u003c/block\u003e  \u003cblock b\u003d\"172\" blockname\u003d\"\" blocktype\u003d\"Separator\" l\u003d\"0\" r\u003d\"1\" style\u003d\"transform: translate(0px, 0px); position: absolute;\" t\u003d\"0\"\u003e \u003cregion\u003e \u003crect b\u003d\"172\" l\u003d\"0\" r\u003d\"1\" t\u003d\"0\"\u003e\u003c/rect\u003e  \u003c/region\u003e  \u003cseparator thickness\u003d\"1\" type\u003d\"Black\"\u003e \u003cstart x\u003d\"0\" y\u003d\"0\"\u003e\u003c/start\u003e \u003cend x\u003d\"0\" y\u003d\"172\"\u003e\u003c/end\u003e \u003c/separator\u003e \u003c/block\u003e  \u003cblock b\u003d\"293\" blockname\u003d\"\" blocktype\u003d\"Separator\" l\u003d\"0\" r\u003d\"1\" style\u003d\"transform: translate(0px, 255px); position: absolute;\" t\u003d\"188\"\u003e \u003cregion\u003e \u003crect b\u003d\"293\" l\u003d\"0\" r\u003d\"1\" t\u003d\"188\"\u003e\u003c/rect\u003e  \u003c/region\u003e  \u003cseparator thickness\u003d\"1\" type\u003d\"Black\"\u003e \u003cstart x\u003d\"0\" y\u003d\"188\"\u003e\u003c/start\u003e \u003cend x\u003d\"0\" y\u003d\"293\"\u003e\u003c/end\u003e \u003c/separator\u003e \u003c/block\u003e  \u003cblock b\u003d\"714\" blockname\u003d\"\" blocktype\u003d\"Separator\" class\u003d\"hidden\" l\u003d\"0\" r\u003d\"1\" style\u003d\"transform: translate(0px, 423px); position: absolute;\" t\u003d\"312\"\u003e \u003cregion\u003e \u003crect b\u003d\"714\" l\u003d\"0\" r\u003d\"1\" t\u003d\"312\"\u003e\u003c/rect\u003e  \u003c/region\u003e  \u003cseparator thickness\u003d\"1\" type\u003d\"Black\"\u003e \u003cstart x\u003d\"0\" y\u003d\"312\"\u003e\u003c/start\u003e \u003cend x\u003d\"0\" y\u003d\"714\"\u003e\u003c/end\u003e \u003c/separator\u003e \u003c/block\u003e  \u003cblock b\u003d\"522\" blockname\u003d\"\" blocktype\u003d\"Separator\" class\u003d\"hidden\" l\u003d\"315\" r\u003d\"317\" style\u003d\"transform: translate(786px, 423px); position: absolute;\" t\u003d\"312\"\u003e \u003cregion\u003e \u003crect b\u003d\"522\" l\u003d\"315\" r\u003d\"317\" t\u003d\"312\"\u003e\u003c/rect\u003e  \u003c/region\u003e  \u003cseparator thickness\u003d\"2\" type\u003d\"Black\"\u003e \u003cstart x\u003d\"316\" y\u003d\"312\"\u003e\u003c/start\u003e \u003cend x\u003d\"316\" y\u003d\"522\"\u003e\u003c/end\u003e \u003c/separator\u003e \u003c/block\u003e  \u003cblock b\u003d\"619\" blockname\u003d\"\" blocktype\u003d\"Separator\" l\u003d\"316\" r\u003d\"318\" style\u003d\"transform: translate(789px, 720px); position: absolute;\" t\u003d\"532\"\u003e \u003cregion\u003e \u003crect b\u003d\"619\" l\u003d\"316\" r\u003d\"318\" t\u003d\"532\"\u003e\u003c/rect\u003e  \u003c/region\u003e  \u003cseparator thickness\u003d\"2\" type\u003d\"Black\"\u003e \u003cstart x\u003d\"317\" y\u003d\"532\"\u003e\u003c/start\u003e \u003cend x\u003d\"317\" y\u003d\"619\"\u003e\u003c/end\u003e \u003c/separator\u003e \u003c/block\u003e  \u003cblock b\u003d\"524\" blockname\u003d\"\" blocktype\u003d\"Separator\" l\u003d\"376\" r\u003d\"377\" style\u003d\"transform: translate(938px, 460px); position: absolute;\" t\u003d\"340\"\u003e \u003cregion\u003e \u003crect b\u003d\"524\" l\u003d\"376\" r\u003d\"377\" t\u003d\"340\"\u003e\u003c/rect\u003e  \u003c/region\u003e  \u003cseparator thickness\u003d\"1\" type\u003d\"Black\"\u003e \u003cstart x\u003d\"376\" y\u003d\"340\"\u003e\u003c/start\u003e \u003cend x\u003d\"376\" y\u003d\"524\"\u003e\u003c/end\u003e \u003c/separator\u003e \u003c/block\u003e  \u003cblock b\u003d\"524\" blockname\u003d\"\" blocktype\u003d\"Separator\" l\u003d\"460\" r\u003d\"462\" style\u003d\"transform: translate(1148px, 460px); position: absolute;\" t\u003d\"340\"\u003e \u003cregion\u003e \u003crect b\u003d\"524\" l\u003d\"460\" r\u003d\"462\" t\u003d\"340\"\u003e\u003c/rect\u003e  \u003c/region\u003e  \u003cseparator thickness\u003d\"2\" type\u003d\"Black\"\u003e \u003cstart x\u003d\"461\" y\u003d\"340\"\u003e\u003c/start\u003e \u003cend x\u003d\"461\" y\u003d\"524\"\u003e\u003c/end\u003e \u003c/separator\u003e \u003c/block\u003e  \u003cblock b\u003d\"619\" blockname\u003d\"\" blocktype\u003d\"Separator\" l\u003d\"542\" r\u003d\"545\" style\u003d\"transform: translate(1353px, 423px); position: absolute;\" t\u003d\"312\"\u003e \u003cregion\u003e \u003crect b\u003d\"619\" l\u003d\"542\" r\u003d\"545\" t\u003d\"312\"\u003e\u003c/rect\u003e  \u003c/region\u003e  \u003cseparator thickness\u003d\"2\" type\u003d\"Black\"\u003e \u003cstart x\u003d\"543\" y\u003d\"312\"\u003e\u003c/start\u003e \u003cend x\u003d\"543\" y\u003d\"619\"\u003e\u003c/end\u003e \u003c/separator\u003e \u003c/block\u003e  \u003cblock b\u003d\"512\" blockname\u003d\"\" blocktype\u003d\"Separator\" l\u003d\"460\" r\u003d\"465\" style\u003d\"transform: translate(1148px, 482px); position: absolute;\" t\u003d\"356\"\u003e \u003cregion\u003e \u003crect b\u003d\"512\" l\u003d\"460\" r\u003d\"465\" t\u003d\"356\"\u003e\u003c/rect\u003e  \u003c/region\u003e  \u003cseparator thickness\u003d\"5\" type\u003d\"Dotted\"\u003e \u003cstart x\u003d\"462\" y\u003d\"356\"\u003e\u003c/start\u003e \u003cend x\u003d\"462\" y\u003d\"512\"\u003e\u003c/end\u003e \u003c/separator\u003e \u003c/block\u003e  \u003cblock b\u003d\"90\" blockname\u003d\"\" blocktype\u003d\"Text\" class\u003d\"hidden\" l\u003d\"317\" r\u003d\"544\" style\u003d\"transform: translate(791px, 99px); position: absolute; width: 566.477px; height: 23.0208px;\" t\u003d\"73\"\u003e \u003cregion\u003e \u003crect b\u003d\"90\" l\u003d\"317\" r\u003d\"544\" t\u003d\"73\"\u003e\u003c/rect\u003e  \u003c/region\u003e  \u003ctext\u003e \u003cpar linespacing\u003d\"-1\"\u003e\u003c/par\u003e  \u003c/text\u003e  \u003c/block\u003e  \u003cblock b\u003d\"126\" blockname\u003d\"\" blocktype\u003d\"Text\" class\u003d\"hidden\" l\u003d\"317\" r\u003d\"484\" style\u003d\"transform: translate(791px, 148px); position: absolute; width: 416.748px; height: 23.0208px;\" t\u003d\"109\"\u003e \u003cregion\u003e \u003crect b\u003d\"126\" l\u003d\"317\" r\u003d\"484\" t\u003d\"109\"\u003e\u003c/rect\u003e  \u003c/region\u003e  \u003ctext\u003e \u003cpar linespacing\u003d\"-1\"\u003e\u003c/par\u003e  \u003c/text\u003e  \u003c/block\u003e  \u003cblock b\u003d\"187\" blockname\u003d\"\" blocktype\u003d\"Text\" class\u003d\"hidden\" l\u003d\"1\" r\u003d\"277\" style\u003d\"transform: translate(2px, 234px); position: absolute; width: 688.757px; height: 18.9583px;\" t\u003d\"173\"\u003e \u003cregion\u003e \u003crect b\u003d\"187\" l\u003d\"1\" r\u003d\"277\" t\u003d\"173\"\u003e\u003c/rect\u003e  \u003c/region\u003e  \u003ctext\u003e \u003cpar linespacing\u003d\"-1\"\u003e\u003c/par\u003e  \u003c/text\u003e  \u003c/block\u003e  \u003cblock b\u003d\"187\" blockname\u003d\"\" blocktype\u003d\"Text\" class\u003d\"hidden\" l\u003d\"317\" r\u003d\"544\" style\u003d\"transform: translate(791px, 234px); position: absolute; width: 566.477px; height: 18.9583px;\" t\u003d\"173\"\u003e \u003cregion\u003e \u003crect b\u003d\"187\" l\u003d\"317\" r\u003d\"544\" t\u003d\"173\"\u003e\u003c/rect\u003e  \u003c/region\u003e  \u003ctext\u003e \u003cpar linespacing\u003d\"-1\"\u003e\u003c/par\u003e  \u003c/text\u003e  \u003c/block\u003e  \u003cblock b\u003d\"311\" blockname\u003d\"\" blocktype\u003d\"Text\" class\u003d\"hidden\" l\u003d\"1\" r\u003d\"544\" style\u003d\"transform: translate(2px, 398px); position: absolute; width: 1355.05px; height: 23.0208px;\" t\u003d\"294\"\u003e \u003cregion\u003e \u003crect b\u003d\"311\" l\u003d\"1\" r\u003d\"544\" t\u003d\"294\"\u003e\u003c/rect\u003e  \u003c/region\u003e  \u003ctext\u003e \u003cpar linespacing\u003d\"-1\"\u003e\u003c/par\u003e  \u003c/text\u003e  \u003c/block\u003e  \u003c/page\u003e     \u003c/document\u003e\u003c/body\u003e\u003c/html\u003e","tags":[{"begin":88,"end":106,"text":"Nolke Resort Group","tag":"supplier_name","fieldType":"COMPANY_NAME","score":0.7067426181449529,"estimatedAccuracy":0.0},{"begin":254,"end":262,"text":"02/15/16","tag":"invoice_date","fieldType":"DATE","score":0.6423988454777093,"estimatedAccuracy":0.0},{"begin":368,"end":382,"text":"sski@slowi.com","tag":"email","fieldType":"EMAIL","score":0.6859791866778655,"estimatedAccuracy":0.0},{"begin":899,"end":911,"text":"Consultation","tag":"product","fieldType":"TEXT","score":0.5266391091876279,"estimatedAccuracy":0.0},{"begin":923,"end":924,"text":"2","tag":"quantity","fieldType":"NUMBER","score":0.618945916673282,"estimatedAccuracy":0.0},{"begin":936,"end":941,"text":"50.00","tag":"price","fieldType":"NUMBER","score":0.6798083624571234,"estimatedAccuracy":0.0},{"begin":998,"end":999,"text":"7","tag":"quantity","fieldType":"NUMBER","score":0.534796183181841,"estimatedAccuracy":0.0},{"begin":1011,"end":1016,"text":"80.00","tag":"price","fieldType":"NUMBER","score":0.7647439014899772,"estimatedAccuracy":0.0},{"begin":1089,"end":1094,"text":"30.00","tag":"price","fieldType":"NUMBER","score":0.7325127857844668,"estimatedAccuracy":0.0},{"begin":2047,"end":2053,"text":"658.94","tag":"total_amount","fieldType":"NUMBER","score":0.8628357492429499,"estimatedAccuracy":0.0}],"group":"email|invoice_date|price|product|quantity|supplier_name|total_amount","limeExplanation":{},"liblinearFeatureImportance":{}}