{"finalScore":0.7350749015895791,"metaInfo":{"model":{"coreVersion":"10.3.0.39"}},"sumScore":10.291048622254108,"tagsCounter":14.0,"taggedText":"\u003chtml\u003e\u003chead\u003e\u003cscript src\u003d\"https://ajax.googleapis.com/ajax/libs/jquery/2.2.0/jquery.min.js\"\u003e\u003c/script\u003e\u003c/head\u003e\u003cbody\u003e\u003cdocument languages\u003d\"\" producer\u003d\"Workfusion\" schemalocation\u003d\"http://ocr.crowdcomputingsystems.com/xml/schema-v1.xml\" version\u003d\"1.0\" xmlns\u003d\"http://ocr.crowdcomputingsystems.com/xml/schema-v1.xml\" xsi\u003d\"http://www.w3.org/2001/XMLSchema-instance\"\u003e \u003clink href\u003d\"https://s3.amazonaws.com/workfusion-resources/ocr/ocr-xml-viewer-0.3-scale-to-width.css\" rel\u003d\"stylesheet\" type\u003d\"text/css\"\u003e\u003c/link\u003e \u003cstyle\u003e\u003c/style\u003e\u003cpage data-pages\u003d\"1\" h\u003d\"883\" resolution\u003d\"96\" style\u003d\"height: 1174px;\" w\u003d\"607\"\u003e \u003cblock b\u003d\"94\" blockname\u003d\"\" blocktype\u003d\"Text\" l\u003d\"373\" r\u003d\"550\" style\u003d\"transform: translate(851px, 49px); position: absolute; width: 403.863px; height: 78.5417px;\" t\u003d\"36\"\u003e \u003cregion\u003e \u003crect b\u003d\"94\" l\u003d\"373\" r\u003d\"550\" t\u003d\"36\"\u003e\u003c/rect\u003e  \u003c/region\u003e  \u003ctext\u003e \u003cpar align\u003d\"Center\" linespacing\u003d\"2475\"\u003e \u003cline b\u003d\"58\" baseline\u003d\"58\" l\u003d\"374\" r\u003d\"548\" style\u003d\"transform: translate(2px, 3px); position: absolute;\" t\u003d\"38\"\u003e \u003cformatting lang\u003d\"EnglishUnitedStates\"\u003e YOUR LOGO \u003c/formatting\u003e  \u003c/line\u003e  \u003cline b\u003d\"91\" baseline\u003d\"91\" l\u003d\"419\" r\u003d\"494\" style\u003d\"transform: translate(105px, 47px); position: absolute;\" t\u003d\"71\"\u003e \u003cformatting lang\u003d\"EnglishUnitedStates\"\u003e HERE \u003c/formatting\u003e  \u003c/line\u003e  \u003c/par\u003e  \u003c/text\u003e  \u003c/block\u003e  \u003cblock b\u003d\"83\" blockname\u003d\"\" blocktype\u003d\"Text\" l\u003d\"17\" r\u003d\"146\" style\u003d\"transform: translate(39px, 31px); position: absolute; width: 294.341px; height: 81.25px;\" t\u003d\"23\"\u003e \u003cregion\u003e \u003crect b\u003d\"83\" l\u003d\"17\" r\u003d\"146\" t\u003d\"23\"\u003e\u003c/rect\u003e  \u003c/region\u003e  \u003ctext\u003e \u003cpar linespacing\u003d\"900\"\u003e \u003cline b\u003d\"35\" baseline\u003d\"33\" l\u003d\"19\" r\u003d\"137\" style\u003d\"transform: translate(5px, 1px); position: absolute;\" t\u003d\"24\"\u003e \u003cformatting lang\u003d\"EnglishUnitedStates\"\u003e \u003csupplier_name appendorder\u003d\"3\" class\u003d\"extraction-tag\" confidence\u003d\"1/1\" data-original-title\u003d\"Supplier name\" data-toggle\u003d\"tooltip\" data-value\u003d\"Vhuejo S.A.\" fold-name\u003d\"fold4\" score\u003d\"0.753742659214458\" style\u003d\"background-color: rgb(88, 50, 166);  color: rgb(255, 255, 255);   border: 2px solid rgb(125, 157, 1); \" tagorder\u003d\"190821\"\u003eVhuejo S.A.\u003c/supplier_name\u003e \u003c/formatting\u003e  \u003c/line\u003e  \u003cline b\u003d\"47\" baseline\u003d\"45\" l\u003d\"19\" r\u003d\"117\" style\u003d\"transform: translate(5px, 18px); position: absolute;\" t\u003d\"36\"\u003e \u003cformatting lang\u003d\"EnglishUnitedStates\"\u003e 35 KingsJand Road \u003c/formatting\u003e  \u003c/line\u003e  \u003cline b\u003d\"57\" baseline\u003d\"57\" l\u003d\"19\" r\u003d\"57\" style\u003d\"transform: translate(5px, 34px); position: absolute;\" t\u003d\"48\"\u003e \u003cformatting lang\u003d\"EnglishUnitedStates\"\u003e London \u003c/formatting\u003e  \u003c/line\u003e  \u003c/par\u003e  \u003cpar linespacing\u003d\"900\"\u003e \u003cline b\u003d\"69\" baseline\u003d\"69\" l\u003d\"19\" r\u003d\"143\" style\u003d\"transform: translate(5px, 50px); position: absolute;\" t\u003d\"60\"\u003e \u003cformatting lang\u003d\"EnglishUnitedStates\"\u003e Greater London E2 8AA \u003c/formatting\u003e  \u003c/line\u003e  \u003c/par\u003e  \u003cpar linespacing\u003d\"530\"\u003e \u003cline b\u003d\"80\" baseline\u003d\"80\" l\u003d\"19\" r\u003d\"106\" style\u003d\"transform: translate(5px, 68px); position: absolute;\" t\u003d\"73\"\u003e \u003cformatting lang\u003d\"EnglishUnitedStates\"\u003e VAT Number 87390567 \u003c/formatting\u003e  \u003c/line\u003e  \u003c/par\u003e  \u003c/text\u003e  \u003c/block\u003e  \u003cblock b\u003d\"213\" blockname\u003d\"\" blocktype\u003d\"Text\" l\u003d\"18\" r\u003d\"135\" style\u003d\"transform: translate(41px, 186px); position: absolute; width: 266.96px; height: 102.917px;\" t\u003d\"137\"\u003e \u003cregion\u003e \u003crect b\u003d\"213\" l\u003d\"18\" r\u003d\"135\" t\u003d\"137\"\u003e\u003c/rect\u003e  \u003c/region\u003e  \u003ctext\u003e \u003cpar linespacing\u003d\"900\"\u003e \u003cline b\u003d\"149\" baseline\u003d\"147\" l\u003d\"19\" r\u003d\"132\" style\u003d\"transform: translate(2px, 1px); position: absolute;\" t\u003d\"138\"\u003e \u003cformatting lang\u003d\"EnglishUnitedStates\"\u003e Choiuwk Exploration Ltd. \u003c/formatting\u003e  \u003c/line\u003e  \u003cline b\u003d\"173\" baseline\u003d\"171\" l\u003d\"20\" r\u003d\"116\" style\u003d\"transform: translate(5px, 34px); position: absolute;\" t\u003d\"162\"\u003e \u003cformatting lang\u003d\"EnglishUnitedStates\"\u003e 100 Vuopw Street \u003c/formatting\u003e  \u003c/line\u003e  \u003cline b\u003d\"184\" baseline\u003d\"184\" l\u003d\"19\" r\u003d\"57\" style\u003d\"transform: translate(2px, 51px); position: absolute;\" t\u003d\"175\"\u003e \u003cformatting lang\u003d\"EnglishUnitedStates\"\u003e London \u003c/formatting\u003e  \u003c/line\u003e  \u003cline b\u003d\"196\" baseline\u003d\"197\" l\u003d\"19\" r\u003d\"61\" style\u003d\"transform: translate(2px, 68px); position: absolute;\" t\u003d\"187\"\u003e \u003cformatting lang\u003d\"EnglishUnitedStates\"\u003e W1 1AB \u003c/formatting\u003e  \u003c/line\u003e  \u003cline b\u003d\"210\" baseline\u003d\"208\" l\u003d\"19\" r\u003d\"101\" style\u003d\"transform: translate(2px, 84px); position: absolute;\" t\u003d\"199\"\u003e \u003cformatting lang\u003d\"EnglishUnitedStates\"\u003e United Kingdom \u003c/formatting\u003e  \u003c/line\u003e  \u003c/par\u003e  \u003c/text\u003e  \u003c/block\u003e  \u003cblock b\u003d\"152\" blockname\u003d\"\" blocktype\u003d\"Text\" l\u003d\"410\" r\u003d\"587\" style\u003d\"transform: translate(936px, 188px); position: absolute; width: 403.863px; height: 17.6042px;\" t\u003d\"139\"\u003e \u003cregion\u003e \u003crect b\u003d\"152\" l\u003d\"410\" r\u003d\"587\" t\u003d\"139\"\u003e\u003c/rect\u003e  \u003c/region\u003e  \u003ctext\u003e \u003cpar align\u003d\"Justified\" linespacing\u003d\"680\"\u003e \u003cline b\u003d\"149\" baseline\u003d\"149\" l\u003d\"412\" r\u003d\"584\" style\u003d\"transform: translate(5px, 1px); position: absolute;\" t\u003d\"140\"\u003e \u003cformatting lang\u003d\"EnglishUnitedStates\"\u003e Invoice# \u003cinvoice_number appendorder\u003d\"7\" class\u003d\"extraction-tag\" confidence\u003d\"1/1\" data-original-title\u003d\"Invoice number\" data-toggle\u003d\"tooltip\" data-value\u003d\"000031\" fold-name\u003d\"fold2\" score\u003d\"0.823972799746735\" style\u003d\"background-color: rgb(0, 83, 98);  color: rgb(255, 255, 255);   border: 2px solid rgb(125, 157, 1); \" tagorder\u003d\"5\"\u003e000031\u003c/invoice_number\u003e \u003c/formatting\u003e  \u003c/line\u003e  \u003c/par\u003e  \u003c/text\u003e  \u003c/block\u003e  \u003cblock b\u003d\"167\" blockname\u003d\"\" blocktype\u003d\"Text\" l\u003d\"410\" r\u003d\"478\" style\u003d\"transform: translate(936px, 209px); position: absolute; width: 155.157px; height: 17.6042px;\" t\u003d\"154\"\u003e \u003cregion\u003e \u003crect b\u003d\"167\" l\u003d\"410\" r\u003d\"478\" t\u003d\"154\"\u003e\u003c/rect\u003e  \u003c/region\u003e  \u003ctext\u003e \u003cpar linespacing\u003d\"680\"\u003e \u003cline b\u003d\"164\" baseline\u003d\"164\" l\u003d\"411\" r\u003d\"476\" style\u003d\"transform: translate(2px, 1px); position: absolute;\" t\u003d\"155\"\u003e \u003cformatting lang\u003d\"EnglishUnitedStates\"\u003e Invoice Date \u003c/formatting\u003e  \u003c/line\u003e  \u003c/par\u003e  \u003c/text\u003e  \u003c/block\u003e  \u003cblock b\u003d\"185\" blockname\u003d\"\" blocktype\u003d\"Text\" l\u003d\"409\" r\u003d\"483\" style\u003d\"transform: translate(933px, 233px); position: absolute; width: 168.847px; height: 17.6042px;\" t\u003d\"172\"\u003e \u003cregion\u003e \u003crect b\u003d\"185\" l\u003d\"409\" r\u003d\"483\" t\u003d\"172\"\u003e\u003c/rect\u003e  \u003c/region\u003e  \u003ctext\u003e \u003cpar linespacing\u003d\"680\"\u003e \u003cline b\u003d\"182\" baseline\u003d\"182\" l\u003d\"411\" r\u003d\"480\" style\u003d\"transform: translate(5px, 1px); position: absolute;\" t\u003d\"173\"\u003e \u003cformatting lang\u003d\"EnglishUnitedStates\"\u003e Amount Due \u003c/formatting\u003e  \u003c/line\u003e  \u003c/par\u003e  \u003c/text\u003e  \u003c/block\u003e  \u003cblock b\u003d\"167\" blockname\u003d\"\" blocktype\u003d\"Text\" l\u003d\"527\" r\u003d\"587\" style\u003d\"transform: translate(1202px, 209px); position: absolute; width: 136.903px; height: 17.6042px;\" t\u003d\"154\"\u003e \u003cregion\u003e \u003crect b\u003d\"167\" l\u003d\"527\" r\u003d\"587\" t\u003d\"154\"\u003e\u003c/rect\u003e  \u003c/region\u003e  \u003ctext\u003e \u003cpar linespacing\u003d\"680\"\u003e \u003cline b\u003d\"164\" baseline\u003d\"164\" l\u003d\"528\" r\u003d\"584\" style\u003d\"transform: translate(2px, 1px); position: absolute;\" t\u003d\"155\"\u003e \u003cformatting lang\u003d\"EnglishUnitedStates\"\u003e \u003cinvoice_date appendorder\u003d\"9\" class\u003d\"extraction-tag\" confidence\u003d\"1/1\" data-original-title\u003d\"Invoice date\" data-toggle\u003d\"tooltip\" data-value\u003d\"15/06/2011\" fold-name\u003d\"fold5\" score\u003d\"0.8153063404121705\" style\u003d\"background-color: rgb(17, 18, 43);  color: rgb(255, 255, 255);   border: 2px solid rgb(125, 157, 1); \" tagorder\u003d\"6\"\u003e15/06/2011\u003c/invoice_date\u003e \u003c/formatting\u003e  \u003c/line\u003e  \u003c/par\u003e  \u003c/text\u003e  \u003c/block\u003e  \u003cblock b\u003d\"185\" blockname\u003d\"\" blocktype\u003d\"Text\" l\u003d\"542\" r\u003d\"574\" style\u003d\"transform: translate(1237px, 233px); position: absolute; width: 73.0148px; height: 17.6042px;\" t\u003d\"172\"\u003e \u003cregion\u003e \u003crect b\u003d\"185\" l\u003d\"542\" r\u003d\"574\" t\u003d\"172\"\u003e\u003c/rect\u003e  \u003c/region\u003e  \u003ctext\u003e \u003cpar linespacing\u003d\"680\"\u003e \u003cline b\u003d\"182\" baseline\u003d\"182\" l\u003d\"543\" r\u003d\"572\" style\u003d\"transform: translate(2px, 1px); position: absolute;\" t\u003d\"173\"\u003e \u003cformatting lang\u003d\"EnglishUnitedStates\"\u003e \u0026pound;153. \u003c/formatting\u003e  \u003c/line\u003e  \u003c/par\u003e  \u003c/text\u003e  \u003c/block\u003e  \u003cblock b\u003d\"193\" blockname\u003d\"\" blocktype\u003d\"Text\" l\u003d\"574\" r\u003d\"592\" style\u003d\"transform: translate(1310px, 225px); position: absolute; width: 41.0708px; height: 36.5625px;\" t\u003d\"166\"\u003e \u003cregion\u003e \u003crect b\u003d\"193\" l\u003d\"574\" r\u003d\"592\" t\u003d\"166\"\u003e\u003c/rect\u003e  \u003c/region\u003e  \u003ctext\u003e \u003cpar align\u003d\"Justified\"\u003e \u003cline b\u003d\"191\" baseline\u003d\"191\" l\u003d\"574\" r\u003d\"589\" style\u003d\"transform: translate(0px, 3px); position: absolute;\" t\u003d\"168\"\u003e \u003cformatting lang\u003d\"EnglishUnitedStates\"\u003e 3 \u003c/formatting\u003e  \u003c/line\u003e  \u003c/par\u003e  \u003c/text\u003e  \u003c/block\u003e  \u003cregion xmlns\u003d\"http://ocr.crowdcomputingsystems.com/xml/schema-v1.xml\"\u003e \u003crect b\u003d\"350\" l\u003d\"14\" r\u003d\"593\" t\u003d\"251\"\u003e\u003c/rect\u003e  \u003c/region\u003e \u003ctable b\u003d\"350\" blockname\u003d\"\" blocktype\u003d\"Table\" l\u003d\"14\" r\u003d\"593\" style\u003d\"transform: translate(32px, 340px); position: absolute; user-select: auto;\" t\u003d\"251\" xmlns\u003d\"\"\u003e \u003ctbody\u003e\u003ctr\u003e \u003ctd bottomborder\u003d\"White\" h\u003d\"22\" leftborder\u003d\"White\" rightborder\u003d\"White\" topborder\u003d\"White\" w\u003d\"114\"\u003e \u003ctext xmlns\u003d\"http://ocr.crowdcomputingsystems.com/xml/schema-v1.xml\"\u003e \u003cpar align\u003d\"Center\" linespacing\u003d\"680\" rightindent\u003d\"300\"\u003e \u003cline b\u003d\"267\" baseline\u003d\"267\" l\u003d\"59\" r\u003d\"87\" t\u003d\"258\"\u003e \u003cformatting lang\u003d\"EnglishUnitedStates\"\u003e ITEM \u003c/formatting\u003e  \u003c/line\u003e  \u003c/par\u003e  \u003c/text\u003e  \u003c/td\u003e   \u003ctd bottomborder\u003d\"White\" h\u003d\"22\" leftborder\u003d\"White\" rightborder\u003d\"White\" topborder\u003d\"White\" w\u003d\"213\"\u003e \u003ctext xmlns\u003d\"http://ocr.crowdcomputingsystems.com/xml/schema-v1.xml\"\u003e \u003cpar align\u003d\"Center\" linespacing\u003d\"680\"\u003e \u003cline b\u003d\"267\" baseline\u003d\"267\" l\u003d\"195\" r\u003d\"274\" t\u003d\"258\"\u003e \u003cformatting lang\u003d\"EnglishUnitedStates\"\u003e DESCRIPTION \u003c/formatting\u003e  \u003c/line\u003e  \u003c/par\u003e  \u003c/text\u003e  \u003c/td\u003e   \u003ctd bottomborder\u003d\"White\" h\u003d\"22\" leftborder\u003d\"White\" rightborder\u003d\"White\" topborder\u003d\"White\" w\u003d\"84\"\u003e \u003ctext xmlns\u003d\"http://ocr.crowdcomputingsystems.com/xml/schema-v1.xml\"\u003e \u003cpar align\u003d\"Right\" linespacing\u003d\"680\"\u003e \u003cline b\u003d\"267\" baseline\u003d\"267\" l\u003d\"352\" r\u003d\"415\" t\u003d\"258\"\u003e \u003cformatting lang\u003d\"EnglishUnitedStates\"\u003e UNIT COST \u003c/formatting\u003e  \u003c/line\u003e  \u003c/par\u003e  \u003c/text\u003e  \u003c/td\u003e   \u003ctd bottomborder\u003d\"White\" h\u003d\"22\" leftborder\u003d\"White\" rightborder\u003d\"White\" topborder\u003d\"White\" w\u003d\"73\"\u003e \u003ctext xmlns\u003d\"http://ocr.crowdcomputingsystems.com/xml/schema-v1.xml\"\u003e \u003cpar align\u003d\"Right\" linespacing\u003d\"680\"\u003e \u003cline b\u003d\"268\" baseline\u003d\"267\" l\u003d\"432\" r\u003d\"492\" t\u003d\"258\"\u003e \u003cformatting lang\u003d\"EnglishUnitedStates\"\u003e QUANTITY \u003c/formatting\u003e  \u003c/line\u003e  \u003c/par\u003e  \u003c/text\u003e  \u003c/td\u003e   \u003ctd bottomborder\u003d\"White\" h\u003d\"22\" leftborder\u003d\"White\" rightborder\u003d\"White\" topborder\u003d\"White\" w\u003d\"95\"\u003e \u003ctext xmlns\u003d\"http://ocr.crowdcomputingsystems.com/xml/schema-v1.xml\"\u003e \u003cpar leftindent\u003d\"800\" linespacing\u003d\"1050\"\u003e \u003cline b\u003d\"267\" baseline\u003d\"267\" l\u003d\"508\" r\u003d\"593\" t\u003d\"253\"\u003e \u003cformatting lang\u003d\"EnglishUnitedStates\"\u003e LINE TOTAL 1 \u003c/formatting\u003e  \u003c/line\u003e  \u003c/par\u003e  \u003c/text\u003e  \u003c/td\u003e   \u003c/tr\u003e \n \u003ctr\u003e \u003ctd bottomborder\u003d\"White\" h\u003d\"19\" leftborder\u003d\"White\" topborder\u003d\"White\" w\u003d\"114\"\u003e \u003ctext xmlns\u003d\"http://ocr.crowdcomputingsystems.com/xml/schema-v1.xml\"\u003e \u003cpar linespacing\u003d\"600\"\u003e \u003cline b\u003d\"288\" baseline\u003d\"286\" l\u003d\"22\" r\u003d\"97\" t\u003d\"278\"\u003e \u003cformatting lang\u003d\"EnglishUnitedStates\"\u003e Sample Product \u003c/formatting\u003e  \u003c/line\u003e  \u003c/par\u003e  \u003c/text\u003e  \u003c/td\u003e   \u003ctd bottomborder\u003d\"White\" h\u003d\"19\" topborder\u003d\"White\" w\u003d\"213\"\u003e \u003ctext xmlns\u003d\"http://ocr.crowdcomputingsystems.com/xml/schema-v1.xml\"\u003e \u003cpar linespacing\u003d\"600\"\u003e \u003cline b\u003d\"288\" baseline\u003d\"286\" l\u003d\"133\" r\u003d\"251\" t\u003d\"278\"\u003e\u003cproduct appendorder\u003d\"5\" class\u003d\"extraction-tag\" confidence\u003d\"1/1\" data-original-title\u003d\"construction_type\" data-toggle\u003d\"tooltip\" data-value\u003d\"This is a sample product\" fold-name\u003d\"fold3\" injection\u003d\"true\" referencedatausedininjection\u003d\"manual\" score\u003d\"0.6140977205992961\" style\u003d\"background-color: rgb(78, 135, 105);  color: rgb(0, 0, 0);   border: 2px solid rgb(125, 157, 1); \" tagorder\u003d\"9263882\"\u003eThis is a sample product\u003c/product\u003e\u003c/line\u003e  \u003c/par\u003e  \u003c/text\u003e  \u003c/td\u003e   \u003ctd bottomborder\u003d\"White\" h\u003d\"19\" topborder\u003d\"White\" w\u003d\"84\"\u003e \u003ctext xmlns\u003d\"http://ocr.crowdcomputingsystems.com/xml/schema-v1.xml\"\u003e \u003cpar align\u003d\"Right\" linespacing\u003d\"600\"\u003e \u003cline b\u003d\"286\" baseline\u003d\"286\" l\u003d\"388\" r\u003d\"419\" t\u003d\"278\"\u003e\u003cprice appendorder\u003d\"5\" class\u003d\"extraction-tag\" confidence\u003d\"1/1\" data-original-title\u003d\"construction_type\" data-toggle\u003d\"tooltip\" data-value\u003d\"100.00\" fold-name\u003d\"fold1\" injection\u003d\"true\" referencedatausedininjection\u003d\"manual\" score\u003d\"0.6597201468829491\" style\u003d\"background-color: rgb(140, 250, 187);  color: rgb(0, 0, 0);   border: 2px solid rgb(125, 157, 1); \" tagorder\u003d\"4297994\"\u003e100.00\u003c/price\u003e\u003c/line\u003e  \u003c/par\u003e  \u003c/text\u003e  \u003c/td\u003e   \u003ctd bottomborder\u003d\"White\" h\u003d\"19\" topborder\u003d\"White\" w\u003d\"73\"\u003e \u003ctext xmlns\u003d\"http://ocr.crowdcomputingsystems.com/xml/schema-v1.xml\"\u003e \u003cpar align\u003d\"Right\" linespacing\u003d\"600\"\u003e \u003cline b\u003d\"286\" baseline\u003d\"287\" l\u003d\"487\" r\u003d\"491\" t\u003d\"279\"\u003e\u003cquantity appendorder\u003d\"5\" class\u003d\"extraction-tag\" confidence\u003d\"1/1\" data-original-title\u003d\"construction_type\" data-toggle\u003d\"tooltip\" data-value\u003d\"1\" fold-name\u003d\"fold1\" injection\u003d\"true\" referencedatausedininjection\u003d\"manual\" score\u003d\"0.8386187488350839\" style\u003d\"background-color: rgb(11, 47, 140);  color: rgb(255, 255, 255);   border: 2px solid rgb(125, 157, 1); \" tagorder\u003d\"5810378\"\u003e1\u003c/quantity\u003e\u003c/line\u003e  \u003c/par\u003e  \u003c/text\u003e  \u003c/td\u003e   \u003ctd bottomborder\u003d\"White\" h\u003d\"19\" rightborder\u003d\"White\" topborder\u003d\"White\" w\u003d\"95\"\u003e \u003ctext xmlns\u003d\"http://ocr.crowdcomputingsystems.com/xml/schema-v1.xml\"\u003e \u003cpar align\u003d\"Right\" linespacing\u003d\"600\" rightindent\u003d\"800\"\u003e \u003cline b\u003d\"286\" baseline\u003d\"286\" l\u003d\"551\" r\u003d\"582\" t\u003d\"278\"\u003e \u003cformatting lang\u003d\"EnglishUnitedStates\"\u003e 100.00 \u003c/formatting\u003e  \u003c/line\u003e  \u003c/par\u003e  \u003c/text\u003e  \u003c/td\u003e   \u003c/tr\u003e \n \u003ctr\u003e \u003ctd bottomborder\u003d\"White\" h\u003d\"17\" leftborder\u003d\"White\" topborder\u003d\"White\" w\u003d\"114\"\u003e \u003ctext xmlns\u003d\"http://ocr.crowdcomputingsystems.com/xml/schema-v1.xml\"\u003e \u003cpar linespacing\u003d\"600\"\u003e \u003cline b\u003d\"306\" baseline\u003d\"304\" l\u003d\"21\" r\u003d\"81\" t\u003d\"296\"\u003e \u003cformatting lang\u003d\"EnglishUnitedStates\"\u003e Test product \u003c/formatting\u003e  \u003c/line\u003e  \u003c/par\u003e  \u003c/text\u003e  \u003c/td\u003e   \u003ctd h\u003d\"17\" topborder\u003d\"White\" w\u003d\"213\"\u003e \u003ctext xmlns\u003d\"http://ocr.crowdcomputingsystems.com/xml/schema-v1.xml\"\u003e \u003cpar linespacing\u003d\"600\"\u003e \u003cline b\u003d\"306\" baseline\u003d\"304\" l\u003d\"133\" r\u003d\"230\" t\u003d\"296\"\u003ethis is a test product\u003c/line\u003e  \u003c/par\u003e  \u003c/text\u003e  \u003c/td\u003e   \u003ctd bottomborder\u003d\"White\" h\u003d\"17\" topborder\u003d\"White\" w\u003d\"84\"\u003e \u003ctext xmlns\u003d\"http://ocr.crowdcomputingsystems.com/xml/schema-v1.xml\"\u003e \u003cpar align\u003d\"Right\" linespacing\u003d\"600\"\u003e \u003cline b\u003d\"304\" baseline\u003d\"304\" l\u003d\"394\" r\u003d\"420\" t\u003d\"296\"\u003e\u003cprice appendorder\u003d\"5\" class\u003d\"extraction-tag\" confidence\u003d\"1/1\" data-original-title\u003d\"construction_type\" data-toggle\u003d\"tooltip\" data-value\u003d\"10.00\" fold-name\u003d\"fold1\" injection\u003d\"true\" referencedatausedininjection\u003d\"manual\" score\u003d\"0.6421320441807453\" style\u003d\"background-color: rgb(140, 250, 187);  color: rgb(0, 0, 0);   border: 2px solid rgb(125, 157, 1); \" tagorder\u003d\"2146007\"\u003e10.00\u003c/price\u003e\u003c/line\u003e  \u003c/par\u003e  \u003c/text\u003e  \u003c/td\u003e   \u003ctd bottomborder\u003d\"White\" h\u003d\"17\" topborder\u003d\"White\" w\u003d\"73\"\u003e \u003ctext xmlns\u003d\"http://ocr.crowdcomputingsystems.com/xml/schema-v1.xml\"\u003e \u003cpar align\u003d\"Right\" linespacing\u003d\"680\"\u003e \u003cline b\u003d\"304\" baseline\u003d\"305\" l\u003d\"487\" r\u003d\"491\" t\u003d\"296\"\u003e\u003cquantity appendorder\u003d\"5\" class\u003d\"extraction-tag\" confidence\u003d\"1/1\" data-original-title\u003d\"construction_type\" data-toggle\u003d\"tooltip\" data-value\u003d\"1\" fold-name\u003d\"fold1\" injection\u003d\"true\" referencedatausedininjection\u003d\"manual\" score\u003d\"0.836282221734108\" style\u003d\"background-color: rgb(11, 47, 140);  color: rgb(255, 255, 255);   border: 2px solid rgb(125, 157, 1); \" tagorder\u003d\"1104045\"\u003e1\u003c/quantity\u003e\u003c/line\u003e  \u003c/par\u003e  \u003c/text\u003e  \u003c/td\u003e   \u003ctd bottomborder\u003d\"White\" h\u003d\"17\" rightborder\u003d\"White\" topborder\u003d\"White\" w\u003d\"95\"\u003e \u003ctext xmlns\u003d\"http://ocr.crowdcomputingsystems.com/xml/schema-v1.xml\"\u003e \u003cpar align\u003d\"Right\" linespacing\u003d\"600\" rightindent\u003d\"800\"\u003e \u003cline b\u003d\"304\" baseline\u003d\"304\" l\u003d\"557\" r\u003d\"582\" t\u003d\"296\"\u003e \u003cformatting lang\u003d\"EnglishUnitedStates\"\u003e 10.00 \u003c/formatting\u003e  \u003c/line\u003e  \u003c/par\u003e  \u003c/text\u003e  \u003c/td\u003e   \u003c/tr\u003e \n \u003ctr\u003e \u003ctd bottomborder\u003d\"White\" h\u003d\"18\" leftborder\u003d\"White\" topborder\u003d\"White\" w\u003d\"114\"\u003e \u003ctext xmlns\u003d\"http://ocr.crowdcomputingsystems.com/xml/schema-v1.xml\"\u003e \u003cpar linespacing\u003d\"600\"\u003e \u003cline b\u003d\"322\" baseline\u003d\"322\" l\u003d\"22\" r\u003d\"66\" t\u003d\"314\"\u003e \u003cformatting lang\u003d\"EnglishUnitedStates\"\u003e Product 1 \u003c/formatting\u003e  \u003c/line\u003e  \u003c/par\u003e  \u003c/text\u003e  \u003c/td\u003e   \u003ctd h\u003d\"18\" w\u003d\"213\"\u003e \u003ctext xmlns\u003d\"http://ocr.crowdcomputingsystems.com/xml/schema-v1.xml\"\u003e \u003cpar linespacing\u003d\"-1\"\u003e\u003c/par\u003e  \u003c/text\u003e  \u003c/td\u003e   \u003ctd bottomborder\u003d\"White\" h\u003d\"18\" topborder\u003d\"White\" w\u003d\"84\"\u003e \u003ctext xmlns\u003d\"http://ocr.crowdcomputingsystems.com/xml/schema-v1.xml\"\u003e \u003cpar align\u003d\"Right\" linespacing\u003d\"600\"\u003e \u003cline b\u003d\"322\" baseline\u003d\"322\" l\u003d\"395\" r\u003d\"420\" t\u003d\"314\"\u003e\u003cprice appendorder\u003d\"5\" class\u003d\"extraction-tag\" confidence\u003d\"1/1\" data-original-title\u003d\"construction_type\" data-toggle\u003d\"tooltip\" data-value\u003d\"10.00\" fold-name\u003d\"fold1\" injection\u003d\"true\" referencedatausedininjection\u003d\"manual\" score\u003d\"0.5440400065189399\" style\u003d\"background-color: rgb(140, 250, 187);  color: rgb(0, 0, 0);   border: 2px solid rgb(125, 157, 1); \" tagorder\u003d\"5693302\"\u003e10.00\u003c/price\u003e\u003c/line\u003e  \u003c/par\u003e  \u003c/text\u003e  \u003c/td\u003e   \u003ctd bottomborder\u003d\"White\" h\u003d\"18\" topborder\u003d\"White\" w\u003d\"73\"\u003e \u003ctext xmlns\u003d\"http://ocr.crowdcomputingsystems.com/xml/schema-v1.xml\"\u003e \u003cpar align\u003d\"Right\" linespacing\u003d\"600\"\u003e \u003cline b\u003d\"322\" baseline\u003d\"322\" l\u003d\"487\" r\u003d\"492\" t\u003d\"314\"\u003e\u003cquantity appendorder\u003d\"5\" class\u003d\"extraction-tag\" confidence\u003d\"1/1\" data-original-title\u003d\"construction_type\" data-toggle\u003d\"tooltip\" data-value\u003d\"5\" fold-name\u003d\"fold1\" injection\u003d\"true\" referencedatausedininjection\u003d\"manual\" score\u003d\"0.7492031014829975\" style\u003d\"background-color: rgb(11, 47, 140);  color: rgb(255, 255, 255);   border: 2px solid rgb(125, 157, 1); \" tagorder\u003d\"4291160\"\u003e5\u003c/quantity\u003e\u003c/line\u003e  \u003c/par\u003e  \u003c/text\u003e  \u003c/td\u003e   \u003ctd bottomborder\u003d\"White\" h\u003d\"18\" rightborder\u003d\"White\" topborder\u003d\"White\" w\u003d\"95\"\u003e \u003ctext xmlns\u003d\"http://ocr.crowdcomputingsystems.com/xml/schema-v1.xml\"\u003e \u003cpar align\u003d\"Right\" linespacing\u003d\"600\" rightindent\u003d\"800\"\u003e \u003cline b\u003d\"322\" baseline\u003d\"322\" l\u003d\"556\" r\u003d\"582\" t\u003d\"314\"\u003e \u003cformatting lang\u003d\"EnglishUnitedStates\"\u003e 50.00 \u003c/formatting\u003e  \u003c/line\u003e  \u003c/par\u003e  \u003c/text\u003e  \u003c/td\u003e   \u003c/tr\u003e \n \u003ctr\u003e \u003ctd bottomborder\u003d\"White\" h\u003d\"23\" leftborder\u003d\"White\" topborder\u003d\"White\" w\u003d\"114\"\u003e \u003ctext xmlns\u003d\"http://ocr.crowdcomputingsystems.com/xml/schema-v1.xml\"\u003e \u003cpar linespacing\u003d\"680\"\u003e \u003cline b\u003d\"341\" baseline\u003d\"341\" l\u003d\"22\" r\u003d\"67\" t\u003d\"332\"\u003e \u003cformatting lang\u003d\"EnglishUnitedStates\"\u003e Product 2 \u003c/formatting\u003e  \u003c/line\u003e  \u003c/par\u003e  \u003c/text\u003e  \u003c/td\u003e   \u003ctd bottomborder\u003d\"White\" h\u003d\"23\" w\u003d\"213\"\u003e \u003ctext xmlns\u003d\"http://ocr.crowdcomputingsystems.com/xml/schema-v1.xml\"\u003e \u003cpar linespacing\u003d\"600\"\u003e \u003cline b\u003d\"342\" baseline\u003d\"340\" l\u003d\"133\" r\u003d\"253\" t\u003d\"332\"\u003e\u003cproduct appendorder\u003d\"5\" class\u003d\"extraction-tag\" confidence\u003d\"1/1\" data-original-title\u003d\"construction_type\" data-toggle\u003d\"tooltip\" data-value\u003d\"This is product number 2.\" fold-name\u003d\"fold3\" injection\u003d\"true\" referencedatausedininjection\u003d\"manual\" score\u003d\"0.6219424446674194\" style\u003d\"background-color: rgb(78, 135, 105);  color: rgb(0, 0, 0);   border: 2px solid rgb(125, 157, 1); \" tagorder\u003d\"555528\"\u003eThis is product number 2.\u003c/product\u003e\u003c/line\u003e  \u003c/par\u003e  \u003c/text\u003e  \u003c/td\u003e   \u003ctd bottomborder\u003d\"White\" h\u003d\"23\" topborder\u003d\"White\" w\u003d\"84\"\u003e \u003ctext xmlns\u003d\"http://ocr.crowdcomputingsystems.com/xml/schema-v1.xml\"\u003e \u003cpar align\u003d\"Right\" linespacing\u003d\"600\"\u003e \u003cline b\u003d\"340\" baseline\u003d\"340\" l\u003d\"394\" r\u003d\"420\" t\u003d\"332\"\u003e\u003cprice appendorder\u003d\"5\" class\u003d\"extraction-tag\" confidence\u003d\"1/1\" data-original-title\u003d\"construction_type\" data-toggle\u003d\"tooltip\" data-value\u003d\"10.00\" fold-name\u003d\"fold1\" injection\u003d\"true\" referencedatausedininjection\u003d\"manual\" score\u003d\"0.6462464240523311\" style\u003d\"background-color: rgb(140, 250, 187);  color: rgb(0, 0, 0);   border: 2px solid rgb(125, 157, 1); \" tagorder\u003d\"5235102\"\u003e10.00\u003c/price\u003e\u003c/line\u003e  \u003c/par\u003e  \u003c/text\u003e  \u003c/td\u003e   \u003ctd bottomborder\u003d\"White\" h\u003d\"23\" topborder\u003d\"White\" w\u003d\"73\"\u003e \u003ctext xmlns\u003d\"http://ocr.crowdcomputingsystems.com/xml/schema-v1.xml\"\u003e \u003cpar align\u003d\"Right\" linespacing\u003d\"680\"\u003e \u003cline b\u003d\"340\" baseline\u003d\"341\" l\u003d\"487\" r\u003d\"491\" t\u003d\"332\"\u003e\u003cquantity appendorder\u003d\"5\" class\u003d\"extraction-tag\" confidence\u003d\"1/1\" data-original-title\u003d\"construction_type\" data-toggle\u003d\"tooltip\" data-value\u003d\"1\" fold-name\u003d\"fold1\" injection\u003d\"true\" referencedatausedininjection\u003d\"manual\" score\u003d\"0.8671887301077318\" style\u003d\"background-color: rgb(11, 47, 140);  color: rgb(255, 255, 255);   border: 2px solid rgb(125, 157, 1); \" tagorder\u003d\"5278394\"\u003e1\u003c/quantity\u003e\u003c/line\u003e  \u003c/par\u003e  \u003c/text\u003e  \u003c/td\u003e   \u003ctd bottomborder\u003d\"White\" h\u003d\"23\" rightborder\u003d\"White\" topborder\u003d\"White\" w\u003d\"95\"\u003e \u003ctext xmlns\u003d\"http://ocr.crowdcomputingsystems.com/xml/schema-v1.xml\"\u003e \u003cpar align\u003d\"Right\" linespacing\u003d\"600\" rightindent\u003d\"800\"\u003e \u003cline b\u003d\"340\" baseline\u003d\"340\" l\u003d\"557\" r\u003d\"582\" t\u003d\"332\"\u003e \u003cformatting lang\u003d\"EnglishUnitedStates\"\u003e 10.00 \u003c/formatting\u003e  \u003c/line\u003e  \u003c/par\u003e  \u003c/text\u003e  \u003c/td\u003e   \u003c/tr\u003e \n \u003c/tbody\u003e\u003c/table\u003e\n \u003cregion xmlns\u003d\"http://ocr.crowdcomputingsystems.com/xml/schema-v1.xml\"\u003e \u003crect b\u003d\"424\" l\u003d\"405\" r\u003d\"593\" t\u003d\"375\"\u003e\u003c/rect\u003e  \u003c/region\u003e \u003ctable b\u003d\"424\" blockname\u003d\"\" blocktype\u003d\"Table\" l\u003d\"405\" r\u003d\"593\" style\u003d\"transform: translate(924px, 508px); position: absolute; user-select: auto;\" t\u003d\"375\" xmlns\u003d\"\"\u003e \u003ctbody\u003e\u003ctr\u003e \u003ctd bottomborder\u003d\"White\" h\u003d\"16\" leftborder\u003d\"White\" rightborder\u003d\"White\" topborder\u003d\"White\" w\u003d\"112\"\u003e \u003ctext xmlns\u003d\"http://ocr.crowdcomputingsystems.com/xml/schema-v1.xml\"\u003e \u003cpar linespacing\u003d\"680\"\u003e \u003cline b\u003d\"387\" baseline\u003d\"387\" l\u003d\"408\" r\u003d\"454\" t\u003d\"378\"\u003e \u003cformatting lang\u003d\"EnglishUnitedStates\"\u003e Subtotal \u003c/formatting\u003e  \u003c/line\u003e  \u003c/par\u003e  \u003c/text\u003e  \u003c/td\u003e   \u003ctd bottomborder\u003d\"White\" h\u003d\"16\" leftborder\u003d\"White\" rightborder\u003d\"White\" topborder\u003d\"White\" w\u003d\"76\"\u003e \u003ctext xmlns\u003d\"http://ocr.crowdcomputingsystems.com/xml/schema-v1.xml\"\u003e \u003cpar align\u003d\"Right\" linespacing\u003d\"680\"\u003e \u003cline b\u003d\"387\" baseline\u003d\"387\" l\u003d\"554\" r\u003d\"588\" t\u003d\"378\"\u003e \u003cformatting lang\u003d\"EnglishUnitedStates\"\u003e 170.00 \u003c/formatting\u003e  \u003c/line\u003e  \u003c/par\u003e  \u003c/text\u003e  \u003c/td\u003e   \u003c/tr\u003e \n \u003ctr\u003e \u003ctd h\u003d\"16\" leftborder\u003d\"White\" rightborder\u003d\"White\" topborder\u003d\"White\" w\u003d\"112\"\u003e \u003ctext xmlns\u003d\"http://ocr.crowdcomputingsystems.com/xml/schema-v1.xml\"\u003e \u003cpar linespacing\u003d\"680\"\u003e \u003cline b\u003d\"402\" baseline\u003d\"402\" l\u003d\"408\" r\u003d\"487\" t\u003d\"393\"\u003e \u003cformatting lang\u003d\"EnglishUnitedStates\"\u003e Discount -10% \u003c/formatting\u003e  \u003c/line\u003e  \u003c/par\u003e  \u003c/text\u003e  \u003c/td\u003e   \u003ctd h\u003d\"16\" leftborder\u003d\"White\" rightborder\u003d\"White\" topborder\u003d\"White\" w\u003d\"76\"\u003e \u003ctext xmlns\u003d\"http://ocr.crowdcomputingsystems.com/xml/schema-v1.xml\"\u003e \u003cpar align\u003d\"Right\" linespacing\u003d\"680\"\u003e \u003cline b\u003d\"402\" baseline\u003d\"402\" l\u003d\"556\" r\u003d\"588\" t\u003d\"393\"\u003e \u003cformatting lang\u003d\"EnglishUnitedStates\"\u003e -1700 \u003c/formatting\u003e  \u003c/line\u003e  \u003c/par\u003e  \u003c/text\u003e  \u003c/td\u003e   \u003c/tr\u003e \n \u003ctr\u003e \u003ctd bottomborder\u003d\"White\" h\u003d\"17\" leftborder\u003d\"White\" rightborder\u003d\"White\" w\u003d\"112\"\u003e \u003ctext xmlns\u003d\"http://ocr.crowdcomputingsystems.com/xml/schema-v1.xml\"\u003e \u003cpar linespacing\u003d\"680\"\u003e \u003cline b\u003d\"419\" baseline\u003d\"419\" l\u003d\"408\" r\u003d\"435\" t\u003d\"410\"\u003e \u003cformatting lang\u003d\"EnglishUnitedStates\"\u003e Total \u003c/formatting\u003e  \u003c/line\u003e  \u003c/par\u003e  \u003c/text\u003e  \u003c/td\u003e   \u003ctd bottomborder\u003d\"White\" h\u003d\"17\" leftborder\u003d\"White\" rightborder\u003d\"White\" w\u003d\"76\"\u003e \u003ctext xmlns\u003d\"http://ocr.crowdcomputingsystems.com/xml/schema-v1.xml\"\u003e \u003cpar align\u003d\"Right\" linespacing\u003d\"680\"\u003e \u003cline b\u003d\"419\" baseline\u003d\"419\" l\u003d\"547\" r\u003d\"588\" t\u003d\"410\"\u003e \u003cformatting lang\u003d\"EnglishUnitedStates\"\u003e \u0026pound;\u003ctotal_amount appendorder\u003d\"10\" class\u003d\"extraction-tag\" confidence\u003d\"1/1\" data-original-title\u003d\"Total amount\" data-toggle\u003d\"tooltip\" data-value\u003d\"153.00\" fold-name\u003d\"fold5\" score\u003d\"0.8785552338191422\" style\u003d\"background-color: rgb(27, 182, 226);  color: rgb(0, 0, 0);   border: 2px solid rgb(125, 157, 1); \" tagorder\u003d\"7\"\u003e153.00\u003c/total_amount\u003e \u003c/formatting\u003e  \u003c/line\u003e  \u003c/par\u003e  \u003c/text\u003e  \u003c/td\u003e   \u003c/tr\u003e \n \u003c/tbody\u003e\u003c/table\u003e\n \u003cblock b\u003d\"503\" blockname\u003d\"\" blocktype\u003d\"Text\" l\u003d\"14\" r\u003d\"357\" style\u003d\"transform: translate(32px, 597px); position: absolute; width: 782.628px; height: 83.9583px;\" t\u003d\"441\"\u003e \u003cregion\u003e \u003crect b\u003d\"503\" l\u003d\"14\" r\u003d\"357\" t\u003d\"441\"\u003e\u003c/rect\u003e  \u003c/region\u003e  \u003ctext\u003e \u003cpar linespacing\u003d\"2475\" rightindent\u003d\"17900\"\u003e \u003cline b\u003d\"453\" baseline\u003d\"451\" l\u003d\"16\" r\u003d\"355\" style\u003d\"transform: translate(5px, 1px); position: absolute;\" t\u003d\"442\"\u003e \u003cformatting lang\u003d\"EnglishUnitedStates\"\u003e Please pay your invoice within 30 days of the date of invoice. \u003c/formatting\u003e  \u003c/line\u003e  \u003cline b\u003d\"484\" baseline\u003d\"484\" l\u003d\"16\" r\u003d\"47\" style\u003d\"transform: translate(5px, 46px); position: absolute;\" t\u003d\"475\"\u003e \u003cformatting lang\u003d\"EnglishUnitedStates\"\u003e Notes \u003c/formatting\u003e  \u003c/line\u003e  \u003c/par\u003e  \u003cpar linespacing\u003d\"600\"\u003e \u003cline b\u003d\"500\" baseline\u003d\"498\" l\u003d\"16\" r\u003d\"177\" style\u003d\"transform: translate(5px, 66px); position: absolute;\" t\u003d\"490\"\u003e \u003cformatting lang\u003d\"EnglishUnitedStates\"\u003e Thanh you for being our customer \u003c/formatting\u003e  \u003c/line\u003e  \u003c/par\u003e  \u003c/text\u003e  \u003c/block\u003e  \u003cblock b\u003d\"550\" blockname\u003d\"\" blocktype\u003d\"Text\" l\u003d\"14\" r\u003d\"188\" style\u003d\"transform: translate(32px, 708px); position: absolute; width: 397.018px; height: 36.5625px;\" t\u003d\"523\"\u003e \u003cregion\u003e \u003crect b\u003d\"550\" l\u003d\"14\" r\u003d\"188\" t\u003d\"523\"\u003e\u003c/rect\u003e  \u003c/region\u003e  \u003ctext\u003e \u003cpar linespacing\u003d\"600\"\u003e \u003cline b\u003d\"532\" baseline\u003d\"532\" l\u003d\"16\" r\u003d\"47\" style\u003d\"transform: translate(5px, 1px); position: absolute;\" t\u003d\"524\"\u003e \u003cformatting lang\u003d\"EnglishUnitedStates\"\u003e Terms \u003c/formatting\u003e  \u003c/line\u003e  \u003c/par\u003e  \u003cpar linespacing\u003d\"600\"\u003e \u003cline b\u003d\"547\" baseline\u003d\"547\" l\u003d\"16\" r\u003d\"185\" style\u003d\"transform: translate(5px, 22px); position: absolute;\" t\u003d\"539\"\u003e \u003cformatting lang\u003d\"EnglishUnitedStates\"\u003e Tnese are our terms and conditions. \u003c/formatting\u003e  \u003c/line\u003e  \u003c/par\u003e  \u003c/text\u003e  \u003c/block\u003e  \u003cblock b\u003d\"867\" blockname\u003d\"\" blocktype\u003d\"Text\" l\u003d\"276\" r\u003d\"318\" style\u003d\"transform: translate(630px, 1156px); position: absolute; width: 95.832px; height: 17.6042px;\" t\u003d\"854\"\u003e \u003cregion\u003e \u003crect b\u003d\"867\" l\u003d\"276\" r\u003d\"318\" t\u003d\"854\"\u003e\u003c/rect\u003e  \u003c/region\u003e  \u003ctext\u003e \u003cpar linespacing\u003d\"530\"\u003e \u003cline b\u003d\"864\" baseline\u003d\"862\" l\u003d\"278\" r\u003d\"315\" style\u003d\"transform: translate(5px, 1px); position: absolute;\" t\u003d\"855\"\u003e \u003cformatting lang\u003d\"EnglishUnitedStates\"\u003e Fags 1/1 \u003c/formatting\u003e  \u003c/line\u003e  \u003c/par\u003e  \u003c/text\u003e  \u003c/block\u003e  \u003cblock b\u003d\"867\" blockname\u003d\"\" blocktype\u003d\"Text\" l\u003d\"379\" r\u003d\"592\" style\u003d\"transform: translate(865px, 1156px); position: absolute; width: 486.005px; height: 17.6042px;\" t\u003d\"854\"\u003e \u003cregion\u003e \u003crect b\u003d\"867\" l\u003d\"379\" r\u003d\"592\" t\u003d\"854\"\u003e\u003c/rect\u003e  \u003c/region\u003e  \u003ctext\u003e \u003cpar linespacing\u003d\"530\"\u003e \u003cline b\u003d\"864\" baseline\u003d\"862\" l\u003d\"380\" r\u003d\"589\" style\u003d\"transform: translate(2px, 1px); position: absolute;\" t\u003d\"855\"\u003e \u003cformatting lang\u003d\"EnglishUnitedStates\"\u003e This invoice was sent using lnvoiceberry.com \u003c/formatting\u003e  \u003c/line\u003e  \u003c/par\u003e  \u003c/text\u003e  \u003c/block\u003e  \u003cblock b\u003d\"104\" blockname\u003d\"\" blocktype\u003d\"SeparatorsBox\" class\u003d\"hidden\" l\u003d\"349\" r\u003d\"590\" style\u003d\"transform: translate(796px, 33px); position: absolute;\" t\u003d\"24\"\u003e \u003cregion\u003e \u003crect b\u003d\"27\" l\u003d\"349\" r\u003d\"590\" t\u003d\"24\"\u003e\u003c/rect\u003e  \u003crect b\u003d\"102\" l\u003d\"349\" r\u003d\"590\" t\u003d\"27\"\u003e\u003c/rect\u003e  \u003crect b\u003d\"104\" l\u003d\"349\" r\u003d\"590\" t\u003d\"102\"\u003e\u003c/rect\u003e  \u003c/region\u003e  \u003cseparatorsbox\u003e \u003cseparator thickness\u003d\"3\" type\u003d\"Black\"\u003e \u003cstart x\u003d\"349\" y\u003d\"25\"\u003e\u003c/start\u003e \u003cend x\u003d\"590\" y\u003d\"25\"\u003e\u003c/end\u003e \u003c/separator\u003e \u003cseparator thickness\u003d\"2\" type\u003d\"Black\"\u003e \u003cstart x\u003d\"349\" y\u003d\"103\"\u003e\u003c/start\u003e \u003cend x\u003d\"590\" y\u003d\"103\"\u003e\u003c/end\u003e \u003c/separator\u003e \u003cseparator thickness\u003d\"3\" type\u003d\"Black\"\u003e \u003cstart x\u003d\"350\" y\u003d\"24\"\u003e\u003c/start\u003e \u003cend x\u003d\"350\" y\u003d\"104\"\u003e\u003c/end\u003e \u003c/separator\u003e \u003cseparator thickness\u003d\"4\" type\u003d\"Black\"\u003e \u003cstart x\u003d\"588\" y\u003d\"24\"\u003e\u003c/start\u003e \u003cend x\u003d\"588\" y\u003d\"104\"\u003e\u003c/end\u003e \u003c/separator\u003e \u003c/separatorsbox\u003e \u003c/block\u003e  \u003cblock b\u003d\"11\" blockname\u003d\"\" blocktype\u003d\"Separator\" l\u003d\"15\" r\u003d\"591\" style\u003d\"transform: translate(34px, 9px); position: absolute;\" t\u003d\"7\"\u003e \u003cregion\u003e \u003crect b\u003d\"11\" l\u003d\"15\" r\u003d\"591\" t\u003d\"7\"\u003e\u003c/rect\u003e  \u003c/region\u003e  \u003cseparator thickness\u003d\"4\" type\u003d\"Black\"\u003e \u003cstart x\u003d\"15\" y\u003d\"9\"\u003e\u003c/start\u003e \u003cend x\u003d\"591\" y\u003d\"9\"\u003e\u003c/end\u003e \u003c/separator\u003e \u003c/block\u003e  \u003cblock b\u003d\"314\" blockname\u003d\"\" blocktype\u003d\"Separator\" l\u003d\"231\" r\u003d\"320\" style\u003d\"transform: translate(527px, 421px); position: absolute;\" t\u003d\"311\"\u003e \u003cregion\u003e \u003crect b\u003d\"314\" l\u003d\"231\" r\u003d\"320\" t\u003d\"311\"\u003e\u003c/rect\u003e  \u003c/region\u003e  \u003cseparator thickness\u003d\"2\" type\u003d\"Black\"\u003e \u003cstart x\u003d\"231\" y\u003d\"312\"\u003e\u003c/start\u003e \u003cend x\u003d\"320\" y\u003d\"312\"\u003e\u003c/end\u003e \u003c/separator\u003e \u003c/block\u003e  \u003cblock b\u003d\"327\" blockname\u003d\"\" blocktype\u003d\"Separator\" l\u003d\"224\" r\u003d\"320\" style\u003d\"transform: translate(511px, 433px); position: absolute;\" t\u003d\"320\"\u003e \u003cregion\u003e \u003crect b\u003d\"327\" l\u003d\"224\" r\u003d\"320\" t\u003d\"320\"\u003e\u003c/rect\u003e  \u003c/region\u003e  \u003cseparator thickness\u003d\"7\" type\u003d\"Black\"\u003e \u003cstart x\u003d\"224\" y\u003d\"323\"\u003e\u003c/start\u003e \u003cend x\u003d\"320\" y\u003d\"323\"\u003e\u003c/end\u003e \u003c/separator\u003e \u003c/block\u003e  \u003cblock b\u003d\"370\" blockname\u003d\"\" blocktype\u003d\"Separator\" l\u003d\"14\" r\u003d\"591\" style\u003d\"transform: translate(32px, 496px); position: absolute;\" t\u003d\"366\"\u003e \u003cregion\u003e \u003crect b\u003d\"370\" l\u003d\"14\" r\u003d\"591\" t\u003d\"366\"\u003e\u003c/rect\u003e  \u003c/region\u003e  \u003cseparator thickness\u003d\"4\" type\u003d\"Black\"\u003e \u003cstart x\u003d\"14\" y\u003d\"368\"\u003e\u003c/start\u003e \u003cend x\u003d\"591\" y\u003d\"368\"\u003e\u003c/end\u003e \u003c/separator\u003e \u003c/block\u003e  \u003cblock b\u003d\"408\" blockname\u003d\"\" blocktype\u003d\"Separator\" l\u003d\"408\" r\u003d\"590\" style\u003d\"transform: translate(931px, 551px); position: absolute;\" t\u003d\"407\"\u003e \u003cregion\u003e \u003crect b\u003d\"408\" l\u003d\"408\" r\u003d\"590\" t\u003d\"407\"\u003e\u003c/rect\u003e  \u003c/region\u003e  \u003cseparator thickness\u003d\"1\" type\u003d\"Black\"\u003e \u003cstart x\u003d\"408\" y\u003d\"407\"\u003e\u003c/start\u003e \u003cend x\u003d\"590\" y\u003d\"407\"\u003e\u003c/end\u003e \u003c/separator\u003e \u003c/block\u003e  \u003cblock b\u003d\"877\" blockname\u003d\"\" blocktype\u003d\"Separator\" l\u003d\"15\" r\u003d\"591\" style\u003d\"transform: translate(34px, 1182px); position: absolute;\" t\u003d\"873\"\u003e \u003cregion\u003e \u003crect b\u003d\"877\" l\u003d\"15\" r\u003d\"591\" t\u003d\"873\"\u003e\u003c/rect\u003e  \u003c/region\u003e  \u003cseparator thickness\u003d\"4\" type\u003d\"Black\"\u003e \u003cstart x\u003d\"15\" y\u003d\"875\"\u003e\u003c/start\u003e \u003cend x\u003d\"591\" y\u003d\"875\"\u003e\u003c/end\u003e \u003c/separator\u003e \u003c/block\u003e  \u003cblock b\u003d\"347\" blockname\u003d\"\" blocktype\u003d\"Separator\" l\u003d\"127\" r\u003d\"129\" style\u003d\"transform: translate(290px, 376px); position: absolute;\" t\u003d\"278\"\u003e \u003cregion\u003e \u003crect b\u003d\"347\" l\u003d\"127\" r\u003d\"129\" t\u003d\"278\"\u003e\u003c/rect\u003e  \u003c/region\u003e  \u003cseparator thickness\u003d\"2\" type\u003d\"Black\"\u003e \u003cstart x\u003d\"128\" y\u003d\"278\"\u003e\u003c/start\u003e \u003cend x\u003d\"128\" y\u003d\"347\"\u003e\u003c/end\u003e \u003c/separator\u003e \u003c/block\u003e  \u003cblock b\u003d\"347\" blockname\u003d\"\" blocktype\u003d\"Separator\" l\u003d\"341\" r\u003d\"342\" style\u003d\"transform: translate(778px, 376px); position: absolute;\" t\u003d\"278\"\u003e \u003cregion\u003e \u003crect b\u003d\"347\" l\u003d\"341\" r\u003d\"342\" t\u003d\"278\"\u003e\u003c/rect\u003e  \u003c/region\u003e  \u003cseparator thickness\u003d\"1\" type\u003d\"Black\"\u003e \u003cstart x\u003d\"341\" y\u003d\"278\"\u003e\u003c/start\u003e \u003cend x\u003d\"341\" y\u003d\"347\"\u003e\u003c/end\u003e \u003c/separator\u003e \u003c/block\u003e  \u003cblock b\u003d\"347\" blockname\u003d\"\" blocktype\u003d\"Separator\" l\u003d\"425\" r\u003d\"426\" style\u003d\"transform: translate(970px, 376px); position: absolute;\" t\u003d\"278\"\u003e \u003cregion\u003e \u003crect b\u003d\"347\" l\u003d\"425\" r\u003d\"426\" t\u003d\"278\"\u003e\u003c/rect\u003e  \u003c/region\u003e  \u003cseparator thickness\u003d\"1\" type\u003d\"Black\"\u003e \u003cstart x\u003d\"425\" y\u003d\"278\"\u003e\u003c/start\u003e \u003cend x\u003d\"425\" y\u003d\"347\"\u003e\u003c/end\u003e \u003c/separator\u003e \u003c/block\u003e  \u003cblock b\u003d\"347\" blockname\u003d\"\" blocktype\u003d\"Separator\" l\u003d\"498\" r\u003d\"499\" style\u003d\"transform: translate(1136px, 376px); position: absolute;\" t\u003d\"278\"\u003e \u003cregion\u003e \u003crect b\u003d\"347\" l\u003d\"498\" r\u003d\"499\" t\u003d\"278\"\u003e\u003c/rect\u003e  \u003c/region\u003e  \u003cseparator thickness\u003d\"1\" type\u003d\"Black\"\u003e \u003cstart x\u003d\"498\" y\u003d\"278\"\u003e\u003c/start\u003e \u003cend x\u003d\"498\" y\u003d\"347\"\u003e\u003c/end\u003e \u003c/separator\u003e \u003c/block\u003e  \u003cblock b\u003d\"190\" blockname\u003d\"\" blocktype\u003d\"Text\" class\u003d\"hidden\" l\u003d\"409\" r\u003d\"574\" style\u003d\"transform: translate(933px, 229px); position: absolute; width: 376.483px; height: 28.4375px;\" t\u003d\"169\"\u003e \u003cregion\u003e \u003crect b\u003d\"190\" l\u003d\"409\" r\u003d\"574\" t\u003d\"169\"\u003e\u003c/rect\u003e  \u003c/region\u003e  \u003ctext\u003e \u003cpar linespacing\u003d\"-1\"\u003e\u003c/par\u003e  \u003c/text\u003e  \u003c/block\u003e  \u003cblock b\u003d\"274\" blockname\u003d\"\" blocktype\u003d\"Text\" class\u003d\"hidden\" l\u003d\"17\" r\u003d\"589\" style\u003d\"transform: translate(39px, 344px); position: absolute; width: 1305.14px; height: 27.0833px;\" t\u003d\"254\"\u003e \u003cregion\u003e \u003crect b\u003d\"274\" l\u003d\"17\" r\u003d\"589\" t\u003d\"254\"\u003e\u003c/rect\u003e  \u003c/region\u003e  \u003ctext\u003e \u003cpar linespacing\u003d\"-1\"\u003e\u003c/par\u003e  \u003c/text\u003e  \u003c/block\u003e  \u003c/page\u003e       \u003c/document\u003e\u003c/body\u003e\u003c/html\u003e","tags":[{"begin":54,"end":65,"text":"Vhuejo S.A.","tag":"supplier_name","fieldType":"COMPANY_NAME","score":0.753742659214458,"estimatedAccuracy":0.0},{"begin":307,"end":313,"text":"000031","tag":"invoice_number","fieldType":"TEXT","score":0.823972799746735,"estimatedAccuracy":0.0},{"begin":398,"end":408,"text":"15/06/2011","tag":"invoice_date","fieldType":"DATE","score":0.8153063404121705,"estimatedAccuracy":0.0},{"begin":640,"end":664,"text":"This is a sample product","tag":"product","fieldType":"TEXT","score":0.6140977205992961,"estimatedAccuracy":0.0},{"begin":676,"end":682,"text":"100.00","tag":"price","fieldType":"NUMBER","score":0.6597201468829491,"estimatedAccuracy":0.0},{"begin":694,"end":695,"text":"1","tag":"quantity","fieldType":"NUMBER","score":0.8386187488350839,"estimatedAccuracy":0.0},{"begin":797,"end":802,"text":"10.00","tag":"price","fieldType":"NUMBER","score":0.6421320441807453,"estimatedAccuracy":0.0},{"begin":814,"end":815,"text":"1","tag":"quantity","fieldType":"NUMBER","score":0.836282221734108,"estimatedAccuracy":0.0},{"begin":888,"end":893,"text":"10.00","tag":"price","fieldType":"NUMBER","score":0.5440400065189399,"estimatedAccuracy":0.0},{"begin":905,"end":906,"text":"5","tag":"quantity","fieldType":"NUMBER","score":0.7492031014829975,"estimatedAccuracy":0.0},{"begin":970,"end":995,"text":"This is product number 2.","tag":"product","fieldType":"TEXT","score":0.6219424446674194,"estimatedAccuracy":0.0},{"begin":1007,"end":1012,"text":"10.00","tag":"price","fieldType":"NUMBER","score":0.6462464240523311,"estimatedAccuracy":0.0},{"begin":1024,"end":1025,"text":"1","tag":"quantity","fieldType":"NUMBER","score":0.8671887301077318,"estimatedAccuracy":0.0},{"begin":1203,"end":1209,"text":"153.00","tag":"total_amount","fieldType":"NUMBER","score":0.8785552338191422,"estimatedAccuracy":0.0}],"group":"invoice_date|invoice_number|price|product|quantity|supplier_name|total_amount","limeExplanation":{},"liblinearFeatureImportance":{}}