{"finalScore":0.5863916112088128,"metaInfo":{"model":{"coreVersion":"10.3.0.39"}},"sumScore":1.7591748336264383,"tagsCounter":3.0,"taggedText":"\u003cdocument languages\u003d\"\" producer\u003d\"Workfusion\" schemalocation\u003d\"http://ocr.crowdcomputingsystems.com/xml/schema-v1.xml\" version\u003d\"1.0\" xmlns\u003d\"http://ocr.crowdcomputingsystems.com/xml/schema-v1.xml\" xsi\u003d\"http://www.w3.org/2001/XMLSchema-instance\"\u003e \u003clink href\u003d\"https://s3.amazonaws.com/workfusion-resources/ocr/ocr-xml-viewer-0.3-scale-to-width.css\" rel\u003d\"stylesheet\" type\u003d\"text/css\"\u003e\u003c/link\u003e \u003cstyle\u003e\u003c/style\u003e\u003cpage data-pages\u003d\"1\" h\u003d\"488\" resolution\u003d\"72\" style\u003d\"height: 845px;\" w\u003d\"600\"\u003e \u003cblock b\u003d\"42\" blockname\u003d\"\" blocktype\u003d\"Text\" l\u003d\"454\" r\u003d\"511\" style\u003d\"transform: translate(1064px, 0px); position: absolute; width: 133.57px; height: 75.8333px;\" t\u003d\"0\"\u003e \u003cregion\u003e \u003crect b\u003d\"42\" l\u003d\"454\" r\u003d\"511\" t\u003d\"0\"\u003e\u003c/rect\u003e  \u003c/region\u003e  \u003ctext\u003e \u003cpar align\u003d\"Justified\"\u003e \u003cline b\u003d\"40\" baseline\u003d\"37\" l\u003d\"457\" r\u003d\"506\" style\u003d\"transform: translate(7px, 0px); position: absolute;\" t\u003d\"0\"\u003e \u003cformatting lang\u003d\"EnglishUnitedStates\"\u003e % \u003c/formatting\u003e  \u003c/line\u003e  \u003c/par\u003e  \u003c/text\u003e  \u003c/block\u003e  \u003cblock b\u003d\"65\" blockname\u003d\"\" blocktype\u003d\"Text\" l\u003d\"415\" r\u003d\"556\" style\u003d\"transform: translate(972px, 83px); position: absolute; width: 330.41px; height: 34.3056px;\" t\u003d\"46\"\u003e \u003cregion\u003e \u003crect b\u003d\"65\" l\u003d\"415\" r\u003d\"556\" t\u003d\"46\"\u003e\u003c/rect\u003e  \u003c/region\u003e  \u003ctext\u003e \u003cpar linespacing\u003d\"1600\"\u003e \u003cline b\u003d\"63\" baseline\u003d\"63\" l\u003d\"416\" r\u003d\"554\" style\u003d\"transform: translate(2px, 2px); position: absolute;\" t\u003d\"47\"\u003e \u003cformatting lang\u003d\"EnglishUnitedStates\"\u003e leinwandfoto.de \u003c/formatting\u003e  \u003c/line\u003e  \u003c/par\u003e  \u003c/text\u003e  \u003c/block\u003e  \u003cblock b\u003d\"187\" blockname\u003d\"\" blocktype\u003d\"Text\" l\u003d\"52\" r\u003d\"239\" style\u003d\"transform: translate(122px, 206px); position: absolute; width: 438.203px; height: 131.806px;\" t\u003d\"114\"\u003e \u003cregion\u003e \u003crect b\u003d\"187\" l\u003d\"52\" r\u003d\"239\" t\u003d\"114\"\u003e\u003c/rect\u003e  \u003c/region\u003e  \u003ctext\u003e \u003cpar linespacing\u003d\"600\"\u003e \u003cline b\u003d\"122\" baseline\u003d\"120\" l\u003d\"53\" r\u003d\"237\" style\u003d\"transform: translate(2px, 0px); position: absolute;\" t\u003d\"114\"\u003e \u003cformatting lang\u003d\"EnglishUnitedStates\"\u003e \u003csupplier_name appendorder\u003d\"10\" class\u003d\"extraction-tag\" confidence\u003d\"1/1\" data-original-title\u003d\"Supplier name\" data-toggle\u003d\"tooltip\" data-value\u003d\"XXIPtX GmbH\" fold-name\u003d\"fold3\" score\u003d\"0.5712817953017593\" style\u003d\"background-color: rgb(88, 50, 166);  color: rgb(255, 255, 255);   border: 2px solid rgb(125, 157, 1); \" tagorder\u003d\"6\"\u003eXXIPtX GmbH\u003c/supplier_name\u003e I Alexanders 7 O 10176 Beilin \u003c/formatting\u003e  \u003c/line\u003e  \u003c/par\u003e  \u003cpar linespacing\u003d\"1400\"\u003e \u003cline b\u003d\"143\" baseline\u003d\"143\" l\u003d\"53\" r\u003d\"130\" style\u003d\"transform: translate(2px, 40px); position: absolute;\" t\u003d\"136\"\u003e \u003cformatting lang\u003d\"EnglishUnitedStates\"\u003e Max Mustermann \u003c/formatting\u003e  \u003c/line\u003e  \u003cline b\u003d\"159\" baseline\u003d\"157\" l\u003d\"53\" r\u003d\"114\" style\u003d\"transform: translate(2px, 65px); position: absolute;\" t\u003d\"150\"\u003e \u003cformatting lang\u003d\"EnglishUnitedStates\"\u003e Birkenweg 12 \u003c/formatting\u003e  \u003c/line\u003e  \u003c/par\u003e  \u003cpar linespacing\u003d\"700\"\u003e \u003cline b\u003d\"185\" baseline\u003d\"185\" l\u003d\"53\" r\u003d\"124\" style\u003d\"transform: translate(2px, 116px); position: absolute;\" t\u003d\"178\"\u003e \u003cformatting lang\u003d\"EnglishUnitedStates\"\u003e 42159 Neustadt \u003c/formatting\u003e  \u003c/line\u003e  \u003c/par\u003e  \u003c/text\u003e  \u003c/block\u003e  \u003cblock b\u003d\"172\" blockname\u003d\"\" blocktype\u003d\"Text\" l\u003d\"396\" r\u003d\"538\" style\u003d\"transform: translate(928px, 146px); position: absolute; width: 332.753px; height: 164.306px;\" t\u003d\"81\"\u003e \u003cregion\u003e \u003crect b\u003d\"172\" l\u003d\"396\" r\u003d\"538\" t\u003d\"81\"\u003e\u003c/rect\u003e  \u003c/region\u003e  \u003ctext\u003e \u003cpar linespacing\u003d\"1100\" rightindent\u003d\"6500\"\u003e \u003cline b\u003d\"88\" baseline\u003d\"88\" l\u003d\"396\" r\u003d\"473\" style\u003d\"transform: translate(0px, 0px); position: absolute;\" t\u003d\"81\"\u003e \u003cformatting lang\u003d\"EnglishUnitedStates\"\u003e Alexanderstrasse 7 \u003c/formatting\u003e  \u003c/line\u003e  \u003cline b\u003d\"99\" baseline\u003d\"99\" l\u003d\"396\" r\u003d\"456\" style\u003d\"transform: translate(0px, 20px); position: absolute;\" t\u003d\"92\"\u003e \u003cformatting lang\u003d\"EnglishUnitedStates\"\u003e D-10178 Berlin \u003c/formatting\u003e  \u003c/line\u003e  \u003cline b\u003d\"111\" baseline\u003d\"110\" l\u003d\"396\" r\u003d\"446\" style\u003d\"transform: translate(0px, 42px); position: absolute;\" t\u003d\"104\"\u003e \u003cformatting lang\u003d\"EnglishUnitedStates\"\u003e Deutschland \u003c/formatting\u003e  \u003c/line\u003e  \u003c/par\u003e  \u003cpar linespacing\u003d\"1100\"\u003e \u003cline b\u003d\"133\" baseline\u003d\"133\" l\u003d\"396\" r\u003d\"453\" style\u003d\"transform: translate(0px, 83px); position: absolute;\" t\u003d\"127\"\u003e \u003cformatting lang\u003d\"EnglishUnitedStates\"\u003e Private undeo \u003c/formatting\u003e  \u003c/line\u003e  \u003c/par\u003e  \u003cpar align\u003d\"Justified\" linespacing\u003d\"1100\"\u003e \u003cline b\u003d\"147\" baseline\u003d\"145\" l\u003d\"396\" r\u003d\"536\" style\u003d\"transform: translate(0px, 103px); position: absolute;\" t\u003d\"138\"\u003e \u003cformatting lang\u003d\"EnglishUnitedStates\"\u003e Hotline *49 (0)30 - 400 54 45 0 \u003c/formatting\u003e  \u003c/line\u003e  \u003c/par\u003e  \u003cpar align\u003d\"Justified\" linespacing\u003d\"1100\"\u003e \u003cline b\u003d\"158\" baseline\u003d\"156\" l\u003d\"396\" r\u003d\"503\" style\u003d\"transform: translate(0px, 123px); position: absolute;\" t\u003d\"149\"\u003e \u003cformatting lang\u003d\"EnglishUnitedStates\"\u003e E-Ma4 info@xxlpix net \u003c/formatting\u003e  \u003c/line\u003e  \u003c/par\u003e  \u003cpar align\u003d\"Justified\" linespacing\u003d\"1100\"\u003e \u003cline b\u003d\"170\" baseline\u003d\"168\" l\u003d\"397\" r\u003d\"501\" style\u003d\"transform: translate(2px, 144px); position: absolute;\" t\u003d\"161\"\u003e \u003cformatting lang\u003d\"EnglishUnitedStates\"\u003e Irtefnot iv.vw.xxlplx.net \u003c/formatting\u003e  \u003c/line\u003e  \u003c/par\u003e  \u003c/text\u003e  \u003c/block\u003e  \u003cblock b\u003d\"292\" blockname\u003d\"\" blocktype\u003d\"Text\" l\u003d\"54\" r\u003d\"133\" style\u003d\"transform: translate(127px, 497px); position: absolute; width: 185.123px; height: 30.6944px;\" t\u003d\"275\"\u003e \u003cregion\u003e \u003crect b\u003d\"292\" l\u003d\"54\" r\u003d\"133\" t\u003d\"275\"\u003e\u003c/rect\u003e  \u003c/region\u003e  \u003ctext\u003e \u003cpar linespacing\u003d\"1200\"\u003e \u003cline b\u003d\"290\" baseline\u003d\"287\" l\u003d\"54\" r\u003d\"131\" style\u003d\"transform: translate(0px, 0px); position: absolute;\" t\u003d\"275\"\u003e \u003cformatting lang\u003d\"EnglishUnitedStates\"\u003e Rechnung \u003c/formatting\u003e  \u003c/line\u003e  \u003c/par\u003e  \u003c/text\u003e  \u003c/block\u003e  \u003cregion xmlns\u003d\"http://ocr.crowdcomputingsystems.com/xml/schema-v1.xml\"\u003e \u003crect b\u003d\"393\" l\u003d\"49\" r\u003d\"547\" t\u003d\"298\"\u003e\u003c/rect\u003e  \u003c/region\u003e \u003ctable b\u003d\"393\" blockname\u003d\"\" blocktype\u003d\"Table\" l\u003d\"49\" r\u003d\"547\" style\u003d\"transform: translate(115px, 538px); position: absolute; user-select: auto;\" t\u003d\"298\" xmlns\u003d\"\"\u003e \u003ctbody\u003e\u003ctr\u003e \u003ctd h\u003d\"39\" leftborder\u003d\"White\" rightborder\u003d\"White\" topborder\u003d\"White\" w\u003d\"222\"\u003e \u003ctext xmlns\u003d\"http://ocr.crowdcomputingsystems.com/xml/schema-v1.xml\"\u003e \u003cpar align\u003d\"Justified\" linespacing\u003d\"800\"\u003e \u003cline b\u003d\"309\" baseline\u003d\"307\" l\u003d\"54\" r\u003d\"203\" t\u003d\"299\"\u003e \u003cformatting lang\u003d\"EnglishUnitedStates\"\u003e Rochnur\u0026gt;gs-Nr.: 3040 \u003c/formatting\u003e  \u003c/line\u003e  \u003c/par\u003e  \u003cpar align\u003d\"Justified\" linespacing\u003d\"900\"\u003e \u003cline b\u003d\"322\" baseline\u003d\"322\" l\u003d\"54\" r\u003d\"222\" t\u003d\"313\"\u003e \u003cformatting lang\u003d\"EnglishUnitedStates\"\u003e Ihre Bes1ell-Nr.: 0001002 \u003c/formatting\u003e  \u003c/line\u003e  \u003c/par\u003e  \u003c/text\u003e  \u003c/td\u003e   \u003ctd h\u003d\"39\" leftborder\u003d\"White\" rightborder\u003d\"White\" topborder\u003d\"White\" w\u003d\"205\"\u003e \u003ctext xmlns\u003d\"http://ocr.crowdcomputingsystems.com/xml/schema-v1.xml\"\u003e \u003cpar align\u003d\"Right\" linespacing\u003d\"800\" rightindent\u003d\"1200\"\u003e \u003cline b\u003d\"309\" baseline\u003d\"307\" l\u003d\"368\" r\u003d\"464\" t\u003d\"299\"\u003e \u003cformatting lang\u003d\"EnglishUnitedStates\"\u003e Rochnungsdatum: \u003c/formatting\u003e  \u003c/line\u003e  \u003c/par\u003e  \u003cpar align\u003d\"Right\" linespacing\u003d\"800\" rightindent\u003d\"1200\"\u003e \u003cline b\u003d\"324\" baseline\u003d\"321\" l\u003d\"368\" r\u003d\"465\" t\u003d\"313\"\u003e \u003cformatting lang\u003d\"EnglishUnitedStates\"\u003e Ihre Beslellung vom \u003c/formatting\u003e  \u003c/line\u003e  \u003c/par\u003e  \u003c/text\u003e  \u003c/td\u003e   \u003ctd h\u003d\"39\" leftborder\u003d\"White\" rightborder\u003d\"White\" topborder\u003d\"White\" w\u003d\"71\"\u003e \u003ctext xmlns\u003d\"http://ocr.crowdcomputingsystems.com/xml/schema-v1.xml\"\u003e \u003cpar leftindent\u003d\"1300\" linespacing\u003d\"800\"\u003e \u003cline b\u003d\"307\" baseline\u003d\"307\" l\u003d\"488\" r\u003d\"541\" t\u003d\"299\"\u003e \u003cformatting lang\u003d\"EnglishUnitedStates\"\u003e 11.105011 \u003c/formatting\u003e  \u003c/line\u003e  \u003c/par\u003e  \u003cpar leftindent\u003d\"1300\" linespacing\u003d\"900\"\u003e \u003cline b\u003d\"322\" baseline\u003d\"322\" l\u003d\"488\" r\u003d\"540\" t\u003d\"313\"\u003e \u003cformatting lang\u003d\"EnglishUnitedStates\"\u003e \u003cinvoice_date class\u003d\"extraction-tag\" data-value\u003d\"11.10 2011\" fold-name\u003d\"fold2\" ml-tagorder\u003d\"11\" score\u003d\"0.4036652717553164\" tagorder\u003d\"11\"\u003e11.10 2011\u003c/invoice_date\u003e \u003c/formatting\u003e  \u003c/line\u003e  \u003c/par\u003e  \u003c/text\u003e  \u003c/td\u003e   \u003c/tr\u003e \n \u003ctr\u003e \u003ctd h\u003d\"26\" leftborder\u003d\"White\" rightborder\u003d\"White\" w\u003d\"222\"\u003e \u003ctext xmlns\u003d\"http://ocr.crowdcomputingsystems.com/xml/schema-v1.xml\"\u003e \u003cpar align\u003d\"Justified\" linespacing\u003d\"800\"\u003e \u003cline b\u003d\"353\" baseline\u003d\"353\" l\u003d\"54\" r\u003d\"144\" t\u003d\"345\"\u003e \u003cformatting lang\u003d\"EnglishUnitedStates\"\u003e Anzahl Arlikol \u003c/formatting\u003e  \u003c/line\u003e  \u003c/par\u003e  \u003c/text\u003e  \u003c/td\u003e   \u003ctd h\u003d\"26\" leftborder\u003d\"White\" rightborder\u003d\"White\" w\u003d\"205\"\u003e \u003ctext xmlns\u003d\"http://ocr.crowdcomputingsystems.com/xml/schema-v1.xml\"\u003e \u003cpar leftindent\u003d\"4900\" linespacing\u003d\"900\"\u003e \u003cline b\u003d\"353\" baseline\u003d\"353\" l\u003d\"320\" r\u003d\"356\" t\u003d\"344\"\u003e \u003cformatting lang\u003d\"EnglishUnitedStates\"\u003e Format \u003c/formatting\u003e  \u003c/line\u003e  \u003c/par\u003e  \u003c/text\u003e  \u003c/td\u003e   \u003ctd h\u003d\"26\" leftborder\u003d\"White\" rightborder\u003d\"White\" w\u003d\"71\"\u003e \u003ctext xmlns\u003d\"http://ocr.crowdcomputingsystems.com/xml/schema-v1.xml\"\u003e \u003cpar leftindent\u003d\"1300\" linespacing\u003d\"800\"\u003e \u003cline b\u003d\"353\" baseline\u003d\"353\" l\u003d\"492\" r\u003d\"518\" t\u003d\"345\"\u003e \u003cformatting lang\u003d\"EnglishUnitedStates\"\u003e Prois \u003c/formatting\u003e  \u003c/line\u003e  \u003c/par\u003e  \u003c/text\u003e  \u003c/td\u003e   \u003c/tr\u003e \n \u003ctr\u003e \u003ctd h\u003d\"30\" leftborder\u003d\"White\" rightborder\u003d\"White\" w\u003d\"222\"\u003e \u003ctext xmlns\u003d\"http://ocr.crowdcomputingsystems.com/xml/schema-v1.xml\"\u003e \u003cpar align\u003d\"Justified\" linespacing\u003d\"800\"\u003e \u003cline b\u003d\"381\" baseline\u003d\"381\" l\u003d\"54\" r\u003d\"176\" t\u003d\"373\"\u003e \u003cformatting lang\u003d\"EnglishUnitedStates\"\u003e 2 Leinwandfoto \u003c/formatting\u003e  \u003c/line\u003e  \u003c/par\u003e  \u003c/text\u003e  \u003c/td\u003e   \u003ctd h\u003d\"30\" leftborder\u003d\"White\" rightborder\u003d\"White\" w\u003d\"205\"\u003e \u003ctext xmlns\u003d\"http://ocr.crowdcomputingsystems.com/xml/schema-v1.xml\"\u003e \u003cpar leftindent\u003d\"4900\" linespacing\u003d\"800\"\u003e \u003cline b\u003d\"381\" baseline\u003d\"381\" l\u003d\"319\" r\u003d\"372\" t\u003d\"373\"\u003e \u003cformatting lang\u003d\"EnglishUnitedStates\"\u003e 40 x 30 cm \u003c/formatting\u003e  \u003c/line\u003e  \u003c/par\u003e  \u003c/text\u003e  \u003c/td\u003e   \u003ctd h\u003d\"30\" leftborder\u003d\"White\" rightborder\u003d\"White\" w\u003d\"71\"\u003e \u003ctext xmlns\u003d\"http://ocr.crowdcomputingsystems.com/xml/schema-v1.xml\"\u003e \u003cpar align\u003d\"Center\" linespacing\u003d\"700\" rightindent\u003d\"400\"\u003e \u003cline b\u003d\"382\" baseline\u003d\"381\" l\u003d\"496\" r\u003d\"529\" t\u003d\"374\"\u003e \u003cformatting lang\u003d\"EnglishUnitedStates\"\u003e 49.00 \u0026euro; \u003c/formatting\u003e  \u003c/line\u003e  \u003c/par\u003e  \u003c/text\u003e  \u003c/td\u003e   \u003c/tr\u003e \n \u003c/tbody\u003e\u003c/table\u003e\n \u003cregion xmlns\u003d\"http://ocr.crowdcomputingsystems.com/xml/schema-v1.xml\"\u003e \u003crect b\u003d\"447\" l\u003d\"315\" r\u003d\"531\" t\u003d\"401\"\u003e\u003c/rect\u003e  \u003c/region\u003e \u003ctable b\u003d\"447\" blockname\u003d\"\" blocktype\u003d\"Table\" l\u003d\"315\" r\u003d\"531\" style\u003d\"transform: translate(738px, 724px); position: absolute; user-select: auto;\" t\u003d\"401\" xmlns\u003d\"\"\u003e \u003ctbody\u003e\u003ctr\u003e \u003ctd bottomborder\u003d\"White\" h\u003d\"13\" leftborder\u003d\"White\" rightborder\u003d\"White\" topborder\u003d\"White\" w\u003d\"163\"\u003e \u003ctext xmlns\u003d\"http://ocr.crowdcomputingsystems.com/xml/schema-v1.xml\"\u003e \u003cpar linespacing\u003d\"900\"\u003e \u003cline b\u003d\"410\" baseline\u003d\"410\" l\u003d\"320\" r\u003d\"357\" t\u003d\"401\"\u003e \u003cformatting lang\u003d\"EnglishUnitedStates\"\u003e Sum me \u003c/formatting\u003e  \u003c/line\u003e  \u003c/par\u003e  \u003c/text\u003e  \u003c/td\u003e   \u003ctd bottomborder\u003d\"White\" h\u003d\"13\" leftborder\u003d\"White\" rightborder\u003d\"White\" topborder\u003d\"White\" w\u003d\"53\"\u003e \u003ctext xmlns\u003d\"http://ocr.crowdcomputingsystems.com/xml/schema-v1.xml\"\u003e \u003cpar align\u003d\"Right\" linespacing\u003d\"700\"\u003e \u003cline b\u003d\"413\" baseline\u003d\"412\" l\u003d\"496\" r\u003d\"529\" t\u003d\"405\"\u003e \u003cformatting lang\u003d\"EnglishUnitedStates\"\u003e 98.00 \u0026euro; \u003c/formatting\u003e  \u003c/line\u003e  \u003c/par\u003e  \u003c/text\u003e  \u003c/td\u003e   \u003c/tr\u003e \n \u003ctr\u003e \u003ctd bottomborder\u003d\"White\" h\u003d\"14\" leftborder\u003d\"White\" rightborder\u003d\"White\" topborder\u003d\"White\" w\u003d\"163\"\u003e \u003ctext xmlns\u003d\"http://ocr.crowdcomputingsystems.com/xml/schema-v1.xml\"\u003e \u003cpar linespacing\u003d\"800\"\u003e \u003cline b\u003d\"425\" baseline\u003d\"424\" l\u003d\"319\" r\u003d\"359\" t\u003d\"416\"\u003e \u003cformatting lang\u003d\"EnglishUnitedStates\"\u003e Versa nd \u003c/formatting\u003e  \u003c/line\u003e  \u003c/par\u003e  \u003c/text\u003e  \u003c/td\u003e   \u003ctd bottomborder\u003d\"White\" h\u003d\"14\" leftborder\u003d\"White\" rightborder\u003d\"White\" topborder\u003d\"White\" w\u003d\"53\"\u003e \u003ctext xmlns\u003d\"http://ocr.crowdcomputingsystems.com/xml/schema-v1.xml\"\u003e \u003cpar align\u003d\"Right\" linespacing\u003d\"700\"\u003e \u003cline b\u003d\"426\" baseline\u003d\"425\" l\u003d\"501\" r\u003d\"529\" t\u003d\"418\"\u003e \u003cformatting lang\u003d\"EnglishUnitedStates\"\u003e 6.00 \u0026euro; \u003c/formatting\u003e  \u003c/line\u003e  \u003c/par\u003e  \u003c/text\u003e  \u003c/td\u003e   \u003c/tr\u003e \n \u003ctr\u003e \u003ctd h\u003d\"19\" leftborder\u003d\"White\" rightborder\u003d\"White\" topborder\u003d\"White\" w\u003d\"163\"\u003e \u003ctext xmlns\u003d\"http://ocr.crowdcomputingsystems.com/xml/schema-v1.xml\"\u003e \u003cpar linespacing\u003d\"900\"\u003e \u003cline b\u003d\"439\" baseline\u003d\"439\" l\u003d\"320\" r\u003d\"436\" t\u003d\"430\"\u003e \u003cformatting lang\u003d\"EnglishUnitedStates\"\u003e Mchrwortstoucr 19.00% \u003c/formatting\u003e  \u003c/line\u003e  \u003c/par\u003e  \u003c/text\u003e  \u003c/td\u003e   \u003ctd h\u003d\"19\" leftborder\u003d\"White\" rightborder\u003d\"White\" topborder\u003d\"White\" w\u003d\"53\"\u003e \u003ctext xmlns\u003d\"http://ocr.crowdcomputingsystems.com/xml/schema-v1.xml\"\u003e \u003cpar align\u003d\"Right\" linespacing\u003d\"700\"\u003e \u003cline b\u003d\"440\" baseline\u003d\"439\" l\u003d\"497\" r\u003d\"529\" t\u003d\"432\"\u003e \u003cformatting lang\u003d\"EnglishUnitedStates\"\u003e 16.60 \u0026euro; \u003c/formatting\u003e  \u003c/line\u003e  \u003c/par\u003e  \u003c/text\u003e  \u003c/td\u003e   \u003c/tr\u003e \n \u003c/tbody\u003e\u003c/table\u003e\n \u003cblock b\u003d\"468\" blockname\u003d\"\" blocktype\u003d\"Text\" l\u003d\"319\" r\u003d\"414\" style\u003d\"transform: translate(748px, 823px); position: absolute; width: 222.617px; height: 21.6667px;\" t\u003d\"456\"\u003e \u003cregion\u003e \u003crect b\u003d\"468\" l\u003d\"319\" r\u003d\"414\" t\u003d\"456\"\u003e\u003c/rect\u003e  \u003c/region\u003e  \u003ctext\u003e \u003cpar linespacing\u003d\"800\"\u003e \u003cline b\u003d\"466\" baseline\u003d\"464\" l\u003d\"320\" r\u003d\"412\" style\u003d\"transform: translate(2px, 0px); position: absolute;\" t\u003d\"456\"\u003e \u003cformatting lang\u003d\"EnglishUnitedStates\"\u003e Rechnungsbetrag \u003c/formatting\u003e  \u003c/line\u003e  \u003c/par\u003e  \u003c/text\u003e  \u003c/block\u003e  \u003cblock b\u003d\"466\" blockname\u003d\"\" blocktype\u003d\"Text\" l\u003d\"490\" r\u003d\"531\" style\u003d\"transform: translate(1148px, 822px); position: absolute; width: 96.0767px; height: 19.8611px;\" t\u003d\"455\"\u003e \u003cregion\u003e \u003crect b\u003d\"466\" l\u003d\"490\" r\u003d\"531\" t\u003d\"455\"\u003e\u003c/rect\u003e  \u003c/region\u003e  \u003ctext\u003e \u003cpar linespacing\u003d\"700\"\u003e \u003cline b\u003d\"464\" baseline\u003d\"463\" l\u003d\"491\" r\u003d\"529\" style\u003d\"transform: translate(2px, 2px); position: absolute;\" t\u003d\"456\"\u003e \u003cformatting lang\u003d\"EnglishUnitedStates\"\u003e \u003ctotal_amount appendorder\u003d\"14\" class\u003d\"extraction-tag\" confidence\u003d\"1/1\" data-original-title\u003d\"Total amount\" data-toggle\u003d\"tooltip\" data-value\u003d\"104.00\" fold-name\u003d\"fold5\" score\u003d\"0.7842277665693628\" style\u003d\"background-color: rgb(27, 182, 226);  color: rgb(0, 0, 0);   border: 2px solid rgb(125, 157, 1); \" tagorder\u003d\"10\"\u003e104.00\u003c/total_amount\u003e \u0026euro; \u003c/formatting\u003e  \u003c/line\u003e  \u003c/par\u003e  \u003c/text\u003e  \u003c/block\u003e  \u003cblock b\u003d\"136\" blockname\u003d\"\" blocktype\u003d\"Separator\" l\u003d\"397\" r\u003d\"454\" style\u003d\"transform: translate(930px, 244px); position: absolute;\" t\u003d\"135\"\u003e \u003cregion\u003e \u003crect b\u003d\"136\" l\u003d\"397\" r\u003d\"454\" t\u003d\"135\"\u003e\u003c/rect\u003e  \u003c/region\u003e  \u003cseparator thickness\u003d\"1\" type\u003d\"Black\"\u003e \u003cstart x\u003d\"397\" y\u003d\"135\"\u003e\u003c/start\u003e \u003cend x\u003d\"454\" y\u003d\"135\"\u003e\u003c/end\u003e \u003c/separator\u003e \u003c/block\u003e  \u003cblock b\u003d\"338\" blockname\u003d\"\" blocktype\u003d\"Separator\" l\u003d\"50\" r\u003d\"546\" style\u003d\"transform: translate(117px, 607px); position: absolute;\" t\u003d\"336\"\u003e \u003cregion\u003e \u003crect b\u003d\"338\" l\u003d\"50\" r\u003d\"546\" t\u003d\"336\"\u003e\u003c/rect\u003e  \u003c/region\u003e  \u003cseparator thickness\u003d\"2\" type\u003d\"Black\"\u003e \u003cstart x\u003d\"50\" y\u003d\"337\"\u003e\u003c/start\u003e \u003cend x\u003d\"546\" y\u003d\"337\"\u003e\u003c/end\u003e \u003c/separator\u003e \u003c/block\u003e  \u003cblock b\u003d\"364\" blockname\u003d\"\" blocktype\u003d\"Separator\" l\u003d\"50\" r\u003d\"546\" style\u003d\"transform: translate(117px, 654px); position: absolute;\" t\u003d\"362\"\u003e \u003cregion\u003e \u003crect b\u003d\"364\" l\u003d\"50\" r\u003d\"546\" t\u003d\"362\"\u003e\u003c/rect\u003e  \u003c/region\u003e  \u003cseparator thickness\u003d\"2\" type\u003d\"Black\"\u003e \u003cstart x\u003d\"50\" y\u003d\"363\"\u003e\u003c/start\u003e \u003cend x\u003d\"546\" y\u003d\"363\"\u003e\u003c/end\u003e \u003c/separator\u003e \u003c/block\u003e  \u003cblock b\u003d\"393\" blockname\u003d\"\" blocktype\u003d\"Separator\" l\u003d\"50\" r\u003d\"546\" style\u003d\"transform: translate(117px, 706px); position: absolute;\" t\u003d\"391\"\u003e \u003cregion\u003e \u003crect b\u003d\"393\" l\u003d\"50\" r\u003d\"546\" t\u003d\"391\"\u003e\u003c/rect\u003e  \u003c/region\u003e  \u003cseparator thickness\u003d\"2\" type\u003d\"Black\"\u003e \u003cstart x\u003d\"50\" y\u003d\"392\"\u003e\u003c/start\u003e \u003cend x\u003d\"546\" y\u003d\"392\"\u003e\u003c/end\u003e \u003c/separator\u003e \u003c/block\u003e  \u003cblock b\u003d\"447\" blockname\u003d\"\" blocktype\u003d\"Separator\" l\u003d\"316\" r\u003d\"546\" style\u003d\"transform: translate(740px, 803px); position: absolute;\" t\u003d\"445\"\u003e \u003cregion\u003e \u003crect b\u003d\"447\" l\u003d\"316\" r\u003d\"546\" t\u003d\"445\"\u003e\u003c/rect\u003e  \u003c/region\u003e  \u003cseparator thickness\u003d\"2\" type\u003d\"Black\"\u003e \u003cstart x\u003d\"316\" y\u003d\"446\"\u003e\u003c/start\u003e \u003cend x\u003d\"546\" y\u003d\"446\"\u003e\u003c/end\u003e \u003c/separator\u003e \u003c/block\u003e  \u003c/page\u003e   \u003c/document\u003e","tags":[{"begin":71,"end":82,"text":"XXIPtX GmbH","tag":"supplier_name","fieldType":"COMPANY_NAME","score":0.5712817953017593,"estimatedAccuracy":0.0},{"begin":590,"end":600,"text":"11.10 2011","tag":"invoice_date","fieldType":"DATE","score":0.4036652717553164,"estimatedAccuracy":0.0},{"begin":1005,"end":1011,"text":"104.00","tag":"total_amount","fieldType":"NUMBER","score":0.7842277665693628,"estimatedAccuracy":0.0}],"group":"invoice_date|supplier_name|total_amount","limeExplanation":{},"liblinearFeatureImportance":{}}