{"finalScore":0.6229525047343392,"metaInfo":{"model":{"coreVersion":"10.3.0.39"}},"sumScore":2.4918100189373567,"tagsCounter":4.0,"taggedText":"\u003chtml\u003e\u003chead\u003e\u003cscript src\u003d\"https://ajax.googleapis.com/ajax/libs/jquery/2.2.0/jquery.min.js\"\u003e\u003c/script\u003e\u003c/head\u003e\u003cbody\u003e\u003cdocument languages\u003d\"\" producer\u003d\"Workfusion\" schemalocation\u003d\"http://ocr.crowdcomputingsystems.com/xml/schema-v1.xml\" version\u003d\"1.0\" xmlns\u003d\"http://ocr.crowdcomputingsystems.com/xml/schema-v1.xml\" xsi\u003d\"http://www.w3.org/2001/XMLSchema-instance\"\u003e \u003clink href\u003d\"https://s3.amazonaws.com/workfusion-resources/ocr/ocr-xml-viewer-0.3-scale-to-width.css\" rel\u003d\"stylesheet\" type\u003d\"text/css\"\u003e\u003c/link\u003e \u003cstyle\u003e\u003c/style\u003e\u003cpage data-pages\u003d\"1\" h\u003d\"1654\" resolution\u003d\"150\" style\u003d\"height: 613px;\" w\u003d\"1279\"\u003e \u003cblock b\u003d\"200\" blockname\u003d\"\" blocktype\u003d\"Text\" l\u003d\"193\" r\u003d\"513\" style\u003d\"transform: translate(212px, 72px); position: absolute; width: 351.775px; height: 101.4px;\" t\u003d\"83\"\u003e \u003cregion\u003e \u003crect b\u003d\"200\" l\u003d\"193\" r\u003d\"513\" t\u003d\"83\"\u003e\u003c/rect\u003e  \u003c/region\u003e  \u003ctext\u003e \u003cpar linespacing\u003d\"1390\"\u003e \u003cline b\u003d\"115\" baseline\u003d\"115\" l\u003d\"196\" r\u003d\"347\" style\u003d\"transform: translate(3px, 3px); position: absolute;\" t\u003d\"86\"\u003e \u003cformatting lang\u003d\"EnglishUnitedStates\"\u003e Alsoesl \u003c/formatting\u003e  \u003c/line\u003e  \u003c/par\u003e  \u003cpar linespacing\u003d\"1680\"\u003e \u003cline b\u003d\"157\" baseline\u003d\"157\" l\u003d\"198\" r\u003d\"444\" style\u003d\"transform: translate(5px, 45px); position: absolute;\" t\u003d\"135\"\u003e \u003cformatting lang\u003d\"EnglishUnitedStates\"\u003e 100 Grove Street \u003c/formatting\u003e  \u003c/line\u003e  \u003cline b\u003d\"197\" baseline\u003d\"192\" l\u003d\"196\" r\u003d\"510\" style\u003d\"transform: translate(3px, 75px); position: absolute;\" t\u003d\"170\"\u003e \u003cformatting lang\u003d\"EnglishUnitedStates\"\u003e Worcester MA 01605 \u003c/formatting\u003e  \u003c/line\u003e  \u003c/par\u003e  \u003c/text\u003e  \u003c/block\u003e  \u003cblock b\u003d\"129\" blockname\u003d\"\" blocktype\u003d\"Text\" l\u003d\"1031\" r\u003d\"1198\" style\u003d\"transform: translate(1133px, 77px); position: absolute; width: 183.582px; height: 34.6667px;\" t\u003d\"89\"\u003e \u003cregion\u003e \u003crect b\u003d\"129\" l\u003d\"1031\" r\u003d\"1198\" t\u003d\"89\"\u003e\u003c/rect\u003e  \u003c/region\u003e  \u003ctext\u003e \u003cpar align\u003d\"Right\" linespacing\u003d\"1630\"\u003e \u003cline b\u003d\"126\" baseline\u003d\"126\" l\u003d\"1034\" r\u003d\"1195\" style\u003d\"transform: translate(3px, 3px); position: absolute;\" t\u003d\"92\"\u003e \u003cformatting lang\u003d\"EnglishUnitedStates\"\u003e Invoice \u003c/formatting\u003e  \u003c/line\u003e  \u003c/par\u003e  \u003c/text\u003e  \u003c/block\u003e  \u003cregion xmlns\u003d\"http://ocr.crowdcomputingsystems.com/xml/schema-v1.xml\"\u003e \u003crect b\u003d\"238\" l\u003d\"920\" r\u003d\"1203\" t\u003d\"141\"\u003e\u003c/rect\u003e  \u003c/region\u003e \u003ctable b\u003d\"238\" blockname\u003d\"\" blocktype\u003d\"Table\" l\u003d\"920\" r\u003d\"1203\" style\u003d\"transform: translate(1011px, 122px); position: absolute; user-select: auto;\" t\u003d\"141\" xmlns\u003d\"\"\u003e \u003ctbody\u003e\u003ctr\u003e \u003ctd h\u003d\"48\" w\u003d\"132\"\u003e \u003ctext xmlns\u003d\"http://ocr.crowdcomputingsystems.com/xml/schema-v1.xml\"\u003e \u003cpar align\u003d\"Center\" linespacing\u003d\"670\"\u003e \u003cline b\u003d\"172\" baseline\u003d\"172\" l\u003d\"968\" r\u003d\"1005\" t\u003d\"158\"\u003e \u003cformatting lang\u003d\"EnglishUnitedStates\"\u003e Date \u003c/formatting\u003e  \u003c/line\u003e  \u003c/par\u003e  \u003c/text\u003e  \u003c/td\u003e   \u003ctd h\u003d\"48\" w\u003d\"151\"\u003e \u003ctext xmlns\u003d\"http://ocr.crowdcomputingsystems.com/xml/schema-v1.xml\"\u003e \u003cpar align\u003d\"Center\" linespacing\u003d\"670\"\u003e \u003cline b\u003d\"172\" baseline\u003d\"172\" l\u003d\"1091\" r\u003d\"1164\" t\u003d\"158\"\u003e \u003cformatting lang\u003d\"EnglishUnitedStates\"\u003e Invoice # \u003c/formatting\u003e  \u003c/line\u003e  \u003c/par\u003e  \u003c/text\u003e  \u003c/td\u003e   \u003c/tr\u003e \n \u003ctr\u003e \u003ctd h\u003d\"49\" w\u003d\"132\"\u003e \u003ctext xmlns\u003d\"http://ocr.crowdcomputingsystems.com/xml/schema-v1.xml\"\u003e \u003cpar leftindent\u003d\"1000\" linespacing\u003d\"720\"\u003e \u003cline b\u003d\"222\" baseline\u003d\"220\" l\u003d\"940\" r\u003d\"1033\" t\u003d\"205\"\u003e \u003cformatting lang\u003d\"EnglishUnitedStates\"\u003e \u003cinvoice_date appendorder\u003d\"10\" class\u003d\"extraction-tag\" confidence\u003d\"1/1\" data-original-title\u003d\"Invoice date\" data-toggle\u003d\"tooltip\" data-value\u003d\"10/15/2007\" fold-name\u003d\"fold1\" score\u003d\"0.5449004737736024\" style\u003d\"background-color: rgb(17, 18, 43);  color: rgb(255, 255, 255);   border: 2px solid rgb(125, 157, 1); \" tagorder\u003d\"6\"\u003e10/15/2007\u003c/invoice_date\u003e \u003c/formatting\u003e  \u003c/line\u003e  \u003c/par\u003e  \u003c/text\u003e  \u003c/td\u003e   \u003ctd h\u003d\"49\" w\u003d\"151\"\u003e \u003ctext xmlns\u003d\"http://ocr.crowdcomputingsystems.com/xml/schema-v1.xml\"\u003e \u003cpar align\u003d\"Center\" linespacing\u003d\"720\"\u003e \u003cline b\u003d\"220\" baseline\u003d\"220\" l\u003d\"1107\" r\u003d\"1146\" t\u003d\"205\"\u003e \u003cformatting lang\u003d\"EnglishUnitedStates\"\u003e 2049 \u003c/formatting\u003e  \u003c/line\u003e  \u003c/par\u003e  \u003c/text\u003e  \u003c/td\u003e   \u003c/tr\u003e \n \u003c/tbody\u003e\u003c/table\u003e\n \u003cblock b\u003d\"307\" blockname\u003d\"\" blocktype\u003d\"Text\" l\u003d\"138\" r\u003d\"194\" style\u003d\"transform: translate(152px, 249px); position: absolute; width: 61.5606px; height: 17.3333px;\" t\u003d\"287\"\u003e \u003cregion\u003e \u003crect b\u003d\"307\" l\u003d\"138\" r\u003d\"194\" t\u003d\"287\"\u003e\u003c/rect\u003e  \u003c/region\u003e  \u003ctext\u003e \u003cpar leftindent\u003d\"3100\" linespacing\u003d\"670\"\u003e \u003cline b\u003d\"304\" baseline\u003d\"304\" l\u003d\"140\" r\u003d\"191\" style\u003d\"transform: translate(2px, 3px); position: absolute;\" t\u003d\"290\"\u003e \u003cformatting lang\u003d\"EnglishUnitedStates\"\u003e Bill To \u003c/formatting\u003e  \u003c/line\u003e  \u003c/par\u003e  \u003c/text\u003e  \u003c/block\u003e  \u003cblock b\u003d\"396\" blockname\u003d\"\" blocktype\u003d\"Text\" l\u003d\"118\" r\u003d\"281\" style\u003d\"transform: translate(130px, 283px); position: absolute; width: 179.185px; height: 59.8px;\" t\u003d\"327\"\u003e \u003cregion\u003e \u003crect b\u003d\"396\" l\u003d\"118\" r\u003d\"281\" t\u003d\"327\"\u003e\u003c/rect\u003e  \u003c/region\u003e  \u003ctext\u003e \u003cpar align\u003d\"Justified\" leftindent\u003d\"2200\" linespacing\u003d\"1056\" rightindent\u003d\"44400\"\u003e \u003cline b\u003d\"347\" baseline\u003d\"344\" l\u003d\"121\" r\u003d\"276\" style\u003d\"transform: translate(3px, 2px); position: absolute;\" t\u003d\"329\"\u003e \u003cformatting lang\u003d\"EnglishUnitedStates\"\u003e Baby Blues Cattery \u003c/formatting\u003e  \u003c/line\u003e  \u003cline b\u003d\"366\" baseline\u003d\"366\" l\u003d\"121\" r\u003d\"278\" style\u003d\"transform: translate(3px, 21px); position: absolute;\" t\u003d\"351\"\u003e \u003cformatting lang\u003d\"EnglishUnitedStates\"\u003e 20 Brackett Hill Rd. \u003c/formatting\u003e  \u003c/line\u003e  \u003cline b\u003d\"392\" baseline\u003d\"388\" l\u003d\"121\" r\u003d\"227\" style\u003d\"transform: translate(3px, 41px); position: absolute;\" t\u003d\"374\"\u003e \u003cformatting lang\u003d\"EnglishUnitedStates\"\u003e Charlton, MA \u003c/formatting\u003e  \u003c/line\u003e  \u003c/par\u003e  \u003c/text\u003e  \u003c/block\u003e  \u003cregion xmlns\u003d\"http://ocr.crowdcomputingsystems.com/xml/schema-v1.xml\"\u003e \u003crect b\u003d\"650\" l\u003d\"423\" r\u003d\"1203\" t\u003d\"554\"\u003e\u003c/rect\u003e  \u003c/region\u003e \u003ctable b\u003d\"650\" blockname\u003d\"\" blocktype\u003d\"Table\" l\u003d\"423\" r\u003d\"1203\" style\u003d\"transform: translate(465px, 480px); position: absolute; user-select: auto;\" t\u003d\"554\" xmlns\u003d\"\"\u003e \u003ctbody\u003e\u003ctr\u003e \u003ctd h\u003d\"48\" w\u003d\"179\"\u003e \u003ctext xmlns\u003d\"http://ocr.crowdcomputingsystems.com/xml/schema-v1.xml\"\u003e \u003cpar align\u003d\"Center\" linespacing\u003d\"670\"\u003e \u003cline b\u003d\"585\" baseline\u003d\"584\" l\u003d\"459\" r\u003d\"567\" t\u003d\"570\"\u003e \u003cformatting lang\u003d\"EnglishUnitedStates\"\u003e P.O. Number \u003c/formatting\u003e  \u003c/line\u003e  \u003c/par\u003e  \u003c/text\u003e  \u003c/td\u003e   \u003ctd h\u003d\"48\" w\u003d\"178\"\u003e \u003ctext xmlns\u003d\"http://ocr.crowdcomputingsystems.com/xml/schema-v1.xml\"\u003e \u003cpar align\u003d\"Center\" linespacing\u003d\"670\"\u003e \u003cline b\u003d\"585\" baseline\u003d\"585\" l\u003d\"665\" r\u003d\"716\" t\u003d\"571\"\u003e \u003cformatting lang\u003d\"EnglishUnitedStates\"\u003e Terms \u003c/formatting\u003e  \u003c/line\u003e  \u003c/par\u003e  \u003c/text\u003e  \u003c/td\u003e   \u003ctd h\u003d\"48\" w\u003d\"187\"\u003e \u003ctext xmlns\u003d\"http://ocr.crowdcomputingsystems.com/xml/schema-v1.xml\"\u003e \u003cpar align\u003d\"Center\" linespacing\u003d\"670\"\u003e \u003cline b\u003d\"589\" baseline\u003d\"585\" l\u003d\"845\" r\u003d\"902\" t\u003d\"571\"\u003e \u003cformatting lang\u003d\"EnglishUnitedStates\"\u003e Project \u003c/formatting\u003e  \u003c/line\u003e  \u003c/par\u003e  \u003c/text\u003e  \u003c/td\u003e   \u003ctd h\u003d\"48\" w\u003d\"236\"\u003e \u003ctext xmlns\u003d\"http://ocr.crowdcomputingsystems.com/xml/schema-v1.xml\"\u003e \u003cpar linespacing\u003d\"-1\"\u003e\u003c/par\u003e  \u003c/text\u003e  \u003c/td\u003e   \u003c/tr\u003e \n \u003ctr\u003e \u003ctd h\u003d\"48\" w\u003d\"179\"\u003e \u003ctext xmlns\u003d\"http://ocr.crowdcomputingsystems.com/xml/schema-v1.xml\"\u003e \u003cpar leftindent\u003d\"1700\" linespacing\u003d\"-1\"\u003e\u003c/par\u003e  \u003c/text\u003e  \u003c/td\u003e   \u003ctd h\u003d\"48\" w\u003d\"178\"\u003e \u003ctext xmlns\u003d\"http://ocr.crowdcomputingsystems.com/xml/schema-v1.xml\"\u003e \u003cpar leftindent\u003d\"1400\" linespacing\u003d\"720\"\u003e \u003cline b\u003d\"636\" baseline\u003d\"633\" l\u003d\"631\" r\u003d\"751\" t\u003d\"618\"\u003e \u003cformatting lang\u003d\"EnglishUnitedStates\"\u003e Due on receipt \u003c/formatting\u003e  \u003c/line\u003e  \u003c/par\u003e  \u003c/text\u003e  \u003c/td\u003e   \u003ctd h\u003d\"48\" w\u003d\"187\"\u003e \u003ctext xmlns\u003d\"http://ocr.crowdcomputingsystems.com/xml/schema-v1.xml\"\u003e \u003cpar leftindent\u003d\"3100\" linespacing\u003d\"-1\"\u003e\u003c/par\u003e  \u003c/text\u003e  \u003c/td\u003e   \u003ctd h\u003d\"48\" w\u003d\"236\"\u003e \u003ctext xmlns\u003d\"http://ocr.crowdcomputingsystems.com/xml/schema-v1.xml\"\u003e \u003cpar linespacing\u003d\"-1\"\u003e\u003c/par\u003e  \u003c/text\u003e  \u003c/td\u003e   \u003c/tr\u003e \n \u003c/tbody\u003e\u003c/table\u003e\n \u003cregion xmlns\u003d\"http://ocr.crowdcomputingsystems.com/xml/schema-v1.xml\"\u003e \u003crect b\u003d\"1522\" l\u003d\"76\" r\u003d\"1203\" t\u003d\"647\"\u003e\u003c/rect\u003e  \u003c/region\u003e \u003ctable b\u003d\"1522\" blockname\u003d\"\" blocktype\u003d\"Table\" l\u003d\"76\" r\u003d\"1203\" style\u003d\"transform: translate(84px, 561px); position: absolute; user-select: auto;\" t\u003d\"647\" xmlns\u003d\"\"\u003e \u003ctbody\u003e\u003ctr\u003e \u003ctd h\u003d\"48\" w\u003d\"643\"\u003e \u003ctext xmlns\u003d\"http://ocr.crowdcomputingsystems.com/xml/schema-v1.xml\"\u003e \u003cpar align\u003d\"Center\" linespacing\u003d\"620\"\u003e \u003cline b\u003d\"682\" baseline\u003d\"678\" l\u003d\"352\" r\u003d\"444\" t\u003d\"665\"\u003e \u003cformatting lang\u003d\"EnglishUnitedStates\"\u003e Description \u003c/formatting\u003e  \u003c/line\u003e  \u003c/par\u003e  \u003c/text\u003e  \u003c/td\u003e   \u003ctd colspan\u003d\"2\" h\u003d\"48\" w\u003d\"241\"\u003e \u003ctext xmlns\u003d\"http://ocr.crowdcomputingsystems.com/xml/schema-v1.xml\"\u003e \u003cpar align\u003d\"Center\" linespacing\u003d\"670\"\u003e \u003cline b\u003d\"679\" baseline\u003d\"679\" l\u003d\"821\" r\u003d\"859\" t\u003d\"665\"\u003e \u003cformatting lang\u003d\"EnglishUnitedStates\"\u003e Rate \u003c/formatting\u003e  \u003c/line\u003e  \u003c/par\u003e  \u003c/text\u003e  \u003c/td\u003e   \u003ctd h\u003d\"48\" w\u003d\"243\"\u003e \u003ctext xmlns\u003d\"http://ocr.crowdcomputingsystems.com/xml/schema-v1.xml\"\u003e \u003cpar align\u003d\"Center\" linespacing\u003d\"670\"\u003e \u003cline b\u003d\"679\" baseline\u003d\"679\" l\u003d\"1049\" r\u003d\"1113\" t\u003d\"665\"\u003e \u003cformatting lang\u003d\"EnglishUnitedStates\"\u003e Amount \u003c/formatting\u003e  \u003c/line\u003e  \u003c/par\u003e  \u003c/text\u003e  \u003c/td\u003e   \u003c/tr\u003e \n \u003ctr\u003e \u003ctd h\u003d\"760\" w\u003d\"643\"\u003e \u003ctext xmlns\u003d\"http://ocr.crowdcomputingsystems.com/xml/schema-v1.xml\"\u003e \u003cpar linespacing\u003d\"670\"\u003e \u003cline b\u003d\"723\" baseline\u003d\"718\" l\u003d\"83\" r\u003d\"552\" t\u003d\"704\"\u003e\u003cproduct appendorder\u003d\"5\" class\u003d\"extraction-tag\" confidence\u003d\"1/1\" data-original-title\u003d\"construction_type\" data-toggle\u003d\"tooltip\" data-value\u003d\"web hosting for the 4th quarter of 2007 - $10 per month\" fold-name\u003d\"fold3\" injection\u003d\"true\" referencedatausedininjection\u003d\"manual\" score\u003d\"0.6704642590917146\" style\u003d\"background-color: rgb(78, 135, 105);  color: rgb(0, 0, 0);   border: 2px solid rgb(125, 157, 1); \" tagorder\u003d\"5959855\"\u003eweb hosting for the 4th quarter of 2007 - $10 per month\u003c/product\u003e\u003c/line\u003e  \u003c/par\u003e  \u003c/text\u003e  \u003c/td\u003e   \u003ctd colspan\u003d\"2\" h\u003d\"760\" w\u003d\"241\"\u003e \u003ctext xmlns\u003d\"http://ocr.crowdcomputingsystems.com/xml/schema-v1.xml\"\u003e \u003cpar align\u003d\"Right\" linespacing\u003d\"720\"\u003e \u003cline b\u003d\"719\" baseline\u003d\"719\" l\u003d\"908\" r\u003d\"953\" t\u003d\"704\"\u003e\u003cprice appendorder\u003d\"5\" class\u003d\"extraction-tag\" confidence\u003d\"1/1\" data-original-title\u003d\"construction_type\" data-toggle\u003d\"tooltip\" data-value\u003d\"30.00\" fold-name\u003d\"fold2\" injection\u003d\"true\" referencedatausedininjection\u003d\"manual\" score\u003d\"0.4746869150753951\" style\u003d\"background-color: rgb(140, 250, 187);  color: rgb(0, 0, 0);   border: 2px solid rgb(125, 157, 1); \" tagorder\u003d\"2703343\"\u003e30.00\u003c/price\u003e\u003c/line\u003e  \u003c/par\u003e  \u003c/text\u003e  \u003c/td\u003e   \u003ctd h\u003d\"760\" w\u003d\"243\"\u003e \u003ctext xmlns\u003d\"http://ocr.crowdcomputingsystems.com/xml/schema-v1.xml\"\u003e \u003cpar align\u003d\"Right\" linespacing\u003d\"720\" rightindent\u003d\"900\"\u003e \u003cline b\u003d\"719\" baseline\u003d\"719\" l\u003d\"1139\" r\u003d\"1184\" t\u003d\"704\"\u003e \u003cformatting lang\u003d\"EnglishUnitedStates\"\u003e 30.00 \u003c/formatting\u003e  \u003c/line\u003e  \u003c/par\u003e  \u003c/text\u003e  \u003c/td\u003e   \u003c/tr\u003e \n \u003ctr\u003e \u003ctd colspan\u003d\"2\" h\u003d\"67\" w\u003d\"713\"\u003e \u003ctext xmlns\u003d\"http://ocr.crowdcomputingsystems.com/xml/schema-v1.xml\"\u003e \u003cpar linespacing\u003d\"-1\"\u003e\u003c/par\u003e  \u003c/text\u003e  \u003c/td\u003e   \u003ctd colspan\u003d\"2\" h\u003d\"67\" w\u003d\"414\"\u003e \u003ctext xmlns\u003d\"http://ocr.crowdcomputingsystems.com/xml/schema-v1.xml\"\u003e \u003cpar align\u003d\"Justified\" leftindent\u003d\"1200\" linespacing\u003d\"1340\"\u003e \u003cline b\u003d\"1508\" baseline\u003d\"1503\" l\u003d\"814\" r\u003d\"1184\" t\u003d\"1475\"\u003e \u003cformatting lang\u003d\"EnglishUnitedStates\"\u003e Total $\u003ctotal_amount appendorder\u003d\"12\" class\u003d\"extraction-tag\" confidence\u003d\"1/1\" data-original-title\u003d\"Total amount\" data-toggle\u003d\"tooltip\" data-value\u003d\"30.00\" fold-name\u003d\"fold5\" score\u003d\"0.8017583709966444\" style\u003d\"background-color: rgb(27, 182, 226);  color: rgb(0, 0, 0);   border: 2px solid rgb(125, 157, 1); \" tagorder\u003d\"8\"\u003e30.00\u003c/total_amount\u003e \u003c/formatting\u003e  \u003c/line\u003e  \u003c/par\u003e  \u003c/text\u003e  \u003c/td\u003e   \u003c/tr\u003e \n \u003c/tbody\u003e\u003c/table\u003e\n \u003cblock b\u003d\"1654\" blockname\u003d\"\" blocktype\u003d\"SeparatorsBox\" class\u003d\"hidden\" l\u003d\"0\" r\u003d\"1279\" style\u003d\"transform: translate(0px, 0px); position: absolute;\" t\u003d\"0\"\u003e \u003cregion\u003e \u003crect b\u003d\"2\" l\u003d\"0\" r\u003d\"1279\" t\u003d\"0\"\u003e\u003c/rect\u003e  \u003crect b\u003d\"1652\" l\u003d\"0\" r\u003d\"1279\" t\u003d\"2\"\u003e\u003c/rect\u003e  \u003crect b\u003d\"1654\" l\u003d\"0\" r\u003d\"1279\" t\u003d\"1652\"\u003e\u003c/rect\u003e  \u003c/region\u003e  \u003cseparatorsbox\u003e \u003cseparator thickness\u003d\"2\" type\u003d\"Black\"\u003e \u003cstart x\u003d\"0\" y\u003d\"1\"\u003e\u003c/start\u003e \u003cend x\u003d\"1279\" y\u003d\"1\"\u003e\u003c/end\u003e \u003c/separator\u003e \u003cseparator thickness\u003d\"2\" type\u003d\"Black\"\u003e \u003cstart x\u003d\"0\" y\u003d\"1653\"\u003e\u003c/start\u003e \u003cend x\u003d\"1279\" y\u003d\"1653\"\u003e\u003c/end\u003e \u003c/separator\u003e \u003cseparator thickness\u003d\"2\" type\u003d\"Black\"\u003e \u003cstart x\u003d\"1\" y\u003d\"0\"\u003e\u003c/start\u003e \u003cend x\u003d\"1\" y\u003d\"1654\"\u003e\u003c/end\u003e \u003c/separator\u003e \u003cseparator thickness\u003d\"2\" type\u003d\"Black\"\u003e \u003cstart x\u003d\"1278\" y\u003d\"0\"\u003e\u003c/start\u003e \u003cend x\u003d\"1278\" y\u003d\"1654\"\u003e\u003c/end\u003e \u003c/separator\u003e \u003c/separatorsbox\u003e \u003c/block\u003e  \u003cblock b\u003d\"144\" blockname\u003d\"\" blocktype\u003d\"Separator\" l\u003d\"920\" r\u003d\"1203\" style\u003d\"transform: translate(1011px, 122px); position: absolute;\" t\u003d\"141\"\u003e \u003cregion\u003e \u003crect b\u003d\"144\" l\u003d\"920\" r\u003d\"1203\" t\u003d\"141\"\u003e\u003c/rect\u003e  \u003c/region\u003e  \u003cseparator thickness\u003d\"3\" type\u003d\"Black\"\u003e \u003cstart x\u003d\"920\" y\u003d\"142\"\u003e\u003c/start\u003e \u003cend x\u003d\"1203\" y\u003d\"142\"\u003e\u003c/end\u003e \u003c/separator\u003e \u003c/block\u003e  \u003cblock b\u003d\"191\" blockname\u003d\"\" blocktype\u003d\"Separator\" l\u003d\"920\" r\u003d\"1203\" style\u003d\"transform: translate(1011px, 163px); position: absolute;\" t\u003d\"188\"\u003e \u003cregion\u003e \u003crect b\u003d\"191\" l\u003d\"920\" r\u003d\"1203\" t\u003d\"188\"\u003e\u003c/rect\u003e  \u003c/region\u003e  \u003cseparator thickness\u003d\"3\" type\u003d\"Black\"\u003e \u003cstart x\u003d\"920\" y\u003d\"189\"\u003e\u003c/start\u003e \u003cend x\u003d\"1203\" y\u003d\"189\"\u003e\u003c/end\u003e \u003c/separator\u003e \u003c/block\u003e  \u003cblock b\u003d\"238\" blockname\u003d\"\" blocktype\u003d\"Separator\" l\u003d\"920\" r\u003d\"1203\" style\u003d\"transform: translate(1011px, 204px); position: absolute;\" t\u003d\"235\"\u003e \u003cregion\u003e \u003crect b\u003d\"238\" l\u003d\"920\" r\u003d\"1203\" t\u003d\"235\"\u003e\u003c/rect\u003e  \u003c/region\u003e  \u003cseparator thickness\u003d\"3\" type\u003d\"Black\"\u003e \u003cstart x\u003d\"920\" y\u003d\"236\"\u003e\u003c/start\u003e \u003cend x\u003d\"1203\" y\u003d\"236\"\u003e\u003c/end\u003e \u003c/separator\u003e \u003c/block\u003e  \u003cblock b\u003d\"275\" blockname\u003d\"\" blocktype\u003d\"Separator\" l\u003d\"113\" r\u003d\"631\" style\u003d\"transform: translate(124px, 237px); position: absolute;\" t\u003d\"273\"\u003e \u003cregion\u003e \u003crect b\u003d\"275\" l\u003d\"113\" r\u003d\"631\" t\u003d\"273\"\u003e\u003c/rect\u003e  \u003c/region\u003e  \u003cseparator thickness\u003d\"2\" type\u003d\"Black\"\u003e \u003cstart x\u003d\"113\" y\u003d\"274\"\u003e\u003c/start\u003e \u003cend x\u003d\"631\" y\u003d\"274\"\u003e\u003c/end\u003e \u003c/separator\u003e \u003c/block\u003e  \u003cblock b\u003d\"322\" blockname\u003d\"\" blocktype\u003d\"Separator\" l\u003d\"113\" r\u003d\"631\" style\u003d\"transform: translate(124px, 277px); position: absolute;\" t\u003d\"320\"\u003e \u003cregion\u003e \u003crect b\u003d\"322\" l\u003d\"113\" r\u003d\"631\" t\u003d\"320\"\u003e\u003c/rect\u003e  \u003c/region\u003e  \u003cseparator thickness\u003d\"2\" type\u003d\"Black\"\u003e \u003cstart x\u003d\"113\" y\u003d\"321\"\u003e\u003c/start\u003e \u003cend x\u003d\"631\" y\u003d\"321\"\u003e\u003c/end\u003e \u003c/separator\u003e \u003c/block\u003e  \u003cblock b\u003d\"500\" blockname\u003d\"\" blocktype\u003d\"Separator\" l\u003d\"113\" r\u003d\"631\" style\u003d\"transform: translate(124px, 432px); position: absolute;\" t\u003d\"498\"\u003e \u003cregion\u003e \u003crect b\u003d\"500\" l\u003d\"113\" r\u003d\"631\" t\u003d\"498\"\u003e\u003c/rect\u003e  \u003c/region\u003e  \u003cseparator thickness\u003d\"2\" type\u003d\"Black\"\u003e \u003cstart x\u003d\"113\" y\u003d\"499\"\u003e\u003c/start\u003e \u003cend x\u003d\"631\" y\u003d\"499\"\u003e\u003c/end\u003e \u003c/separator\u003e \u003c/block\u003e  \u003cblock b\u003d\"556\" blockname\u003d\"\" blocktype\u003d\"Separator\" l\u003d\"423\" r\u003d\"1203\" style\u003d\"transform: translate(465px, 480px); position: absolute;\" t\u003d\"554\"\u003e \u003cregion\u003e \u003crect b\u003d\"556\" l\u003d\"423\" r\u003d\"1203\" t\u003d\"554\"\u003e\u003c/rect\u003e  \u003c/region\u003e  \u003cseparator thickness\u003d\"2\" type\u003d\"Black\"\u003e \u003cstart x\u003d\"423\" y\u003d\"555\"\u003e\u003c/start\u003e \u003cend x\u003d\"1203\" y\u003d\"555\"\u003e\u003c/end\u003e \u003c/separator\u003e \u003c/block\u003e  \u003cblock b\u003d\"604\" blockname\u003d\"\" blocktype\u003d\"Separator\" l\u003d\"423\" r\u003d\"1203\" style\u003d\"transform: translate(465px, 521px); position: absolute;\" t\u003d\"601\"\u003e \u003cregion\u003e \u003crect b\u003d\"604\" l\u003d\"423\" r\u003d\"1203\" t\u003d\"601\"\u003e\u003c/rect\u003e  \u003c/region\u003e  \u003cseparator thickness\u003d\"3\" type\u003d\"Black\"\u003e \u003cstart x\u003d\"423\" y\u003d\"602\"\u003e\u003c/start\u003e \u003cend x\u003d\"1203\" y\u003d\"602\"\u003e\u003c/end\u003e \u003c/separator\u003e \u003c/block\u003e  \u003cblock b\u003d\"650\" blockname\u003d\"\" blocktype\u003d\"Separator\" l\u003d\"76\" r\u003d\"1203\" style\u003d\"transform: translate(84px, 561px); position: absolute;\" t\u003d\"647\"\u003e \u003cregion\u003e \u003crect b\u003d\"650\" l\u003d\"76\" r\u003d\"1203\" t\u003d\"647\"\u003e\u003c/rect\u003e  \u003c/region\u003e  \u003cseparator thickness\u003d\"3\" type\u003d\"Black\"\u003e \u003cstart x\u003d\"76\" y\u003d\"648\"\u003e\u003c/start\u003e \u003cend x\u003d\"1203\" y\u003d\"648\"\u003e\u003c/end\u003e \u003c/separator\u003e \u003c/block\u003e  \u003cblock b\u003d\"697\" blockname\u003d\"\" blocktype\u003d\"Separator\" l\u003d\"76\" r\u003d\"1203\" style\u003d\"transform: translate(84px, 601px); position: absolute;\" t\u003d\"694\"\u003e \u003cregion\u003e \u003crect b\u003d\"697\" l\u003d\"76\" r\u003d\"1203\" t\u003d\"694\"\u003e\u003c/rect\u003e  \u003c/region\u003e  \u003cseparator thickness\u003d\"3\" type\u003d\"Black\"\u003e \u003cstart x\u003d\"76\" y\u003d\"695\"\u003e\u003c/start\u003e \u003cend x\u003d\"1203\" y\u003d\"695\"\u003e\u003c/end\u003e \u003c/separator\u003e \u003c/block\u003e  \u003cblock b\u003d\"1457\" blockname\u003d\"\" blocktype\u003d\"Separator\" l\u003d\"76\" r\u003d\"1203\" style\u003d\"transform: translate(84px, 1260px); position: absolute;\" t\u003d\"1454\"\u003e \u003cregion\u003e \u003crect b\u003d\"1457\" l\u003d\"76\" r\u003d\"1203\" t\u003d\"1454\"\u003e\u003c/rect\u003e  \u003c/region\u003e  \u003cseparator thickness\u003d\"3\" type\u003d\"Black\"\u003e \u003cstart x\u003d\"76\" y\u003d\"1455\"\u003e\u003c/start\u003e \u003cend x\u003d\"1203\" y\u003d\"1455\"\u003e\u003c/end\u003e \u003c/separator\u003e \u003c/block\u003e  \u003cblock b\u003d\"1522\" blockname\u003d\"\" blocktype\u003d\"Separator\" l\u003d\"76\" r\u003d\"1203\" style\u003d\"transform: translate(84px, 1317px); position: absolute;\" t\u003d\"1520\"\u003e \u003cregion\u003e \u003crect b\u003d\"1522\" l\u003d\"76\" r\u003d\"1203\" t\u003d\"1520\"\u003e\u003c/rect\u003e  \u003c/region\u003e  \u003cseparator thickness\u003d\"2\" type\u003d\"Black\"\u003e \u003cstart x\u003d\"76\" y\u003d\"1521\"\u003e\u003c/start\u003e \u003cend x\u003d\"1203\" y\u003d\"1521\"\u003e\u003c/end\u003e \u003c/separator\u003e \u003c/block\u003e  \u003cblock b\u003d\"1522\" blockname\u003d\"\" blocktype\u003d\"Separator\" l\u003d\"76\" r\u003d\"78\" style\u003d\"transform: translate(84px, 562px); position: absolute;\" t\u003d\"648\"\u003e \u003cregion\u003e \u003crect b\u003d\"1522\" l\u003d\"76\" r\u003d\"78\" t\u003d\"648\"\u003e\u003c/rect\u003e  \u003c/region\u003e  \u003cseparator thickness\u003d\"2\" type\u003d\"Black\"\u003e \u003cstart x\u003d\"77\" y\u003d\"648\"\u003e\u003c/start\u003e \u003cend x\u003d\"77\" y\u003d\"1522\"\u003e\u003c/end\u003e \u003c/separator\u003e \u003c/block\u003e  \u003cblock b\u003d\"500\" blockname\u003d\"\" blocktype\u003d\"Separator\" l\u003d\"113\" r\u003d\"116\" style\u003d\"transform: translate(124px, 237px); position: absolute;\" t\u003d\"273\"\u003e \u003cregion\u003e \u003crect b\u003d\"500\" l\u003d\"113\" r\u003d\"116\" t\u003d\"273\"\u003e\u003c/rect\u003e  \u003c/region\u003e  \u003cseparator thickness\u003d\"3\" type\u003d\"Black\"\u003e \u003cstart x\u003d\"114\" y\u003d\"273\"\u003e\u003c/start\u003e \u003cend x\u003d\"114\" y\u003d\"500\"\u003e\u003c/end\u003e \u003c/separator\u003e \u003c/block\u003e  \u003cblock b\u003d\"650\" blockname\u003d\"\" blocktype\u003d\"Separator\" l\u003d\"423\" r\u003d\"425\" style\u003d\"transform: translate(465px, 480px); position: absolute;\" t\u003d\"554\"\u003e \u003cregion\u003e \u003crect b\u003d\"650\" l\u003d\"423\" r\u003d\"425\" t\u003d\"554\"\u003e\u003c/rect\u003e  \u003c/region\u003e  \u003cseparator thickness\u003d\"2\" type\u003d\"Black\"\u003e \u003cstart x\u003d\"424\" y\u003d\"554\"\u003e\u003c/start\u003e \u003cend x\u003d\"424\" y\u003d\"650\"\u003e\u003c/end\u003e \u003c/separator\u003e \u003c/block\u003e  \u003cblock b\u003d\"650\" blockname\u003d\"\" blocktype\u003d\"Separator\" l\u003d\"601\" r\u003d\"604\" style\u003d\"transform: translate(661px, 480px); position: absolute;\" t\u003d\"554\"\u003e \u003cregion\u003e \u003crect b\u003d\"650\" l\u003d\"601\" r\u003d\"604\" t\u003d\"554\"\u003e\u003c/rect\u003e  \u003c/region\u003e  \u003cseparator thickness\u003d\"3\" type\u003d\"Black\"\u003e \u003cstart x\u003d\"602\" y\u003d\"554\"\u003e\u003c/start\u003e \u003cend x\u003d\"602\" y\u003d\"650\"\u003e\u003c/end\u003e \u003c/separator\u003e \u003c/block\u003e  \u003cblock b\u003d\"500\" blockname\u003d\"\" blocktype\u003d\"Separator\" l\u003d\"629\" r\u003d\"631\" style\u003d\"transform: translate(691px, 237px); position: absolute;\" t\u003d\"273\"\u003e \u003cregion\u003e \u003crect b\u003d\"500\" l\u003d\"629\" r\u003d\"631\" t\u003d\"273\"\u003e\u003c/rect\u003e  \u003c/region\u003e  \u003cseparator thickness\u003d\"2\" type\u003d\"Black\"\u003e \u003cstart x\u003d\"630\" y\u003d\"273\"\u003e\u003c/start\u003e \u003cend x\u003d\"630\" y\u003d\"500\"\u003e\u003c/end\u003e \u003c/separator\u003e \u003c/block\u003e  \u003cblock b\u003d\"1457\" blockname\u003d\"\" blocktype\u003d\"Separator\" l\u003d\"718\" r\u003d\"721\" style\u003d\"transform: translate(789px, 561px); position: absolute;\" t\u003d\"647\"\u003e \u003cregion\u003e \u003crect b\u003d\"1457\" l\u003d\"718\" r\u003d\"721\" t\u003d\"647\"\u003e\u003c/rect\u003e  \u003c/region\u003e  \u003cseparator thickness\u003d\"3\" type\u003d\"Black\"\u003e \u003cstart x\u003d\"719\" y\u003d\"647\"\u003e\u003c/start\u003e \u003cend x\u003d\"719\" y\u003d\"1457\"\u003e\u003c/end\u003e \u003c/separator\u003e \u003c/block\u003e  \u003cblock b\u003d\"650\" blockname\u003d\"\" blocktype\u003d\"Separator\" l\u003d\"779\" r\u003d\"782\" style\u003d\"transform: translate(856px, 480px); position: absolute;\" t\u003d\"554\"\u003e \u003cregion\u003e \u003crect b\u003d\"650\" l\u003d\"779\" r\u003d\"782\" t\u003d\"554\"\u003e\u003c/rect\u003e  \u003c/region\u003e  \u003cseparator thickness\u003d\"3\" type\u003d\"Black\"\u003e \u003cstart x\u003d\"780\" y\u003d\"554\"\u003e\u003c/start\u003e \u003cend x\u003d\"780\" y\u003d\"650\"\u003e\u003c/end\u003e \u003c/separator\u003e \u003c/block\u003e  \u003cblock b\u003d\"1522\" blockname\u003d\"\" blocktype\u003d\"Separator\" l\u003d\"788\" r\u003d\"791\" style\u003d\"transform: translate(866px, 1260px); position: absolute;\" t\u003d\"1454\"\u003e \u003cregion\u003e \u003crect b\u003d\"1522\" l\u003d\"788\" r\u003d\"791\" t\u003d\"1454\"\u003e\u003c/rect\u003e  \u003c/region\u003e  \u003cseparator thickness\u003d\"3\" type\u003d\"Black\"\u003e \u003cstart x\u003d\"789\" y\u003d\"1454\"\u003e\u003c/start\u003e \u003cend x\u003d\"789\" y\u003d\"1522\"\u003e\u003c/end\u003e \u003c/separator\u003e \u003c/block\u003e  \u003cblock b\u003d\"238\" blockname\u003d\"\" blocktype\u003d\"Separator\" l\u003d\"920\" r\u003d\"922\" style\u003d\"transform: translate(1011px, 122px); position: absolute;\" t\u003d\"141\"\u003e \u003cregion\u003e \u003crect b\u003d\"238\" l\u003d\"920\" r\u003d\"922\" t\u003d\"141\"\u003e\u003c/rect\u003e  \u003c/region\u003e  \u003cseparator thickness\u003d\"2\" type\u003d\"Black\"\u003e \u003cstart x\u003d\"921\" y\u003d\"141\"\u003e\u003c/start\u003e \u003cend x\u003d\"921\" y\u003d\"238\"\u003e\u003c/end\u003e \u003c/separator\u003e \u003c/block\u003e  \u003cblock b\u003d\"1457\" blockname\u003d\"\" blocktype\u003d\"Separator\" l\u003d\"959\" r\u003d\"962\" style\u003d\"transform: translate(1054px, 561px); position: absolute;\" t\u003d\"647\"\u003e \u003cregion\u003e \u003crect b\u003d\"1457\" l\u003d\"959\" r\u003d\"962\" t\u003d\"647\"\u003e\u003c/rect\u003e  \u003c/region\u003e  \u003cseparator thickness\u003d\"3\" type\u003d\"Black\"\u003e \u003cstart x\u003d\"960\" y\u003d\"647\"\u003e\u003c/start\u003e \u003cend x\u003d\"960\" y\u003d\"1457\"\u003e\u003c/end\u003e \u003c/separator\u003e \u003c/block\u003e  \u003cblock b\u003d\"650\" blockname\u003d\"\" blocktype\u003d\"Separator\" l\u003d\"966\" r\u003d\"969\" style\u003d\"transform: translate(1062px, 480px); position: absolute;\" t\u003d\"554\"\u003e \u003cregion\u003e \u003crect b\u003d\"650\" l\u003d\"966\" r\u003d\"969\" t\u003d\"554\"\u003e\u003c/rect\u003e  \u003c/region\u003e  \u003cseparator thickness\u003d\"3\" type\u003d\"Black\"\u003e \u003cstart x\u003d\"967\" y\u003d\"554\"\u003e\u003c/start\u003e \u003cend x\u003d\"967\" y\u003d\"650\"\u003e\u003c/end\u003e \u003c/separator\u003e \u003c/block\u003e  \u003cblock b\u003d\"238\" blockname\u003d\"\" blocktype\u003d\"Separator\" l\u003d\"1051\" r\u003d\"1054\" style\u003d\"transform: translate(1155px, 122px); position: absolute;\" t\u003d\"141\"\u003e \u003cregion\u003e \u003crect b\u003d\"238\" l\u003d\"1051\" r\u003d\"1054\" t\u003d\"141\"\u003e\u003c/rect\u003e  \u003c/region\u003e  \u003cseparator thickness\u003d\"3\" type\u003d\"Black\"\u003e \u003cstart x\u003d\"1052\" y\u003d\"141\"\u003e\u003c/start\u003e \u003cend x\u003d\"1052\" y\u003d\"238\"\u003e\u003c/end\u003e \u003c/separator\u003e \u003c/block\u003e  \u003cblock b\u003d\"238\" blockname\u003d\"\" blocktype\u003d\"Separator\" l\u003d\"1201\" r\u003d\"1203\" style\u003d\"transform: translate(1320px, 122px); position: absolute;\" t\u003d\"141\"\u003e \u003cregion\u003e \u003crect b\u003d\"238\" l\u003d\"1201\" r\u003d\"1203\" t\u003d\"141\"\u003e\u003c/rect\u003e  \u003c/region\u003e  \u003cseparator thickness\u003d\"2\" type\u003d\"Black\"\u003e \u003cstart x\u003d\"1202\" y\u003d\"141\"\u003e\u003c/start\u003e \u003cend x\u003d\"1202\" y\u003d\"238\"\u003e\u003c/end\u003e \u003c/separator\u003e \u003c/block\u003e  \u003cblock b\u003d\"1522\" blockname\u003d\"\" blocktype\u003d\"Separator\" l\u003d\"1201\" r\u003d\"1203\" style\u003d\"transform: translate(1320px, 480px); position: absolute;\" t\u003d\"554\"\u003e \u003cregion\u003e \u003crect b\u003d\"1522\" l\u003d\"1201\" r\u003d\"1203\" t\u003d\"554\"\u003e\u003c/rect\u003e  \u003c/region\u003e  \u003cseparator thickness\u003d\"2\" type\u003d\"Black\"\u003e \u003cstart x\u003d\"1202\" y\u003d\"554\"\u003e\u003c/start\u003e \u003cend x\u003d\"1202\" y\u003d\"1522\"\u003e\u003c/end\u003e \u003c/separator\u003e \u003c/block\u003e  \u003c/page\u003e     \u003c/document\u003e\u003c/body\u003e\u003c/html\u003e","tags":[{"begin":172,"end":182,"text":"10/15/2007","tag":"invoice_date","fieldType":"DATE","score":0.5449004737736024,"estimatedAccuracy":0.0},{"begin":574,"end":629,"text":"web hosting for the 4th quarter of 2007 - $10 per month","tag":"product","fieldType":"TEXT","score":0.6704642590917146,"estimatedAccuracy":0.0},{"begin":641,"end":646,"text":"30.00","tag":"price","fieldType":"NUMBER","score":0.4746869150753951,"estimatedAccuracy":0.0},{"begin":702,"end":707,"text":"30.00","tag":"total_amount","fieldType":"NUMBER","score":0.8017583709966444,"estimatedAccuracy":0.0}],"group":"invoice_date|price|product|total_amount","limeExplanation":{},"liblinearFeatureImportance":{}}