{"finalScore":0.7275604687575138,"metaInfo":{"model":{"coreVersion":"10.3.0.39"}},"sumScore":5.092923281302596,"tagsCounter":7.0,"taggedText":"\u003chtml\u003e\u003chead\u003e\u003cscript src\u003d\"https://ajax.googleapis.com/ajax/libs/jquery/2.2.0/jquery.min.js\"\u003e\u003c/script\u003e\u003c/head\u003e\u003cbody\u003e\u003cdocument languages\u003d\"\" producer\u003d\"Workfusion\" schemalocation\u003d\"http://ocr.crowdcomputingsystems.com/xml/schema-v1.xml\" version\u003d\"1.0\" xmlns\u003d\"http://ocr.crowdcomputingsystems.com/xml/schema-v1.xml\" xsi\u003d\"http://www.w3.org/2001/XMLSchema-instance\"\u003e \u003clink href\u003d\"https://s3.amazonaws.com/workfusion-resources/ocr/ocr-xml-viewer-0.3-scale-to-width.css\" rel\u003d\"stylesheet\" type\u003d\"text/css\"\u003e\u003c/link\u003e \u003cstyle\u003e\u003c/style\u003e\u003cpage data-pages\u003d\"1\" h\u003d\"624\" resolution\u003d\"96\" style\u003d\"height: 542px;\" w\u003d\"783\"\u003e \u003cblock b\u003d\"117\" blockname\u003d\"\" blocktype\u003d\"Text\" l\u003d\"31\" r\u003d\"195\" style\u003d\"transform: translate(56px, 46px); position: absolute; width: 294.488px; height: 112.396px;\" t\u003d\"34\"\u003e \u003cregion\u003e \u003crect b\u003d\"117\" l\u003d\"31\" r\u003d\"195\" t\u003d\"34\"\u003e\u003c/rect\u003e  \u003c/region\u003e  \u003ctext\u003e \u003cpar align\u003d\"Justified\" linespacing\u003d\"1275\"\u003e \u003cline b\u003d\"48\" baseline\u003d\"45\" l\u003d\"33\" r\u003d\"131\" style\u003d\"transform: translate(4px, 1px); position: absolute;\" t\u003d\"35\"\u003e \u003cformatting lang\u003d\"EnglishUnitedStates\"\u003e \u003csupplier_name appendorder\u003d\"3\" class\u003d\"extraction-tag\" confidence\u003d\"1/1\" data-original-title\u003d\"Supplier name\" data-toggle\u003d\"tooltip\" data-value\u003d\"VerNerking, lnc.\" fold-name\u003d\"fold4\" score\u003d\"0.6104911562652993\" style\u003d\"background-color: rgb(88, 50, 166);  color: rgb(255, 255, 255);   border: 2px solid rgb(125, 157, 1); \" tagorder\u003d\"1\"\u003eVerNerking, lnc.\u003c/supplier_name\u003e \u003c/formatting\u003e  \u003c/line\u003e  \u003c/par\u003e  \u003cpar linespacing\u003d\"1275\"\u003e \u003cline b\u003d\"62\" baseline\u003d\"62\" l\u003d\"33\" r\u003d\"162\" style\u003d\"transform: translate(4px, 24px); position: absolute;\" t\u003d\"52\"\u003e \u003cformatting lang\u003d\"EnglishUnitedStates\"\u003e 2180 Folsom Street \u003c/formatting\u003e  \u003c/line\u003e  \u003cline b\u003d\"80\" baseline\u003d\"79\" l\u003d\"33\" r\u003d\"74\" style\u003d\"transform: translate(4px, 47px); position: absolute;\" t\u003d\"69\"\u003e \u003cformatting lang\u003d\"EnglishUnitedStates\"\u003e 3rd FI. \u003c/formatting\u003e  \u003c/line\u003e  \u003c/par\u003e  \u003cpar linespacing\u003d\"1275\"\u003e \u003cline b\u003d\"98\" baseline\u003d\"97\" l\u003d\"33\" r\u003d\"192\" style\u003d\"transform: translate(4px, 72px); position: absolute;\" t\u003d\"87\"\u003e \u003cformatting lang\u003d\"EnglishUnitedStates\"\u003e San Francisco CA 94110 \u003c/formatting\u003e  \u003c/line\u003e  \u003cline b\u003d\"115\" baseline\u003d\"114\" l\u003d\"33\" r\u003d\"122\" style\u003d\"transform: translate(4px, 95px); position: absolute;\" t\u003d\"104\"\u003e \u003cformatting lang\u003d\"EnglishUnitedStates\"\u003e United States \u003c/formatting\u003e  \u003c/line\u003e  \u003c/par\u003e  \u003c/text\u003e  \u003c/block\u003e  \u003cblock b\u003d\"151\" blockname\u003d\"\" blocktype\u003d\"Text\" l\u003d\"319\" r\u003d\"494\" style\u003d\"transform: translate(573px, 43px); position: absolute; width: 314.24px; height: 161.146px;\" t\u003d\"32\"\u003e \u003cregion\u003e \u003crect b\u003d\"151\" l\u003d\"319\" r\u003d\"494\" t\u003d\"32\"\u003e\u003c/rect\u003e  \u003c/region\u003e  \u003ctext\u003e \u003cpar linespacing\u003d\"-1\"\u003e\u003c/par\u003e  \u003c/text\u003e  \u003c/block\u003e  \u003cblock b\u003d\"93\" blockname\u003d\"\" blocktype\u003d\"Text\" l\u003d\"629\" r\u003d\"742\" style\u003d\"transform: translate(1129px, 58px); position: absolute; width: 202.909px; height: 67.7083px;\" t\u003d\"43\"\u003e \u003cregion\u003e \u003crect b\u003d\"93\" l\u003d\"629\" r\u003d\"742\" t\u003d\"43\"\u003e\u003c/rect\u003e  \u003c/region\u003e  \u003ctext\u003e \u003cpar linespacing\u003d\"-1\"\u003e\u003c/par\u003e  \u003c/text\u003e  \u003c/block\u003e  \u003cblock b\u003d\"266\" blockname\u003d\"\" blocktype\u003d\"Text\" l\u003d\"30\" r\u003d\"217\" style\u003d\"transform: translate(54px, 267px); position: absolute; width: 335.788px; height: 93.4375px;\" t\u003d\"197\"\u003e \u003cregion\u003e \u003crect b\u003d\"266\" l\u003d\"30\" r\u003d\"217\" t\u003d\"197\"\u003e\u003c/rect\u003e  \u003c/region\u003e  \u003ctext\u003e \u003cpar linespacing\u003d\"1275\"\u003e \u003cline b\u003d\"244\" baseline\u003d\"243\" l\u003d\"33\" r\u003d\"122\" style\u003d\"transform: translate(5px, 49px); position: absolute;\" t\u003d\"233\"\u003e \u003cformatting lang\u003d\"EnglishUnitedStates\"\u003e United States \u003c/formatting\u003e  \u003c/line\u003e  \u003c/par\u003e  \u003cpar linespacing\u003d\"1275\"\u003e \u003cline b\u003d\"264\" baseline\u003d\"261\" l\u003d\"33\" r\u003d\"212\" style\u003d\"transform: translate(5px, 73px); position: absolute;\" t\u003d\"251\"\u003e \u003cformatting lang\u003d\"EnglishUnitedStates\"\u003e \u003cemail appendorder\u003d\"6\" class\u003d\"extraction-tag\" confidence\u003d\"1/1\" data-original-title\u003d\"email\" data-toggle\u003d\"tooltip\" data-value\u003d\"example.email@email.com\" fold-name\u003d\"fold3\" score\u003d\"0.8724535984535665\" style\u003d\"background-color: rgb(4, 0, 38);  color: rgb(255, 255, 255);   border: 2px solid rgb(125, 157, 1); \" tagorder\u003d\"444\"\u003eexample.email@email.com\u003c/email\u003e \u003c/formatting\u003e  \u003c/line\u003e  \u003c/par\u003e  \u003c/text\u003e  \u003c/block\u003e  \u003cblock b\u003d\"251\" blockname\u003d\"\" blocktype\u003d\"Text\" l\u003d\"435\" r\u003d\"749\" style\u003d\"transform: translate(781px, 276px); position: absolute; width: 563.837px; height: 63.6458px;\" t\u003d\"204\"\u003e \u003cregion\u003e \u003crect b\u003d\"251\" l\u003d\"435\" r\u003d\"749\" t\u003d\"204\"\u003e\u003c/rect\u003e  \u003c/region\u003e  \u003ctext\u003e \u003cpar align\u003d\"Justified\" linespacing\u003d\"2325\"\u003e \u003cline b\u003d\"216\" baseline\u003d\"215\" l\u003d\"439\" r\u003d\"743\" style\u003d\"transform: translate(7px, 1px); position: absolute;\" t\u003d\"205\"\u003e \u003cformatting lang\u003d\"EnglishUnitedStates\"\u003e Invoice # \u003cinvoice_number appendorder\u003d\"10\" class\u003d\"extraction-tag\" confidence\u003d\"1/1\" data-original-title\u003d\"Invoice number\" data-toggle\u003d\"tooltip\" data-value\u003d\"5748cbeaa3ael75f50f492dl\" fold-name\u003d\"fold2\" score\u003d\"0.7928727579858291\" style\u003d\"background-color: rgb(0, 83, 98);  color: rgb(255, 255, 255);   border: 2px solid rgb(125, 157, 1); \" tagorder\u003d\"6\"\u003e5748cbeaa3ael75f50f492dl\u003c/invoice_number\u003e \u003c/formatting\u003e  \u003c/line\u003e  \u003cline b\u003d\"249\" baseline\u003d\"246\" l\u003d\"439\" r\u003d\"744\" style\u003d\"transform: translate(7px, 43px); position: absolute;\" t\u003d\"236\"\u003e \u003cformatting lang\u003d\"EnglishUnitedStates\"\u003e Invoice Date \u003cinvoice_date appendorder\u003d\"11\" class\u003d\"extraction-tag\" confidence\u003d\"1/1\" data-original-title\u003d\"Invoice date\" data-toggle\u003d\"tooltip\" data-value\u003d\"May 27, 2016\" fold-name\u003d\"fold4\" score\u003d\"0.7690013340055025\" style\u003d\"background-color: rgb(17, 18, 43);  color: rgb(255, 255, 255);   border: 2px solid rgb(125, 157, 1); \" tagorder\u003d\"7\"\u003eMay 27, 2016\u003c/invoice_date\u003e \u003c/formatting\u003e  \u003c/line\u003e  \u003c/par\u003e  \u003c/text\u003e  \u003c/block\u003e  \u003cblock b\u003d\"269\" blockname\u003d\"\" blocktype\u003d\"Text\" l\u003d\"427\" r\u003d\"437\" style\u003d\"transform: translate(767px, 347px); position: absolute; width: 17.9566px; height: 17.6042px;\" t\u003d\"256\"\u003e \u003cregion\u003e \u003crect b\u003d\"269\" l\u003d\"427\" r\u003d\"437\" t\u003d\"256\"\u003e\u003c/rect\u003e  \u003c/region\u003e  \u003ctext\u003e \u003cpar linespacing\u003d\"980\"\u003e \u003cline b\u003d\"269\" baseline\u003d\"269\" l\u003d\"431\" r\u003d\"437\" style\u003d\"transform: translate(7px, 0px); position: absolute;\" t\u003d\"256\"\u003e \u003cformatting lang\u003d\"EnglishUnitedStates\"\u003e r \u003c/formatting\u003e  \u003c/line\u003e  \u003c/par\u003e  \u003c/text\u003e  \u003c/block\u003e  \u003cblock b\u003d\"282\" blockname\u003d\"\" blocktype\u003d\"Text\" l\u003d\"437\" r\u003d\"584\" style\u003d\"transform: translate(785px, 360px); position: absolute; width: 263.962px; height: 21.6667px;\" t\u003d\"266\"\u003e \u003cregion\u003e \u003crect b\u003d\"282\" l\u003d\"437\" r\u003d\"584\" t\u003d\"266\"\u003e\u003c/rect\u003e  \u003c/region\u003e  \u003ctext\u003e \u003cpar linespacing\u003d\"750\"\u003e \u003cline b\u003d\"280\" baseline\u003d\"278\" l\u003d\"440\" r\u003d\"579\" style\u003d\"transform: translate(5px, 3px); position: absolute;\" t\u003d\"268\"\u003e \u003cformatting lang\u003d\"EnglishUnitedStates\"\u003e Balance Due (USD) \u003c/formatting\u003e  \u003c/line\u003e  \u003c/par\u003e  \u003c/text\u003e  \u003c/block\u003e  \u003cblock b\u003d\"282\" blockname\u003d\"\" blocktype\u003d\"Text\" l\u003d\"723\" r\u003d\"746\" style\u003d\"transform: translate(1298px, 360px); position: absolute; width: 41.3001px; height: 21.6667px;\" t\u003d\"266\"\u003e \u003cregion\u003e \u003crect b\u003d\"282\" l\u003d\"723\" r\u003d\"746\" t\u003d\"266\"\u003e\u003c/rect\u003e  \u003c/region\u003e  \u003ctext\u003e \u003cpar linespacing\u003d\"830\"\u003e \u003cline b\u003d\"280\" baseline\u003d\"279\" l\u003d\"727\" r\u003d\"742\" style\u003d\"transform: translate(7px, 3px); position: absolute;\" t\u003d\"268\"\u003e \u003cformatting lang\u003d\"EnglishUnitedStates\"\u003e $0 \u003c/formatting\u003e  \u003c/line\u003e  \u003c/par\u003e  \u003c/text\u003e  \u003c/block\u003e  \u003cregion xmlns\u003d\"http://ocr.crowdcomputingsystems.com/xml/schema-v1.xml\"\u003e \u003crect b\u003d\"578\" l\u003d\"33\" r\u003d\"752\" t\u003d\"324\"\u003e\u003c/rect\u003e  \u003c/region\u003e \u003ctable b\u003d\"578\" blockname\u003d\"\" blocktype\u003d\"Table\" l\u003d\"33\" r\u003d\"752\" style\u003d\"transform: translate(59px, 439px); position: absolute; user-select: auto;\" t\u003d\"324\" xmlns\u003d\"\"\u003e \u003ctbody\u003e\u003ctr\u003e \u003ctd h\u003d\"33\" rightborder\u003d\"White\" w\u003d\"399\"\u003e \u003ctext xmlns\u003d\"http://ocr.crowdcomputingsystems.com/xml/schema-v1.xml\"\u003e \u003cpar linespacing\u003d\"750\"\u003e \u003cline b\u003d\"347\" baseline\u003d\"344\" l\u003d\"41\" r\u003d\"115\" t\u003d\"334\"\u003e \u003cformatting lang\u003d\"EnglishUnitedStates\"\u003e Description \u003c/formatting\u003e  \u003c/line\u003e  \u003c/par\u003e  \u003c/text\u003e  \u003c/td\u003e   \u003ctd h\u003d\"33\" leftborder\u003d\"White\" rightborder\u003d\"White\" w\u003d\"199\"\u003e \u003ctext xmlns\u003d\"http://ocr.crowdcomputingsystems.com/xml/schema-v1.xml\"\u003e \u003cpar linespacing\u003d\"-1\"\u003e\u003c/par\u003e  \u003c/text\u003e  \u003c/td\u003e   \u003ctd h\u003d\"33\" leftborder\u003d\"White\" w\u003d\"121\"\u003e \u003ctext xmlns\u003d\"http://ocr.crowdcomputingsystems.com/xml/schema-v1.xml\"\u003e \u003cpar align\u003d\"Right\" linespacing\u003d\"750\"\u003e \u003cline b\u003d\"344\" baseline\u003d\"344\" l\u003d\"680\" r\u003d\"743\" t\u003d\"334\"\u003e \u003cformatting lang\u003d\"EnglishUnitedStates\"\u003e Item Cost \u003c/formatting\u003e  \u003c/line\u003e  \u003c/par\u003e  \u003c/text\u003e  \u003c/td\u003e   \u003c/tr\u003e \n \u003ctr\u003e \u003ctd h\u003d\"78\" leftborder\u003d\"White\" rightborder\u003d\"White\" w\u003d\"399\"\u003e \u003ctext xmlns\u003d\"http://ocr.crowdcomputingsystems.com/xml/schema-v1.xml\"\u003e \u003cpar linespacing\u003d\"750\"\u003e \u003cline b\u003d\"379\" baseline\u003d\"376\" l\u003d\"39\" r\u003d\"220\" t\u003d\"366\"\u003e\u003cproduct appendorder\u003d\"5\" class\u003d\"extraction-tag\" confidence\u003d\"1/1\" data-original-title\u003d\"construction_type\" data-toggle\u003d\"tooltip\" data-value\u003d\"Verbling Language Lessons\" fold-name\u003d\"fold1\" injection\u003d\"true\" referencedatausedininjection\u003d\"manual\" score\u003d\"0.5366682642634829\" style\u003d\"background-color: rgb(78, 135, 105);  color: rgb(0, 0, 0);   border: 2px solid rgb(125, 157, 1); \" tagorder\u003d\"2602267\"\u003eVerbling Language Lessons\u003c/product\u003e\u003c/line\u003e  \u003c/par\u003e  \u003c/text\u003e  \u003c/td\u003e   \u003ctd h\u003d\"78\" leftborder\u003d\"White\" rightborder\u003d\"White\" w\u003d\"199\"\u003e \u003ctext xmlns\u003d\"http://ocr.crowdcomputingsystems.com/xml/schema-v1.xml\"\u003e \u003cpar linespacing\u003d\"-1\"\u003e\u003c/par\u003e  \u003c/text\u003e  \u003c/td\u003e   \u003ctd h\u003d\"78\" leftborder\u003d\"White\" rightborder\u003d\"White\" w\u003d\"121\"\u003e \u003ctext xmlns\u003d\"http://ocr.crowdcomputingsystems.com/xml/schema-v1.xml\"\u003e \u003cpar align\u003d\"Right\" linespacing\u003d\"750\"\u003e \u003cline b\u003d\"378\" baseline\u003d\"376\" l\u003d\"727\" r\u003d\"743\" t\u003d\"366\"\u003e$\u003cprice class\u003d\"extraction-tag\" data-value\u003d\"6\" fold-name\u003d\"fold5\" ml-tagorder\u003d\"2602272\" score\u003d\"0.7306285702580304\" tagorder\u003d\"2602272\"\u003e6\u003c/price\u003e\u003c/line\u003e  \u003c/par\u003e  \u003c/text\u003e  \u003c/td\u003e   \u003c/tr\u003e \n \u003ctr\u003e \u003ctd bottomborder\u003d\"White\" h\u003d\"44\" leftborder\u003d\"White\" rightborder\u003d\"White\" w\u003d\"399\"\u003e \u003ctext xmlns\u003d\"http://ocr.crowdcomputingsystems.com/xml/schema-v1.xml\"\u003e \u003cpar linespacing\u003d\"-1\"\u003e\u003c/par\u003e  \u003c/text\u003e  \u003c/td\u003e   \u003ctd bottomborder\u003d\"White\" h\u003d\"44\" leftborder\u003d\"White\" rightborder\u003d\"White\" w\u003d\"199\"\u003e \u003ctext xmlns\u003d\"http://ocr.crowdcomputingsystems.com/xml/schema-v1.xml\"\u003e \u003cpar linespacing\u003d\"750\"\u003e \u003cline b\u003d\"468\" baseline\u003d\"468\" l\u003d\"438\" r\u003d\"473\" t\u003d\"458\"\u003e \u003cformatting lang\u003d\"EnglishUnitedStates\"\u003e Total \u003c/formatting\u003e  \u003c/line\u003e  \u003c/par\u003e  \u003c/text\u003e  \u003c/td\u003e   \u003ctd bottomborder\u003d\"White\" h\u003d\"44\" leftborder\u003d\"White\" rightborder\u003d\"White\" w\u003d\"121\"\u003e \u003ctext xmlns\u003d\"http://ocr.crowdcomputingsystems.com/xml/schema-v1.xml\"\u003e \u003cpar align\u003d\"Right\" linespacing\u003d\"830\"\u003e \u003cline b\u003d\"469\" baseline\u003d\"469\" l\u003d\"728\" r\u003d\"743\" t\u003d\"458\"\u003e \u003cformatting lang\u003d\"EnglishUnitedStates\"\u003e \u003ctotal_amount class\u003d\"extraction-tag\" data-value\u003d\"S6\" fold-name\u003d\"fold3\" ml-tagorder\u003d\"2602273\" score\u003d\"0.7808076000708848\" tagorder\u003d\"2602273\"\u003eS6\u003c/total_amount\u003e \u003c/formatting\u003e  \u003c/line\u003e  \u003c/par\u003e  \u003c/text\u003e  \u003c/td\u003e   \u003c/tr\u003e \n \u003ctr\u003e \u003ctd bottomborder\u003d\"White\" h\u003d\"31\" leftborder\u003d\"White\" rightborder\u003d\"White\" topborder\u003d\"White\" w\u003d\"399\"\u003e \u003ctext xmlns\u003d\"http://ocr.crowdcomputingsystems.com/xml/schema-v1.xml\"\u003e \u003cpar linespacing\u003d\"-1\"\u003e\u003c/par\u003e  \u003c/text\u003e  \u003c/td\u003e   \u003ctd bottomborder\u003d\"White\" h\u003d\"31\" leftborder\u003d\"White\" rightborder\u003d\"White\" topborder\u003d\"White\" w\u003d\"199\"\u003e \u003ctext xmlns\u003d\"http://ocr.crowdcomputingsystems.com/xml/schema-v1.xml\"\u003e \u003cpar linespacing\u003d\"750\"\u003e \u003cline b\u003d\"499\" baseline\u003d\"499\" l\u003d\"438\" r\u003d\"521\" t\u003d\"489\"\u003e \u003cformatting lang\u003d\"EnglishUnitedStates\"\u003e Amount Paid \u003c/formatting\u003e  \u003c/line\u003e  \u003c/par\u003e  \u003c/text\u003e  \u003c/td\u003e   \u003ctd bottomborder\u003d\"White\" h\u003d\"31\" leftborder\u003d\"White\" rightborder\u003d\"White\" topborder\u003d\"White\" w\u003d\"121\"\u003e \u003ctext xmlns\u003d\"http://ocr.crowdcomputingsystems.com/xml/schema-v1.xml\"\u003e \u003cpar align\u003d\"Right\" linespacing\u003d\"830\"\u003e \u003cline b\u003d\"501\" baseline\u003d\"500\" l\u003d\"723\" r\u003d\"744\" t\u003d\"489\"\u003e \u003cformatting lang\u003d\"EnglishUnitedStates\"\u003e -$o \u003c/formatting\u003e  \u003c/line\u003e  \u003c/par\u003e  \u003c/text\u003e  \u003c/td\u003e   \u003c/tr\u003e \n \u003ctr\u003e \u003ctd bottomborder\u003d\"White\" h\u003d\"32\" leftborder\u003d\"White\" rightborder\u003d\"White\" topborder\u003d\"White\" w\u003d\"399\"\u003e \u003ctext xmlns\u003d\"http://ocr.crowdcomputingsystems.com/xml/schema-v1.xml\"\u003e \u003cpar linespacing\u003d\"-1\"\u003e\u003c/par\u003e  \u003c/text\u003e  \u003c/td\u003e   \u003ctd h\u003d\"32\" leftborder\u003d\"White\" rightborder\u003d\"White\" topborder\u003d\"White\" w\u003d\"199\"\u003e \u003ctext xmlns\u003d\"http://ocr.crowdcomputingsystems.com/xml/schema-v1.xml\"\u003e \u003cpar linespacing\u003d\"750\"\u003e \u003cline b\u003d\"533\" baseline\u003d\"530\" l\u003d\"438\" r\u003d\"580\" t\u003d\"520\"\u003e \u003cformatting lang\u003d\"EnglishUnitedStates\"\u003e Verbling Credits Used \u003c/formatting\u003e  \u003c/line\u003e  \u003c/par\u003e  \u003c/text\u003e  \u003c/td\u003e   \u003ctd h\u003d\"32\" leftborder\u003d\"White\" rightborder\u003d\"White\" topborder\u003d\"White\" w\u003d\"121\"\u003e \u003ctext xmlns\u003d\"http://ocr.crowdcomputingsystems.com/xml/schema-v1.xml\"\u003e \u003cpar align\u003d\"Right\" linespacing\u003d\"830\"\u003e \u003cline b\u003d\"532\" baseline\u003d\"531\" l\u003d\"723\" r\u003d\"744\" t\u003d\"520\"\u003e \u003cformatting lang\u003d\"EnglishUnitedStates\"\u003e -$6 \u003c/formatting\u003e  \u003c/line\u003e  \u003c/par\u003e  \u003c/text\u003e  \u003c/td\u003e   \u003c/tr\u003e \n \u003ctr\u003e \u003ctd bottomborder\u003d\"White\" h\u003d\"36\" leftborder\u003d\"White\" topborder\u003d\"White\" w\u003d\"399\"\u003e \u003ctext xmlns\u003d\"http://ocr.crowdcomputingsystems.com/xml/schema-v1.xml\"\u003e \u003cpar linespacing\u003d\"-1\"\u003e\u003c/par\u003e  \u003c/text\u003e  \u003c/td\u003e   \u003ctd bottomborder\u003d\"White\" h\u003d\"36\" rightborder\u003d\"White\" w\u003d\"199\"\u003e \u003ctext xmlns\u003d\"http://ocr.crowdcomputingsystems.com/xml/schema-v1.xml\"\u003e \u003cpar linespacing\u003d\"750\"\u003e \u003cline b\u003d\"564\" baseline\u003d\"562\" l\u003d\"440\" r\u003d\"579\" t\u003d\"552\"\u003e \u003cformatting lang\u003d\"EnglishUnitedStates\"\u003e Balance Due (USD) \u003c/formatting\u003e  \u003c/line\u003e  \u003c/par\u003e  \u003c/text\u003e  \u003c/td\u003e   \u003ctd h\u003d\"36\" leftborder\u003d\"White\" w\u003d\"121\"\u003e \u003ctext xmlns\u003d\"http://ocr.crowdcomputingsystems.com/xml/schema-v1.xml\"\u003e \u003cpar align\u003d\"Right\" linespacing\u003d\"830\"\u003e \u003cline b\u003d\"564\" baseline\u003d\"563\" l\u003d\"727\" r\u003d\"742\" t\u003d\"552\"\u003e \u003cformatting lang\u003d\"EnglishUnitedStates\"\u003e $0 \u003c/formatting\u003e  \u003c/line\u003e  \u003c/par\u003e  \u003c/text\u003e  \u003c/td\u003e   \u003c/tr\u003e \n \u003c/tbody\u003e\u003c/table\u003e\n \u003cblock b\u003d\"184\" blockname\u003d\"\" blocktype\u003d\"Separator\" l\u003d\"33\" r\u003d\"752\" style\u003d\"transform: translate(59px, 244px); position: absolute;\" t\u003d\"180\"\u003e \u003cregion\u003e \u003crect b\u003d\"184\" l\u003d\"33\" r\u003d\"752\" t\u003d\"180\"\u003e\u003c/rect\u003e  \u003c/region\u003e  \u003cseparator thickness\u003d\"4\" type\u003d\"Black\"\u003e \u003cstart x\u003d\"33\" y\u003d\"182\"\u003e\u003c/start\u003e \u003cend x\u003d\"752\" y\u003d\"182\"\u003e\u003c/end\u003e \u003c/separator\u003e \u003c/block\u003e  \u003cblock b\u003d\"259\" blockname\u003d\"\" blocktype\u003d\"Separator\" class\u003d\"hidden\" l\u003d\"431\" r\u003d\"500\" style\u003d\"transform: translate(774px, 348px); position: absolute;\" t\u003d\"257\"\u003e \u003cregion\u003e \u003crect b\u003d\"259\" l\u003d\"431\" r\u003d\"500\" t\u003d\"257\"\u003e\u003c/rect\u003e  \u003c/region\u003e  \u003cseparator thickness\u003d\"2\" type\u003d\"Black\"\u003e \u003cstart x\u003d\"431\" y\u003d\"258\"\u003e\u003c/start\u003e \u003cend x\u003d\"500\" y\u003d\"258\"\u003e\u003c/end\u003e \u003c/separator\u003e \u003c/block\u003e  \u003cblock b\u003d\"259\" blockname\u003d\"\" blocktype\u003d\"Separator\" l\u003d\"542\" r\u003d\"752\" style\u003d\"transform: translate(973px, 348px); position: absolute;\" t\u003d\"257\"\u003e \u003cregion\u003e \u003crect b\u003d\"259\" l\u003d\"542\" r\u003d\"752\" t\u003d\"257\"\u003e\u003c/rect\u003e  \u003c/region\u003e  \u003cseparator thickness\u003d\"2\" type\u003d\"Black\"\u003e \u003cstart x\u003d\"542\" y\u003d\"258\"\u003e\u003c/start\u003e \u003cend x\u003d\"752\" y\u003d\"258\"\u003e\u003c/end\u003e \u003c/separator\u003e \u003c/block\u003e  \u003cblock b\u003d\"291\" blockname\u003d\"\" blocktype\u003d\"Separator\" l\u003d\"640\" r\u003d\"752\" style\u003d\"transform: translate(1149px, 391px); position: absolute;\" t\u003d\"289\"\u003e \u003cregion\u003e \u003crect b\u003d\"291\" l\u003d\"640\" r\u003d\"752\" t\u003d\"289\"\u003e\u003c/rect\u003e  \u003c/region\u003e  \u003cseparator thickness\u003d\"2\" type\u003d\"Black\"\u003e \u003cstart x\u003d\"640\" y\u003d\"290\"\u003e\u003c/start\u003e \u003cend x\u003d\"752\" y\u003d\"290\"\u003e\u003c/end\u003e \u003c/separator\u003e \u003c/block\u003e  \u003cblock b\u003d\"326\" blockname\u003d\"\" blocktype\u003d\"Separator\" l\u003d\"33\" r\u003d\"752\" style\u003d\"transform: translate(59px, 439px); position: absolute;\" t\u003d\"324\"\u003e \u003cregion\u003e \u003crect b\u003d\"326\" l\u003d\"33\" r\u003d\"752\" t\u003d\"324\"\u003e\u003c/rect\u003e  \u003c/region\u003e  \u003cseparator thickness\u003d\"2\" type\u003d\"Black\"\u003e \u003cstart x\u003d\"33\" y\u003d\"325\"\u003e\u003c/start\u003e \u003cend x\u003d\"752\" y\u003d\"325\"\u003e\u003c/end\u003e \u003c/separator\u003e \u003c/block\u003e  \u003cblock b\u003d\"358\" blockname\u003d\"\" blocktype\u003d\"Separator\" l\u003d\"33\" r\u003d\"320\" style\u003d\"transform: translate(59px, 482px); position: absolute;\" t\u003d\"356\"\u003e \u003cregion\u003e \u003crect b\u003d\"358\" l\u003d\"33\" r\u003d\"320\" t\u003d\"356\"\u003e\u003c/rect\u003e  \u003c/region\u003e  \u003cseparator thickness\u003d\"2\" type\u003d\"Black\"\u003e \u003cstart x\u003d\"33\" y\u003d\"357\"\u003e\u003c/start\u003e \u003cend x\u003d\"320\" y\u003d\"357\"\u003e\u003c/end\u003e \u003c/separator\u003e \u003c/block\u003e  \u003cblock b\u003d\"358\" blockname\u003d\"\" blocktype\u003d\"Separator\" l\u003d\"576\" r\u003d\"752\" style\u003d\"transform: translate(1034px, 482px); position: absolute;\" t\u003d\"356\"\u003e \u003cregion\u003e \u003crect b\u003d\"358\" l\u003d\"576\" r\u003d\"752\" t\u003d\"356\"\u003e\u003c/rect\u003e  \u003c/region\u003e  \u003cseparator thickness\u003d\"2\" type\u003d\"Black\"\u003e \u003cstart x\u003d\"576\" y\u003d\"357\"\u003e\u003c/start\u003e \u003cend x\u003d\"752\" y\u003d\"357\"\u003e\u003c/end\u003e \u003c/separator\u003e \u003c/block\u003e  \u003cblock b\u003d\"437\" blockname\u003d\"\" blocktype\u003d\"Separator\" l\u003d\"33\" r\u003d\"752\" style\u003d\"transform: translate(59px, 586px); position: absolute;\" t\u003d\"433\"\u003e \u003cregion\u003e \u003crect b\u003d\"437\" l\u003d\"33\" r\u003d\"752\" t\u003d\"433\"\u003e\u003c/rect\u003e  \u003c/region\u003e  \u003cseparator thickness\u003d\"4\" type\u003d\"Black\"\u003e \u003cstart x\u003d\"33\" y\u003d\"435\"\u003e\u003c/start\u003e \u003cend x\u003d\"752\" y\u003d\"435\"\u003e\u003c/end\u003e \u003c/separator\u003e \u003c/block\u003e  \u003cblock b\u003d\"543\" blockname\u003d\"\" blocktype\u003d\"Separator\" l\u003d\"431\" r\u003d\"752\" style\u003d\"transform: translate(774px, 733px); position: absolute;\" t\u003d\"541\"\u003e \u003cregion\u003e \u003crect b\u003d\"543\" l\u003d\"431\" r\u003d\"752\" t\u003d\"541\"\u003e\u003c/rect\u003e  \u003c/region\u003e  \u003cseparator thickness\u003d\"2\" type\u003d\"Black\"\u003e \u003cstart x\u003d\"431\" y\u003d\"542\"\u003e\u003c/start\u003e \u003cend x\u003d\"752\" y\u003d\"542\"\u003e\u003c/end\u003e \u003c/separator\u003e \u003c/block\u003e  \u003cblock b\u003d\"575\" blockname\u003d\"\" blocktype\u003d\"Separator\" l\u003d\"640\" r\u003d\"752\" style\u003d\"transform: translate(1149px, 776px); position: absolute;\" t\u003d\"573\"\u003e \u003cregion\u003e \u003crect b\u003d\"575\" l\u003d\"640\" r\u003d\"752\" t\u003d\"573\"\u003e\u003c/rect\u003e  \u003c/region\u003e  \u003cseparator thickness\u003d\"2\" type\u003d\"Black\"\u003e \u003cstart x\u003d\"640\" y\u003d\"574\"\u003e\u003c/start\u003e \u003cend x\u003d\"752\" y\u003d\"574\"\u003e\u003c/end\u003e \u003c/separator\u003e \u003c/block\u003e  \u003cblock b\u003d\"358\" blockname\u003d\"\" blocktype\u003d\"Separator\" l\u003d\"33\" r\u003d\"35\" style\u003d\"transform: translate(59px, 439px); position: absolute;\" t\u003d\"324\"\u003e \u003cregion\u003e \u003crect b\u003d\"358\" l\u003d\"33\" r\u003d\"35\" t\u003d\"324\"\u003e\u003c/rect\u003e  \u003c/region\u003e  \u003cseparator thickness\u003d\"2\" type\u003d\"Black\"\u003e \u003cstart x\u003d\"34\" y\u003d\"324\"\u003e\u003c/start\u003e \u003cend x\u003d\"34\" y\u003d\"358\"\u003e\u003c/end\u003e \u003c/separator\u003e \u003c/block\u003e  \u003cblock b\u003d\"575\" blockname\u003d\"\" blocktype\u003d\"Separator\" l\u003d\"431\" r\u003d\"433\" style\u003d\"transform: translate(774px, 733px); position: absolute;\" t\u003d\"541\"\u003e \u003cregion\u003e \u003crect b\u003d\"575\" l\u003d\"431\" r\u003d\"433\" t\u003d\"541\"\u003e\u003c/rect\u003e  \u003c/region\u003e  \u003cseparator thickness\u003d\"2\" type\u003d\"Black\"\u003e \u003cstart x\u003d\"432\" y\u003d\"541\"\u003e\u003c/start\u003e \u003cend x\u003d\"432\" y\u003d\"575\"\u003e\u003c/end\u003e \u003c/separator\u003e \u003c/block\u003e  \u003cblock b\u003d\"291\" blockname\u003d\"\" blocktype\u003d\"Separator\" l\u003d\"750\" r\u003d\"752\" style\u003d\"transform: translate(1347px, 348px); position: absolute;\" t\u003d\"257\"\u003e \u003cregion\u003e \u003crect b\u003d\"291\" l\u003d\"750\" r\u003d\"752\" t\u003d\"257\"\u003e\u003c/rect\u003e  \u003c/region\u003e  \u003cseparator thickness\u003d\"2\" type\u003d\"Black\"\u003e \u003cstart x\u003d\"751\" y\u003d\"257\"\u003e\u003c/start\u003e \u003cend x\u003d\"751\" y\u003d\"291\"\u003e\u003c/end\u003e \u003c/separator\u003e \u003c/block\u003e  \u003cblock b\u003d\"358\" blockname\u003d\"\" blocktype\u003d\"Separator\" l\u003d\"750\" r\u003d\"752\" style\u003d\"transform: translate(1347px, 439px); position: absolute;\" t\u003d\"324\"\u003e \u003cregion\u003e \u003crect b\u003d\"358\" l\u003d\"750\" r\u003d\"752\" t\u003d\"324\"\u003e\u003c/rect\u003e  \u003c/region\u003e  \u003cseparator thickness\u003d\"2\" type\u003d\"Black\"\u003e \u003cstart x\u003d\"751\" y\u003d\"324\"\u003e\u003c/start\u003e \u003cend x\u003d\"751\" y\u003d\"358\"\u003e\u003c/end\u003e \u003c/separator\u003e \u003c/block\u003e  \u003cblock b\u003d\"575\" blockname\u003d\"\" blocktype\u003d\"Separator\" l\u003d\"750\" r\u003d\"752\" style\u003d\"transform: translate(1347px, 733px); position: absolute;\" t\u003d\"541\"\u003e \u003cregion\u003e \u003crect b\u003d\"575\" l\u003d\"750\" r\u003d\"752\" t\u003d\"541\"\u003e\u003c/rect\u003e  \u003c/region\u003e  \u003cseparator thickness\u003d\"2\" type\u003d\"Black\"\u003e \u003cstart x\u003d\"751\" y\u003d\"541\"\u003e\u003c/start\u003e \u003cend x\u003d\"751\" y\u003d\"575\"\u003e\u003c/end\u003e \u003c/separator\u003e \u003c/block\u003e  \u003c/page\u003e     \u003c/document\u003e\u003c/body\u003e\u003c/html\u003e","tags":[{"begin":13,"end":29,"text":"VerNerking, lnc.","tag":"supplier_name","fieldType":"COMPANY_NAME","score":0.6104911562652993,"estimatedAccuracy":0.0},{"begin":193,"end":216,"text":"example.email@email.com","tag":"email","fieldType":"EMAIL","score":0.8724535984535665,"estimatedAccuracy":0.0},{"begin":247,"end":271,"text":"5748cbeaa3ael75f50f492dl","tag":"invoice_number","fieldType":"TEXT","score":0.7928727579858291,"estimatedAccuracy":0.0},{"begin":291,"end":303,"text":"May 27, 2016","tag":"invoice_date","fieldType":"DATE","score":0.7690013340055025,"estimatedAccuracy":0.0},{"begin":473,"end":498,"text":"Verbling Language Lessons","tag":"product","fieldType":"TEXT","score":0.5366682642634829,"estimatedAccuracy":0.0},{"begin":520,"end":521,"text":"6","tag":"price","fieldType":"NUMBER","score":0.7306285702580304,"estimatedAccuracy":0.0},{"begin":570,"end":572,"text":"S6","tag":"total_amount","fieldType":"NUMBER","score":0.7808076000708848,"estimatedAccuracy":0.0}],"group":"email|invoice_date|invoice_number|price|product|supplier_name|total_amount","limeExplanation":{},"liblinearFeatureImportance":{}}