{"finalScore":0.7754179848724861,"metaInfo":{"model":{"coreVersion":"10.3.0.39"}},"sumScore":6.978761863852375,"tagsCounter":9.0,"taggedText":"\u003chtml\u003e\u003chead\u003e\u003cscript src\u003d\"https://ajax.googleapis.com/ajax/libs/jquery/2.2.0/jquery.min.js\"\u003e\u003c/script\u003e\u003c/head\u003e\u003cbody\u003e\u003cdocument languages\u003d\"\" producer\u003d\"Workfusion\" schemalocation\u003d\"http://ocr.crowdcomputingsystems.com/xml/schema-v1.xml\" version\u003d\"1.0\" xmlns\u003d\"http://ocr.crowdcomputingsystems.com/xml/schema-v1.xml\" xsi\u003d\"http://www.w3.org/2001/XMLSchema-instance\"\u003e \u003clink href\u003d\"https://s3.amazonaws.com/workfusion-resources/ocr/ocr-xml-viewer-0.3-scale-to-width.css\" rel\u003d\"stylesheet\" type\u003d\"text/css\"\u003e\u003c/link\u003e \u003cstyle\u003e\u003c/style\u003e\u003cpage data-pages\u003d\"1\" h\u003d\"989\" resolution\u003d\"96\" style\u003d\"height: 1284px;\" w\u003d\"700\"\u003e \u003cblock b\u003d\"107\" blockname\u003d\"\" blocktype\u003d\"Text\" l\u003d\"63\" r\u003d\"112\" style\u003d\"transform: translate(68px, 89px); position: absolute; width: 52.85px; height: 55.5208px;\" t\u003d\"66\"\u003e \u003cregion\u003e \u003crect b\u003d\"107\" l\u003d\"63\" r\u003d\"112\" t\u003d\"66\"\u003e\u003c/rect\u003e  \u003c/region\u003e  \u003ctext\u003e \u003cpar linespacing\u003d\"680\"\u003e \u003cline b\u003d\"82\" baseline\u003d\"78\" l\u003d\"66\" r\u003d\"107\" style\u003d\"transform: translate(3px, 4px); position: absolute;\" t\u003d\"69\"\u003e \u003cformatting lang\u003d\"EnglishUnitedStates\"\u003e your \u003c/formatting\u003e  \u003c/line\u003e  \u003c/par\u003e  \u003cpar linespacing\u003d\"1050\"\u003e \u003cline b\u003d\"105\" baseline\u003d\"101\" l\u003d\"67\" r\u003d\"106\" style\u003d\"transform: translate(4px, 28px); position: absolute;\" t\u003d\"87\"\u003e \u003cformatting lang\u003d\"EnglishUnitedStates\"\u003e logo \u003c/formatting\u003e  \u003c/line\u003e  \u003c/par\u003e  \u003c/text\u003e  \u003c/block\u003e  \u003cblock b\u003d\"93\" blockname\u003d\"\" blocktype\u003d\"Text\" l\u003d\"128\" r\u003d\"445\" style\u003d\"transform: translate(138px, 57px); position: absolute; width: 341.907px; height: 69.0625px;\" t\u003d\"42\"\u003e \u003cregion\u003e \u003crect b\u003d\"93\" l\u003d\"128\" r\u003d\"445\" t\u003d\"42\"\u003e\u003c/rect\u003e  \u003c/region\u003e  \u003ctext\u003e \u003cpar linespacing\u003d\"2250\"\u003e \u003cline b\u003d\"82\" baseline\u003d\"82\" l\u003d\"132\" r\u003d\"444\" style\u003d\"transform: translate(4px, 14px); position: absolute;\" t\u003d\"52\"\u003e \u003cformatting lang\u003d\"EnglishUnitedStates\"\u003e COMPANY NAME \u003c/formatting\u003e  \u003c/line\u003e  \u003c/par\u003e  \u003c/text\u003e  \u003c/block\u003e  \u003cblock b\u003d\"106\" blockname\u003d\"\" blocktype\u003d\"Text\" l\u003d\"156\" r\u003d\"204\" style\u003d\"transform: translate(168px, 129px); position: absolute; width: 51.7714px; height: 14.8958px;\" t\u003d\"95\"\u003e \u003cregion\u003e \u003crect b\u003d\"106\" l\u003d\"156\" r\u003d\"204\" t\u003d\"95\"\u003e\u003c/rect\u003e  \u003c/region\u003e  \u003ctext\u003e \u003cpar linespacing\u003d\"680\"\u003e \u003cline b\u003d\"104\" baseline\u003d\"104\" l\u003d\"159\" r\u003d\"202\" style\u003d\"transform: translate(3px, 0px); position: absolute;\" t\u003d\"95\"\u003e \u003cformatting lang\u003d\"EnglishUnitedStates\"\u003e our slo \u003c/formatting\u003e  \u003c/line\u003e  \u003c/par\u003e  \u003c/text\u003e  \u003c/block\u003e  \u003cblock b\u003d\"110\" blockname\u003d\"\" blocktype\u003d\"Text\" l\u003d\"258\" r\u003d\"288\" style\u003d\"transform: translate(278px, 127px); position: absolute; width: 32.3571px; height: 21.6667px;\" t\u003d\"94\"\u003e \u003cregion\u003e \u003crect b\u003d\"110\" l\u003d\"258\" r\u003d\"288\" t\u003d\"94\"\u003e\u003c/rect\u003e  \u003c/region\u003e  \u003ctext\u003e \u003cpar linespacing\u003d\"680\"\u003e \u003cline b\u003d\"108\" baseline\u003d\"103\" l\u003d\"258\" r\u003d\"282\" style\u003d\"transform: translate(0px, 0px); position: absolute;\" t\u003d\"94\"\u003e \u003cformatting lang\u003d\"EnglishUnitedStates\"\u003e :ryj \u003c/formatting\u003e  \u003c/line\u003e  \u003c/par\u003e  \u003c/text\u003e  \u003c/block\u003e  \u003cblock b\u003d\"148\" blockname\u003d\"\" blocktype\u003d\"Text\" l\u003d\"227\" r\u003d\"310\" style\u003d\"transform: translate(245px, 149px); position: absolute; width: 89.5214px; height: 51.4583px;\" t\u003d\"110\"\u003e \u003cregion\u003e \u003crect b\u003d\"148\" l\u003d\"227\" r\u003d\"310\" t\u003d\"110\"\u003e\u003c/rect\u003e  \u003c/region\u003e  \u003ctext\u003e \u003cpar linespacing\u003d\"-1\"\u003e\u003c/par\u003e  \u003c/text\u003e  \u003c/block\u003e  \u003cblock b\u003d\"148\" blockname\u003d\"\" blocktype\u003d\"Text\" class\u003d\"hidden\" l\u003d\"320\" r\u003d\"524\" style\u003d\"transform: translate(345px, 98px); position: absolute; width: 220.029px; height: 102.917px;\" t\u003d\"72\"\u003e \u003cregion\u003e \u003crect b\u003d\"97\" l\u003d\"445\" r\u003d\"524\" t\u003d\"72\"\u003e\u003c/rect\u003e  \u003crect b\u003d\"101\" l\u003d\"320\" r\u003d\"524\" t\u003d\"97\"\u003e\u003c/rect\u003e  \u003crect b\u003d\"148\" l\u003d\"320\" r\u003d\"497\" t\u003d\"101\"\u003e\u003c/rect\u003e  \u003c/region\u003e  \u003ctext\u003e \u003cpar linespacing\u003d\"-1\"\u003e\u003c/par\u003e  \u003c/text\u003e  \u003c/block\u003e  \u003cblock b\u003d\"194\" blockname\u003d\"\" blocktype\u003d\"Text\" l\u003d\"127\" r\u003d\"355\" style\u003d\"transform: translate(137px, 225px); position: absolute; width: 245.914px; height: 37.9167px;\" t\u003d\"166\"\u003e \u003cregion\u003e \u003crect b\u003d\"194\" l\u003d\"127\" r\u003d\"355\" t\u003d\"166\"\u003e\u003c/rect\u003e  \u003c/region\u003e  \u003ctext\u003e \u003cpar align\u003d\"Justified\" linespacing\u003d\"1050\"\u003e \u003cline b\u003d\"178\" baseline\u003d\"175\" l\u003d\"128\" r\u003d\"352\" style\u003d\"transform: translate(1px, 1px); position: absolute;\" t\u003d\"167\"\u003e \u003cformatting lang\u003d\"EnglishUnitedStates\"\u003e (Slree! AdeteSS] Phone [509555.0t9Q] \u003c/formatting\u003e  \u003c/line\u003e  \u003c/par\u003e  \u003cpar align\u003d\"Justified\" linespacing\u003d\"1050\"\u003e \u003cline b\u003d\"191\" baseline\u003d\"189\" l\u003d\"128\" r\u003d\"336\" style\u003d\"transform: translate(1px, 19px); position: absolute;\" t\u003d\"180\"\u003e \u003cformatting lang\u003d\"EnglishUnitedStates\"\u003e [C.1gST ZlPCocte] Fax [5095550191] \u003c/formatting\u003e  \u003c/line\u003e  \u003c/par\u003e  \u003c/text\u003e  \u003c/block\u003e  \u003cblock b\u003d\"324\" blockname\u003d\"\" blocktype\u003d\"Text\" l\u003d\"126\" r\u003d\"235\" style\u003d\"transform: translate(136px, 303px); position: absolute; width: 117.564px; height: 135.417px;\" t\u003d\"224\"\u003e \u003cregion\u003e \u003crect b\u003d\"324\" l\u003d\"126\" r\u003d\"235\" t\u003d\"224\"\u003e\u003c/rect\u003e  \u003c/region\u003e  \u003ctext\u003e \u003cpar align\u003d\"Justified\" linespacing\u003d\"680\"\u003e \u003cline b\u003d\"234\" baseline\u003d\"234\" l\u003d\"128\" r\u003d\"197\" style\u003d\"transform: translate(2px, 1px); position: absolute;\" t\u003d\"225\"\u003e \u003cformatting lang\u003d\"EnglishUnitedStates\"\u003e INVOICE TO: \u003c/formatting\u003e  \u003c/line\u003e  \u003c/par\u003e  \u003cpar align\u003d\"Justified\" linespacing\u003d\"1125\"\u003e \u003cline b\u003d\"258\" baseline\u003d\"256\" l\u003d\"128\" r\u003d\"170\" style\u003d\"transform: translate(2px, 31px); position: absolute;\" t\u003d\"247\"\u003e \u003cformatting lang\u003d\"EnglishUnitedStates\"\u003e [Name] \u003c/formatting\u003e  \u003c/line\u003e  \u003c/par\u003e  \u003cpar linespacing\u003d\"1125\"\u003e \u003cline b\u003d\"275\" baseline\u003d\"272\" l\u003d\"128\" r\u003d\"227\" style\u003d\"transform: translate(2px, 51px); position: absolute;\" t\u003d\"262\"\u003e \u003cformatting lang\u003d\"EnglishUnitedStates\"\u003e [Compooy Nome] \u003c/formatting\u003e  \u003c/line\u003e  \u003cline b\u003d\"289\" baseline\u003d\"288\" l\u003d\"128\" r\u003d\"215\" style\u003d\"transform: translate(2px, 73px); position: absolute;\" t\u003d\"278\"\u003e \u003cformatting lang\u003d\"EnglishUnitedStates\"\u003e CStreel Address] \u003c/formatting\u003e  \u003c/line\u003e  \u003cline b\u003d\"306\" baseline\u003d\"303\" l\u003d\"128\" r\u003d\"232\" style\u003d\"transform: translate(2px, 93px); position: absolute;\" t\u003d\"293\"\u003e \u003cformatting lang\u003d\"EnglishUnitedStates\"\u003e CCityST ZIP Code] \u003c/formatting\u003e  \u003c/line\u003e  \u003cline b\u003d\"321\" baseline\u003d\"319\" l\u003d\"128\" r\u003d\"170\" style\u003d\"transform: translate(2px, 115px); position: absolute;\" t\u003d\"309\"\u003e \u003cformatting lang\u003d\"EnglishUnitedStates\"\u003e [Phone] \u003c/formatting\u003e  \u003c/line\u003e  \u003c/par\u003e  \u003c/text\u003e  \u003c/block\u003e  \u003cblock b\u003d\"265\" blockname\u003d\"\" blocktype\u003d\"Text\" l\u003d\"486\" r\u003d\"632\" style\u003d\"transform: translate(524px, 306px); position: absolute; width: 157.471px; height: 52.8125px;\" t\u003d\"226\"\u003e \u003cregion\u003e \u003crect b\u003d\"265\" l\u003d\"486\" r\u003d\"632\" t\u003d\"226\"\u003e\u003c/rect\u003e  \u003c/region\u003e  \u003ctext\u003e \u003cpar linespacing\u003d\"1130\"\u003e \u003cline b\u003d\"245\" baseline\u003d\"242\" l\u003d\"488\" r\u003d\"629\" style\u003d\"transform: translate(2px, 1px); position: absolute;\" t\u003d\"227\"\u003e \u003cformatting lang\u003d\"EnglishUnitedStates\"\u003e INVOICE #\u003cinvoice_number appendorder\u003d\"2\" class\u003d\"extraction-tag\" confidence\u003d\"1/1\" data-original-title\u003d\"Invoice number\" data-toggle\u003d\"tooltip\" data-value\u003d\"P00\" fold-name\u003d\"fold5\" score\u003d\"0.8257429995331991\" style\u003d\"background-color: rgb(0, 83, 98);  color: rgb(255, 255, 255);   border: 2px solid rgb(125, 157, 1); \" tagorder\u003d\"1\"\u003eP00\u003c/invoice_number\u003e] \u003c/formatting\u003e  \u003c/line\u003e  \u003c/par\u003e  \u003cpar linespacing\u003d\"830\"\u003e \u003cline b\u003d\"262\" baseline\u003d\"262\" l\u003d\"494\" r\u003d\"629\" style\u003d\"transform: translate(9px, 34px); position: absolute;\" t\u003d\"251\"\u003e \u003cformatting lang\u003d\"EnglishUnitedStates\"\u003e CATE: \u003cinvoice_date appendorder\u003d\"3\" class\u003d\"extraction-tag\" confidence\u003d\"1/1\" data-original-title\u003d\"Invoice date\" data-toggle\u003d\"tooltip\" data-value\u003d\"SEPTEMBER 7 2016\" fold-name\u003d\"fold3\" score\u003d\"0.6784684807725513\" style\u003d\"background-color: rgb(17, 18, 43);  color: rgb(255, 255, 255);   border: 2px solid rgb(125, 157, 1); \" tagorder\u003d\"2\"\u003eSEPTEMBER 7 2016\u003c/invoice_date\u003e \u003c/formatting\u003e  \u003c/line\u003e  \u003c/par\u003e  \u003c/text\u003e  \u003c/block\u003e  \u003cregion xmlns\u003d\"http://ocr.crowdcomputingsystems.com/xml/schema-v1.xml\"\u003e \u003crect b\u003d\"518\" l\u003d\"40\" r\u003d\"662\" t\u003d\"372\"\u003e\u003c/rect\u003e  \u003c/region\u003e \u003ctable b\u003d\"518\" blockname\u003d\"\" blocktype\u003d\"Table\" l\u003d\"40\" r\u003d\"662\" style\u003d\"transform: translate(43px, 504px); position: absolute; user-select: auto;\" t\u003d\"372\" xmlns\u003d\"\"\u003e \u003ctbody\u003e\u003ctr\u003e \u003ctd bottomborder\u003d\"White\" colspan\u003d\"2\" h\u003d\"31\" leftborder\u003d\"White\" rightborder\u003d\"White\" topborder\u003d\"White\" w\u003d\"267\"\u003e \u003ctext xmlns\u003d\"http://ocr.crowdcomputingsystems.com/xml/schema-v1.xml\"\u003e \u003cpar align\u003d\"Center\" leftindent\u003d\"100\" linespacing\u003d\"980\"\u003e \u003cline b\u003d\"397\" baseline\u003d\"397\" l\u003d\"103\" r\u003d\"243\" t\u003d\"384\"\u003e \u003cformatting lang\u003d\"EnglishUnitedStates\"\u003e JOB DESCRIPTION \u003c/formatting\u003e  \u003c/line\u003e  \u003c/par\u003e  \u003c/text\u003e  \u003c/td\u003e   \u003ctd bottomborder\u003d\"White\" h\u003d\"31\" leftborder\u003d\"White\" rightborder\u003d\"White\" topborder\u003d\"White\" w\u003d\"117\"\u003e \u003ctext xmlns\u003d\"http://ocr.crowdcomputingsystems.com/xml/schema-v1.xml\"\u003e \u003cpar leftindent\u003d\"1300\" linespacing\u003d\"980\"\u003e \u003cline b\u003d\"400\" baseline\u003d\"397\" l\u003d\"324\" r\u003d\"407\" t\u003d\"384\"\u003e \u003cformatting lang\u003d\"EnglishUnitedStates\"\u003e QUANTITY \u003c/formatting\u003e  \u003c/line\u003e  \u003c/par\u003e  \u003c/text\u003e  \u003c/td\u003e   \u003ctd bottomborder\u003d\"White\" h\u003d\"31\" leftborder\u003d\"White\" rightborder\u003d\"White\" topborder\u003d\"White\" w\u003d\"126\"\u003e \u003ctext xmlns\u003d\"http://ocr.crowdcomputingsystems.com/xml/schema-v1.xml\"\u003e \u003cpar leftindent\u003d\"1100\" linespacing\u003d\"980\"\u003e \u003cline b\u003d\"397\" baseline\u003d\"397\" l\u003d\"438\" r\u003d\"525\" t\u003d\"384\"\u003e \u003cformatting lang\u003d\"EnglishUnitedStates\"\u003e UNIT PRICE \u003c/formatting\u003e  \u003c/line\u003e  \u003c/par\u003e  \u003c/text\u003e  \u003c/td\u003e   \u003ctd bottomborder\u003d\"White\" h\u003d\"31\" leftborder\u003d\"White\" rightborder\u003d\"White\" topborder\u003d\"White\" w\u003d\"112\"\u003e \u003ctext xmlns\u003d\"http://ocr.crowdcomputingsystems.com/xml/schema-v1.xml\"\u003e \u003cpar leftindent\u003d\"2100\" linespacing\u003d\"1730\"\u003e \u003cline b\u003d\"397\" baseline\u003d\"397\" l\u003d\"574\" r\u003d\"658\" t\u003d\"374\"\u003e \u003cformatting lang\u003d\"EnglishUnitedStates\"\u003e TOTAL I \u003c/formatting\u003e  \u003c/line\u003e  \u003c/par\u003e  \u003c/text\u003e  \u003c/td\u003e   \u003c/tr\u003e \n \u003ctr\u003e \u003ctd bottomborder\u003d\"White\" h\u003d\"58\" leftborder\u003d\"White\" rightborder\u003d\"White\" topborder\u003d\"White\" w\u003d\"28\"\u003e \u003ctext xmlns\u003d\"http://ocr.crowdcomputingsystems.com/xml/schema-v1.xml\"\u003e \u003cpar linespacing\u003d\"680\"\u003e \u003cline b\u003d\"437\" baseline\u003d\"437\" l\u003d\"49\" r\u003d\"60\" t\u003d\"428\"\u003e \u003cformatting lang\u003d\"EnglishUnitedStates\"\u003e 01 \u003c/formatting\u003e  \u003c/line\u003e  \u003c/par\u003e  \u003c/text\u003e  \u003c/td\u003e   \u003ctd bottomborder\u003d\"White\" h\u003d\"58\" leftborder\u003d\"White\" rightborder\u003d\"White\" topborder\u003d\"White\" w\u003d\"239\"\u003e \u003ctext xmlns\u003d\"http://ocr.crowdcomputingsystems.com/xml/schema-v1.xml\"\u003e \u003cpar linespacing\u003d\"680\"\u003e \u003cline b\u003d\"428\" baseline\u003d\"426\" l\u003d\"75\" r\u003d\"260\" t\u003d\"417\"\u003e\u003cproduct class\u003d\"extraction-tag\" data-value\u003d\"Wedding piclures, June 16. 2016     Use this space lo provide an extro description  ot your services, it required.\" fold-name\u003d\"fold1\" ml-tagorder\u003d\"3391903\" score\u003d\"0.5702391555815148\" tagorder\u003d\"3391903\"\u003eWedding piclures, June 16. 2016\u003c/product\u003e\u003c/line\u003e  \u003c/par\u003e  \u003cpar linespacing\u003d\"825\" rightindent\u003d\"1400\"\u003e \u003cline b\u003d\"439\" baseline\u003d\"437\" l\u003d\"75\" r\u003d\"289\" t\u003d\"430\"\u003e\u003cproduct class\u003d\"extraction-tag\" data-value\u003d\"Wedding piclures, June 16. 2016     Use this space lo provide an extro description  ot your services, it required.\" fold-name\u003d\"fold1\" ml-tagorder\u003d\"3391903\" score\u003d\"0.5702391555815148\" tagorder\u003d\"3391903\"\u003eUse this space lo provide an extro description\u003c/product\u003e\u003c/line\u003e  \u003cline b\u003d\"451\" baseline\u003d\"448\" l\u003d\"75\" r\u003d\"203\" t\u003d\"441\"\u003e\u003cproduct class\u003d\"extraction-tag\" data-value\u003d\"Wedding piclures, June 16. 2016     Use this space lo provide an extro description  ot your services, it required.\" fold-name\u003d\"fold1\" ml-tagorder\u003d\"3391903\" score\u003d\"0.5702391555815148\" tagorder\u003d\"3391903\"\u003eot your services, it required.\u003c/product\u003e\u003c/line\u003e  \u003c/par\u003e  \u003c/text\u003e  \u003c/td\u003e   \u003ctd bottomborder\u003d\"White\" h\u003d\"58\" leftborder\u003d\"White\" rightborder\u003d\"White\" topborder\u003d\"White\" w\u003d\"117\"\u003e \u003ctext xmlns\u003d\"http://ocr.crowdcomputingsystems.com/xml/schema-v1.xml\"\u003e \u003cpar align\u003d\"Center\" leftindent\u003d\"200\" linespacing\u003d\"680\"\u003e \u003cline b\u003d\"437\" baseline\u003d\"437\" l\u003d\"358\" r\u003d\"371\" t\u003d\"428\"\u003e\u003cquantity appendorder\u003d\"5\" class\u003d\"extraction-tag\" confidence\u003d\"1/1\" data-original-title\u003d\"construction_type\" data-toggle\u003d\"tooltip\" data-value\u003d\"25\" fold-name\u003d\"fold5\" injection\u003d\"true\" referencedatausedininjection\u003d\"manual\" score\u003d\"0.9069982453133064\" style\u003d\"background-color: rgb(11, 47, 140);  color: rgb(255, 255, 255);   border: 2px solid rgb(125, 157, 1); \" tagorder\u003d\"3391896\"\u003e25\u003c/quantity\u003e\u003c/line\u003e  \u003c/par\u003e  \u003c/text\u003e  \u003c/td\u003e   \u003ctd bottomborder\u003d\"White\" h\u003d\"58\" leftborder\u003d\"White\" rightborder\u003d\"White\" topborder\u003d\"White\" w\u003d\"126\"\u003e \u003ctext xmlns\u003d\"http://ocr.crowdcomputingsystems.com/xml/schema-v1.xml\"\u003e \u003cpar align\u003d\"Center\" leftindent\u003d\"900\" linespacing\u003d\"680\"\u003e \u003cline b\u003d\"438\" baseline\u003d\"437\" l\u003d\"471\" r\u003d\"491\" t\u003d\"428\"\u003e$\u003cprice class\u003d\"extraction-tag\" data-value\u003d\"20\" fold-name\u003d\"fold4\" ml-tagorder\u003d\"3391899\" score\u003d\"0.8857817902196521\" tagorder\u003d\"3391899\"\u003e20\u003c/price\u003e\u003c/line\u003e  \u003c/par\u003e  \u003c/text\u003e  \u003c/td\u003e   \u003ctd bottomborder\u003d\"White\" h\u003d\"58\" leftborder\u003d\"White\" rightborder\u003d\"White\" topborder\u003d\"White\" w\u003d\"112\"\u003e \u003ctext xmlns\u003d\"http://ocr.crowdcomputingsystems.com/xml/schema-v1.xml\"\u003e \u003cpar align\u003d\"Center\" leftindent\u003d\"1200\" linespacing\u003d\"680\"\u003e \u003cline b\u003d\"438\" baseline\u003d\"437\" l\u003d\"583\" r\u003d\"612\" t\u003d\"428\"\u003e \u003cformatting lang\u003d\"EnglishUnitedStates\"\u003e $500 \u003c/formatting\u003e  \u003c/line\u003e  \u003c/par\u003e  \u003c/text\u003e  \u003c/td\u003e   \u003c/tr\u003e \n \u003ctr\u003e \u003ctd bottomborder\u003d\"White\" h\u003d\"57\" leftborder\u003d\"White\" rightborder\u003d\"White\" topborder\u003d\"White\" w\u003d\"28\"\u003e \u003ctext xmlns\u003d\"http://ocr.crowdcomputingsystems.com/xml/schema-v1.xml\"\u003e \u003cpar linespacing\u003d\"750\"\u003e \u003cline b\u003d\"491\" baseline\u003d\"491\" l\u003d\"47\" r\u003d\"61\" t\u003d\"481\"\u003e \u003cformatting lang\u003d\"EnglishUnitedStates\"\u003e 02 \u003c/formatting\u003e  \u003c/line\u003e  \u003c/par\u003e  \u003c/text\u003e  \u003c/td\u003e   \u003ctd bottomborder\u003d\"White\" h\u003d\"57\" leftborder\u003d\"White\" rightborder\u003d\"White\" topborder\u003d\"White\" w\u003d\"239\"\u003e \u003ctext xmlns\u003d\"http://ocr.crowdcomputingsystems.com/xml/schema-v1.xml\"\u003e \u003cpar linespacing\u003d\"825\"\u003e \u003cline b\u003d\"479\" baseline\u003d\"479\" l\u003d\"75\" r\u003d\"106\" t\u003d\"470\"\u003e\u003cproduct class\u003d\"extraction-tag\" data-value\u003d\"Job 2     Use this spoce to provide an extra description  ot your services. it required.\" fold-name\u003d\"fold1\" ml-tagorder\u003d\"3391904\" score\u003d\"0.6085469139859823\" tagorder\u003d\"3391904\"\u003eJob 2\u003c/product\u003e\u003c/line\u003e  \u003c/par\u003e  \u003cpar linespacing\u003d\"825\" rightindent\u003d\"1400\"\u003e \u003cline b\u003d\"493\" baseline\u003d\"491\" l\u003d\"75\" r\u003d\"289\" t\u003d\"484\"\u003e\u003cproduct class\u003d\"extraction-tag\" data-value\u003d\"Job 2     Use this spoce to provide an extra description  ot your services. it required.\" fold-name\u003d\"fold1\" ml-tagorder\u003d\"3391904\" score\u003d\"0.6085469139859823\" tagorder\u003d\"3391904\"\u003eUse this spoce to provide an extra description\u003c/product\u003e\u003c/line\u003e  \u003cline b\u003d\"504\" baseline\u003d\"502\" l\u003d\"75\" r\u003d\"203\" t\u003d\"495\"\u003e\u003cproduct class\u003d\"extraction-tag\" data-value\u003d\"Job 2     Use this spoce to provide an extra description  ot your services. it required.\" fold-name\u003d\"fold1\" ml-tagorder\u003d\"3391904\" score\u003d\"0.6085469139859823\" tagorder\u003d\"3391904\"\u003eot your services. it required.\u003c/product\u003e\u003c/line\u003e  \u003c/par\u003e  \u003c/text\u003e  \u003c/td\u003e   \u003ctd bottomborder\u003d\"White\" h\u003d\"57\" leftborder\u003d\"White\" rightborder\u003d\"White\" topborder\u003d\"White\" w\u003d\"117\"\u003e \u003ctext xmlns\u003d\"http://ocr.crowdcomputingsystems.com/xml/schema-v1.xml\"\u003e \u003cpar align\u003d\"Center\" leftindent\u003d\"200\" linespacing\u003d\"830\"\u003e \u003cline b\u003d\"492\" baseline\u003d\"492\" l\u003d\"357\" r\u003d\"370\" t\u003d\"481\"\u003e\u003cquantity appendorder\u003d\"5\" class\u003d\"extraction-tag\" confidence\u003d\"1/1\" data-original-title\u003d\"construction_type\" data-toggle\u003d\"tooltip\" data-value\u003d\"10\" fold-name\u003d\"fold5\" injection\u003d\"true\" referencedatausedininjection\u003d\"manual\" score\u003d\"0.8883665907470634\" style\u003d\"background-color: rgb(11, 47, 140);  color: rgb(255, 255, 255);   border: 2px solid rgb(125, 157, 1); \" tagorder\u003d\"152931\"\u003e10\u003c/quantity\u003e\u003c/line\u003e  \u003c/par\u003e  \u003c/text\u003e  \u003c/td\u003e   \u003ctd bottomborder\u003d\"White\" h\u003d\"57\" leftborder\u003d\"White\" rightborder\u003d\"White\" topborder\u003d\"White\" w\u003d\"126\"\u003e \u003ctext xmlns\u003d\"http://ocr.crowdcomputingsystems.com/xml/schema-v1.xml\"\u003e \u003cpar align\u003d\"Center\" leftindent\u003d\"900\" linespacing\u003d\"830\"\u003e \u003cline b\u003d\"493\" baseline\u003d\"492\" l\u003d\"468\" r\u003d\"493\" t\u003d\"481\"\u003e$\u003cprice class\u003d\"extraction-tag\" data-value\u003d\"20\" fold-name\u003d\"fold4\" ml-tagorder\u003d\"3391901\" score\u003d\"0.8794898536306734\" tagorder\u003d\"3391901\"\u003e20\u003c/price\u003e\u003c/line\u003e  \u003c/par\u003e  \u003c/text\u003e  \u003c/td\u003e   \u003ctd bottomborder\u003d\"White\" h\u003d\"57\" leftborder\u003d\"White\" rightborder\u003d\"White\" topborder\u003d\"White\" w\u003d\"112\"\u003e \u003ctext xmlns\u003d\"http://ocr.crowdcomputingsystems.com/xml/schema-v1.xml\"\u003e \u003cpar align\u003d\"Center\" leftindent\u003d\"1200\" linespacing\u003d\"830\"\u003e \u003cline b\u003d\"493\" baseline\u003d\"492\" l\u003d\"581\" r\u003d\"615\" t\u003d\"481\"\u003e \u003cformatting lang\u003d\"EnglishUnitedStates\"\u003e $200 \u003c/formatting\u003e  \u003c/line\u003e  \u003c/par\u003e  \u003c/text\u003e  \u003c/td\u003e   \u003c/tr\u003e \n \u003c/tbody\u003e\u003c/table\u003e\n \u003cblock b\u003d\"547\" blockname\u003d\"\" blocktype\u003d\"Text\" l\u003d\"46\" r\u003d\"64\" style\u003d\"transform: translate(50px, 723px); position: absolute; width: 19.4143px; height: 17.6042px;\" t\u003d\"534\"\u003e \u003cregion\u003e \u003crect b\u003d\"547\" l\u003d\"46\" r\u003d\"64\" t\u003d\"534\"\u003e\u003c/rect\u003e  \u003c/region\u003e  \u003ctext\u003e \u003cpar linespacing\u003d\"680\"\u003e \u003cline b\u003d\"544\" baseline\u003d\"544\" l\u003d\"47\" r\u003d\"61\" style\u003d\"transform: translate(1px, 1px); position: absolute;\" t\u003d\"535\"\u003e \u003cformatting lang\u003d\"EnglishUnitedStates\"\u003e 03 \u003c/formatting\u003e  \u003c/line\u003e  \u003c/par\u003e  \u003c/text\u003e  \u003c/block\u003e  \u003cblock b\u003d\"601\" blockname\u003d\"\" blocktype\u003d\"Text\" l\u003d\"46\" r\u003d\"65\" style\u003d\"transform: translate(50px, 796px); position: absolute; width: 20.4929px; height: 17.6042px;\" t\u003d\"588\"\u003e \u003cregion\u003e \u003crect b\u003d\"601\" l\u003d\"46\" r\u003d\"65\" t\u003d\"588\"\u003e\u003c/rect\u003e  \u003c/region\u003e  \u003ctext\u003e \u003cpar linespacing\u003d\"680\"\u003e \u003cline b\u003d\"598\" baseline\u003d\"598\" l\u003d\"47\" r\u003d\"62\" style\u003d\"transform: translate(1px, 1px); position: absolute;\" t\u003d\"589\"\u003e \u003cformatting lang\u003d\"EnglishUnitedStates\"\u003e 04 \u003c/formatting\u003e  \u003c/line\u003e  \u003c/par\u003e  \u003c/text\u003e  \u003c/block\u003e  \u003cblock b\u003d\"655\" blockname\u003d\"\" blocktype\u003d\"Text\" l\u003d\"46\" r\u003d\"64\" style\u003d\"transform: translate(50px, 868px); position: absolute; width: 19.4143px; height: 18.9583px;\" t\u003d\"641\"\u003e \u003cregion\u003e \u003crect b\u003d\"655\" l\u003d\"46\" r\u003d\"64\" t\u003d\"641\"\u003e\u003c/rect\u003e  \u003c/region\u003e  \u003ctext\u003e \u003cpar linespacing\u003d\"680\"\u003e \u003cline b\u003d\"652\" baseline\u003d\"652\" l\u003d\"47\" r\u003d\"61\" style\u003d\"transform: translate(1px, 3px); position: absolute;\" t\u003d\"643\"\u003e \u003cformatting lang\u003d\"EnglishUnitedStates\"\u003e 05 \u003c/formatting\u003e  \u003c/line\u003e  \u003c/par\u003e  \u003c/text\u003e  \u003c/block\u003e  \u003cblock b\u003d\"774\" blockname\u003d\"\" blocktype\u003d\"Text\" l\u003d\"80\" r\u003d\"397\" style\u003d\"transform: translate(86px, 953px); position: absolute; width: 341.907px; height: 94.7917px;\" t\u003d\"704\"\u003e \u003cregion\u003e \u003crect b\u003d\"774\" l\u003d\"80\" r\u003d\"397\" t\u003d\"704\"\u003e\u003c/rect\u003e  \u003c/region\u003e  \u003ctext\u003e \u003cpar linespacing\u003d\"825\"\u003e \u003cline b\u003d\"715\" baseline\u003d\"713\" l\u003d\"82\" r\u003d\"347\" style\u003d\"transform: translate(2px, 1px); position: absolute;\" t\u003d\"705\"\u003e \u003cformatting lang\u003d\"EnglishUnitedStates\"\u003e Ploose rrako all chocks payablo to [Yoor Company Name] \u003c/formatting\u003e  \u003c/line\u003e  \u003c/par\u003e  \u003cpar linespacing\u003d\"825\"\u003e \u003cline b\u003d\"726\" baseline\u003d\"724\" l\u003d\"82\" r\u003d\"221\" style\u003d\"transform: translate(2px, 16px); position: absolute;\" t\u003d\"716\"\u003e \u003cformatting lang\u003d\"EnglishUnitedStates\"\u003e Poymont is duo within SO days \u003c/formatting\u003e  \u003c/line\u003e  \u003c/par\u003e  \u003cpar linespacing\u003d\"825\"\u003e \u003cline b\u003d\"738\" baseline\u003d\"735\" l\u003d\"82\" r\u003d\"394\" style\u003d\"transform: translate(2px, 33px); position: absolute;\" t\u003d\"728\"\u003e \u003cformatting lang\u003d\"EnglishUnitedStates\"\u003e II you ha/e ary questions concerning this irr/oice. leel tree to corioct \u003c/formatting\u003e  \u003c/line\u003e  \u003cline b\u003d\"749\" baseline\u003d\"747\" l\u003d\"82\" r\u003d\"223\" style\u003d\"transform: translate(2px, 47px); position: absolute;\" t\u003d\"739\"\u003e \u003cformatting lang\u003d\"EnglishUnitedStates\"\u003e [Namo. phone number, o-mallj \u003c/formatting\u003e  \u003c/line\u003e  \u003c/par\u003e  \u003cpar linespacing\u003d\"530\"\u003e \u003cline b\u003d\"772\" baseline\u003d\"769\" l\u003d\"82\" r\u003d\"206\" style\u003d\"transform: translate(2px, 79px); position: absolute;\" t\u003d\"762\"\u003e \u003cformatting lang\u003d\"EnglishUnitedStates\"\u003e Thank you fer your business \u003c/formatting\u003e  \u003c/line\u003e  \u003c/par\u003e  \u003c/text\u003e  \u003c/block\u003e  \u003cregion xmlns\u003d\"http://ocr.crowdcomputingsystems.com/xml/schema-v1.xml\"\u003e \u003crect b\u003d\"803\" l\u003d\"423\" r\u003d\"659\" t\u003d\"671\"\u003e\u003c/rect\u003e  \u003c/region\u003e \u003ctable b\u003d\"803\" blockname\u003d\"\" blocktype\u003d\"Table\" l\u003d\"423\" r\u003d\"659\" style\u003d\"transform: translate(456px, 909px); position: absolute; user-select: auto;\" t\u003d\"671\" xmlns\u003d\"\"\u003e \u003ctbody\u003e\u003ctr\u003e \u003ctd bottomborder\u003d\"White\" h\u003d\"35\" leftborder\u003d\"White\" rightborder\u003d\"White\" topborder\u003d\"White\" w\u003d\"119\"\u003e \u003ctext xmlns\u003d\"http://ocr.crowdcomputingsystems.com/xml/schema-v1.xml\"\u003e \u003cpar linespacing\u003d\"750\"\u003e \u003cline b\u003d\"695\" baseline\u003d\"695\" l\u003d\"429\" r\u003d\"487\" t\u003d\"685\"\u003e \u003cformatting lang\u003d\"EnglishUnitedStates\"\u003e SUBTOTAL \u003c/formatting\u003e  \u003c/line\u003e  \u003c/par\u003e  \u003c/text\u003e  \u003c/td\u003e   \u003ctd bottomborder\u003d\"White\" h\u003d\"35\" leftborder\u003d\"White\" rightborder\u003d\"White\" topborder\u003d\"White\" w\u003d\"117\"\u003e \u003ctext xmlns\u003d\"http://ocr.crowdcomputingsystems.com/xml/schema-v1.xml\"\u003e \u003cpar align\u003d\"Center\" leftindent\u003d\"400\" linespacing\u003d\"750\"\u003e \u003cline b\u003d\"696\" baseline\u003d\"695\" l\u003d\"582\" r\u003d\"614\" t\u003d\"685\"\u003e \u003cformatting lang\u003d\"EnglishUnitedStates\"\u003e $700 \u003c/formatting\u003e  \u003c/line\u003e  \u003c/par\u003e  \u003c/text\u003e  \u003c/td\u003e   \u003c/tr\u003e \n \u003ctr\u003e \u003ctd bottomborder\u003d\"White\" h\u003d\"32\" leftborder\u003d\"White\" rightborder\u003d\"White\" topborder\u003d\"White\" w\u003d\"119\"\u003e \u003ctext xmlns\u003d\"http://ocr.crowdcomputingsystems.com/xml/schema-v1.xml\"\u003e \u003cpar linespacing\u003d\"750\"\u003e \u003cline b\u003d\"726\" baseline\u003d\"726\" l\u003d\"430\" r\u003d\"514\" t\u003d\"716\"\u003e \u003cformatting lang\u003d\"EnglishUnitedStates\"\u003e SALES TAX 10% \u003c/formatting\u003e  \u003c/line\u003e  \u003c/par\u003e  \u003c/text\u003e  \u003c/td\u003e   \u003ctd bottomborder\u003d\"White\" h\u003d\"32\" leftborder\u003d\"White\" rightborder\u003d\"White\" topborder\u003d\"White\" w\u003d\"117\"\u003e \u003ctext xmlns\u003d\"http://ocr.crowdcomputingsystems.com/xml/schema-v1.xml\"\u003e \u003cpar align\u003d\"Center\" leftindent\u003d\"400\" linespacing\u003d\"750\"\u003e \u003cline b\u003d\"727\" baseline\u003d\"726\" l\u003d\"587\" r\u003d\"609\" t\u003d\"716\"\u003e \u003cformatting lang\u003d\"EnglishUnitedStates\"\u003e $70 \u003c/formatting\u003e  \u003c/line\u003e  \u003c/par\u003e  \u003c/text\u003e  \u003c/td\u003e   \u003c/tr\u003e \n \u003ctr\u003e \u003ctd bottomborder\u003d\"White\" h\u003d\"31\" leftborder\u003d\"White\" rightborder\u003d\"White\" topborder\u003d\"White\" w\u003d\"119\"\u003e \u003ctext xmlns\u003d\"http://ocr.crowdcomputingsystems.com/xml/schema-v1.xml\"\u003e \u003cpar linespacing\u003d\"750\"\u003e \u003cline b\u003d\"758\" baseline\u003d\"758\" l\u003d\"429\" r\u003d\"510\" t\u003d\"748\"\u003e \u003cformatting lang\u003d\"EnglishUnitedStates\"\u003e DISCOUNT 5% \u003c/formatting\u003e  \u003c/line\u003e  \u003c/par\u003e  \u003c/text\u003e  \u003c/td\u003e   \u003ctd bottomborder\u003d\"White\" h\u003d\"31\" leftborder\u003d\"White\" rightborder\u003d\"White\" topborder\u003d\"White\" w\u003d\"117\"\u003e \u003ctext xmlns\u003d\"http://ocr.crowdcomputingsystems.com/xml/schema-v1.xml\"\u003e \u003cpar align\u003d\"Center\" leftindent\u003d\"400\" linespacing\u003d\"750\"\u003e \u003cline b\u003d\"759\" baseline\u003d\"758\" l\u003d\"585\" r\u003d\"612\" t\u003d\"748\"\u003e \u003cformatting lang\u003d\"EnglishUnitedStates\"\u003e *$35 \u003c/formatting\u003e  \u003c/line\u003e  \u003c/par\u003e  \u003c/text\u003e  \u003c/td\u003e   \u003c/tr\u003e \n \u003ctr\u003e \u003ctd bottomborder\u003d\"White\" h\u003d\"34\" leftborder\u003d\"White\" rightborder\u003d\"White\" topborder\u003d\"White\" w\u003d\"119\"\u003e \u003ctext xmlns\u003d\"http://ocr.crowdcomputingsystems.com/xml/schema-v1.xml\"\u003e \u003cpar linespacing\u003d\"830\"\u003e \u003cline b\u003d\"790\" baseline\u003d\"790\" l\u003d\"429\" r\u003d\"515\" t\u003d\"779\"\u003e \u003cformatting lang\u003d\"EnglishUnitedStates\"\u003e GRAND TOTAL \u003c/formatting\u003e  \u003c/line\u003e  \u003c/par\u003e  \u003c/text\u003e  \u003c/td\u003e   \u003ctd bottomborder\u003d\"White\" h\u003d\"34\" leftborder\u003d\"White\" rightborder\u003d\"White\" topborder\u003d\"White\" w\u003d\"117\"\u003e \u003ctext xmlns\u003d\"http://ocr.crowdcomputingsystems.com/xml/schema-v1.xml\"\u003e \u003cpar align\u003d\"Center\" leftindent\u003d\"400\" linespacing\u003d\"830\"\u003e \u003cline b\u003d\"791\" baseline\u003d\"790\" l\u003d\"582\" r\u003d\"614\" t\u003d\"779\"\u003e \u003cformatting lang\u003d\"EnglishUnitedStates\"\u003e $\u003ctotal_amount appendorder\u003d\"4\" class\u003d\"extraction-tag\" confidence\u003d\"1/1\" data-original-title\u003d\"Total amount\" data-toggle\u003d\"tooltip\" data-value\u003d\"735\" fold-name\u003d\"fold1\" score\u003d\"0.7351278340684321\" style\u003d\"background-color: rgb(27, 182, 226);  color: rgb(0, 0, 0);   border: 2px solid rgb(125, 157, 1); \" tagorder\u003d\"3\"\u003e735\u003c/total_amount\u003e \u003c/formatting\u003e  \u003c/line\u003e  \u003c/par\u003e  \u003c/text\u003e  \u003c/td\u003e   \u003c/tr\u003e \n \u003c/tbody\u003e\u003c/table\u003e\n \u003cblock b\u003d\"949\" blockname\u003d\"\" blocktype\u003d\"Text\" l\u003d\"283\" r\u003d\"417\" style\u003d\"transform: translate(305px, 1221px); position: absolute; width: 144.529px; height: 63.6458px;\" t\u003d\"902\"\u003e \u003cregion\u003e \u003crect b\u003d\"949\" l\u003d\"283\" r\u003d\"417\" t\u003d\"902\"\u003e\u003c/rect\u003e  \u003c/region\u003e  \u003ctext\u003e \u003cpar leftindent\u003d\"17500\" linespacing\u003d\"680\"\u003e \u003cline b\u003d\"916\" baseline\u003d\"913\" l\u003d\"313\" r\u003d\"382\" style\u003d\"transform: translate(32px, 3px); position: absolute;\" t\u003d\"904\"\u003e \u003cformatting lang\u003d\"EnglishUnitedStates\"\u003e free template bv \u003c/formatting\u003e  \u003c/line\u003e  \u003c/par\u003e  \u003cpar align\u003d\"Right\" linespacing\u003d\"1350\"\u003e \u003cline b\u003d\"946\" baseline\u003d\"941\" l\u003d\"284\" r\u003d\"414\" style\u003d\"transform: translate(1px, 28px); position: absolute;\" t\u003d\"923\"\u003e \u003cformatting lang\u003d\"EnglishUnitedStates\"\u003e 0 InvoiceBerry \u003c/formatting\u003e  \u003c/line\u003e  \u003c/par\u003e  \u003c/text\u003e  \u003c/block\u003e  \u003cblock b\u003d\"403\" blockname\u003d\"\" blocktype\u003d\"Text\" class\u003d\"hidden\" l\u003d\"44\" r\u003d\"305\" style\u003d\"transform: translate(47px, 508px); position: absolute; width: 281.507px; height: 37.9167px;\" t\u003d\"375\"\u003e \u003cregion\u003e \u003crect b\u003d\"403\" l\u003d\"44\" r\u003d\"305\" t\u003d\"375\"\u003e\u003c/rect\u003e  \u003c/region\u003e  \u003ctext\u003e \u003cpar linespacing\u003d\"-1\"\u003e\u003c/par\u003e  \u003c/text\u003e  \u003c/block\u003e  \u003cblock b\u003d\"403\" blockname\u003d\"\" blocktype\u003d\"Text\" class\u003d\"hidden\" l\u003d\"309\" r\u003d\"422\" style\u003d\"transform: translate(333px, 508px); position: absolute; width: 121.879px; height: 37.9167px;\" t\u003d\"375\"\u003e \u003cregion\u003e \u003crect b\u003d\"403\" l\u003d\"309\" r\u003d\"422\" t\u003d\"375\"\u003e\u003c/rect\u003e  \u003c/region\u003e  \u003ctext\u003e \u003cpar linespacing\u003d\"-1\"\u003e\u003c/par\u003e  \u003c/text\u003e  \u003c/block\u003e  \u003cblock b\u003d\"403\" blockname\u003d\"\" blocktype\u003d\"Text\" class\u003d\"hidden\" l\u003d\"425\" r\u003d\"539\" style\u003d\"transform: translate(458px, 508px); position: absolute; width: 122.957px; height: 37.9167px;\" t\u003d\"375\"\u003e \u003cregion\u003e \u003crect b\u003d\"403\" l\u003d\"425\" r\u003d\"539\" t\u003d\"375\"\u003e\u003c/rect\u003e  \u003c/region\u003e  \u003ctext\u003e \u003cpar hasoverflowedtail\u003d\"1\" linespacing\u003d\"-1\"\u003e\u003c/par\u003e  \u003c/text\u003e  \u003c/block\u003e  \u003cblock b\u003d\"403\" blockname\u003d\"\" blocktype\u003d\"Text\" class\u003d\"hidden\" l\u003d\"542\" r\u003d\"656\" style\u003d\"transform: translate(585px, 508px); position: absolute; width: 122.957px; height: 37.9167px;\" t\u003d\"375\"\u003e \u003cregion\u003e \u003crect b\u003d\"403\" l\u003d\"542\" r\u003d\"656\" t\u003d\"375\"\u003e\u003c/rect\u003e  \u003c/region\u003e  \u003ctext\u003e \u003cpar hasoverflowedhead\u003d\"1\" linespacing\u003d\"-1\"\u003e\u003c/par\u003e  \u003c/text\u003e  \u003c/block\u003e  \u003c/page\u003e             \u003c/document\u003e\u003c/body\u003e\u003c/html\u003e","tags":[{"begin":411,"end":414,"text":"P00","tag":"invoice_number","fieldType":"TEXT","score":0.8257429995331991,"estimatedAccuracy":0.0},{"begin":431,"end":447,"text":"SEPTEMBER 7 2016","tag":"invoice_date","fieldType":"DATE","score":0.6784684807725513,"estimatedAccuracy":0.0},{"begin":598,"end":712,"text":"Wedding piclures, June 16. 2016     Use this space lo provide an extro description  ot your services, it required.","tag":"product","fieldType":"TEXT","score":0.5702391555815148,"estimatedAccuracy":0.0},{"begin":724,"end":726,"text":"25","tag":"quantity","fieldType":"NUMBER","score":0.9069982453133064,"estimatedAccuracy":0.0},{"begin":739,"end":741,"text":"20","tag":"price","fieldType":"NUMBER","score":0.8857817902196521,"estimatedAccuracy":0.0},{"begin":797,"end":885,"text":"Job 2     Use this spoce to provide an extra description  ot your services. it required.","tag":"product","fieldType":"TEXT","score":0.6085469139859823,"estimatedAccuracy":0.0},{"begin":897,"end":899,"text":"10","tag":"quantity","fieldType":"NUMBER","score":0.8883665907470634,"estimatedAccuracy":0.0},{"begin":912,"end":914,"text":"20","tag":"price","fieldType":"NUMBER","score":0.8794898536306734,"estimatedAccuracy":0.0},{"begin":1483,"end":1486,"text":"735","tag":"total_amount","fieldType":"NUMBER","score":0.7351278340684321,"estimatedAccuracy":0.0}],"group":"invoice_date|invoice_number|price|product|quantity|total_amount","limeExplanation":{},"liblinearFeatureImportance":{}}