{"finalScore":0.6834070142945219,"metaInfo":{"model":{"coreVersion":"10.3.0.39"}},"sumScore":10.251105214417828,"tagsCounter":15.0,"taggedText":"\u003chtml\u003e\u003chead\u003e\u003cscript src\u003d\"https://ajax.googleapis.com/ajax/libs/jquery/2.2.0/jquery.min.js\"\u003e\u003c/script\u003e\u003c/head\u003e\u003cbody\u003e\u003cdocument languages\u003d\"\" producer\u003d\"Workfusion\" schemalocation\u003d\"http://ocr.crowdcomputingsystems.com/xml/schema-v1.xml\" version\u003d\"1.0\" xmlns\u003d\"http://ocr.crowdcomputingsystems.com/xml/schema-v1.xml\" xsi\u003d\"http://www.w3.org/2001/XMLSchema-instance\"\u003e \u003clink href\u003d\"https://s3.amazonaws.com/workfusion-resources/ocr/ocr-xml-viewer-0.3-scale-to-width.css\" rel\u003d\"stylesheet\" type\u003d\"text/css\"\u003e\u003c/link\u003e \u003cstyle\u003e\u003c/style\u003e\u003cpage data-pages\u003d\"1\" h\u003d\"630\" resolution\u003d\"96\" style\u003d\"height: 335px;\" w\u003d\"580\"\u003e \u003cregion xmlns\u003d\"http://ocr.crowdcomputingsystems.com/xml/schema-v1.xml\"\u003e \u003crect b\u003d\"630\" l\u003d\"0\" r\u003d\"580\" t\u003d\"0\"\u003e\u003c/rect\u003e  \u003c/region\u003e \u003ctable b\u003d\"630\" blockname\u003d\"\" blocktype\u003d\"Table\" l\u003d\"0\" r\u003d\"580\" style\u003d\"transform: translate(0px, 0px); position: absolute; user-select: auto;\" t\u003d\"0\" xmlns\u003d\"\"\u003e \u003ctbody\u003e\u003ctr\u003e \u003ctd bottomborder\u003d\"White\" colspan\u003d\"2\" h\u003d\"122\" rightborder\u003d\"White\" w\u003d\"409\"\u003e \u003ctext xmlns\u003d\"http://ocr.crowdcomputingsystems.com/xml/schema-v1.xml\"\u003e \u003cpar leftindent\u003d\"2500\" linespacing\u003d\"1800\"\u003e \u003cline b\u003d\"60\" baseline\u003d\"60\" l\u003d\"33\" r\u003d\"163\" t\u003d\"36\"\u003e \u003cformatting lang\u003d\"EnglishUnitedStates\"\u003e HARVEST \u003c/formatting\u003e  \u003c/line\u003e  \u003c/par\u003e  \u003cpar align\u003d\"Right\" linespacing\u003d\"450\"\u003e \u003cline b\u003d\"71\" baseline\u003d\"71\" l\u003d\"383\" r\u003d\"401\" t\u003d\"65\"\u003e \u003cformatting lang\u003d\"EnglishUnitedStates\"\u003e From \u003c/formatting\u003e  \u003c/line\u003e  \u003c/par\u003e  \u003c/text\u003e  \u003c/td\u003e   \u003ctd bottomborder\u003d\"White\" colspan\u003d\"2\" h\u003d\"122\" leftborder\u003d\"White\" w\u003d\"171\"\u003e \u003ctext xmlns\u003d\"http://ocr.crowdcomputingsystems.com/xml/schema-v1.xml\"\u003e \u003cpar linespacing\u003d\"750\"\u003e \u003cline b\u003d\"48\" baseline\u003d\"48\" l\u003d\"415\" r\u003d\"503\" t\u003d\"38\"\u003e \u003cformatting lang\u003d\"EnglishUnitedStates\"\u003e TAX INVOICE \u003c/formatting\u003e  \u003c/line\u003e  \u003c/par\u003e  \u003cpar linespacing\u003d\"825\"\u003e \u003cline b\u003d\"72\" baseline\u003d\"72\" l\u003d\"416\" r\u003d\"449\" t\u003d\"65\"\u003e \u003cformatting lang\u003d\"EnglishUnitedStates\"\u003e Hieje \u003c/formatting\u003e  \u003c/line\u003e  \u003c/par\u003e  \u003cpar linespacing\u003d\"825\"\u003e \u003cline b\u003d\"85\" baseline\u003d\"84\" l\u003d\"416\" r\u003d\"472\" t\u003d\"78\"\u003e \u003cformatting lang\u003d\"EnglishUnitedStates\"\u003e 187 Lafayette St \u003c/formatting\u003e  \u003c/line\u003e  \u003c/par\u003e  \u003cpar linespacing\u003d\"825\"\u003e \u003cline b\u003d\"96\" baseline\u003d\"95\" l\u003d\"415\" r\u003d\"487\" t\u003d\"89\"\u003e \u003cformatting lang\u003d\"EnglishUnitedStates\"\u003e New YOrtc NY 10013 \u003c/formatting\u003e  \u003c/line\u003e  \u003c/par\u003e  \u003cpar linespacing\u003d\"825\"\u003e \u003cline b\u003d\"107\" baseline\u003d\"107\" l\u003d\"415\" r\u003d\"462\" t\u003d\"101\"\u003e \u003cformatting lang\u003d\"EnglishUnitedStates\"\u003e Unites Sates \u003c/formatting\u003e  \u003c/line\u003e  \u003c/par\u003e  \u003c/text\u003e  \u003c/td\u003e   \u003c/tr\u003e \n \u003ctr\u003e \u003ctd bottomborder\u003d\"White\" h\u003d\"92\" rightborder\u003d\"White\" topborder\u003d\"White\" w\u003d\"99\"\u003e \u003ctext xmlns\u003d\"http://ocr.crowdcomputingsystems.com/xml/schema-v1.xml\"\u003e \u003cpar leftindent\u003d\"2500\" linespacing\u003d\"1200\"\u003e \u003cline b\u003d\"143\" baseline\u003d\"143\" l\u003d\"33\" r\u003d\"67\" t\u003d\"137\"\u003e \u003cformatting lang\u003d\"EnglishUnitedStates\"\u003e lnvvc.ce ID \u003c/formatting\u003e  \u003c/line\u003e  \u003c/par\u003e  \u003cpar leftindent\u003d\"2500\" linespacing\u003d\"1200\"\u003e \u003cline b\u003d\"160\" baseline\u003d\"160\" l\u003d\"33\" r\u003d\"69\" t\u003d\"153\"\u003e \u003cformatting lang\u003d\"EnglishUnitedStates\"\u003e issue Date \u003c/formatting\u003e  \u003c/line\u003e  \u003c/par\u003e  \u003cpar leftindent\u003d\"2500\" linespacing\u003d\"1200\"\u003e \u003cline b\u003d\"177\" baseline\u003d\"177\" l\u003d\"33\" r\u003d\"65\" t\u003d\"170\"\u003e \u003cformatting lang\u003d\"EnglishUnitedStates\"\u003e Doe Dale \u003c/formatting\u003e  \u003c/line\u003e  \u003c/par\u003e  \u003cpar leftindent\u003d\"2500\" linespacing\u003d\"1200\"\u003e \u003cline b\u003d\"194\" baseline\u003d\"193\" l\u003d\"33\" r\u003d\"59\" t\u003d\"187\"\u003e \u003cformatting lang\u003d\"EnglishUnitedStates\"\u003e Sutteci \u003c/formatting\u003e  \u003c/line\u003e  \u003c/par\u003e  \u003c/text\u003e  \u003c/td\u003e   \u003ctd bottomborder\u003d\"White\" h\u003d\"92\" leftborder\u003d\"White\" rightborder\u003d\"White\" topborder\u003d\"White\" w\u003d\"310\"\u003e \u003ctext xmlns\u003d\"http://ocr.crowdcomputingsystems.com/xml/schema-v1.xml\"\u003e \u003cpar align\u003d\"Justified\" linespacing\u003d\"1200\"\u003e \u003cline b\u003d\"143\" baseline\u003d\"143\" l\u003d\"105\" r\u003d\"401\" t\u003d\"137\"\u003e \u003cformatting lang\u003d\"EnglishUnitedStates\"\u003e 552 Invoce For \u003c/formatting\u003e  \u003c/line\u003e  \u003c/par\u003e  \u003cpar align\u003d\"Justified\" linespacing\u003d\"1200\"\u003e \u003cline b\u003d\"160\" baseline\u003d\"160\" l\u003d\"106\" r\u003d\"143\" t\u003d\"153\"\u003e \u003cformatting lang\u003d\"EnglishUnitedStates\"\u003e 11/147011 \u003c/formatting\u003e  \u003c/line\u003e  \u003c/par\u003e  \u003cpar align\u003d\"Justified\" linespacing\u003d\"1200\"\u003e \u003cline b\u003d\"177\" baseline\u003d\"177\" l\u003d\"106\" r\u003d\"143\" t\u003d\"170\"\u003e \u003cformatting lang\u003d\"EnglishUnitedStates\"\u003e 11/147011 \u003c/formatting\u003e  \u003c/line\u003e  \u003c/par\u003e  \u003cpar align\u003d\"Justified\" linespacing\u003d\"1200\"\u003e \u003cline b\u003d\"194\" baseline\u003d\"193\" l\u003d\"105\" r\u003d\"310\" t\u003d\"187\"\u003e \u003cformatting lang\u003d\"EnglishUnitedStates\"\u003e iwematiOnaitwiioo Edition - Examples ot me wool \u0027HeBo\u0027 \u003c/formatting\u003e  \u003c/line\u003e  \u003c/par\u003e  \u003c/text\u003e  \u003c/td\u003e   \u003ctd bottomborder\u003d\"White\" colspan\u003d\"2\" h\u003d\"92\" leftborder\u003d\"White\" topborder\u003d\"White\" w\u003d\"171\"\u003e \u003ctext xmlns\u003d\"http://ocr.crowdcomputingsystems.com/xml/schema-v1.xml\"\u003e \u003cpar linespacing\u003d\"900\"\u003e \u003cline b\u003d\"145\" baseline\u003d\"143\" l\u003d\"416\" r\u003d\"476\" t\u003d\"136\"\u003e \u003cformatting lang\u003d\"EnglishUnitedStates\"\u003e Mloe Jiuew \u003c/formatting\u003e  \u003c/line\u003e  \u003c/par\u003e  \u003cpar linespacing\u003d\"900\"\u003e \u003cline b\u003d\"156\" baseline\u003d\"156\" l\u003d\"416\" r\u003d\"479\" t\u003d\"150\"\u003e \u003cformatting lang\u003d\"EnglishUnitedStates\"\u003e 1882 G^ard Street \u003c/formatting\u003e  \u003c/line\u003e  \u003c/par\u003e  \u003cpar linespacing\u003d\"900\"\u003e \u003cline b\u003d\"168\" baseline\u003d\"166\" l\u003d\"415\" r\u003d\"503\" t\u003d\"161\"\u003e \u003cformatting lang\u003d\"EnglishUnitedStates\"\u003e Son Frareoco.CA 04134 \u003c/formatting\u003e  \u003c/line\u003e  \u003c/par\u003e  \u003cpar linespacing\u003d\"530\"\u003e \u003cline b\u003d\"179\" baseline\u003d\"179\" l\u003d\"415\" r\u003d\"462\" t\u003d\"172\"\u003e \u003cformatting lang\u003d\"EnglishUnitedStates\"\u003e United Sates \u003c/formatting\u003e  \u003c/line\u003e  \u003c/par\u003e  \u003c/text\u003e  \u003c/td\u003e   \u003c/tr\u003e \n \u003ctr\u003e \u003ctd bottomborder\u003d\"White\" h\u003d\"33\" rightborder\u003d\"White\" topborder\u003d\"White\" w\u003d\"99\"\u003e \u003ctext xmlns\u003d\"http://ocr.crowdcomputingsystems.com/xml/schema-v1.xml\"\u003e \u003cpar leftindent\u003d\"2500\" linespacing\u003d\"450\"\u003e \u003cline b\u003d\"240\" baseline\u003d\"240\" l\u003d\"33\" r\u003d\"48\" t\u003d\"234\"\u003e \u003cformatting lang\u003d\"EnglishUnitedStates\"\u003e Tyco \u003c/formatting\u003e  \u003c/line\u003e  \u003c/par\u003e  \u003c/text\u003e  \u003c/td\u003e   \u003ctd bottomborder\u003d\"White\" h\u003d\"33\" leftborder\u003d\"White\" rightborder\u003d\"White\" topborder\u003d\"White\" w\u003d\"310\"\u003e \u003ctext xmlns\u003d\"http://ocr.crowdcomputingsystems.com/xml/schema-v1.xml\"\u003e \u003cpar align\u003d\"Justified\" linespacing\u003d\"380\"\u003e \u003cline b\u003d\"240\" baseline\u003d\"239\" l\u003d\"105\" r\u003d\"143\" t\u003d\"234\"\u003e \u003cformatting lang\u003d\"EnglishUnitedStates\"\u003e Description \u003c/formatting\u003e  \u003c/line\u003e  \u003c/par\u003e  \u003c/text\u003e  \u003c/td\u003e   \u003ctd bottomborder\u003d\"White\" h\u003d\"33\" leftborder\u003d\"White\" rightborder\u003d\"White\" topborder\u003d\"White\" w\u003d\"72\"\u003e \u003ctext xmlns\u003d\"http://ocr.crowdcomputingsystems.com/xml/schema-v1.xml\"\u003e \u003cpar align\u003d\"Right\" linespacing\u003d\"380\"\u003e \u003cline b\u003d\"239\" baseline\u003d\"239\" l\u003d\"441\" r\u003d\"473\" t\u003d\"234\"\u003e \u003cformatting lang\u003d\"EnglishUnitedStates\"\u003e Unit PrVco \u003c/formatting\u003e  \u003c/line\u003e  \u003c/par\u003e  \u003c/text\u003e  \u003c/td\u003e   \u003ctd bottomborder\u003d\"White\" h\u003d\"33\" leftborder\u003d\"White\" topborder\u003d\"White\" w\u003d\"99\"\u003e \u003ctext xmlns\u003d\"http://ocr.crowdcomputingsystems.com/xml/schema-v1.xml\"\u003e \u003cpar align\u003d\"Right\" linespacing\u003d\"380\" rightindent\u003d\"2600\"\u003e \u003cline b\u003d\"239\" baseline\u003d\"239\" l\u003d\"520\" r\u003d\"546\" t\u003d\"234\"\u003e \u003cformatting lang\u003d\"EnglishUnitedStates\"\u003e Amount \u003c/formatting\u003e  \u003c/line\u003e  \u003c/par\u003e  \u003c/text\u003e  \u003c/td\u003e   \u003c/tr\u003e \n \u003ctr\u003e \u003ctd bottomborder\u003d\"White\" h\u003d\"24\" rightborder\u003d\"White\" topborder\u003d\"White\" w\u003d\"99\"\u003e \u003ctext xmlns\u003d\"http://ocr.crowdcomputingsystems.com/xml/schema-v1.xml\"\u003e \u003cpar leftindent\u003d\"2500\" linespacing\u003d\"530\"\u003e \u003cline b\u003d\"260\" baseline\u003d\"260\" l\u003d\"33\" r\u003d\"58\" t\u003d\"253\"\u003e \u003cformatting lang\u003d\"EnglishUnitedStates\"\u003e Servvce \u003c/formatting\u003e  \u003c/line\u003e  \u003c/par\u003e  \u003c/text\u003e  \u003c/td\u003e   \u003ctd bottomborder\u003d\"White\" h\u003d\"24\" leftborder\u003d\"White\" rightborder\u003d\"White\" topborder\u003d\"White\" w\u003d\"310\"\u003e \u003ctext xmlns\u003d\"http://ocr.crowdcomputingsystems.com/xml/schema-v1.xml\"\u003e \u003cpar align\u003d\"Justified\" linespacing\u003d\"450\"\u003e \u003cline b\u003d\"261\" baseline\u003d\"259\" l\u003d\"105\" r\u003d\"156\" t\u003d\"253\"\u003e\u003cproduct appendorder\u003d\"5\" class\u003d\"extraction-tag\" confidence\u003d\"1/1\" data-original-title\u003d\"construction_type\" data-toggle\u003d\"tooltip\" data-value\u003d\"Engish - Hello\" fold-name\u003d\"fold2\" injection\u003d\"true\" referencedatausedininjection\u003d\"manual\" score\u003d\"0.6009784525792968\" style\u003d\"background-color: rgb(78, 135, 105);  color: rgb(0, 0, 0);   border: 2px solid rgb(125, 157, 1); \" tagorder\u003d\"7959261\"\u003eEngish - Hello\u003c/product\u003e\u003c/line\u003e  \u003c/par\u003e  \u003c/text\u003e  \u003c/td\u003e   \u003ctd bottomborder\u003d\"White\" h\u003d\"24\" leftborder\u003d\"White\" rightborder\u003d\"White\" topborder\u003d\"White\" w\u003d\"72\"\u003e \u003ctext xmlns\u003d\"http://ocr.crowdcomputingsystems.com/xml/schema-v1.xml\"\u003e \u003cpar align\u003d\"Right\" linespacing\u003d\"530\"\u003e \u003cline b\u003d\"260\" baseline\u003d\"260\" l\u003d\"450\" r\u003d\"474\" t\u003d\"253\"\u003e$\u003cprice class\u003d\"extraction-tag\" data-value\u003d\"10.00\" fold-name\u003d\"fold5\" ml-tagorder\u003d\"7959262\" score\u003d\"0.7158908764683953\" tagorder\u003d\"7959262\"\u003e10.00\u003c/price\u003e\u003c/line\u003e  \u003c/par\u003e  \u003c/text\u003e  \u003c/td\u003e   \u003ctd bottomborder\u003d\"White\" h\u003d\"24\" leftborder\u003d\"White\" topborder\u003d\"White\" w\u003d\"99\"\u003e \u003ctext xmlns\u003d\"http://ocr.crowdcomputingsystems.com/xml/schema-v1.xml\"\u003e \u003cpar align\u003d\"Right\" linespacing\u003d\"530\" rightindent\u003d\"2600\"\u003e \u003cline b\u003d\"260\" baseline\u003d\"260\" l\u003d\"522\" r\u003d\"546\" t\u003d\"253\"\u003e \u003cformatting lang\u003d\"EnglishUnitedStates\"\u003e $10.00 \u003c/formatting\u003e  \u003c/line\u003e  \u003c/par\u003e  \u003c/text\u003e  \u003c/td\u003e   \u003c/tr\u003e \n \u003ctr\u003e \u003ctd bottomborder\u003d\"White\" h\u003d\"30\" rightborder\u003d\"White\" topborder\u003d\"White\" w\u003d\"99\"\u003e \u003ctext xmlns\u003d\"http://ocr.crowdcomputingsystems.com/xml/schema-v1.xml\"\u003e \u003cpar leftindent\u003d\"2500\" linespacing\u003d\"530\"\u003e \u003cline b\u003d\"288\" baseline\u003d\"288\" l\u003d\"33\" r\u003d\"58\" t\u003d\"281\"\u003e \u003cformatting lang\u003d\"EnglishUnitedStates\"\u003e Sorvvce \u003c/formatting\u003e  \u003c/line\u003e  \u003c/par\u003e  \u003c/text\u003e  \u003c/td\u003e   \u003ctd bottomborder\u003d\"White\" h\u003d\"30\" leftborder\u003d\"White\" rightborder\u003d\"White\" topborder\u003d\"White\" w\u003d\"310\"\u003e \u003ctext xmlns\u003d\"http://ocr.crowdcomputingsystems.com/xml/schema-v1.xml\"\u003e \u003cpar align\u003d\"Justified\" linespacing\u003d\"530\"\u003e \u003cline b\u003d\"289\" baseline\u003d\"288\" l\u003d\"105\" r\u003d\"222\" t\u003d\"281\"\u003e\u003cproduct appendorder\u003d\"5\" class\u003d\"extraction-tag\" confidence\u003d\"1/1\" data-original-title\u003d\"construction_type\" data-toggle\u003d\"tooltip\" data-value\u003d\"Frendi pwcasj - BonOor / SaW\" fold-name\u003d\"fold2\" injection\u003d\"true\" referencedatausedininjection\u003d\"manual\" score\u003d\"0.5384565508477807\" style\u003d\"background-color: rgb(78, 135, 105);  color: rgb(0, 0, 0);   border: 2px solid rgb(125, 157, 1); \" tagorder\u003d\"2599181\"\u003eFrendi pwcasj - BonOor / SaW\u003c/product\u003e\u003c/line\u003e  \u003c/par\u003e  \u003c/text\u003e  \u003c/td\u003e   \u003ctd bottomborder\u003d\"White\" h\u003d\"30\" leftborder\u003d\"White\" rightborder\u003d\"White\" topborder\u003d\"White\" w\u003d\"72\"\u003e \u003ctext xmlns\u003d\"http://ocr.crowdcomputingsystems.com/xml/schema-v1.xml\"\u003e \u003cpar align\u003d\"Right\" linespacing\u003d\"530\"\u003e \u003cline b\u003d\"288\" baseline\u003d\"288\" l\u003d\"450\" r\u003d\"474\" t\u003d\"281\"\u003e$\u003cprice class\u003d\"extraction-tag\" data-value\u003d\"10.00\" fold-name\u003d\"fold5\" ml-tagorder\u003d\"7959264\" score\u003d\"0.7904090473522704\" tagorder\u003d\"7959264\"\u003e10.00\u003c/price\u003e\u003c/line\u003e  \u003c/par\u003e  \u003c/text\u003e  \u003c/td\u003e   \u003ctd bottomborder\u003d\"White\" h\u003d\"30\" leftborder\u003d\"White\" topborder\u003d\"White\" w\u003d\"99\"\u003e \u003ctext xmlns\u003d\"http://ocr.crowdcomputingsystems.com/xml/schema-v1.xml\"\u003e \u003cpar align\u003d\"Right\" linespacing\u003d\"530\" rightindent\u003d\"2600\"\u003e \u003cline b\u003d\"288\" baseline\u003d\"288\" l\u003d\"522\" r\u003d\"546\" t\u003d\"281\"\u003e \u003cformatting lang\u003d\"EnglishUnitedStates\"\u003e $10.00 \u003c/formatting\u003e  \u003c/line\u003e  \u003c/par\u003e  \u003c/text\u003e  \u003c/td\u003e   \u003c/tr\u003e \n \u003ctr\u003e \u003ctd bottomborder\u003d\"White\" h\u003d\"25\" rightborder\u003d\"White\" topborder\u003d\"White\" w\u003d\"99\"\u003e \u003ctext xmlns\u003d\"http://ocr.crowdcomputingsystems.com/xml/schema-v1.xml\"\u003e \u003cpar leftindent\u003d\"2500\" linespacing\u003d\"450\"\u003e \u003cline b\u003d\"316\" baseline\u003d\"315\" l\u003d\"33\" r\u003d\"58\" t\u003d\"309\"\u003e \u003cformatting lang\u003d\"EnglishUnitedStates\"\u003e Sorwco \u003c/formatting\u003e  \u003c/line\u003e  \u003c/par\u003e  \u003c/text\u003e  \u003c/td\u003e   \u003ctd bottomborder\u003d\"White\" h\u003d\"25\" leftborder\u003d\"White\" rightborder\u003d\"White\" topborder\u003d\"White\" w\u003d\"310\"\u003e \u003ctext xmlns\u003d\"http://ocr.crowdcomputingsystems.com/xml/schema-v1.xml\"\u003e \u003cpar align\u003d\"Justified\" linespacing\u003d\"530\"\u003e \u003cline b\u003d\"317\" baseline\u003d\"316\" l\u003d\"105\" r\u003d\"231\" t\u003d\"309\"\u003ertjnganan (maoyar} - Sz\u0026laquo;o (0 napof\u003c/line\u003e  \u003c/par\u003e  \u003c/text\u003e  \u003c/td\u003e   \u003ctd bottomborder\u003d\"White\" h\u003d\"25\" leftborder\u003d\"White\" rightborder\u003d\"White\" topborder\u003d\"White\" w\u003d\"72\"\u003e \u003ctext xmlns\u003d\"http://ocr.crowdcomputingsystems.com/xml/schema-v1.xml\"\u003e \u003cpar align\u003d\"Right\" linespacing\u003d\"530\"\u003e \u003cline b\u003d\"316\" baseline\u003d\"316\" l\u003d\"450\" r\u003d\"474\" t\u003d\"309\"\u003e$\u003cprice class\u003d\"extraction-tag\" data-value\u003d\"10.00\" fold-name\u003d\"fold5\" ml-tagorder\u003d\"7959265\" score\u003d\"0.5783632780844883\" tagorder\u003d\"7959265\"\u003e10.00\u003c/price\u003e\u003c/line\u003e  \u003c/par\u003e  \u003c/text\u003e  \u003c/td\u003e   \u003ctd bottomborder\u003d\"White\" h\u003d\"25\" leftborder\u003d\"White\" topborder\u003d\"White\" w\u003d\"99\"\u003e \u003ctext xmlns\u003d\"http://ocr.crowdcomputingsystems.com/xml/schema-v1.xml\"\u003e \u003cpar align\u003d\"Right\" linespacing\u003d\"530\" rightindent\u003d\"2600\"\u003e \u003cline b\u003d\"316\" baseline\u003d\"316\" l\u003d\"522\" r\u003d\"546\" t\u003d\"309\"\u003e \u003cformatting lang\u003d\"EnglishUnitedStates\"\u003e $10X10 \u003c/formatting\u003e  \u003c/line\u003e  \u003c/par\u003e  \u003c/text\u003e  \u003c/td\u003e   \u003c/tr\u003e \n \u003ctr\u003e \u003ctd bottomborder\u003d\"White\" h\u003d\"30\" rightborder\u003d\"White\" topborder\u003d\"White\" w\u003d\"99\"\u003e \u003ctext xmlns\u003d\"http://ocr.crowdcomputingsystems.com/xml/schema-v1.xml\"\u003e \u003cpar leftindent\u003d\"2500\" linespacing\u003d\"450\"\u003e \u003cline b\u003d\"343\" baseline\u003d\"343\" l\u003d\"33\" r\u003d\"58\" t\u003d\"337\"\u003e \u003cformatting lang\u003d\"EnglishUnitedStates\"\u003e Service \u003c/formatting\u003e  \u003c/line\u003e  \u003c/par\u003e  \u003c/text\u003e  \u003c/td\u003e   \u003ctd bottomborder\u003d\"White\" h\u003d\"30\" leftborder\u003d\"White\" rightborder\u003d\"White\" topborder\u003d\"White\" w\u003d\"310\"\u003e \u003ctext xmlns\u003d\"http://ocr.crowdcomputingsystems.com/xml/schema-v1.xml\"\u003e \u003cpar align\u003d\"Justified\" linespacing\u003d\"450\"\u003e \u003cline b\u003d\"345\" baseline\u003d\"343\" l\u003d\"105\" r\u003d\"255\" t\u003d\"337\"\u003e\u003cproduct appendorder\u003d\"5\" class\u003d\"extraction-tag\" confidence\u003d\"1/1\" data-original-title\u003d\"construction_type\" data-toggle\u003d\"tooltip\" data-value\u003d\"Pcflsn Ifezyk poiskO - Ozien dooryl / C?*«!\" fold-name\u003d\"fold2\" injection\u003d\"true\" referencedatausedininjection\u003d\"manual\" score\u003d\"0.5758570581200344\" style\u003d\"background-color: rgb(78, 135, 105);  color: rgb(0, 0, 0);   border: 2px solid rgb(125, 157, 1); \" tagorder\u003d\"4428697\"\u003ePcflsn Ifezyk poiskO - Ozien dooryl / C?*\u0026laquo;!\u003c/product\u003e\u003c/line\u003e  \u003c/par\u003e  \u003c/text\u003e  \u003c/td\u003e   \u003ctd bottomborder\u003d\"White\" h\u003d\"30\" leftborder\u003d\"White\" rightborder\u003d\"White\" topborder\u003d\"White\" w\u003d\"72\"\u003e \u003ctext xmlns\u003d\"http://ocr.crowdcomputingsystems.com/xml/schema-v1.xml\"\u003e \u003cpar align\u003d\"Right\" linespacing\u003d\"530\"\u003e \u003cline b\u003d\"344\" baseline\u003d\"343\" l\u003d\"450\" r\u003d\"474\" t\u003d\"336\"\u003e$\u003cprice class\u003d\"extraction-tag\" data-value\u003d\"10.00\" fold-name\u003d\"fold5\" ml-tagorder\u003d\"7959267\" score\u003d\"0.7904090473522704\" tagorder\u003d\"7959267\"\u003e10.00\u003c/price\u003e\u003c/line\u003e  \u003c/par\u003e  \u003c/text\u003e  \u003c/td\u003e   \u003ctd bottomborder\u003d\"White\" h\u003d\"30\" leftborder\u003d\"White\" topborder\u003d\"White\" w\u003d\"99\"\u003e \u003ctext xmlns\u003d\"http://ocr.crowdcomputingsystems.com/xml/schema-v1.xml\"\u003e \u003cpar align\u003d\"Right\" linespacing\u003d\"450\" rightindent\u003d\"2600\"\u003e \u003cline b\u003d\"343\" baseline\u003d\"343\" l\u003d\"522\" r\u003d\"546\" t\u003d\"337\"\u003e \u003cformatting lang\u003d\"EnglishUnitedStates\"\u003e $10.00 \u003c/formatting\u003e  \u003c/line\u003e  \u003c/par\u003e  \u003c/text\u003e  \u003c/td\u003e   \u003c/tr\u003e \n \u003ctr\u003e \u003ctd bottomborder\u003d\"White\" h\u003d\"26\" rightborder\u003d\"White\" topborder\u003d\"White\" w\u003d\"99\"\u003e \u003ctext xmlns\u003d\"http://ocr.crowdcomputingsystems.com/xml/schema-v1.xml\"\u003e \u003cpar leftindent\u003d\"2500\" linespacing\u003d\"450\"\u003e \u003cline b\u003d\"371\" baseline\u003d\"371\" l\u003d\"33\" r\u003d\"58\" t\u003d\"365\"\u003e \u003cformatting lang\u003d\"EnglishUnitedStates\"\u003e Service \u003c/formatting\u003e  \u003c/line\u003e  \u003c/par\u003e  \u003c/text\u003e  \u003c/td\u003e   \u003ctd bottomborder\u003d\"White\" h\u003d\"26\" leftborder\u003d\"White\" rightborder\u003d\"White\" topborder\u003d\"White\" w\u003d\"310\"\u003e \u003ctext xmlns\u003d\"http://ocr.crowdcomputingsystems.com/xml/schema-v1.xml\"\u003e \u003cpar align\u003d\"Justified\" linespacing\u003d\"450\"\u003e \u003cline b\u003d\"372\" baseline\u003d\"371\" l\u003d\"105\" r\u003d\"205\" t\u003d\"365\"\u003e\u003cproduct appendorder\u003d\"5\" class\u003d\"extraction-tag\" confidence\u003d\"1/1\" data-original-title\u003d\"construction_type\" data-toggle\u003d\"tooltip\" data-value\u003d\"Greek (cMnvw0) - Teio ooc\" fold-name\u003d\"fold2\" injection\u003d\"true\" referencedatausedininjection\u003d\"manual\" score\u003d\"0.6476660850131841\" style\u003d\"background-color: rgb(78, 135, 105);  color: rgb(0, 0, 0);   border: 2px solid rgb(125, 157, 1); \" tagorder\u003d\"313623\"\u003eGreek (cMnvw0) - Teio ooc\u003c/product\u003e\u003c/line\u003e  \u003c/par\u003e  \u003c/text\u003e  \u003c/td\u003e   \u003ctd bottomborder\u003d\"White\" h\u003d\"26\" leftborder\u003d\"White\" rightborder\u003d\"White\" topborder\u003d\"White\" w\u003d\"72\"\u003e \u003ctext xmlns\u003d\"http://ocr.crowdcomputingsystems.com/xml/schema-v1.xml\"\u003e \u003cpar align\u003d\"Right\" linespacing\u003d\"450\"\u003e \u003cline b\u003d\"372\" baseline\u003d\"371\" l\u003d\"450\" r\u003d\"474\" t\u003d\"365\"\u003e$\u003cprice class\u003d\"extraction-tag\" data-value\u003d\"10.00\" fold-name\u003d\"fold5\" ml-tagorder\u003d\"7959269\" score\u003d\"0.7904090473522704\" tagorder\u003d\"7959269\"\u003e10.00\u003c/price\u003e\u003c/line\u003e  \u003c/par\u003e  \u003c/text\u003e  \u003c/td\u003e   \u003ctd bottomborder\u003d\"White\" h\u003d\"26\" leftborder\u003d\"White\" topborder\u003d\"White\" w\u003d\"99\"\u003e \u003ctext xmlns\u003d\"http://ocr.crowdcomputingsystems.com/xml/schema-v1.xml\"\u003e \u003cpar align\u003d\"Right\" linespacing\u003d\"450\" rightindent\u003d\"2600\"\u003e \u003cline b\u003d\"371\" baseline\u003d\"371\" l\u003d\"522\" r\u003d\"546\" t\u003d\"365\"\u003e \u003cformatting lang\u003d\"EnglishUnitedStates\"\u003e $10.00 \u003c/formatting\u003e  \u003c/line\u003e  \u003c/par\u003e  \u003c/text\u003e  \u003c/td\u003e   \u003c/tr\u003e \n \u003ctr\u003e \u003ctd bottomborder\u003d\"White\" h\u003d\"30\" rightborder\u003d\"White\" topborder\u003d\"White\" w\u003d\"99\"\u003e \u003ctext xmlns\u003d\"http://ocr.crowdcomputingsystems.com/xml/schema-v1.xml\"\u003e \u003cpar leftindent\u003d\"2500\" linespacing\u003d\"530\"\u003e \u003cline b\u003d\"399\" baseline\u003d\"399\" l\u003d\"33\" r\u003d\"58\" t\u003d\"392\"\u003e \u003cformatting lang\u003d\"EnglishUnitedStates\"\u003e Service \u003c/formatting\u003e  \u003c/line\u003e  \u003c/par\u003e  \u003c/text\u003e  \u003c/td\u003e   \u003ctd bottomborder\u003d\"White\" h\u003d\"30\" leftborder\u003d\"White\" rightborder\u003d\"White\" topborder\u003d\"White\" w\u003d\"310\"\u003e \u003ctext xmlns\u003d\"http://ocr.crowdcomputingsystems.com/xml/schema-v1.xml\"\u003e \u003cpar align\u003d\"Justified\" linespacing\u003d\"450\"\u003e \u003cline b\u003d\"400\" baseline\u003d\"398\" l\u003d\"105\" r\u003d\"229\" t\u003d\"392\"\u003e\u003cproduct appendorder\u003d\"5\" class\u003d\"extraction-tag\" confidence\u003d\"1/1\" data-original-title\u003d\"construction_type\" data-toggle\u003d\"tooltip\" data-value\u003d\"Rj»an (pycCKXi») - 3aP»BCTey*rel\" fold-name\u003d\"fold2\" injection\u003d\"true\" referencedatausedininjection\u003d\"manual\" score\u003d\"0.6242774189575587\" style\u003d\"background-color: rgb(78, 135, 105);  color: rgb(0, 0, 0);   border: 2px solid rgb(125, 157, 1); \" tagorder\u003d\"5082513\"\u003eRj\u0026raquo;an (pycCKXi\u0026raquo;) - 3aP\u0026raquo;BCTey*rel\u003c/product\u003e\u003c/line\u003e  \u003c/par\u003e  \u003c/text\u003e  \u003c/td\u003e   \u003ctd bottomborder\u003d\"White\" h\u003d\"30\" leftborder\u003d\"White\" rightborder\u003d\"White\" topborder\u003d\"White\" w\u003d\"72\"\u003e \u003ctext xmlns\u003d\"http://ocr.crowdcomputingsystems.com/xml/schema-v1.xml\"\u003e \u003cpar align\u003d\"Right\" linespacing\u003d\"530\"\u003e \u003cline b\u003d\"399\" baseline\u003d\"399\" l\u003d\"450\" r\u003d\"474\" t\u003d\"392\"\u003e$\u003cprice class\u003d\"extraction-tag\" data-value\u003d\"10.00\" fold-name\u003d\"fold5\" ml-tagorder\u003d\"7959271\" score\u003d\"0.7904090473522704\" tagorder\u003d\"7959271\"\u003e10.00\u003c/price\u003e\u003c/line\u003e  \u003c/par\u003e  \u003c/text\u003e  \u003c/td\u003e   \u003ctd bottomborder\u003d\"White\" h\u003d\"30\" leftborder\u003d\"White\" topborder\u003d\"White\" w\u003d\"99\"\u003e \u003ctext xmlns\u003d\"http://ocr.crowdcomputingsystems.com/xml/schema-v1.xml\"\u003e \u003cpar align\u003d\"Right\" linespacing\u003d\"450\" rightindent\u003d\"2600\"\u003e \u003cline b\u003d\"399\" baseline\u003d\"398\" l\u003d\"522\" r\u003d\"546\" t\u003d\"392\"\u003e \u003cformatting lang\u003d\"EnglishUnitedStates\"\u003e $10.00 \u003c/formatting\u003e  \u003c/line\u003e  \u003c/par\u003e  \u003c/text\u003e  \u003c/td\u003e   \u003c/tr\u003e \n \u003ctr\u003e \u003ctd bottomborder\u003d\"White\" h\u003d\"25\" rightborder\u003d\"White\" topborder\u003d\"White\" w\u003d\"99\"\u003e \u003ctext xmlns\u003d\"http://ocr.crowdcomputingsystems.com/xml/schema-v1.xml\"\u003e \u003cpar leftindent\u003d\"2500\" linespacing\u003d\"450\"\u003e \u003cline b\u003d\"427\" baseline\u003d\"426\" l\u003d\"33\" r\u003d\"58\" t\u003d\"420\"\u003e \u003cformatting lang\u003d\"EnglishUnitedStates\"\u003e Service \u003c/formatting\u003e  \u003c/line\u003e  \u003c/par\u003e  \u003c/text\u003e  \u003c/td\u003e   \u003ctd bottomborder\u003d\"White\" h\u003d\"25\" leftborder\u003d\"White\" rightborder\u003d\"White\" topborder\u003d\"White\" w\u003d\"310\"\u003e \u003ctext xmlns\u003d\"http://ocr.crowdcomputingsystems.com/xml/schema-v1.xml\"\u003e \u003cpar align\u003d\"Justified\" linespacing\u003d\"530\"\u003e \u003cline b\u003d\"428\" baseline\u003d\"427\" l\u003d\"105\" r\u003d\"222\" t\u003d\"420\"\u003e\u003cproduct appendorder\u003d\"5\" class\u003d\"extraction-tag\" confidence\u003d\"1/1\" data-original-title\u003d\"construction_type\" data-toggle\u003d\"tooltip\" data-value\u003d\"CMnese (*\u0026gt;S:.H«;A.ai3) - WW\" fold-name\u003d\"fold2\" injection\u003d\"true\" referencedatausedininjection\u003d\"manual\" score\u003d\"0.5936136142387127\" style\u003d\"background-color: rgb(78, 135, 105);  color: rgb(0, 0, 0);   border: 2px solid rgb(125, 157, 1); \" tagorder\u003d\"3113829\"\u003eCMnese (*\u0026gt;S:.H\u0026laquo;;A.ai3) - WW\u003c/product\u003e\u003c/line\u003e  \u003c/par\u003e  \u003c/text\u003e  \u003c/td\u003e   \u003ctd bottomborder\u003d\"White\" h\u003d\"25\" leftborder\u003d\"White\" rightborder\u003d\"White\" topborder\u003d\"White\" w\u003d\"72\"\u003e \u003ctext xmlns\u003d\"http://ocr.crowdcomputingsystems.com/xml/schema-v1.xml\"\u003e \u003cpar align\u003d\"Right\" linespacing\u003d\"530\"\u003e \u003cline b\u003d\"427\" baseline\u003d\"427\" l\u003d\"450\" r\u003d\"474\" t\u003d\"420\"\u003e$\u003cprice class\u003d\"extraction-tag\" data-value\u003d\"10.00\" fold-name\u003d\"fold5\" ml-tagorder\u003d\"7959273\" score\u003d\"0.7904090473522704\" tagorder\u003d\"7959273\"\u003e10.00\u003c/price\u003e\u003c/line\u003e  \u003c/par\u003e  \u003c/text\u003e  \u003c/td\u003e   \u003ctd bottomborder\u003d\"White\" h\u003d\"25\" leftborder\u003d\"White\" topborder\u003d\"White\" w\u003d\"99\"\u003e \u003ctext xmlns\u003d\"http://ocr.crowdcomputingsystems.com/xml/schema-v1.xml\"\u003e \u003cpar align\u003d\"Right\" linespacing\u003d\"450\" rightindent\u003d\"2600\"\u003e \u003cline b\u003d\"427\" baseline\u003d\"426\" l\u003d\"522\" r\u003d\"546\" t\u003d\"420\"\u003e \u003cformatting lang\u003d\"EnglishUnitedStates\"\u003e $10.00 \u003c/formatting\u003e  \u003c/line\u003e  \u003c/par\u003e  \u003c/text\u003e  \u003c/td\u003e   \u003c/tr\u003e \n \u003ctr\u003e \u003ctd bottomborder\u003d\"White\" h\u003d\"31\" rightborder\u003d\"White\" topborder\u003d\"White\" w\u003d\"99\"\u003e \u003ctext xmlns\u003d\"http://ocr.crowdcomputingsystems.com/xml/schema-v1.xml\"\u003e \u003cpar leftindent\u003d\"2500\" linespacing\u003d\"450\"\u003e \u003cline b\u003d\"455\" baseline\u003d\"454\" l\u003d\"33\" r\u003d\"58\" t\u003d\"448\"\u003e \u003cformatting lang\u003d\"EnglishUnitedStates\"\u003e Servvce \u003c/formatting\u003e  \u003c/line\u003e  \u003c/par\u003e  \u003c/text\u003e  \u003c/td\u003e   \u003ctd bottomborder\u003d\"White\" h\u003d\"31\" leftborder\u003d\"White\" rightborder\u003d\"White\" topborder\u003d\"White\" w\u003d\"310\"\u003e \u003ctext xmlns\u003d\"http://ocr.crowdcomputingsystems.com/xml/schema-v1.xml\"\u003e \u003cpar align\u003d\"Justified\" linespacing\u003d\"450\"\u003e \u003cline b\u003d\"456\" baseline\u003d\"454\" l\u003d\"105\" r\u003d\"242\" t\u003d\"448\"\u003eJaparwe(QalB)-CA.lC5U/Ir:\u0026raquo;A\u003c/line\u003e  \u003c/par\u003e  \u003c/text\u003e  \u003c/td\u003e   \u003ctd bottomborder\u003d\"White\" h\u003d\"31\" leftborder\u003d\"White\" rightborder\u003d\"White\" topborder\u003d\"White\" w\u003d\"72\"\u003e \u003ctext xmlns\u003d\"http://ocr.crowdcomputingsystems.com/xml/schema-v1.xml\"\u003e \u003cpar align\u003d\"Right\" linespacing\u003d\"530\"\u003e \u003cline b\u003d\"455\" baseline\u003d\"455\" l\u003d\"450\" r\u003d\"474\" t\u003d\"448\"\u003e$\u003cprice class\u003d\"extraction-tag\" data-value\u003d\"10.00\" fold-name\u003d\"fold5\" ml-tagorder\u003d\"7959274\" score\u003d\"0.7904090473522704\" tagorder\u003d\"7959274\"\u003e10.00\u003c/price\u003e\u003c/line\u003e  \u003c/par\u003e  \u003c/text\u003e  \u003c/td\u003e   \u003ctd bottomborder\u003d\"White\" h\u003d\"31\" leftborder\u003d\"White\" topborder\u003d\"White\" w\u003d\"99\"\u003e \u003ctext xmlns\u003d\"http://ocr.crowdcomputingsystems.com/xml/schema-v1.xml\"\u003e \u003cpar align\u003d\"Right\" linespacing\u003d\"530\" rightindent\u003d\"2600\"\u003e \u003cline b\u003d\"455\" baseline\u003d\"455\" l\u003d\"522\" r\u003d\"546\" t\u003d\"448\"\u003e \u003cformatting lang\u003d\"EnglishUnitedStates\"\u003e $10.00 \u003c/formatting\u003e  \u003c/line\u003e  \u003c/par\u003e  \u003c/text\u003e  \u003c/td\u003e   \u003c/tr\u003e \n \u003ctr\u003e \u003ctd bottomborder\u003d\"White\" h\u003d\"25\" rightborder\u003d\"White\" topborder\u003d\"White\" w\u003d\"99\"\u003e \u003ctext xmlns\u003d\"http://ocr.crowdcomputingsystems.com/xml/schema-v1.xml\"\u003e \u003cpar leftindent\u003d\"2500\" linespacing\u003d\"450\"\u003e \u003cline b\u003d\"482\" baseline\u003d\"482\" l\u003d\"33\" r\u003d\"58\" t\u003d\"476\"\u003e \u003cformatting lang\u003d\"EnglishUnitedStates\"\u003e Servvce \u003c/formatting\u003e  \u003c/line\u003e  \u003c/par\u003e  \u003c/text\u003e  \u003c/td\u003e   \u003ctd bottomborder\u003d\"White\" h\u003d\"25\" leftborder\u003d\"White\" rightborder\u003d\"White\" topborder\u003d\"White\" w\u003d\"310\"\u003e \u003ctext xmlns\u003d\"http://ocr.crowdcomputingsystems.com/xml/schema-v1.xml\"\u003e \u003cpar align\u003d\"Justified\" linespacing\u003d\"380\"\u003e \u003cline b\u003d\"483\" baseline\u003d\"480\" l\u003d\"105\" r\u003d\"252\" t\u003d\"475\"\u003eKiyean ǀ\u0026raquo;i) - /oiyeǀ4jqot\u003c/line\u003e  \u003c/par\u003e  \u003c/text\u003e  \u003c/td\u003e   \u003ctd bottomborder\u003d\"White\" h\u003d\"25\" leftborder\u003d\"White\" rightborder\u003d\"White\" topborder\u003d\"White\" w\u003d\"72\"\u003e \u003ctext xmlns\u003d\"http://ocr.crowdcomputingsystems.com/xml/schema-v1.xml\"\u003e \u003cpar align\u003d\"Right\" linespacing\u003d\"530\"\u003e \u003cline b\u003d\"482\" baseline\u003d\"482\" l\u003d\"450\" r\u003d\"474\" t\u003d\"475\"\u003e$\u003cprice class\u003d\"extraction-tag\" data-value\u003d\"10.00\" fold-name\u003d\"fold5\" ml-tagorder\u003d\"7959275\" score\u003d\"0.6335475959947577\" tagorder\u003d\"7959275\"\u003e10.00\u003c/price\u003e\u003c/line\u003e  \u003c/par\u003e  \u003c/text\u003e  \u003c/td\u003e   \u003ctd bottomborder\u003d\"White\" h\u003d\"25\" leftborder\u003d\"White\" topborder\u003d\"White\" w\u003d\"99\"\u003e \u003ctext xmlns\u003d\"http://ocr.crowdcomputingsystems.com/xml/schema-v1.xml\"\u003e \u003cpar align\u003d\"Right\" linespacing\u003d\"450\" rightindent\u003d\"2600\"\u003e \u003cline b\u003d\"482\" baseline\u003d\"482\" l\u003d\"522\" r\u003d\"546\" t\u003d\"476\"\u003e \u003cformatting lang\u003d\"EnglishUnitedStates\"\u003e Si 0.00 \u003c/formatting\u003e  \u003c/line\u003e  \u003c/par\u003e  \u003c/text\u003e  \u003c/td\u003e   \u003c/tr\u003e \n \u003ctr\u003e \u003ctd bottomborder\u003d\"White\" h\u003d\"46\" rightborder\u003d\"White\" topborder\u003d\"White\" w\u003d\"99\"\u003e \u003ctext xmlns\u003d\"http://ocr.crowdcomputingsystems.com/xml/schema-v1.xml\"\u003e \u003cpar leftindent\u003d\"2500\" linespacing\u003d\"-1\"\u003e\u003c/par\u003e  \u003c/text\u003e  \u003c/td\u003e   \u003ctd bottomborder\u003d\"White\" h\u003d\"46\" leftborder\u003d\"White\" rightborder\u003d\"White\" topborder\u003d\"White\" w\u003d\"310\"\u003e \u003ctext xmlns\u003d\"http://ocr.crowdcomputingsystems.com/xml/schema-v1.xml\"\u003e \u003cpar linespacing\u003d\"-1\"\u003e\u003c/par\u003e  \u003c/text\u003e  \u003c/td\u003e   \u003ctd bottomborder\u003d\"White\" h\u003d\"46\" leftborder\u003d\"White\" rightborder\u003d\"White\" topborder\u003d\"White\" w\u003d\"72\"\u003e \u003ctext xmlns\u003d\"http://ocr.crowdcomputingsystems.com/xml/schema-v1.xml\"\u003e \u003cpar align\u003d\"Right\" linespacing\u003d\"450\"\u003e \u003cline b\u003d\"515\" baseline\u003d\"515\" l\u003d\"445\" r\u003d\"474\" t\u003d\"509\"\u003e \u003cformatting lang\u003d\"EnglishUnitedStates\"\u003e ScOfotai \u003c/formatting\u003e  \u003c/line\u003e  \u003c/par\u003e  \u003cpar align\u003d\"Right\" linespacing\u003d\"450\"\u003e \u003cline b\u003d\"530\" baseline\u003d\"529\" l\u003d\"433\" r\u003d\"474\" t\u003d\"523\"\u003e \u003cformatting lang\u003d\"EnglishUnitedStates\"\u003e lax (4.00*) \u003c/formatting\u003e  \u003c/line\u003e  \u003c/par\u003e  \u003c/text\u003e  \u003c/td\u003e   \u003ctd bottomborder\u003d\"White\" h\u003d\"46\" leftborder\u003d\"White\" topborder\u003d\"White\" w\u003d\"99\"\u003e \u003ctext xmlns\u003d\"http://ocr.crowdcomputingsystems.com/xml/schema-v1.xml\"\u003e \u003cpar align\u003d\"Right\" linespacing\u003d\"530\" rightindent\u003d\"2600\"\u003e \u003cline b\u003d\"515\" baseline\u003d\"515\" l\u003d\"499\" r\u003d\"546\" t\u003d\"508\"\u003e \u003cformatting lang\u003d\"EnglishUnitedStates\"\u003e S90.CO USD \u003c/formatting\u003e  \u003c/line\u003e  \u003c/par\u003e  \u003cpar align\u003d\"Right\" linespacing\u003d\"450\" rightindent\u003d\"2600\"\u003e \u003cline b\u003d\"530\" baseline\u003d\"529\" l\u003d\"504\" r\u003d\"546\" t\u003d\"523\"\u003e \u003cformatting lang\u003d\"EnglishUnitedStates\"\u003e S3.GO USD \u003c/formatting\u003e  \u003c/line\u003e  \u003c/par\u003e  \u003c/text\u003e  \u003c/td\u003e   \u003c/tr\u003e \n \u003ctr\u003e \u003ctd h\u003d\"91\" rightborder\u003d\"White\" topborder\u003d\"White\" w\u003d\"99\"\u003e \u003ctext xmlns\u003d\"http://ocr.crowdcomputingsystems.com/xml/schema-v1.xml\"\u003e \u003cpar leftindent\u003d\"2500\" linespacing\u003d\"-1\"\u003e\u003c/par\u003e  \u003c/text\u003e  \u003c/td\u003e   \u003ctd h\u003d\"91\" leftborder\u003d\"White\" rightborder\u003d\"White\" topborder\u003d\"White\" w\u003d\"310\"\u003e \u003ctext xmlns\u003d\"http://ocr.crowdcomputingsystems.com/xml/schema-v1.xml\"\u003e \u003cpar linespacing\u003d\"-1\"\u003e\u003c/par\u003e  \u003c/text\u003e  \u003c/td\u003e   \u003ctd h\u003d\"91\" leftborder\u003d\"White\" rightborder\u003d\"White\" topborder\u003d\"White\" w\u003d\"72\"\u003e \u003ctext xmlns\u003d\"http://ocr.crowdcomputingsystems.com/xml/schema-v1.xml\"\u003e \u003cpar align\u003d\"Right\" linespacing\u003d\"530\"\u003e \u003cline b\u003d\"554\" baseline\u003d\"554\" l\u003d\"414\" r\u003d\"474\" t\u003d\"547\"\u003e \u003cformatting lang\u003d\"EnglishUnitedStates\"\u003e Amount Duo \u003c/formatting\u003e  \u003c/line\u003e  \u003c/par\u003e  \u003c/text\u003e  \u003c/td\u003e   \u003ctd h\u003d\"91\" leftborder\u003d\"White\" topborder\u003d\"White\" w\u003d\"99\"\u003e \u003ctext xmlns\u003d\"http://ocr.crowdcomputingsystems.com/xml/schema-v1.xml\"\u003e \u003cpar align\u003d\"Right\" linespacing\u003d\"600\" rightindent\u003d\"2600\"\u003e \u003cline b\u003d\"555\" baseline\u003d\"554\" l\u003d\"491\" r\u003d\"545\" t\u003d\"546\"\u003e \u003cformatting lang\u003d\"EnglishUnitedStates\"\u003e S93.60 USD \u003c/formatting\u003e  \u003c/line\u003e  \u003c/par\u003e  \u003c/text\u003e  \u003c/td\u003e   \u003c/tr\u003e \n \u003c/tbody\u003e\u003c/table\u003e\n \u003cblock b\u003d\"630\" blockname\u003d\"\" blocktype\u003d\"SeparatorsBox\" class\u003d\"hidden\" l\u003d\"0\" r\u003d\"580\" style\u003d\"transform: translate(0px, 0px); position: absolute;\" t\u003d\"0\"\u003e \u003cregion\u003e \u003crect b\u003d\"1\" l\u003d\"0\" r\u003d\"580\" t\u003d\"0\"\u003e\u003c/rect\u003e  \u003crect b\u003d\"629\" l\u003d\"0\" r\u003d\"580\" t\u003d\"1\"\u003e\u003c/rect\u003e  \u003crect b\u003d\"630\" l\u003d\"0\" r\u003d\"580\" t\u003d\"629\"\u003e\u003c/rect\u003e  \u003c/region\u003e  \u003cseparatorsbox\u003e \u003cseparator thickness\u003d\"1\" type\u003d\"Black\"\u003e \u003cstart x\u003d\"0\" y\u003d\"0\"\u003e\u003c/start\u003e \u003cend x\u003d\"580\" y\u003d\"0\"\u003e\u003c/end\u003e \u003c/separator\u003e \u003cseparator thickness\u003d\"1\" type\u003d\"Black\"\u003e \u003cstart x\u003d\"0\" y\u003d\"629\"\u003e\u003c/start\u003e \u003cend x\u003d\"580\" y\u003d\"629\"\u003e\u003c/end\u003e \u003c/separator\u003e \u003cseparator thickness\u003d\"1\" type\u003d\"Black\"\u003e \u003cstart x\u003d\"0\" y\u003d\"0\"\u003e\u003c/start\u003e \u003cend x\u003d\"0\" y\u003d\"630\"\u003e\u003c/end\u003e \u003c/separator\u003e \u003cseparator thickness\u003d\"1\" type\u003d\"Black\"\u003e \u003cstart x\u003d\"579\" y\u003d\"0\"\u003e\u003c/start\u003e \u003cend x\u003d\"579\" y\u003d\"630\"\u003e\u003c/end\u003e \u003c/separator\u003e \u003c/separatorsbox\u003e \u003c/block\u003e  \u003c/page\u003e   \u003c/document\u003e\u003c/body\u003e\u003c/html\u003e","tags":[{"begin":627,"end":641,"text":"Engish - Hello","tag":"product","fieldType":"TEXT","score":0.6009784525792968,"estimatedAccuracy":0.0},{"begin":654,"end":659,"text":"10.00","tag":"price","fieldType":"NUMBER","score":0.7158908764683953,"estimatedAccuracy":0.0},{"begin":722,"end":750,"text":"Frendi pwcasj - BonOor / SaW","tag":"product","fieldType":"TEXT","score":0.5384565508477807,"estimatedAccuracy":0.0},{"begin":763,"end":768,"text":"10.00","tag":"price","fieldType":"NUMBER","score":0.7904090473522704,"estimatedAccuracy":0.0},{"begin":877,"end":882,"text":"10.00","tag":"price","fieldType":"NUMBER","score":0.5783632780844883,"estimatedAccuracy":0.0},{"begin":945,"end":988,"text":"Pcflsn Ifezyk poiskO - Ozien dooryl / C?*«!","tag":"product","fieldType":"TEXT","score":0.5758570581200344,"estimatedAccuracy":0.0},{"begin":1001,"end":1006,"text":"10.00","tag":"price","fieldType":"NUMBER","score":0.7904090473522704,"estimatedAccuracy":0.0},{"begin":1069,"end":1094,"text":"Greek (cMnvw0) - Teio ooc","tag":"product","fieldType":"TEXT","score":0.6476660850131841,"estimatedAccuracy":0.0},{"begin":1107,"end":1112,"text":"10.00","tag":"price","fieldType":"NUMBER","score":0.7904090473522704,"estimatedAccuracy":0.0},{"begin":1175,"end":1207,"text":"Rj»an (pycCKXi») - 3aP»BCTey*rel","tag":"product","fieldType":"TEXT","score":0.6242774189575587,"estimatedAccuracy":0.0},{"begin":1220,"end":1225,"text":"10.00","tag":"price","fieldType":"NUMBER","score":0.7904090473522704,"estimatedAccuracy":0.0},{"begin":1288,"end":1315,"text":"CMnese (*\u003eS:.H«;A.ai3) - WW","tag":"product","fieldType":"TEXT","score":0.5936136142387127,"estimatedAccuracy":0.0},{"begin":1328,"end":1333,"text":"10.00","tag":"price","fieldType":"NUMBER","score":0.7904090473522704,"estimatedAccuracy":0.0},{"begin":1436,"end":1441,"text":"10.00","tag":"price","fieldType":"NUMBER","score":0.7904090473522704,"estimatedAccuracy":0.0},{"begin":1542,"end":1547,"text":"10.00","tag":"price","fieldType":"NUMBER","score":0.6335475959947577,"estimatedAccuracy":0.0}],"group":"price|product","limeExplanation":{},"liblinearFeatureImportance":{}}