{"finalScore":0.6508109044884606,"metaInfo":{"model":{"coreVersion":"10.3.0.39"}},"sumScore":2.6032436179538423,"tagsCounter":4.0,"taggedText":"\u003chtml\u003e\u003chead\u003e\u003cscript src\u003d\"https://ajax.googleapis.com/ajax/libs/jquery/2.2.0/jquery.min.js\"\u003e\u003c/script\u003e\u003c/head\u003e\u003cbody\u003e\u003cdocument languages\u003d\"\" producer\u003d\"Workfusion\" schemalocation\u003d\"http://ocr.crowdcomputingsystems.com/xml/schema-v1.xml\" version\u003d\"1.0\" xmlns\u003d\"http://ocr.crowdcomputingsystems.com/xml/schema-v1.xml\" xsi\u003d\"http://www.w3.org/2001/XMLSchema-instance\"\u003e \u003clink href\u003d\"https://s3.amazonaws.com/workfusion-resources/ocr/ocr-xml-viewer-0.3-scale-to-width.css\" rel\u003d\"stylesheet\" type\u003d\"text/css\"\u003e\u003c/link\u003e \u003cstyle\u003e\u003c/style\u003e\u003cpage data-pages\u003d\"1\" h\u003d\"736\" resolution\u003d\"96\" style\u003d\"height: 723px;\" w\u003d\"736\"\u003e \u003cblock b\u003d\"144\" blockname\u003d\"\" blocktype\u003d\"Text\" l\u003d\"166\" r\u003d\"344\" style\u003d\"transform: translate(317px, 100px); position: absolute; width: 340.038px; height: 94.7917px;\" t\u003d\"74\"\u003e \u003cregion\u003e \u003crect b\u003d\"144\" l\u003d\"166\" r\u003d\"344\" t\u003d\"74\"\u003e\u003c/rect\u003e  \u003c/region\u003e  \u003ctext\u003e \u003cpar linespacing\u003d\"600\"\u003e \u003cline b\u003d\"141\" baseline\u003d\"141\" l\u003d\"167\" r\u003d\"289\" style\u003d\"transform: translate(2px, 80px); position: absolute;\" t\u003d\"133\"\u003e \u003cformatting lang\u003d\"EnglishUnitedStates\"\u003e INVOICE \u003c/formatting\u003e  \u003c/line\u003e  \u003c/par\u003e  \u003c/text\u003e  \u003c/block\u003e  \u003cblock b\u003d\"125\" blockname\u003d\"\" blocktype\u003d\"Text\" l\u003d\"365\" r\u003d\"482\" style\u003d\"transform: translate(697px, 95px); position: absolute; width: 223.508px; height: 74.4792px;\" t\u003d\"70\"\u003e \u003cregion\u003e \u003crect b\u003d\"125\" l\u003d\"365\" r\u003d\"482\" t\u003d\"70\"\u003e\u003c/rect\u003e  \u003c/region\u003e  \u003ctext\u003e \u003cpar linespacing\u003d\"825\"\u003e \u003cline b\u003d\"78\" baseline\u003d\"78\" l\u003d\"366\" r\u003d\"434\" style\u003d\"transform: translate(2px, 1px); position: absolute;\" t\u003d\"71\"\u003e \u003cformatting lang\u003d\"EnglishUnitedStates\"\u003e \u003csupplier_name appendorder\u003d\"3\" class\u003d\"extraction-tag\" confidence\u003d\"1/1\" data-original-title\u003d\"Supplier name\" data-toggle\u003d\"tooltip\" data-value\u003d\"Acme Shoe Co.\" fold-name\u003d\"fold5\" score\u003d\"0.7567379919759659\" style\u003d\"background-color: rgb(88, 50, 166);  color: rgb(255, 255, 255);   border: 2px solid rgb(125, 157, 1); \" tagorder\u003d\"1\"\u003eAcme Shoe Co.\u003c/supplier_name\u003e \u003c/formatting\u003e  \u003c/line\u003e  \u003c/par\u003e  \u003cpar linespacing\u003d\"825\"\u003e \u003cline b\u003d\"89\" baseline\u003d\"89\" l\u003d\"366\" r\u003d\"441\" style\u003d\"transform: translate(2px, 18px); position: absolute;\" t\u003d\"83\"\u003e \u003cformatting lang\u003d\"EnglishUnitedStates\"\u003e INVOICE NO. \u003cinvoice_number class\u003d\"extraction-tag\" data-value\u003d\"«165B\" fold-name\u003d\"fold1\" ml-tagorder\u003d\"4\" score\u003d\"0.5330574557648488\" tagorder\u003d\"4\"\u003e\u0026laquo;165B\u003c/invoice_number\u003e \u003c/formatting\u003e  \u003c/line\u003e  \u003cline b\u003d\"101\" baseline\u003d\"100\" l\u003d\"366\" r\u003d\"479\" style\u003d\"transform: translate(2px, 33px); position: absolute;\" t\u003d\"94\"\u003e \u003cformatting lang\u003d\"EnglishUnitedStates\"\u003e ORDER DATE \u003cinvoice_date appendorder\u003d\"5\" class\u003d\"extraction-tag\" confidence\u003d\"1/1\" data-original-title\u003d\"Invoice date\" data-toggle\u003d\"tooltip\" data-value\u003d\"05 August 2015\" fold-name\u003d\"fold4\" score\u003d\"0.6625248583119481\" style\u003d\"background-color: rgb(17, 18, 43);  color: rgb(255, 255, 255);   border: 2px solid rgb(125, 157, 1); \" tagorder\u003d\"3\"\u003e05 August 2015\u003c/invoice_date\u003e \u003c/formatting\u003e  \u003c/line\u003e  \u003cline b\u003d\"112\" baseline\u003d\"111\" l\u003d\"366\" r\u003d\"432\" style\u003d\"transform: translate(2px, 47px); position: absolute;\" t\u003d\"105\"\u003e \u003cformatting lang\u003d\"EnglishUnitedStates\"\u003e PAYMENT Bogus \u003c/formatting\u003e  \u003c/line\u003e  \u003cline b\u003d\"122\" baseline\u003d\"122\" l\u003d\"366\" r\u003d\"443\" style\u003d\"transform: translate(2px, 62px); position: absolute;\" t\u003d\"116\"\u003e \u003cformatting lang\u003d\"EnglishUnitedStates\"\u003e SHIPPING Standard \u003c/formatting\u003e  \u003c/line\u003e  \u003c/par\u003e  \u003c/text\u003e  \u003c/block\u003e  \u003cregion xmlns\u003d\"http://ocr.crowdcomputingsystems.com/xml/schema-v1.xml\"\u003e \u003crect b\u003d\"426\" l\u003d\"165\" r\u003d\"568\" t\u003d\"171\"\u003e\u003c/rect\u003e  \u003c/region\u003e \u003ctable b\u003d\"426\" blockname\u003d\"\" blocktype\u003d\"Table\" l\u003d\"165\" r\u003d\"568\" style\u003d\"transform: translate(315px, 232px); position: absolute; user-select: auto;\" t\u003d\"171\" xmlns\u003d\"\"\u003e \u003ctbody\u003e\u003ctr\u003e \u003ctd h\u003d\"66\" leftborder\u003d\"White\" rightborder\u003d\"White\" topborder\u003d\"White\" w\u003d\"179\"\u003e \u003ctext xmlns\u003d\"http://ocr.crowdcomputingsystems.com/xml/schema-v1.xml\"\u003e \u003cpar linespacing\u003d\"825\"\u003e \u003cline b\u003d\"179\" baseline\u003d\"178\" l\u003d\"167\" r\u003d\"196\" t\u003d\"173\"\u003e \u003cformatting lang\u003d\"EnglishUnitedStates\"\u003e Bill TO \u003c/formatting\u003e  \u003c/line\u003e  \u003c/par\u003e  \u003cpar linespacing\u003d\"825\"\u003e \u003cline b\u003d\"191\" baseline\u003d\"190\" l\u003d\"167\" r\u003d\"224\" t\u003d\"183\"\u003e \u003cformatting lang\u003d\"EnglishUnitedStates\"\u003e Bjorn Forsberg \u003c/formatting\u003e  \u003c/line\u003e  \u003c/par\u003e  \u003cpar linespacing\u003d\"825\"\u003e \u003cline b\u003d\"201\" baseline\u003d\"201\" l\u003d\"167\" r\u003d\"228\" t\u003d\"195\"\u003e \u003cformatting lang\u003d\"EnglishUnitedStates\"\u003e 1 Shoelace lane \u003c/formatting\u003e  \u003c/line\u003e  \u003c/par\u003e  \u003cpar linespacing\u003d\"825\"\u003e \u003cline b\u003d\"212\" baseline\u003d\"212\" l\u003d\"166\" r\u003d\"250\" t\u003d\"206\"\u003e \u003cformatting lang\u003d\"EnglishUnitedStates\"\u003e Charlottonlund. 2920 \u003c/formatting\u003e  \u003c/line\u003e  \u003c/par\u003e  \u003cpar linespacing\u003d\"825\"\u003e \u003cline b\u003d\"223\" baseline\u003d\"223\" l\u003d\"167\" r\u003d\"203\" t\u003d\"217\"\u003e \u003cformatting lang\u003d\"EnglishUnitedStates\"\u003e Denmark \u003c/formatting\u003e  \u003c/line\u003e  \u003c/par\u003e  \u003c/text\u003e  \u003c/td\u003e   \u003ctd h\u003d\"66\" leftborder\u003d\"White\" rightborder\u003d\"White\" topborder\u003d\"White\" w\u003d\"146\"\u003e \u003ctext xmlns\u003d\"http://ocr.crowdcomputingsystems.com/xml/schema-v1.xml\"\u003e \u003cpar leftindent\u003d\"1700\" linespacing\u003d\"825\"\u003e \u003cline b\u003d\"179\" baseline\u003d\"179\" l\u003d\"366\" r\u003d\"398\" t\u003d\"173\"\u003e \u003cformatting lang\u003d\"EnglishUnitedStates\"\u003e SHIP TO \u003c/formatting\u003e  \u003c/line\u003e  \u003c/par\u003e  \u003cpar leftindent\u003d\"1700\" linespacing\u003d\"825\"\u003e \u003cline b\u003d\"191\" baseline\u003d\"190\" l\u003d\"366\" r\u003d\"423\" t\u003d\"184\"\u003e \u003cformatting lang\u003d\"EnglishUnitedStates\"\u003e Bjorn Forsberg \u003c/formatting\u003e  \u003c/line\u003e  \u003c/par\u003e  \u003cpar leftindent\u003d\"1700\" linespacing\u003d\"825\"\u003e \u003cline b\u003d\"201\" baseline\u003d\"201\" l\u003d\"366\" r\u003d\"427\" t\u003d\"195\"\u003e \u003cformatting lang\u003d\"EnglishUnitedStates\"\u003e 1 Shoelace lane \u003c/formatting\u003e  \u003c/line\u003e  \u003c/par\u003e  \u003cpar leftindent\u003d\"1700\" linespacing\u003d\"825\"\u003e \u003cline b\u003d\"212\" baseline\u003d\"212\" l\u003d\"366\" r\u003d\"449\" t\u003d\"206\"\u003e \u003cformatting lang\u003d\"EnglishUnitedStates\"\u003e Charlottenlund 2920 \u003c/formatting\u003e  \u003c/line\u003e  \u003c/par\u003e  \u003cpar leftindent\u003d\"1700\" linespacing\u003d\"825\"\u003e \u003cline b\u003d\"223\" baseline\u003d\"222\" l\u003d\"366\" r\u003d\"402\" t\u003d\"217\"\u003e \u003cformatting lang\u003d\"EnglishUnitedStates\"\u003e Denmark \u003c/formatting\u003e  \u003c/line\u003e  \u003c/par\u003e  \u003c/text\u003e  \u003c/td\u003e   \u003ctd h\u003d\"66\" leftborder\u003d\"White\" rightborder\u003d\"White\" topborder\u003d\"White\" w\u003d\"78\"\u003e \u003ctext xmlns\u003d\"http://ocr.crowdcomputingsystems.com/xml/schema-v1.xml\"\u003e \u003cpar leftindent\u003d\"2100\" linespacing\u003d\"-1\"\u003e\u003c/par\u003e  \u003c/text\u003e  \u003c/td\u003e   \u003c/tr\u003e \n \u003ctr\u003e \u003ctd bottomborder\u003d\"White\" h\u003d\"33\" leftborder\u003d\"White\" rightborder\u003d\"White\" w\u003d\"179\"\u003e \u003ctext xmlns\u003d\"http://ocr.crowdcomputingsystems.com/xml/schema-v1.xml\"\u003e \u003cpar linespacing\u003d\"450\"\u003e \u003cline b\u003d\"250\" baseline\u003d\"250\" l\u003d\"169\" r\u003d\"246\" t\u003d\"244\"\u003e \u003cformatting lang\u003d\"EnglishUnitedStates\"\u003e ITEM DESCRIPTION \u003c/formatting\u003e  \u003c/line\u003e  \u003c/par\u003e  \u003c/text\u003e  \u003c/td\u003e   \u003ctd bottomborder\u003d\"White\" h\u003d\"33\" leftborder\u003d\"White\" rightborder\u003d\"White\" w\u003d\"146\"\u003e \u003ctext xmlns\u003d\"http://ocr.crowdcomputingsystems.com/xml/schema-v1.xml\"\u003e \u003cpar align\u003d\"Justified\" leftindent\u003d\"1900\" linespacing\u003d\"450\"\u003e \u003cline b\u003d\"252\" baseline\u003d\"250\" l\u003d\"369\" r\u003d\"453\" t\u003d\"244\"\u003e \u003cformatting lang\u003d\"EnglishUnitedStates\"\u003e QTY PRICE \u003c/formatting\u003e  \u003c/line\u003e  \u003c/par\u003e  \u003c/text\u003e  \u003c/td\u003e   \u003ctd bottomborder\u003d\"White\" h\u003d\"33\" leftborder\u003d\"White\" rightborder\u003d\"White\" w\u003d\"78\"\u003e \u003ctext xmlns\u003d\"http://ocr.crowdcomputingsystems.com/xml/schema-v1.xml\"\u003e \u003cpar align\u003d\"Right\" linespacing\u003d\"450\"\u003e \u003cline b\u003d\"250\" baseline\u003d\"250\" l\u003d\"518\" r\u003d\"565\" t\u003d\"244\"\u003e \u003cformatting lang\u003d\"EnglishUnitedStates\"\u003e ITEM TOTAL \u003c/formatting\u003e  \u003c/line\u003e  \u003c/par\u003e  \u003c/text\u003e  \u003c/td\u003e   \u003c/tr\u003e \n \u003ctr\u003e \u003ctd bottomborder\u003d\"White\" h\u003d\"65\" leftborder\u003d\"White\" rightborder\u003d\"White\" topborder\u003d\"White\" w\u003d\"179\"\u003e \u003ctext xmlns\u003d\"http://ocr.crowdcomputingsystems.com/xml/schema-v1.xml\"\u003e \u003cpar leftindent\u003d\"5600\" linespacing\u003d\"450\"\u003e \u003cline b\u003d\"295\" baseline\u003d\"294\" l\u003d\"240\" r\u003d\"322\" t\u003d\"288\"\u003e \u003cformatting lang\u003d\"EnglishUnitedStates\"\u003e Sneakers \u0026bull; Black/40 \u003c/formatting\u003e  \u003c/line\u003e  \u003c/par\u003e  \u003cpar leftindent\u003d\"5600\" linespacing\u003d\"450\"\u003e \u003cline b\u003d\"306\" baseline\u003d\"305\" l\u003d\"240\" r\u003d\"299\" t\u003d\"299\"\u003e \u003cformatting lang\u003d\"EnglishUnitedStates\"\u003e SHOEBLACK*0 \u003c/formatting\u003e  \u003c/line\u003e  \u003c/par\u003e  \u003c/text\u003e  \u003c/td\u003e   \u003ctd bottomborder\u003d\"White\" h\u003d\"65\" leftborder\u003d\"White\" rightborder\u003d\"White\" topborder\u003d\"White\" w\u003d\"146\"\u003e \u003ctext xmlns\u003d\"http://ocr.crowdcomputingsystems.com/xml/schema-v1.xml\"\u003e \u003cpar leftindent\u003d\"6400\" linespacing\u003d\"230\"\u003e \u003cline b\u003d\"291\" baseline\u003d\"291\" l\u003d\"429\" r\u003d\"448\" t\u003d\"288\"\u003e \u003cformatting lang\u003d\"EnglishUnitedStates\"\u003e * Wt \u003c/formatting\u003e  \u003c/line\u003e  \u003c/par\u003e  \u003cpar leftindent\u003d\"6400\" linespacing\u003d\"450\"\u003e \u003cline b\u003d\"306\" baseline\u003d\"305\" l\u003d\"429\" r\u003d\"460\" t\u003d\"299\"\u003e52*9.00\u003c/line\u003e  \u003c/par\u003e  \u003c/text\u003e  \u003c/td\u003e   \u003ctd bottomborder\u003d\"White\" h\u003d\"65\" leftborder\u003d\"White\" rightborder\u003d\"White\" topborder\u003d\"White\" w\u003d\"78\"\u003e \u003ctext xmlns\u003d\"http://ocr.crowdcomputingsystems.com/xml/schema-v1.xml\"\u003e \u003cpar align\u003d\"Right\" linespacing\u003d\"530\"\u003e \u003cline b\u003d\"301\" baseline\u003d\"300\" l\u003d\"531\" r\u003d\"563\" t\u003d\"293\"\u003e \u003cformatting lang\u003d\"EnglishUnitedStates\"\u003e 52*9 00 \u003c/formatting\u003e  \u003c/line\u003e  \u003c/par\u003e  \u003c/text\u003e  \u003c/td\u003e   \u003c/tr\u003e \n \u003ctr\u003e \u003ctd bottomborder\u003d\"White\" h\u003d\"23\" leftborder\u003d\"White\" rightborder\u003d\"White\" topborder\u003d\"White\" w\u003d\"179\"\u003e \u003ctext xmlns\u003d\"http://ocr.crowdcomputingsystems.com/xml/schema-v1.xml\"\u003e \u003cpar linespacing\u003d\"450\"\u003e \u003cline b\u003d\"350\" baseline\u003d\"349\" l\u003d\"167\" r\u003d\"194\" t\u003d\"343\"\u003e \u003cformatting lang\u003d\"EnglishUnitedStates\"\u003e NOTES \u003c/formatting\u003e  \u003c/line\u003e  \u003c/par\u003e  \u003c/text\u003e  \u003c/td\u003e   \u003ctd bottomborder\u003d\"White\" h\u003d\"23\" leftborder\u003d\"White\" rightborder\u003d\"White\" topborder\u003d\"White\" w\u003d\"146\"\u003e \u003ctext xmlns\u003d\"http://ocr.crowdcomputingsystems.com/xml/schema-v1.xml\"\u003e \u003cpar align\u003d\"Justified\" leftindent\u003d\"1900\" linespacing\u003d\"450\"\u003e \u003cline b\u003d\"350\" baseline\u003d\"349\" l\u003d\"369\" r\u003d\"401\" t\u003d\"343\"\u003eSubtotal\u003c/line\u003e  \u003c/par\u003e  \u003c/text\u003e  \u003c/td\u003e   \u003ctd bottomborder\u003d\"White\" h\u003d\"23\" leftborder\u003d\"White\" rightborder\u003d\"White\" topborder\u003d\"White\" w\u003d\"78\"\u003e \u003ctext xmlns\u003d\"http://ocr.crowdcomputingsystems.com/xml/schema-v1.xml\"\u003e \u003cpar align\u003d\"Right\" linespacing\u003d\"530\"\u003e \u003cline b\u003d\"350\" baseline\u003d\"350\" l\u003d\"531\" r\u003d\"562\" t\u003d\"343\"\u003e \u003cformatting lang\u003d\"EnglishUnitedStates\"\u003e 52*9 00 \u003c/formatting\u003e  \u003c/line\u003e  \u003c/par\u003e  \u003c/text\u003e  \u003c/td\u003e   \u003c/tr\u003e \n \u003ctr\u003e \u003ctd bottomborder\u003d\"White\" h\u003d\"22\" leftborder\u003d\"White\" rightborder\u003d\"White\" topborder\u003d\"White\" w\u003d\"179\"\u003e \u003ctext xmlns\u003d\"http://ocr.crowdcomputingsystems.com/xml/schema-v1.xml\"\u003e \u003cpar linespacing\u003d\"450\"\u003e \u003cline b\u003d\"367\" baseline\u003d\"366\" l\u003d\"167\" r\u003d\"261\" t\u003d\"360\"\u003e \u003cformatting lang\u003d\"EnglishUnitedStates\"\u003e Please gift wrap. thanks\u0027 \u003c/formatting\u003e  \u003c/line\u003e  \u003c/par\u003e  \u003c/text\u003e  \u003c/td\u003e   \u003ctd bottomborder\u003d\"White\" h\u003d\"22\" leftborder\u003d\"White\" rightborder\u003d\"White\" topborder\u003d\"White\" w\u003d\"146\"\u003e \u003ctext xmlns\u003d\"http://ocr.crowdcomputingsystems.com/xml/schema-v1.xml\"\u003e \u003cpar align\u003d\"Justified\" leftindent\u003d\"1900\" linespacing\u003d\"450\"\u003e \u003cline b\u003d\"373\" baseline\u003d\"371\" l\u003d\"369\" r\u003d\"404\" t\u003d\"365\"\u003e \u003cformatting lang\u003d\"EnglishUnitedStates\"\u003e Shipping \u003c/formatting\u003e  \u003c/line\u003e  \u003c/par\u003e  \u003c/text\u003e  \u003c/td\u003e   \u003ctd bottomborder\u003d\"White\" h\u003d\"22\" leftborder\u003d\"White\" rightborder\u003d\"White\" topborder\u003d\"White\" w\u003d\"78\"\u003e \u003ctext xmlns\u003d\"http://ocr.crowdcomputingsystems.com/xml/schema-v1.xml\"\u003e \u003cpar align\u003d\"Right\" linespacing\u003d\"530\"\u003e \u003cline b\u003d\"372\" baseline\u003d\"372\" l\u003d\"537\" r\u003d\"562\" t\u003d\"365\"\u003e \u003cformatting lang\u003d\"EnglishUnitedStates\"\u003e 51000 \u003c/formatting\u003e  \u003c/line\u003e  \u003c/par\u003e  \u003c/text\u003e  \u003c/td\u003e   \u003c/tr\u003e \n \u003ctr\u003e \u003ctd bottomborder\u003d\"White\" h\u003d\"22\" leftborder\u003d\"White\" rightborder\u003d\"White\" topborder\u003d\"White\" w\u003d\"179\"\u003e \u003ctext xmlns\u003d\"http://ocr.crowdcomputingsystems.com/xml/schema-v1.xml\"\u003e \u003cpar linespacing\u003d\"-1\"\u003e\u003c/par\u003e  \u003c/text\u003e  \u003c/td\u003e   \u003ctd bottomborder\u003d\"White\" h\u003d\"22\" leftborder\u003d\"White\" rightborder\u003d\"White\" topborder\u003d\"White\" w\u003d\"146\"\u003e \u003ctext xmlns\u003d\"http://ocr.crowdcomputingsystems.com/xml/schema-v1.xml\"\u003e \u003cpar align\u003d\"Justified\" leftindent\u003d\"1900\" linespacing\u003d\"450\"\u003e \u003cline b\u003d\"394\" baseline\u003d\"393\" l\u003d\"369\" r\u003d\"404\" t\u003d\"387\"\u003e \u003cformatting lang\u003d\"EnglishUnitedStates\"\u003e Sales Tax \u003c/formatting\u003e  \u003c/line\u003e  \u003c/par\u003e  \u003c/text\u003e  \u003c/td\u003e   \u003ctd bottomborder\u003d\"White\" h\u003d\"22\" leftborder\u003d\"White\" rightborder\u003d\"White\" topborder\u003d\"White\" w\u003d\"78\"\u003e \u003ctext xmlns\u003d\"http://ocr.crowdcomputingsystems.com/xml/schema-v1.xml\"\u003e \u003cpar align\u003d\"Right\" linespacing\u003d\"530\"\u003e \u003cline b\u003d\"394\" baseline\u003d\"394\" l\u003d\"541\" r\u003d\"562\" t\u003d\"387\"\u003e \u003cformatting lang\u003d\"EnglishUnitedStates\"\u003e 51751 \u003c/formatting\u003e  \u003c/line\u003e  \u003c/par\u003e  \u003c/text\u003e  \u003c/td\u003e   \u003c/tr\u003e \n \u003ctr\u003e \u003ctd h\u003d\"24\" leftborder\u003d\"White\" rightborder\u003d\"White\" topborder\u003d\"White\" w\u003d\"179\"\u003e \u003ctext xmlns\u003d\"http://ocr.crowdcomputingsystems.com/xml/schema-v1.xml\"\u003e \u003cpar linespacing\u003d\"-1\"\u003e\u003c/par\u003e  \u003c/text\u003e  \u003c/td\u003e   \u003ctd h\u003d\"24\" leftborder\u003d\"White\" rightborder\u003d\"White\" topborder\u003d\"White\" w\u003d\"146\"\u003e \u003ctext xmlns\u003d\"http://ocr.crowdcomputingsystems.com/xml/schema-v1.xml\"\u003e \u003cpar align\u003d\"Justified\" leftindent\u003d\"1900\" linespacing\u003d\"450\"\u003e \u003cline b\u003d\"416\" baseline\u003d\"415\" l\u003d\"369\" r\u003d\"387\" t\u003d\"409\"\u003e \u003cformatting lang\u003d\"EnglishUnitedStates\"\u003e Total \u003c/formatting\u003e  \u003c/line\u003e  \u003c/par\u003e  \u003c/text\u003e  \u003c/td\u003e   \u003ctd h\u003d\"24\" leftborder\u003d\"White\" rightborder\u003d\"White\" topborder\u003d\"White\" w\u003d\"78\"\u003e \u003ctext xmlns\u003d\"http://ocr.crowdcomputingsystems.com/xml/schema-v1.xml\"\u003e \u003cpar align\u003d\"Right\" linespacing\u003d\"450\"\u003e \u003cline b\u003d\"416\" baseline\u003d\"415\" l\u003d\"531\" r\u003d\"562\" t\u003d\"409\"\u003e \u003cformatting lang\u003d\"EnglishUnitedStates\"\u003e 5259 00 \u003c/formatting\u003e  \u003c/line\u003e  \u003c/par\u003e  \u003c/text\u003e  \u003c/td\u003e   \u003c/tr\u003e \n \u003c/tbody\u003e\u003c/table\u003e\n \u003cblock b\u003d\"471\" blockname\u003d\"\" blocktype\u003d\"Text\" l\u003d\"271\" r\u003d\"368\" style\u003d\"transform: translate(518px, 607px); position: absolute; width: 185.302px; height: 31.1458px;\" t\u003d\"448\"\u003e \u003cregion\u003e \u003crect b\u003d\"471\" l\u003d\"271\" r\u003d\"368\" t\u003d\"448\"\u003e\u003c/rect\u003e  \u003c/region\u003e  \u003ctext\u003e \u003cpar align\u003d\"Right\" linespacing\u003d\"825\"\u003e \u003cline b\u003d\"456\" baseline\u003d\"456\" l\u003d\"309\" r\u003d\"365\" style\u003d\"transform: translate(73px, 3px); position: absolute;\" t\u003d\"450\"\u003e \u003cformatting lang\u003d\"EnglishUnitedStates\"\u003e I Centre Street \u003c/formatting\u003e  \u003c/line\u003e  \u003cline b\u003d\"469\" baseline\u003d\"467\" l\u003d\"272\" r\u003d\"365\" style\u003d\"transform: translate(2px, 18px); position: absolute;\" t\u003d\"461\"\u003e \u003cformatting lang\u003d\"EnglishUnitedStates\"\u003e New York Clty. NY 10001 \u003c/formatting\u003e  \u003c/line\u003e  \u003c/par\u003e  \u003c/text\u003e  \u003c/block\u003e  \u003cblock b\u003d\"467\" blockname\u003d\"\" blocktype\u003d\"Text\" l\u003d\"371\" r\u003d\"480\" style\u003d\"transform: translate(709px, 612px); position: absolute; width: 208.226px; height: 20.3125px;\" t\u003d\"452\"\u003e \u003cregion\u003e \u003crect b\u003d\"467\" l\u003d\"371\" r\u003d\"480\" t\u003d\"452\"\u003e\u003c/rect\u003e  \u003c/region\u003e  \u003ctext\u003e \u003cpar linespacing\u003d\"830\"\u003e \u003cline b\u003d\"464\" baseline\u003d\"464\" l\u003d\"372\" r\u003d\"477\" style\u003d\"transform: translate(2px, 1px); position: absolute;\" t\u003d\"453\"\u003e \u003cformatting lang\u003d\"EnglishUnitedStates\"\u003e THANKS FOR \u003c/formatting\u003e  \u003c/line\u003e  \u003c/par\u003e  \u003c/text\u003e  \u003c/block\u003e  \u003cblock b\u003d\"492\" blockname\u003d\"\" blocktype\u003d\"Text\" l\u003d\"267\" r\u003d\"506\" style\u003d\"transform: translate(510px, 638px); position: absolute; width: 456.568px; height: 28.4375px;\" t\u003d\"471\"\u003e \u003cregion\u003e \u003crect b\u003d\"492\" l\u003d\"267\" r\u003d\"506\" t\u003d\"471\"\u003e\u003c/rect\u003e  \u003c/region\u003e  \u003ctext\u003e \u003cpar linespacing\u003d\"680\"\u003e \u003cline b\u003d\"489\" baseline\u003d\"481\" l\u003d\"269\" r\u003d\"503\" style\u003d\"transform: translate(4px, 1px); position: absolute;\" t\u003d\"472\"\u003e \u003cformatting lang\u003d\"EnglishUnitedStates\"\u003e Supportsecn^orpcom yQUR BUSINESS \u003c/formatting\u003e  \u003c/line\u003e  \u003c/par\u003e  \u003c/text\u003e  \u003c/block\u003e  \u003cblock b\u003d\"514\" blockname\u003d\"\" blocktype\u003d\"Text\" l\u003d\"391\" r\u003d\"415\" style\u003d\"transform: translate(747px, 684px); position: absolute; width: 45.8478px; height: 12.1875px;\" t\u003d\"505\"\u003e \u003cregion\u003e \u003crect b\u003d\"514\" l\u003d\"391\" r\u003d\"415\" t\u003d\"505\"\u003e\u003c/rect\u003e  \u003c/region\u003e  \u003ctext\u003e \u003cpar linespacing\u003d\"380\"\u003e \u003cline b\u003d\"511\" baseline\u003d\"511\" l\u003d\"391\" r\u003d\"413\" style\u003d\"transform: translate(0px, 1px); position: absolute;\" t\u003d\"506\"\u003e \u003cformatting lang\u003d\"EnglishUnitedStates\"\u003e icons \u003c/formatting\u003e  \u003c/line\u003e  \u003c/par\u003e  \u003c/text\u003e  \u003c/block\u003e  \u003cblock b\u003d\"534\" blockname\u003d\"\" blocktype\u003d\"Text\" l\u003d\"330\" r\u003d\"404\" style\u003d\"transform: translate(630px, 700px); position: absolute; width: 141.364px; height: 23.0208px;\" t\u003d\"517\"\u003e \u003cregion\u003e \u003crect b\u003d\"534\" l\u003d\"330\" r\u003d\"404\" t\u003d\"517\"\u003e\u003c/rect\u003e  \u003c/region\u003e  \u003ctext\u003e \u003cpar linespacing\u003d\"980\"\u003e \u003cline b\u003d\"531\" baseline\u003d\"531\" l\u003d\"331\" r\u003d\"401\" style\u003d\"transform: translate(2px, 1px); position: absolute;\" t\u003d\"518\"\u003e \u003cformatting lang\u003d\"EnglishUnitedStates\"\u003e OOO0 \u003c/formatting\u003e  \u003c/line\u003e  \u003c/par\u003e  \u003c/text\u003e  \u003c/block\u003e  \u003cblock b\u003d\"239\" blockname\u003d\"\" blocktype\u003d\"Separator\" l\u003d\"167\" r\u003d\"566\" style\u003d\"transform: translate(319px, 320px); position: absolute;\" t\u003d\"236\"\u003e \u003cregion\u003e \u003crect b\u003d\"239\" l\u003d\"167\" r\u003d\"566\" t\u003d\"236\"\u003e\u003c/rect\u003e  \u003c/region\u003e  \u003cseparator thickness\u003d\"3\" type\u003d\"Black\"\u003e \u003cstart x\u003d\"167\" y\u003d\"237\"\u003e\u003c/start\u003e \u003cend x\u003d\"566\" y\u003d\"237\"\u003e\u003c/end\u003e \u003c/separator\u003e \u003c/block\u003e  \u003cblock b\u003d\"426\" blockname\u003d\"\" blocktype\u003d\"Separator\" l\u003d\"168\" r\u003d\"566\" style\u003d\"transform: translate(321px, 573px); position: absolute;\" t\u003d\"423\"\u003e \u003cregion\u003e \u003crect b\u003d\"426\" l\u003d\"168\" r\u003d\"566\" t\u003d\"423\"\u003e\u003c/rect\u003e  \u003c/region\u003e  \u003cseparator thickness\u003d\"3\" type\u003d\"Black\"\u003e \u003cstart x\u003d\"168\" y\u003d\"424\"\u003e\u003c/start\u003e \u003cend x\u003d\"566\" y\u003d\"424\"\u003e\u003c/end\u003e \u003c/separator\u003e \u003c/block\u003e  \u003cblock b\u003d\"512\" blockname\u003d\"\" blocktype\u003d\"Separator\" class\u003d\"hidden\" l\u003d\"320\" r\u003d\"393\" style\u003d\"transform: translate(611px, 687px); position: absolute;\" t\u003d\"507\"\u003e \u003cregion\u003e \u003crect b\u003d\"508\" l\u003d\"320\" r\u003d\"393\" t\u003d\"507\"\u003e\u003c/rect\u003e  \u003crect b\u003d\"509\" l\u003d\"320\" r\u003d\"393\" t\u003d\"508\"\u003e\u003c/rect\u003e  \u003crect b\u003d\"510\" l\u003d\"320\" r\u003d\"393\" t\u003d\"509\"\u003e\u003c/rect\u003e  \u003crect b\u003d\"511\" l\u003d\"320\" r\u003d\"393\" t\u003d\"510\"\u003e\u003c/rect\u003e  \u003crect b\u003d\"512\" l\u003d\"342\" r\u003d\"393\" t\u003d\"511\"\u003e\u003c/rect\u003e  \u003c/region\u003e  \u003cseparator thickness\u003d\"4\" type\u003d\"Black\"\u003e \u003cstart x\u003d\"320\" y\u003d\"509\"\u003e\u003c/start\u003e \u003cend x\u003d\"393\" y\u003d\"509\"\u003e\u003c/end\u003e \u003c/separator\u003e \u003c/block\u003e  \u003cblock b\u003d\"690\" blockname\u003d\"\" blocktype\u003d\"Separator\" l\u003d\"522\" r\u003d\"590\" style\u003d\"transform: translate(997px, 930px); position: absolute;\" t\u003d\"687\"\u003e \u003cregion\u003e \u003crect b\u003d\"690\" l\u003d\"522\" r\u003d\"590\" t\u003d\"687\"\u003e\u003c/rect\u003e  \u003c/region\u003e  \u003cseparator thickness\u003d\"3\" type\u003d\"Black\"\u003e \u003cstart x\u003d\"522\" y\u003d\"688\"\u003e\u003c/start\u003e \u003cend x\u003d\"590\" y\u003d\"688\"\u003e\u003c/end\u003e \u003c/separator\u003e \u003c/block\u003e  \u003cblock b\u003d\"128\" blockname\u003d\"\" blocktype\u003d\"Separator\" l\u003d\"140\" r\u003d\"143\" style\u003d\"transform: translate(267px, 74px); position: absolute;\" t\u003d\"55\"\u003e \u003cregion\u003e \u003crect b\u003d\"128\" l\u003d\"140\" r\u003d\"143\" t\u003d\"55\"\u003e\u003c/rect\u003e  \u003c/region\u003e  \u003cseparator thickness\u003d\"3\" type\u003d\"Black\"\u003e \u003cstart x\u003d\"141\" y\u003d\"55\"\u003e\u003c/start\u003e \u003cend x\u003d\"141\" y\u003d\"128\"\u003e\u003c/end\u003e \u003c/separator\u003e \u003c/block\u003e  \u003cblock b\u003d\"690\" blockname\u003d\"\" blocktype\u003d\"Separator\" l\u003d\"588\" r\u003d\"590\" style\u003d\"transform: translate(1123px, 837px); position: absolute;\" t\u003d\"618\"\u003e \u003cregion\u003e \u003crect b\u003d\"690\" l\u003d\"588\" r\u003d\"590\" t\u003d\"618\"\u003e\u003c/rect\u003e  \u003c/region\u003e  \u003cseparator thickness\u003d\"2\" type\u003d\"Black\"\u003e \u003cstart x\u003d\"589\" y\u003d\"618\"\u003e\u003c/start\u003e \u003cend x\u003d\"589\" y\u003d\"690\"\u003e\u003c/end\u003e \u003c/separator\u003e \u003c/block\u003e  \u003cblock b\u003d\"135\" blockname\u003d\"\" blocktype\u003d\"Separator\" l\u003d\"671\" r\u003d\"673\" style\u003d\"transform: translate(1282px, 77px); position: absolute;\" t\u003d\"57\"\u003e \u003cregion\u003e \u003crect b\u003d\"135\" l\u003d\"671\" r\u003d\"673\" t\u003d\"57\"\u003e\u003c/rect\u003e  \u003c/region\u003e  \u003cseparator thickness\u003d\"2\" type\u003d\"Black\"\u003e \u003cstart x\u003d\"672\" y\u003d\"57\"\u003e\u003c/start\u003e \u003cend x\u003d\"672\" y\u003d\"135\"\u003e\u003c/end\u003e \u003c/separator\u003e \u003c/block\u003e  \u003cblock b\u003d\"692\" blockname\u003d\"\" blocktype\u003d\"Text\" class\u003d\"hidden\" l\u003d\"141\" r\u003d\"593\" style\u003d\"transform: translate(269px, 65px); position: absolute; width: 863.467px; height: 872.083px;\" t\u003d\"48\"\u003e \u003cregion\u003e \u003crect b\u003d\"692\" l\u003d\"141\" r\u003d\"593\" t\u003d\"48\"\u003e\u003c/rect\u003e  \u003c/region\u003e  \u003ctext\u003e \u003cpar align\u003d\"Justified\" linespacing\u003d\"825\"\u003e \u003cline b\u003d\"79\" baseline\u003d\"78\" l\u003d\"169\" r\u003d\"434\" style\u003d\"transform: translate(53px, 31px); position: absolute;\" t\u003d\"71\"\u003e \u003cformatting lang\u003d\"EnglishUnitedStates\"\u003e _ _ _ Acme Shoe Co. \u003c/formatting\u003e  \u003c/line\u003e  \u003c/par\u003e  \u003cpar align\u003d\"Justified\" linespacing\u003d\"825\"\u003e \u003cline b\u003d\"93\" baseline\u003d\"89\" l\u003d\"254\" r\u003d\"441\" style\u003d\"transform: translate(216px, 43px); position: absolute;\" t\u003d\"80\"\u003e \u003cformatting lang\u003d\"EnglishUnitedStates\"\u003e I _ INVOICE NO. \u0026gt;1656 \u003c/formatting\u003e  \u003c/line\u003e  \u003c/par\u003e  \u003cpar align\u003d\"Justified\" leftindent\u003d\"1900\" linespacing\u003d\"825\"\u003e \u003cline b\u003d\"101\" baseline\u003d\"100\" l\u003d\"366\" r\u003d\"479\" style\u003d\"transform: translate(430px, 62px); position: absolute;\" t\u003d\"94\"\u003e \u003cformatting lang\u003d\"EnglishUnitedStates\"\u003e ORDER DATE 05 August 2015 \u003c/formatting\u003e  \u003c/line\u003e  \u003c/par\u003e  \u003cpar align\u003d\"Justified\" linespacing\u003d\"825\"\u003e \u003cline b\u003d\"117\" baseline\u003d\"111\" l\u003d\"170\" r\u003d\"431\" style\u003d\"transform: translate(55px, 70px); position: absolute;\" t\u003d\"100\"\u003e \u003cformatting lang\u003d\"EnglishUnitedStates\"\u003e W ■■ ■ PAYMENT Bogus \u003c/formatting\u003e  \u003c/line\u003e  \u003c/par\u003e  \u003cpar align\u003d\"Justified\" linespacing\u003d\"825\"\u003e \u003cline b\u003d\"131\" baseline\u003d\"123\" l\u003d\"253\" r\u003d\"443\" style\u003d\"transform: translate(214px, 88px); position: absolute;\" t\u003d\"113\"\u003e \u003cformatting lang\u003d\"EnglishUnitedStates\"\u003e ǀj ǀ # SHIPPING Standard \u003c/formatting\u003e  \u003c/line\u003e  \u003c/par\u003e  \u003cpar align\u003d\"Justified\" leftindent\u003d\"1900\" linespacing\u003d\"600\"\u003e \u003cline b\u003d\"141\" baseline\u003d\"141\" l\u003d\"167\" r\u003d\"289\" style\u003d\"transform: translate(50px, 115px); position: absolute;\" t\u003d\"133\"\u003e \u003cformatting lang\u003d\"EnglishUnitedStates\"\u003e THIS IS YOUR INVOICE \u003c/formatting\u003e  \u003c/line\u003e  \u003c/par\u003e  \u003cpar align\u003d\"Justified\" leftindent\u003d\"1900\" linespacing\u003d\"825\"\u003e \u003cline b\u003d\"179\" baseline\u003d\"179\" l\u003d\"167\" r\u003d\"398\" style\u003d\"transform: translate(50px, 169px); position: absolute;\" t\u003d\"173\"\u003e \u003cformatting lang\u003d\"EnglishUnitedStates\"\u003e BILL TO SHIP TO \u003c/formatting\u003e  \u003c/line\u003e  \u003c/par\u003e  \u003cpar align\u003d\"Justified\" leftindent\u003d\"1900\" linespacing\u003d\"825\"\u003e \u003cline b\u003d\"191\" baseline\u003d\"190\" l\u003d\"167\" r\u003d\"423\" style\u003d\"transform: translate(50px, 183px); position: absolute;\" t\u003d\"183\"\u003e \u003cformatting lang\u003d\"EnglishUnitedStates\"\u003e Bjorn Forsborg 8jorn Forsborg \u003c/formatting\u003e  \u003c/line\u003e  \u003c/par\u003e  \u003cpar align\u003d\"Justified\" leftindent\u003d\"1900\" linespacing\u003d\"825\"\u003e \u003cline b\u003d\"201\" baseline\u003d\"201\" l\u003d\"167\" r\u003d\"427\" style\u003d\"transform: translate(50px, 199px); position: absolute;\" t\u003d\"195\"\u003e \u003cformatting lang\u003d\"EnglishUnitedStates\"\u003e 1 Shoelace lane I Shoelace lane \u003c/formatting\u003e  \u003c/line\u003e  \u003c/par\u003e  \u003cpar align\u003d\"Justified\" leftindent\u003d\"1900\" linespacing\u003d\"825\"\u003e \u003cline b\u003d\"212\" baseline\u003d\"212\" l\u003d\"166\" r\u003d\"449\" style\u003d\"transform: translate(48px, 214px); position: absolute;\" t\u003d\"206\"\u003e \u003cformatting lang\u003d\"EnglishUnitedStates\"\u003e Chartottenlund. 2920 Charlottenlund 2920 \u003c/formatting\u003e  \u003c/line\u003e  \u003c/par\u003e  \u003cpar align\u003d\"Justified\" leftindent\u003d\"1900\" linespacing\u003d\"825\"\u003e \u003cline b\u003d\"223\" baseline\u003d\"223\" l\u003d\"167\" r\u003d\"402\" style\u003d\"transform: translate(50px, 229px); position: absolute;\" t\u003d\"217\"\u003e \u003cformatting lang\u003d\"EnglishUnitedStates\"\u003e Denmark Denmark \u003c/formatting\u003e  \u003c/line\u003e  \u003c/par\u003e  \u003cpar align\u003d\"Justified\" leftindent\u003d\"1900\" linespacing\u003d\"450\"\u003e \u003cline b\u003d\"252\" baseline\u003d\"250\" l\u003d\"169\" r\u003d\"565\" style\u003d\"transform: translate(53px, 265px); position: absolute;\" t\u003d\"244\"\u003e \u003cformatting lang\u003d\"EnglishUnitedStates\"\u003e ITEM DESCRIPTION QTY PRICE ITEM TOTAL \u003c/formatting\u003e  \u003c/line\u003e  \u003c/par\u003e  \u003cpar align\u003d\"Justified\" leftindent\u003d\"7400\" linespacing\u003d\"825\"\u003e \u003cline b\u003d\"301\" baseline\u003d\"295\" l\u003d\"240\" r\u003d\"563\" style\u003d\"transform: translate(189px, 325px); position: absolute;\" t\u003d\"288\"\u003e \u003cformatting lang\u003d\"EnglishUnitedStates\"\u003e Sneakers \u0026bull; Black / 40 ****** t2VJOO \u003c/formatting\u003e  \u003c/line\u003e  \u003c/par\u003e  \u003cpar align\u003d\"Justified\" leftindent\u003d\"7400\" linespacing\u003d\"825\"\u003e \u003cline b\u003d\"306\" baseline\u003d\"305\" l\u003d\"240\" r\u003d\"460\" style\u003d\"transform: translate(189px, 340px); position: absolute;\" t\u003d\"299\"\u003e \u003cformatting lang\u003d\"EnglishUnitedStates\"\u003e SHOEBLACKS 52*900 \u003c/formatting\u003e  \u003c/line\u003e  \u003c/par\u003e  \u003cpar align\u003d\"Justified\" leftindent\u003d\"1900\" linespacing\u003d\"1425\"\u003e \u003cline b\u003d\"350\" baseline\u003d\"350\" l\u003d\"167\" r\u003d\"562\" style\u003d\"transform: translate(50px, 399px); position: absolute;\" t\u003d\"343\"\u003e \u003cformatting lang\u003d\"EnglishUnitedStates\"\u003e NOTES Subtotal 52*9.00 \u003c/formatting\u003e  \u003c/line\u003e  \u003c/par\u003e  \u003cpar align\u003d\"Justified\" leftindent\u003d\"1900\" linespacing\u003d\"1425\"\u003e \u003cline b\u003d\"373\" baseline\u003d\"368\" l\u003d\"167\" r\u003d\"562\" style\u003d\"transform: translate(50px, 423px); position: absolute;\" t\u003d\"360\"\u003e \u003cformatting lang\u003d\"EnglishUnitedStates\"\u003e Please gift wrap, thanks\u0027 Shipping 5.000 \u003c/formatting\u003e  \u003c/line\u003e  \u003c/par\u003e  \u003cpar align\u003d\"Justified\" leftindent\u003d\"17100\" linespacing\u003d\"1650\"\u003e \u003cline b\u003d\"394\" baseline\u003d\"393\" l\u003d\"369\" r\u003d\"562\" style\u003d\"transform: translate(436px, 459px); position: absolute;\" t\u003d\"387\"\u003e \u003cformatting lang\u003d\"EnglishUnitedStates\"\u003e Sales Tax 517 51 \u003c/formatting\u003e  \u003c/line\u003e  \u003c/par\u003e  \u003cpar align\u003d\"Justified\" leftindent\u003d\"17100\" linespacing\u003d\"1650\"\u003e \u003cline b\u003d\"416\" baseline\u003d\"415\" l\u003d\"369\" r\u003d\"562\" style\u003d\"transform: translate(436px, 489px); position: absolute;\" t\u003d\"409\"\u003e \u003cformatting lang\u003d\"EnglishUnitedStates\"\u003e Total \u003ctotal_amount class\u003d\"extraction-tag\" data-value\u003d\"525900\" fold-name\u003d\"fold2\" ml-tagorder\u003d\"6\" score\u003d\"0.6509233119010795\" tagorder\u003d\"6\"\u003e525900\u003c/total_amount\u003e \u003c/formatting\u003e  \u003c/line\u003e  \u003c/par\u003e  \u003cpar align\u003d\"Justified\" linespacing\u003d\"1280\"\u003e \u003cline b\u003d\"469\" baseline\u003d\"467\" l\u003d\"272\" r\u003d\"477\" style\u003d\"transform: translate(250px, 544px); position: absolute;\" t\u003d\"450\"\u003e \u003cformatting lang\u003d\"EnglishUnitedStates\"\u003e NewYorkc?^S! THANKS FOR \u003c/formatting\u003e  \u003c/line\u003e  \u003c/par\u003e  \u003cpar leftindent\u003d\"9500\" linespacing\u003d\"600\"\u003e \u003cline b\u003d\"486\" baseline\u003d\"480\" l\u003d\"268\" r\u003d\"503\" style\u003d\"transform: translate(243px, 574px); position: absolute;\" t\u003d\"472\"\u003e \u003cformatting lang\u003d\"EnglishUnitedStates\"\u003e support Oocmecorpcom yOUR BUSINESS \u003c/formatting\u003e  \u003c/line\u003e  \u003c/par\u003e  \u003cpar align\u003d\"Right\" linespacing\u003d\"450\"\u003e \u003cline b\u003d\"511\" baseline\u003d\"511\" l\u003d\"319\" r\u003d\"413\" style\u003d\"transform: translate(340px, 619px); position: absolute;\" t\u003d\"505\"\u003e \u003cformatting lang\u003d\"EnglishUnitedStates\"\u003e www.ee meshoeco com \u003c/formatting\u003e  \u003c/line\u003e  \u003c/par\u003e  \u003cpar align\u003d\"Center\" leftindent\u003d\"200\" linespacing\u003d\"980\"\u003e \u003cline b\u003d\"531\" baseline\u003d\"531\" l\u003d\"331\" r\u003d\"401\" style\u003d\"transform: translate(363px, 636px); position: absolute;\" t\u003d\"518\"\u003e \u003cformatting lang\u003d\"EnglishUnitedStates\"\u003e OOO0 \u003c/formatting\u003e  \u003c/line\u003e  \u003c/par\u003e  \u003c/text\u003e  \u003c/block\u003e  \u003c/page\u003e   \u003c/document\u003e\u003c/body\u003e\u003c/html\u003e","tags":[{"begin":41,"end":54,"text":"Acme Shoe Co.","tag":"supplier_name","fieldType":"COMPANY_NAME","score":0.7567379919759659,"estimatedAccuracy":0.0},{"begin":76,"end":81,"text":"«165B","tag":"invoice_number","fieldType":"TEXT","score":0.5330574557648488,"estimatedAccuracy":0.0},{"begin":99,"end":113,"text":"05 August 2015","tag":"invoice_date","fieldType":"DATE","score":0.6625248583119481,"estimatedAccuracy":0.0},{"begin":1823,"end":1829,"text":"525900","tag":"total_amount","fieldType":"NUMBER","score":0.6509233119010795,"estimatedAccuracy":0.0}],"group":"invoice_date|invoice_number|supplier_name|total_amount","limeExplanation":{},"liblinearFeatureImportance":{}}