{"finalScore":0.6886309408695878,"metaInfo":{"model":{"coreVersion":"10.3.0.39"}},"sumScore":10.329464113043816,"tagsCounter":15.0,"taggedText":"\u003chtml\u003e\u003chead\u003e\u003cscript src\u003d\"https://ajax.googleapis.com/ajax/libs/jquery/2.2.0/jquery.min.js\"\u003e\u003c/script\u003e\u003c/head\u003e\u003cbody\u003e\u003cdocument languages\u003d\"\" producer\u003d\"Workfusion\" schemalocation\u003d\"http://ocr.crowdcomputingsystems.com/xml/schema-v1.xml\" version\u003d\"1.0\" xmlns\u003d\"http://ocr.crowdcomputingsystems.com/xml/schema-v1.xml\" xsi\u003d\"http://www.w3.org/2001/XMLSchema-instance\"\u003e \u003clink href\u003d\"https://s3.amazonaws.com/workfusion-resources/ocr/ocr-xml-viewer-0.3-scale-to-width.css\" rel\u003d\"stylesheet\" type\u003d\"text/css\"\u003e\u003c/link\u003e \u003cstyle\u003e\u003c/style\u003e\u003cpage data-pages\u003d\"1\" h\u003d\"1279\" resolution\u003d\"120\" style\u003d\"height: 1368px;\" w\u003d\"954\"\u003e \u003cblock b\u003d\"86\" blockname\u003d\"\" blocktype\u003d\"Text\" l\u003d\"762\" r\u003d\"904\" style\u003d\"transform: translate(603px, 31px); position: absolute; width: 112.379px; height: 61.75px;\" t\u003d\"29\"\u003e \u003cregion\u003e \u003crect b\u003d\"86\" l\u003d\"762\" r\u003d\"904\" t\u003d\"29\"\u003e\u003c/rect\u003e  \u003c/region\u003e  \u003ctext\u003e \u003cpar align\u003d\"Justified\" linespacing\u003d\"1200\"\u003e \u003cline b\u003d\"44\" baseline\u003d\"41\" l\u003d\"763\" r\u003d\"895\" style\u003d\"transform: translate(1px, 2px); position: absolute;\" t\u003d\"31\"\u003e \u003cformatting lang\u003d\"EnglishUnitedStates\"\u003e Shop address line 1 \u003c/formatting\u003e  \u003c/line\u003e  \u003cline b\u003d\"64\" baseline\u003d\"61\" l\u003d\"763\" r\u003d\"895\" style\u003d\"transform: translate(1px, 24px); position: absolute;\" t\u003d\"51\"\u003e \u003cformatting lang\u003d\"EnglishUnitedStates\"\u003e Shop address line 2 \u003c/formatting\u003e  \u003c/line\u003e  \u003cline b\u003d\"83\" baseline\u003d\"81\" l\u003d\"763\" r\u003d\"901\" style\u003d\"transform: translate(1px, 46px); position: absolute;\" t\u003d\"71\"\u003e \u003cformatting lang\u003d\"EnglishUnitedStates\"\u003e New York, NY 10001 \u003c/formatting\u003e  \u003c/line\u003e  \u003c/par\u003e  \u003c/text\u003e  \u003c/block\u003e  \u003cblock b\u003d\"216\" blockname\u003d\"\" blocktype\u003d\"Text\" l\u003d\"38\" r\u003d\"367\" style\u003d\"transform: translate(30px, 153px); position: absolute; width: 260.372px; height: 81.25px;\" t\u003d\"141\"\u003e \u003cregion\u003e \u003crect b\u003d\"216\" l\u003d\"38\" r\u003d\"367\" t\u003d\"141\"\u003e\u003c/rect\u003e  \u003c/region\u003e  \u003ctext\u003e \u003cpar linespacing\u003d\"960\"\u003e \u003cline b\u003d\"160\" baseline\u003d\"159\" l\u003d\"40\" r\u003d\"364\" style\u003d\"transform: translate(2px, 2px); position: absolute;\" t\u003d\"143\"\u003e \u003cformatting lang\u003d\"EnglishUnitedStates\"\u003e Invoice: \u003cinvoice_number appendorder\u003d\"7\" class\u003d\"extraction-tag\" confidence\u003d\"1/1\" data-original-title\u003d\"Invoice number\" data-toggle\u003d\"tooltip\" data-value\u003d\"INV-000050-2016\" fold-name\u003d\"fold2\" score\u003d\"0.6716939058098402\" style\u003d\"background-color: rgb(0, 83, 98);  color: rgb(255, 255, 255);   border: 2px solid rgb(125, 157, 1); \" tagorder\u003d\"5\"\u003eINV-000050-2016\u003c/invoice_number\u003e \u003c/formatting\u003e  \u003c/line\u003e  \u003c/par\u003e  \u003cpar linespacing\u003d\"660\"\u003e \u003cline b\u003d\"213\" baseline\u003d\"210\" l\u003d\"39\" r\u003d\"286\" style\u003d\"transform: translate(1px, 63px); position: absolute;\" t\u003d\"199\"\u003e \u003cformatting lang\u003d\"EnglishUnitedStates\"\u003e Order Date: \u003cinvoice_date class\u003d\"extraction-tag\" data-value\u003d\"February 16, 2016\" fold-name\u003d\"fold1\" ml-tagorder\u003d\"9493719\" score\u003d\"0.6912373381924192\" tagorder\u003d\"9493719\"\u003eFebruary 16, 2016\u003c/invoice_date\u003e \u003c/formatting\u003e  \u003c/line\u003e  \u003c/par\u003e  \u003c/text\u003e  \u003c/block\u003e  \u003cblock b\u003d\"109\" blockname\u003d\"\" blocktype\u003d\"Text\" l\u003d\"64\" r\u003d\"311\" style\u003d\"transform: translate(51px, 62px); position: absolute; width: 195.477px; height: 56.3333px;\" t\u003d\"57\"\u003e \u003cregion\u003e \u003crect b\u003d\"109\" l\u003d\"64\" r\u003d\"311\" t\u003d\"57\"\u003e\u003c/rect\u003e  \u003c/region\u003e  \u003ctext\u003e \u003cpar leftindent\u003d\"7000\" linespacing\u003d\"1380\"\u003e \u003cline b\u003d\"91\" baseline\u003d\"91\" l\u003d\"153\" r\u003d\"309\" style\u003d\"transform: translate(70px, 12px); position: absolute;\" t\u003d\"68\"\u003e \u003cformatting lang\u003d\"EnglishUnitedStates\"\u003e COMMERCE \u003c/formatting\u003e  \u003c/line\u003e  \u003c/par\u003e  \u003c/text\u003e  \u003c/block\u003e  \u003cblock b\u003d\"417\" blockname\u003d\"\" blocktype\u003d\"Text\" l\u003d\"37\" r\u003d\"278\" style\u003d\"transform: translate(29px, 288px); position: absolute; width: 190.729px; height: 163.583px;\" t\u003d\"266\"\u003e \u003cregion\u003e \u003crect b\u003d\"417\" l\u003d\"37\" r\u003d\"278\" t\u003d\"266\"\u003e\u003c/rect\u003e  \u003c/region\u003e  \u003ctext\u003e \u003cpar linespacing\u003d\"780\"\u003e \u003cline b\u003d\"285\" baseline\u003d\"281\" l\u003d\"40\" r\u003d\"189\" style\u003d\"transform: translate(2px, 2px); position: absolute;\" t\u003d\"268\"\u003e \u003cformatting lang\u003d\"EnglishUnitedStates\"\u003e Billing Address \u003c/formatting\u003e  \u003c/line\u003e  \u003c/par\u003e  \u003cpar linespacing\u003d\"1200\"\u003e \u003cline b\u003d\"328\" baseline\u003d\"325\" l\u003d\"39\" r\u003d\"113\" style\u003d\"transform: translate(2px, 53px); position: absolute;\" t\u003d\"315\"\u003e \u003cformatting lang\u003d\"EnglishUnitedStates\"\u003e Tony Strok \u003c/formatting\u003e  \u003c/line\u003e  \u003cline b\u003d\"345\" baseline\u003d\"345\" l\u003d\"39\" r\u003d\"169\" style\u003d\"transform: translate(2px, 75px); position: absolute;\" t\u003d\"335\"\u003e \u003cformatting lang\u003d\"EnglishUnitedStates\"\u003e 10880 Malibu Point \u003c/formatting\u003e  \u003c/line\u003e  \u003cline b\u003d\"367\" baseline\u003d\"365\" l\u003d\"39\" r\u003d\"158\" style\u003d\"transform: translate(2px, 96px); position: absolute;\" t\u003d\"355\"\u003e \u003cformatting lang\u003d\"EnglishUnitedStates\"\u003e Malibu, CA 90265 \u003c/formatting\u003e  \u003c/line\u003e  \u003c/par\u003e  \u003cpar linespacing\u003d\"600\"\u003e \u003cline b\u003d\"414\" baseline\u003d\"412\" l\u003d\"38\" r\u003d\"275\" style\u003d\"transform: translate(1px, 147px); position: absolute;\" t\u003d\"402\"\u003e \u003cformatting lang\u003d\"EnglishUnitedStates\"\u003e This is the header information can \u003c/formatting\u003e  \u003c/line\u003e  \u003c/par\u003e  \u003c/text\u003e  \u003c/block\u003e  \u003cblock b\u003d\"418\" blockname\u003d\"\" blocktype\u003d\"Text\" l\u003d\"283\" r\u003d\"527\" style\u003d\"transform: translate(224px, 288px); position: absolute; width: 193.103px; height: 164.667px;\" t\u003d\"266\"\u003e \u003cregion\u003e \u003crect b\u003d\"402\" l\u003d\"325\" r\u003d\"527\" t\u003d\"266\"\u003e\u003c/rect\u003e  \u003crect b\u003d\"416\" l\u003d\"283\" r\u003d\"527\" t\u003d\"402\"\u003e\u003c/rect\u003e  \u003crect b\u003d\"418\" l\u003d\"525\" r\u003d\"527\" t\u003d\"416\"\u003e\u003c/rect\u003e  \u003c/region\u003e  \u003ctext\u003e \u003cpar leftindent\u003d\"2600\" linespacing\u003d\"780\"\u003e \u003cline b\u003d\"285\" baseline\u003d\"281\" l\u003d\"327\" r\u003d\"501\" style\u003d\"transform: translate(35px, 2px); position: absolute;\" t\u003d\"268\"\u003e \u003cformatting lang\u003d\"EnglishUnitedStates\"\u003e Shipping Address \u003c/formatting\u003e  \u003c/line\u003e  \u003c/par\u003e  \u003cpar leftindent\u003d\"2600\" linespacing\u003d\"1200\" rightindent\u003d\"1600\"\u003e \u003cline b\u003d\"328\" baseline\u003d\"325\" l\u003d\"327\" r\u003d\"401\" style\u003d\"transform: translate(35px, 53px); position: absolute;\" t\u003d\"315\"\u003e \u003cformatting lang\u003d\"EnglishUnitedStates\"\u003e Tony Strok \u003c/formatting\u003e  \u003c/line\u003e  \u003cline b\u003d\"345\" baseline\u003d\"345\" l\u003d\"327\" r\u003d\"457\" style\u003d\"transform: translate(35px, 75px); position: absolute;\" t\u003d\"335\"\u003e \u003cformatting lang\u003d\"EnglishUnitedStates\"\u003e 10880 Malibu Point \u003c/formatting\u003e  \u003c/line\u003e  \u003cline b\u003d\"367\" baseline\u003d\"365\" l\u003d\"327\" r\u003d\"446\" style\u003d\"transform: translate(35px, 96px); position: absolute;\" t\u003d\"355\"\u003e \u003cformatting lang\u003d\"EnglishUnitedStates\"\u003e Malibu, CA 90265 \u003c/formatting\u003e  \u003c/line\u003e  \u003c/par\u003e  \u003cpar linespacing\u003d\"660\"\u003e \u003cline b\u003d\"415\" baseline\u003d\"412\" l\u003d\"283\" r\u003d\"525\" style\u003d\"transform: translate(0px, 146px); position: absolute;\" t\u003d\"401\"\u003e \u003cformatting lang\u003d\"EnglishUnitedStates\"\u003e give customers additional order info \u003c/formatting\u003e  \u003c/line\u003e  \u003c/par\u003e  \u003c/text\u003e  \u003c/block\u003e  \u003cblock b\u003d\"288\" blockname\u003d\"\" blocktype\u003d\"Text\" l\u003d\"614\" r\u003d\"785\" style\u003d\"transform: translate(486px, 288px); position: absolute; width: 135.33px; height: 23.8333px;\" t\u003d\"266\"\u003e \u003cregion\u003e \u003crect b\u003d\"288\" l\u003d\"614\" r\u003d\"785\" t\u003d\"266\"\u003e\u003c/rect\u003e  \u003c/region\u003e  \u003ctext\u003e \u003cpar linespacing\u003d\"780\"\u003e \u003cline b\u003d\"285\" baseline\u003d\"281\" l\u003d\"615\" r\u003d\"782\" style\u003d\"transform: translate(1px, 2px); position: absolute;\" t\u003d\"268\"\u003e \u003cformatting lang\u003d\"EnglishUnitedStates\"\u003e Shipping Method \u003c/formatting\u003e  \u003c/line\u003e  \u003c/par\u003e  \u003c/text\u003e  \u003c/block\u003e  \u003cblock b\u003d\"350\" blockname\u003d\"\" blocktype\u003d\"Text\" l\u003d\"613\" r\u003d\"677\" style\u003d\"transform: translate(485px, 339px); position: absolute; width: 50.6499px; height: 40.0833px;\" t\u003d\"313\"\u003e \u003cregion\u003e \u003crect b\u003d\"350\" l\u003d\"613\" r\u003d\"677\" t\u003d\"313\"\u003e\u003c/rect\u003e  \u003c/region\u003e  \u003ctext\u003e \u003cpar align\u003d\"Justified\" linespacing\u003d\"1200\"\u003e \u003cline b\u003d\"325\" baseline\u003d\"325\" l\u003d\"615\" r\u003d\"674\" style\u003d\"transform: translate(2px, 2px); position: absolute;\" t\u003d\"315\"\u003e \u003cformatting lang\u003d\"EnglishUnitedStates\"\u003e Flat Rate \u003c/formatting\u003e  \u003c/line\u003e  \u003cline b\u003d\"347\" baseline\u003d\"345\" l\u003d\"615\" r\u003d\"653\" style\u003d\"transform: translate(2px, 24px); position: absolute;\" t\u003d\"335\"\u003e \u003cformatting lang\u003d\"EnglishUnitedStates\"\u003e $3.99 \u003c/formatting\u003e  \u003c/line\u003e  \u003c/par\u003e  \u003c/text\u003e  \u003c/block\u003e  \u003cregion xmlns\u003d\"http://ocr.crowdcomputingsystems.com/xml/schema-v1.xml\"\u003e \u003crect b\u003d\"848\" l\u003d\"41\" r\u003d\"901\" t\u003d\"447\"\u003e\u003c/rect\u003e  \u003c/region\u003e \u003ctable b\u003d\"848\" blockname\u003d\"\" blocktype\u003d\"Table\" l\u003d\"41\" r\u003d\"901\" style\u003d\"transform: translate(32px, 484px); position: absolute;\" t\u003d\"447\" xmlns\u003d\"\"\u003e \u003ctbody\u003e\u003ctr\u003e \u003ctd bottomborder\u003d\"White\" h\u003d\"38\" leftborder\u003d\"White\" rightborder\u003d\"White\" topborder\u003d\"White\" w\u003d\"155\"\u003e \u003ctext xmlns\u003d\"http://ocr.crowdcomputingsystems.com/xml/schema-v1.xml\"\u003e \u003cpar leftindent\u003d\"900\" linespacing\u003d\"660\"\u003e \u003cline b\u003d\"471\" baseline\u003d\"471\" l\u003d\"56\" r\u003d\"86\" t\u003d\"460\"\u003e \u003cformatting lang\u003d\"EnglishUnitedStates\"\u003e SKU \u003c/formatting\u003e  \u003c/line\u003e  \u003c/par\u003e  \u003c/text\u003e  \u003c/td\u003e   \u003ctd bottomborder\u003d\"White\" h\u003d\"38\" leftborder\u003d\"White\" rightborder\u003d\"White\" topborder\u003d\"White\" w\u003d\"461\"\u003e \u003ctext xmlns\u003d\"http://ocr.crowdcomputingsystems.com/xml/schema-v1.xml\"\u003e \u003cpar leftindent\u003d\"1800\" linespacing\u003d\"660\"\u003e \u003cline b\u003d\"471\" baseline\u003d\"470\" l\u003d\"226\" r\u003d\"284\" t\u003d\"459\"\u003e \u003cformatting lang\u003d\"EnglishUnitedStates\"\u003e Product \u003c/formatting\u003e  \u003c/line\u003e  \u003c/par\u003e  \u003c/text\u003e  \u003c/td\u003e   \u003ctd bottomborder\u003d\"White\" h\u003d\"38\" leftborder\u003d\"White\" rightborder\u003d\"White\" topborder\u003d\"White\" w\u003d\"107\"\u003e \u003ctext xmlns\u003d\"http://ocr.crowdcomputingsystems.com/xml/schema-v1.xml\"\u003e \u003cpar align\u003d\"Center\" leftindent\u003d\"600\" linespacing\u003d\"660\"\u003e \u003cline b\u003d\"473\" baseline\u003d\"470\" l\u003d\"674\" r\u003d\"739\" t\u003d\"459\"\u003e \u003cformatting lang\u003d\"EnglishUnitedStates\"\u003e Quantity \u003c/formatting\u003e  \u003c/line\u003e  \u003c/par\u003e  \u003c/text\u003e  \u003c/td\u003e   \u003ctd bottomborder\u003d\"White\" h\u003d\"38\" leftborder\u003d\"White\" rightborder\u003d\"White\" topborder\u003d\"White\" w\u003d\"137\"\u003e \u003ctext xmlns\u003d\"http://ocr.crowdcomputingsystems.com/xml/schema-v1.xml\"\u003e \u003cpar align\u003d\"Right\" linespacing\u003d\"720\" rightindent\u003d\"1000\"\u003e \u003cline b\u003d\"471\" baseline\u003d\"471\" l\u003d\"848\" r\u003d\"885\" t\u003d\"459\"\u003e \u003cformatting lang\u003d\"EnglishUnitedStates\"\u003e Price \u003c/formatting\u003e  \u003c/line\u003e  \u003c/par\u003e  \u003c/text\u003e  \u003c/td\u003e   \u003c/tr\u003e \n \u003ctr\u003e \u003ctd bottomborder\u003d\"White\" h\u003d\"42\" leftborder\u003d\"White\" rightborder\u003d\"White\" topborder\u003d\"White\" w\u003d\"155\"\u003e \u003ctext xmlns\u003d\"http://ocr.crowdcomputingsystems.com/xml/schema-v1.xml\"\u003e \u003cpar leftindent\u003d\"900\" linespacing\u003d\"600\"\u003e \u003cline b\u003d\"514\" baseline\u003d\"511\" l\u003d\"56\" r\u003d\"124\" t\u003d\"501\"\u003e \u003cformatting lang\u003d\"EnglishUnitedStates\"\u003e ship01211 \u003c/formatting\u003e  \u003c/line\u003e  \u003c/par\u003e  \u003c/text\u003e  \u003c/td\u003e   \u003ctd bottomborder\u003d\"White\" h\u003d\"42\" leftborder\u003d\"White\" rightborder\u003d\"White\" topborder\u003d\"White\" w\u003d\"461\"\u003e \u003ctext xmlns\u003d\"http://ocr.crowdcomputingsystems.com/xml/schema-v1.xml\"\u003e \u003cpar leftindent\u003d\"1800\" linespacing\u003d\"840\"\u003e \u003cline b\u003d\"514\" baseline\u003d\"514\" l\u003d\"226\" r\u003d\"325\" t\u003d\"500\"\u003e\u003cproduct appendorder\u003d\"5\" class\u003d\"extraction-tag\" confidence\u003d\"1/1\" data-original-title\u003d\"construction_type\" data-toggle\u003d\"tooltip\" data-value\u003d\"S_hip_You.r_Ide.a\" fold-name\u003d\"fold3\" injection\u003d\"true\" referencedatausedininjection\u003d\"manual\" score\u003d\"0.3373813261859837\" style\u003d\"background-color: rgb(78, 135, 105);  color: rgb(0, 0, 0);   border: 2px solid rgb(125, 157, 1); \" tagorder\u003d\"8003399\"\u003eS_hip_You.r_Ide.a\u003c/product\u003e\u003c/line\u003e  \u003c/par\u003e  \u003c/text\u003e  \u003c/td\u003e   \u003ctd bottomborder\u003d\"White\" h\u003d\"42\" leftborder\u003d\"White\" rightborder\u003d\"White\" topborder\u003d\"White\" w\u003d\"107\"\u003e \u003ctext xmlns\u003d\"http://ocr.crowdcomputingsystems.com/xml/schema-v1.xml\"\u003e \u003cpar align\u003d\"Center\" leftindent\u003d\"600\" linespacing\u003d\"660\"\u003e \u003cline b\u003d\"511\" baseline\u003d\"512\" l\u003d\"704\" r\u003d\"709\" t\u003d\"501\"\u003e\u003cquantity appendorder\u003d\"5\" class\u003d\"extraction-tag\" confidence\u003d\"1/1\" data-original-title\u003d\"construction_type\" data-toggle\u003d\"tooltip\" data-value\u003d\"1\" fold-name\u003d\"fold2\" injection\u003d\"true\" referencedatausedininjection\u003d\"manual\" score\u003d\"0.9381594510337854\" style\u003d\"background-color: rgb(11, 47, 140);  color: rgb(255, 255, 255);   border: 2px solid rgb(125, 157, 1); \" tagorder\u003d\"4404334\"\u003e1\u003c/quantity\u003e\u003c/line\u003e  \u003c/par\u003e  \u003c/text\u003e  \u003c/td\u003e   \u003ctd bottomborder\u003d\"White\" h\u003d\"42\" leftborder\u003d\"White\" rightborder\u003d\"White\" topborder\u003d\"White\" w\u003d\"137\"\u003e \u003ctext xmlns\u003d\"http://ocr.crowdcomputingsystems.com/xml/schema-v1.xml\"\u003e \u003cpar align\u003d\"Right\" linespacing\u003d\"600\" rightindent\u003d\"1000\"\u003e \u003cline b\u003d\"513\" baseline\u003d\"511\" l\u003d\"838\" r\u003d\"885\" t\u003d\"501\"\u003e$\u003cprice class\u003d\"extraction-tag\" data-value\u003d\"15.00\" fold-name\u003d\"fold1\" ml-tagorder\u003d\"9493722\" score\u003d\"0.7349491179516441\" tagorder\u003d\"9493722\"\u003e15.00\u003c/price\u003e\u003c/line\u003e  \u003c/par\u003e  \u003c/text\u003e  \u003c/td\u003e   \u003c/tr\u003e \n \u003ctr\u003e \u003ctd bottomborder\u003d\"White\" h\u003d\"86\" leftborder\u003d\"White\" rightborder\u003d\"White\" topborder\u003d\"White\" w\u003d\"155\"\u003e \u003ctext xmlns\u003d\"http://ocr.crowdcomputingsystems.com/xml/schema-v1.xml\"\u003e \u003cpar leftindent\u003d\"900\" linespacing\u003d\"600\"\u003e \u003cline b\u003d\"555\" baseline\u003d\"552\" l\u003d\"56\" r\u003d\"174\" t\u003d\"542\"\u003e \u003cformatting lang\u003d\"EnglishUnitedStates\"\u003e ship-your-idea-2- \u003c/formatting\u003e  \u003c/line\u003e  \u003c/par\u003e  \u003cpar leftindent\u003d\"900\" linespacing\u003d\"600\"\u003e \u003cline b\u003d\"572\" baseline\u003d\"572\" l\u003d\"56\" r\u003d\"83\" t\u003d\"562\"\u003e \u003cformatting lang\u003d\"EnglishUnitedStates\"\u003e blue \u003c/formatting\u003e  \u003c/line\u003e  \u003c/par\u003e  \u003c/text\u003e  \u003c/td\u003e   \u003ctd bottomborder\u003d\"White\" h\u003d\"86\" leftborder\u003d\"White\" rightborder\u003d\"White\" topborder\u003d\"White\" w\u003d\"461\"\u003e \u003ctext xmlns\u003d\"http://ocr.crowdcomputingsystems.com/xml/schema-v1.xml\"\u003e \u003cpar leftindent\u003d\"1800\" linespacing\u003d\"600\"\u003e \u003cline b\u003d\"555\" baseline\u003d\"552\" l\u003d\"226\" r\u003d\"325\" t\u003d\"542\"\u003e\u003cproduct class\u003d\"extraction-tag\" data-value\u003d\"Ship Your Idea     colon Blue\" fold-name\u003d\"fold3\" ml-tagorder\u003d\"9493732\" score\u003d\"0.7272166604586949\" tagorder\u003d\"9493732\"\u003eShip Your Idea\u003c/product\u003e\u003c/line\u003e  \u003c/par\u003e  \u003cpar leftindent\u003d\"1800\" linespacing\u003d\"540\"\u003e \u003cline b\u003d\"584\" baseline\u003d\"584\" l\u003d\"226\" r\u003d\"288\" t\u003d\"575\"\u003e\u003cproduct class\u003d\"extraction-tag\" data-value\u003d\"Ship Your Idea     colon Blue\" fold-name\u003d\"fold3\" ml-tagorder\u003d\"9493732\" score\u003d\"0.7272166604586949\" tagorder\u003d\"9493732\"\u003ecolon Blue\u003c/product\u003e\u003c/line\u003e  \u003c/par\u003e  \u003c/text\u003e  \u003c/td\u003e   \u003ctd bottomborder\u003d\"White\" h\u003d\"86\" leftborder\u003d\"White\" rightborder\u003d\"White\" topborder\u003d\"White\" w\u003d\"107\"\u003e \u003ctext xmlns\u003d\"http://ocr.crowdcomputingsystems.com/xml/schema-v1.xml\"\u003e \u003cpar align\u003d\"Center\" leftindent\u003d\"600\" linespacing\u003d\"600\"\u003e \u003cline b\u003d\"552\" baseline\u003d\"552\" l\u003d\"695\" r\u003d\"716\" t\u003d\"542\"\u003e\u003cquantity appendorder\u003d\"5\" class\u003d\"extraction-tag\" confidence\u003d\"1/1\" data-original-title\u003d\"construction_type\" data-toggle\u003d\"tooltip\" data-value\u003d\"2\" fold-name\u003d\"fold2\" injection\u003d\"true\" referencedatausedininjection\u003d\"manual\" score\u003d\"0.7009340511353171\" style\u003d\"background-color: rgb(11, 47, 140);  color: rgb(255, 255, 255);   border: 2px solid rgb(125, 157, 1); \" tagorder\u003d\"9493718\"\u003e2\u003c/quantity\u003e \u003cquantity appendorder\u003d\"588\" class\u003d\"extraction-tag\" confidence\u003d\"1/1\" data-original-title\u003d\"construction_type\" data-toggle\u003d\"tooltip\" data-value\u003d\"1\" fold-name\u003d\"fold2\" injection\u003d\"true\" referencedatausedininjection\u003d\"manual\" score\u003d\"0.7181333098635804\" style\u003d\"background-color: rgb(11, 47, 140);  color: rgb(255, 255, 255);   border: 2px solid rgb(125, 157, 1); \" tagorder\u003d\"94918\"\u003e1\u003c/quantity\u003e\u003c/line\u003e  \u003c/par\u003e  \u003c/text\u003e  \u003c/td\u003e   \u003ctd bottomborder\u003d\"White\" h\u003d\"86\" leftborder\u003d\"White\" rightborder\u003d\"White\" topborder\u003d\"White\" w\u003d\"137\"\u003e \u003ctext xmlns\u003d\"http://ocr.crowdcomputingsystems.com/xml/schema-v1.xml\"\u003e \u003cpar align\u003d\"Right\" linespacing\u003d\"600\" rightindent\u003d\"1000\"\u003e \u003cline b\u003d\"554\" baseline\u003d\"552\" l\u003d\"786\" r\u003d\"885\" t\u003d\"542\"\u003e$\u003cprice class\u003d\"extraction-tag\" data-value\u003d\"60.00\" fold-name\u003d\"fold1\" ml-tagorder\u003d\"9493725\" score\u003d\"0.8090461094008013\" tagorder\u003d\"9493725\"\u003e60.00\u003c/price\u003e $28.50\u003c/line\u003e  \u003c/par\u003e  \u003c/text\u003e  \u003c/td\u003e   \u003c/tr\u003e \n \u003ctr\u003e \u003ctd bottomborder\u003d\"White\" h\u003d\"40\" leftborder\u003d\"White\" rightborder\u003d\"White\" topborder\u003d\"White\" w\u003d\"155\"\u003e \u003ctext xmlns\u003d\"http://ocr.crowdcomputingsystems.com/xml/schema-v1.xml\"\u003e \u003cpar leftindent\u003d\"900\" linespacing\u003d\"600\"\u003e \u003cline b\u003d\"636\" baseline\u003d\"636\" l\u003d\"56\" r\u003d\"115\" t\u003d\"626\"\u003e \u003cformatting lang\u003d\"EnglishUnitedStates\"\u003e thx 1138 \u003c/formatting\u003e  \u003c/line\u003e  \u003c/par\u003e  \u003c/text\u003e  \u003c/td\u003e   \u003ctd bottomborder\u003d\"White\" h\u003d\"40\" leftborder\u003d\"White\" rightborder\u003d\"White\" topborder\u003d\"White\" w\u003d\"461\"\u003e \u003ctext xmlns\u003d\"http://ocr.crowdcomputingsystems.com/xml/schema-v1.xml\"\u003e \u003cpar leftindent\u003d\"1800\" linespacing\u003d\"660\"\u003e \u003cline b\u003d\"636\" baseline\u003d\"636\" l\u003d\"226\" r\u003d\"326\" t\u003d\"625\"\u003e\u003cproduct appendorder\u003d\"5\" class\u003d\"extraction-tag\" confidence\u003d\"1/1\" data-original-title\u003d\"construction_type\" data-toggle\u003d\"tooltip\" data-value\u003d\"Woo Album #3\" fold-name\u003d\"fold3\" injection\u003d\"true\" referencedatausedininjection\u003d\"manual\" score\u003d\"0.8295738877311982\" style\u003d\"background-color: rgb(78, 135, 105);  color: rgb(0, 0, 0);   border: 2px solid rgb(125, 157, 1); \" tagorder\u003d\"738949\"\u003eWoo Album #3\u003c/product\u003e\u003c/line\u003e  \u003c/par\u003e  \u003c/text\u003e  \u003c/td\u003e   \u003ctd bottomborder\u003d\"White\" h\u003d\"40\" leftborder\u003d\"White\" rightborder\u003d\"White\" topborder\u003d\"White\" w\u003d\"107\"\u003e \u003ctext xmlns\u003d\"http://ocr.crowdcomputingsystems.com/xml/schema-v1.xml\"\u003e \u003cpar align\u003d\"Center\" leftindent\u003d\"600\" linespacing\u003d\"660\"\u003e \u003cline b\u003d\"636\" baseline\u003d\"637\" l\u003d\"704\" r\u003d\"709\" t\u003d\"626\"\u003e\u003cquantity appendorder\u003d\"5\" class\u003d\"extraction-tag\" confidence\u003d\"1/1\" data-original-title\u003d\"construction_type\" data-toggle\u003d\"tooltip\" data-value\u003d\"1\" fold-name\u003d\"fold2\" injection\u003d\"true\" referencedatausedininjection\u003d\"manual\" score\u003d\"0.8979871735137376\" style\u003d\"background-color: rgb(11, 47, 140);  color: rgb(255, 255, 255);   border: 2px solid rgb(125, 157, 1); \" tagorder\u003d\"7988247\"\u003e1\u003c/quantity\u003e\u003c/line\u003e  \u003c/par\u003e  \u003c/text\u003e  \u003c/td\u003e   \u003ctd bottomborder\u003d\"White\" h\u003d\"40\" leftborder\u003d\"White\" rightborder\u003d\"White\" topborder\u003d\"White\" w\u003d\"137\"\u003e \u003ctext xmlns\u003d\"http://ocr.crowdcomputingsystems.com/xml/schema-v1.xml\"\u003e \u003cpar align\u003d\"Right\" linespacing\u003d\"600\" rightindent\u003d\"1000\"\u003e \u003cline b\u003d\"638\" baseline\u003d\"636\" l\u003d\"847\" r\u003d\"885\" t\u003d\"626\"\u003e$\u003cprice class\u003d\"extraction-tag\" data-value\u003d\"9.00\" fold-name\u003d\"fold1\" ml-tagorder\u003d\"9493728\" score\u003d\"0.6711619961977564\" tagorder\u003d\"9493728\"\u003e9.00\u003c/price\u003e\u003c/line\u003e  \u003c/par\u003e  \u003c/text\u003e  \u003c/td\u003e   \u003c/tr\u003e \n \u003ctr\u003e \u003ctd bottomborder\u003d\"White\" h\u003d\"41\" leftborder\u003d\"White\" rightborder\u003d\"White\" topborder\u003d\"White\" w\u003d\"155\"\u003e \u003ctext xmlns\u003d\"http://ocr.crowdcomputingsystems.com/xml/schema-v1.xml\"\u003e \u003cpar leftindent\u003d\"900\" linespacing\u003d\"-1\"\u003e\u003c/par\u003e  \u003c/text\u003e  \u003c/td\u003e   \u003ctd bottomborder\u003d\"White\" h\u003d\"41\" leftborder\u003d\"White\" rightborder\u003d\"White\" topborder\u003d\"White\" w\u003d\"461\"\u003e \u003ctext xmlns\u003d\"http://ocr.crowdcomputingsystems.com/xml/schema-v1.xml\"\u003e \u003cpar leftindent\u003d\"1800\" linespacing\u003d\"-1\"\u003e\u003c/par\u003e  \u003c/text\u003e  \u003c/td\u003e   \u003ctd bottomborder\u003d\"White\" h\u003d\"41\" leftborder\u003d\"White\" rightborder\u003d\"White\" topborder\u003d\"White\" w\u003d\"107\"\u003e \u003ctext xmlns\u003d\"http://ocr.crowdcomputingsystems.com/xml/schema-v1.xml\"\u003e \u003cpar align\u003d\"Center\" leftindent\u003d\"600\" linespacing\u003d\"600\"\u003e \u003cline b\u003d\"677\" baseline\u003d\"677\" l\u003d\"671\" r\u003d\"738\" t\u003d\"667\"\u003e \u003cformatting lang\u003d\"EnglishUnitedStates\"\u003e \u003cquantity class\u003d\"extraction-tag\" data-value\u003d\"Subtotals\" fold-name\u003d\"fold2\" ml-tagorder\u003d\"9493729\" score\u003d\"0.4175304438295527\" tagorder\u003d\"9493729\"\u003eSubtotals\u003c/quantity\u003e \u003c/formatting\u003e  \u003c/line\u003e  \u003c/par\u003e  \u003c/text\u003e  \u003c/td\u003e   \u003ctd bottomborder\u003d\"White\" h\u003d\"41\" leftborder\u003d\"White\" rightborder\u003d\"White\" topborder\u003d\"White\" w\u003d\"137\"\u003e \u003ctext xmlns\u003d\"http://ocr.crowdcomputingsystems.com/xml/schema-v1.xml\"\u003e \u003cpar align\u003d\"Right\" linespacing\u003d\"600\" rightindent\u003d\"1000\"\u003e \u003cline b\u003d\"679\" baseline\u003d\"677\" l\u003d\"838\" r\u003d\"885\" t\u003d\"667\"\u003e \u003cformatting lang\u003d\"EnglishUnitedStates\"\u003e $84.00 \u003c/formatting\u003e  \u003c/line\u003e  \u003c/par\u003e  \u003c/text\u003e  \u003c/td\u003e   \u003c/tr\u003e \n \u003ctr\u003e \u003ctd bottomborder\u003d\"White\" h\u003d\"41\" leftborder\u003d\"White\" rightborder\u003d\"White\" topborder\u003d\"White\" w\u003d\"155\"\u003e \u003ctext xmlns\u003d\"http://ocr.crowdcomputingsystems.com/xml/schema-v1.xml\"\u003e \u003cpar leftindent\u003d\"900\" linespacing\u003d\"-1\"\u003e\u003c/par\u003e  \u003c/text\u003e  \u003c/td\u003e   \u003ctd bottomborder\u003d\"White\" h\u003d\"41\" leftborder\u003d\"White\" rightborder\u003d\"White\" topborder\u003d\"White\" w\u003d\"461\"\u003e \u003ctext xmlns\u003d\"http://ocr.crowdcomputingsystems.com/xml/schema-v1.xml\"\u003e \u003cpar leftindent\u003d\"1800\" linespacing\u003d\"-1\"\u003e\u003c/par\u003e  \u003c/text\u003e  \u003c/td\u003e   \u003ctd bottomborder\u003d\"White\" h\u003d\"41\" leftborder\u003d\"White\" rightborder\u003d\"White\" topborder\u003d\"White\" w\u003d\"107\"\u003e \u003ctext xmlns\u003d\"http://ocr.crowdcomputingsystems.com/xml/schema-v1.xml\"\u003e \u003cpar align\u003d\"Center\" leftindent\u003d\"600\" linespacing\u003d\"600\"\u003e \u003cline b\u003d\"718\" baseline\u003d\"718\" l\u003d\"669\" r\u003d\"738\" t\u003d\"708\"\u003e \u003cformatting lang\u003d\"EnglishUnitedStates\"\u003e Discounts \u003c/formatting\u003e  \u003c/line\u003e  \u003c/par\u003e  \u003c/text\u003e  \u003c/td\u003e   \u003ctd bottomborder\u003d\"White\" h\u003d\"41\" leftborder\u003d\"White\" rightborder\u003d\"White\" topborder\u003d\"White\" w\u003d\"137\"\u003e \u003ctext xmlns\u003d\"http://ocr.crowdcomputingsystems.com/xml/schema-v1.xml\"\u003e \u003cpar align\u003d\"Right\" linespacing\u003d\"600\" rightindent\u003d\"1000\"\u003e \u003cline b\u003d\"720\" baseline\u003d\"718\" l\u003d\"841\" r\u003d\"885\" t\u003d\"708\"\u003e \u003cformatting lang\u003d\"EnglishUnitedStates\"\u003e -$4.20 \u003c/formatting\u003e  \u003c/line\u003e  \u003c/par\u003e  \u003c/text\u003e  \u003c/td\u003e   \u003c/tr\u003e \n \u003ctr\u003e \u003ctd bottomborder\u003d\"White\" h\u003d\"63\" leftborder\u003d\"White\" rightborder\u003d\"White\" topborder\u003d\"White\" w\u003d\"155\"\u003e \u003ctext xmlns\u003d\"http://ocr.crowdcomputingsystems.com/xml/schema-v1.xml\"\u003e \u003cpar leftindent\u003d\"900\" linespacing\u003d\"-1\"\u003e\u003c/par\u003e  \u003c/text\u003e  \u003c/td\u003e   \u003ctd bottomborder\u003d\"White\" h\u003d\"63\" leftborder\u003d\"White\" rightborder\u003d\"White\" topborder\u003d\"White\" w\u003d\"461\"\u003e \u003ctext xmlns\u003d\"http://ocr.crowdcomputingsystems.com/xml/schema-v1.xml\"\u003e \u003cpar leftindent\u003d\"1800\" linespacing\u003d\"-1\"\u003e\u003c/par\u003e  \u003c/text\u003e  \u003c/td\u003e   \u003ctd bottomborder\u003d\"White\" h\u003d\"63\" leftborder\u003d\"White\" rightborder\u003d\"White\" topborder\u003d\"White\" w\u003d\"107\"\u003e \u003ctext xmlns\u003d\"http://ocr.crowdcomputingsystems.com/xml/schema-v1.xml\"\u003e \u003cpar align\u003d\"Center\" leftindent\u003d\"600\" linespacing\u003d\"600\"\u003e \u003cline b\u003d\"762\" baseline\u003d\"759\" l\u003d\"668\" r\u003d\"738\" t\u003d\"749\"\u003e \u003cformatting lang\u003d\"EnglishUnitedStates\"\u003e Shippings \u003c/formatting\u003e  \u003c/line\u003e  \u003c/par\u003e  \u003c/text\u003e  \u003c/td\u003e   \u003ctd bottomborder\u003d\"White\" h\u003d\"63\" leftborder\u003d\"White\" rightborder\u003d\"White\" topborder\u003d\"White\" w\u003d\"137\"\u003e \u003ctext xmlns\u003d\"http://ocr.crowdcomputingsystems.com/xml/schema-v1.xml\"\u003e \u003cpar align\u003d\"Right\" linespacing\u003d\"600\" rightindent\u003d\"1000\"\u003e \u003cline b\u003d\"761\" baseline\u003d\"759\" l\u003d\"801\" r\u003d\"885\" t\u003d\"749\"\u003e \u003cformatting lang\u003d\"EnglishUnitedStates\"\u003e $3.99 via Flat \u003c/formatting\u003e  \u003c/line\u003e  \u003c/par\u003e  \u003cpar align\u003d\"Right\" linespacing\u003d\"480\" rightindent\u003d\"1000\"\u003e \u003cline b\u003d\"780\" baseline\u003d\"780\" l\u003d\"860\" r\u003d\"885\" t\u003d\"772\"\u003e \u003cformatting lang\u003d\"EnglishUnitedStates\"\u003e Rate \u003c/formatting\u003e  \u003c/line\u003e  \u003c/par\u003e  \u003c/text\u003e  \u003c/td\u003e   \u003c/tr\u003e \n \u003ctr\u003e \u003ctd bottomborder\u003d\"White\" h\u003d\"50\" leftborder\u003d\"White\" rightborder\u003d\"White\" topborder\u003d\"White\" w\u003d\"155\"\u003e \u003ctext xmlns\u003d\"http://ocr.crowdcomputingsystems.com/xml/schema-v1.xml\"\u003e \u003cpar leftindent\u003d\"900\" linespacing\u003d\"-1\"\u003e\u003c/par\u003e  \u003c/text\u003e  \u003c/td\u003e   \u003ctd bottomborder\u003d\"White\" colspan\u003d\"2\" h\u003d\"50\" leftborder\u003d\"White\" rightborder\u003d\"White\" topborder\u003d\"White\" w\u003d\"568\"\u003e \u003ctext xmlns\u003d\"http://ocr.crowdcomputingsystems.com/xml/schema-v1.xml\"\u003e \u003cpar leftindent\u003d\"24700\" linespacing\u003d\"600\"\u003e \u003cline b\u003d\"825\" baseline\u003d\"822\" l\u003d\"608\" r\u003d\"738\" t\u003d\"812\"\u003e \u003cformatting lang\u003d\"EnglishUnitedStates\"\u003e \u003cproduct class\u003d\"extraction-tag\" data-value\u003d\"Payment Methods\" fold-name\u003d\"fold3\" ml-tagorder\u003d\"9493730\" score\u003d\"0.5794794432667805\" tagorder\u003d\"9493730\"\u003ePayment Methods\u003c/product\u003e \u003c/formatting\u003e  \u003c/line\u003e  \u003c/par\u003e  \u003c/text\u003e  \u003c/td\u003e   \u003ctd bottomborder\u003d\"White\" h\u003d\"50\" leftborder\u003d\"White\" rightborder\u003d\"White\" topborder\u003d\"White\" w\u003d\"137\"\u003e \u003ctext xmlns\u003d\"http://ocr.crowdcomputingsystems.com/xml/schema-v1.xml\"\u003e \u003cpar align\u003d\"Right\" linespacing\u003d\"600\" rightindent\u003d\"1000\"\u003e \u003cline b\u003d\"822\" baseline\u003d\"822\" l\u003d\"809\" r\u003d\"884\" t\u003d\"812\"\u003e \u003cformatting lang\u003d\"EnglishUnitedStates\"\u003e Credit Card \u003c/formatting\u003e  \u003c/line\u003e  \u003c/par\u003e  \u003cpar align\u003d\"Right\" linespacing\u003d\"600\" rightindent\u003d\"1000\"\u003e \u003cline b\u003d\"845\" baseline\u003d\"842\" l\u003d\"812\" r\u003d\"884\" t\u003d\"832\"\u003e \u003cformatting lang\u003d\"EnglishUnitedStates\"\u003e (Braintree) \u003c/formatting\u003e  \u003c/line\u003e  \u003c/par\u003e  \u003c/text\u003e  \u003c/td\u003e   \u003c/tr\u003e \n \u003c/tbody\u003e\u003c/table\u003e\n \u003cblock b\u003d\"929\" blockname\u003d\"\" blocktype\u003d\"Text\" l\u003d\"505\" r\u003d\"887\" style\u003d\"transform: translate(400px, 944px); position: absolute; width: 302.317px; height: 62.8333px;\" t\u003d\"871\"\u003e \u003cregion\u003e \u003crect b\u003d\"929\" l\u003d\"505\" r\u003d\"887\" t\u003d\"871\"\u003e\u003c/rect\u003e  \u003c/region\u003e  \u003ctext\u003e \u003cpar align\u003d\"Justified\" leftindent\u003d\"28100\" linespacing\u003d\"600\"\u003e \u003cline b\u003d\"886\" baseline\u003d\"883\" l\u003d\"506\" r\u003d\"885\" style\u003d\"transform: translate(1px, 2px); position: absolute;\" t\u003d\"873\"\u003e \u003cformatting lang\u003d\"EnglishUnitedStates\"\u003e Refunds item no longer needed -$28.50 \u003c/formatting\u003e  \u003c/line\u003e  \u003c/par\u003e  \u003cpar align\u003d\"Right\" linespacing\u003d\"600\" rightindent\u003d\"1000\"\u003e \u003cline b\u003d\"924\" baseline\u003d\"924\" l\u003d\"696\" r\u003d\"885\" style\u003d\"transform: translate(151px, 47px); position: absolute;\" t\u003d\"914\"\u003e \u003cformatting lang\u003d\"EnglishUnitedStates\"\u003e Totals S83.79 \u0026pound;55.29 \u003c/formatting\u003e  \u003c/line\u003e  \u003c/par\u003e  \u003c/text\u003e  \u003c/block\u003e  \u003cblock b\u003d\"1221\" blockname\u003d\"\" blocktype\u003d\"Text\" l\u003d\"38\" r\u003d\"489\" style\u003d\"transform: translate(30px, 1050px); position: absolute; width: 356.923px; height: 273px;\" t\u003d\"969\"\u003e \u003cregion\u003e \u003crect b\u003d\"1221\" l\u003d\"38\" r\u003d\"489\" t\u003d\"969\"\u003e\u003c/rect\u003e  \u003c/region\u003e  \u003ctext\u003e \u003cpar linespacing\u003d\"600\"\u003e \u003cline b\u003d\"984\" baseline\u003d\"981\" l\u003d\"39\" r\u003d\"197\" style\u003d\"transform: translate(1px, 2px); position: absolute;\" t\u003d\"971\"\u003e \u003cformatting lang\u003d\"EnglishUnitedStates\"\u003e Coupon useds thanks \u003c/formatting\u003e  \u003c/line\u003e  \u003c/par\u003e  \u003cpar linespacing\u003d\"780\"\u003e \u003cline b\u003d\"1050\" baseline\u003d\"1050\" l\u003d\"39\" r\u003d\"211\" style\u003d\"transform: translate(1px, 74px); position: absolute;\" t\u003d\"1037\"\u003e \u003cformatting lang\u003d\"EnglishUnitedStates\"\u003e Customer Details \u003c/formatting\u003e  \u003c/line\u003e  \u003c/par\u003e  \u003cpar leftindent\u003d\"1300\" linespacing\u003d\"660\"\u003e \u003cline b\u003d\"1094\" baseline\u003d\"1094\" l\u003d\"58\" r\u003d\"270\" style\u003d\"transform: translate(16px, 124px); position: absolute;\" t\u003d\"1083\"\u003e \u003cformatting lang\u003d\"EnglishUnitedStates\"\u003e \u0026bull; Emails \u003cemail class\u003d\"extraction-tag\" data-value\u003d\"tonv@mairmator.com\" fold-name\u003d\"fold5\" ml-tagorder\u003d\"9493731\" score\u003d\"0.6049798984727236\" tagorder\u003d\"9493731\"\u003etonv@mairmator.com\u003c/email\u003e \u003c/formatting\u003e  \u003c/line\u003e  \u003c/par\u003e  \u003cpar leftindent\u003d\"1300\" linespacing\u003d\"600\"\u003e \u003cline b\u003d\"1115\" baseline\u003d\"1114\" l\u003d\"58\" r\u003d\"217\" style\u003d\"transform: translate(16px, 146px); position: absolute;\" t\u003d\"1104\"\u003e \u003cformatting lang\u003d\"EnglishUnitedStates\"\u003e \u0026bull; Phones 5558675309 \u003c/formatting\u003e  \u003c/line\u003e  \u003c/par\u003e  \u003cpar leftindent\u003d\"2400\" linespacing\u003d\"660\"\u003e \u003cline b\u003d\"1157\" baseline\u003d\"1154\" l\u003d\"77\" r\u003d\"487\" style\u003d\"transform: translate(31px, 189px); position: absolute;\" t\u003d\"1143\"\u003e \u003cformatting lang\u003d\"EnglishUnitedStates\"\u003e This is a customer note. Please make sure my order arrivesl \u003c/formatting\u003e  \u003c/line\u003e  \u003c/par\u003e  \u003cpar linespacing\u003d\"600\"\u003e \u003cline b\u003d\"1218\" baseline\u003d\"1215\" l\u003d\"39\" r\u003d\"362\" style\u003d\"transform: translate(1px, 256px); position: absolute;\" t\u003d\"1205\"\u003e \u003cformatting lang\u003d\"EnglishUnitedStates\"\u003e Return policy information terms and conditions \u003c/formatting\u003e  \u003c/line\u003e  \u003c/par\u003e  \u003c/text\u003e  \u003c/block\u003e  \u003cblock b\u003d\"1263\" blockname\u003d\"\" blocktype\u003d\"Text\" l\u003d\"37\" r\u003d\"516\" style\u003d\"transform: translate(29px, 1349px); position: absolute; width: 379.083px; height: 19.5px;\" t\u003d\"1245\"\u003e \u003cregion\u003e \u003crect b\u003d\"1263\" l\u003d\"37\" r\u003d\"516\" t\u003d\"1245\"\u003e\u003c/rect\u003e  \u003c/region\u003e  \u003ctext\u003e \u003cpar linespacing\u003d\"660\"\u003e \u003cline b\u003d\"1260\" baseline\u003d\"1257\" l\u003d\"38\" r\u003d\"513\" style\u003d\"transform: translate(1px, 1px); position: absolute;\" t\u003d\"1246\"\u003e \u003cformatting lang\u003d\"EnglishUnitedStates\"\u003e This is the footer information (additional shop information links, etc.) \u003c/formatting\u003e  \u003c/line\u003e  \u003c/par\u003e  \u003c/text\u003e  \u003c/block\u003e  \u003cblock b\u003d\"514\" blockname\u003d\"\" blocktype\u003d\"Separator\" class\u003d\"hidden\" l\u003d\"226\" r\u003d\"327\" style\u003d\"transform: translate(179px, 556px); position: absolute;\" t\u003d\"513\"\u003e \u003cregion\u003e \u003crect b\u003d\"514\" l\u003d\"226\" r\u003d\"327\" t\u003d\"513\"\u003e\u003c/rect\u003e  \u003c/region\u003e  \u003cseparator thickness\u003d\"1\" type\u003d\"Black\"\u003e \u003cstart x\u003d\"226\" y\u003d\"513\"\u003e\u003c/start\u003e \u003cend x\u003d\"327\" y\u003d\"513\"\u003e\u003c/end\u003e \u003c/separator\u003e \u003c/block\u003e  \u003cblock b\u003d\"550\" blockname\u003d\"\" blocktype\u003d\"Separator\" class\u003d\"hidden\" l\u003d\"785\" r\u003d\"834\" style\u003d\"transform: translate(621px, 593px); position: absolute;\" t\u003d\"547\"\u003e \u003cregion\u003e \u003crect b\u003d\"548\" l\u003d\"785\" r\u003d\"813\" t\u003d\"547\"\u003e\u003c/rect\u003e  \u003crect b\u003d\"549\" l\u003d\"785\" r\u003d\"834\" t\u003d\"548\"\u003e\u003c/rect\u003e  \u003crect b\u003d\"550\" l\u003d\"785\" r\u003d\"813\" t\u003d\"549\"\u003e\u003c/rect\u003e  \u003c/region\u003e  \u003cseparator thickness\u003d\"2\" type\u003d\"Black\"\u003e \u003cstart x\u003d\"785\" y\u003d\"548\"\u003e\u003c/start\u003e \u003cend x\u003d\"834\" y\u003d\"548\"\u003e\u003c/end\u003e \u003c/separator\u003e \u003c/block\u003e  \u003cblock b\u003d\"555\" blockname\u003d\"\" blocktype\u003d\"Separator\" class\u003d\"hidden\" l\u003d\"226\" r\u003d\"327\" style\u003d\"transform: translate(179px, 599px); position: absolute;\" t\u003d\"553\"\u003e \u003cregion\u003e \u003crect b\u003d\"555\" l\u003d\"226\" r\u003d\"327\" t\u003d\"553\"\u003e\u003c/rect\u003e  \u003c/region\u003e  \u003cseparator thickness\u003d\"2\" type\u003d\"Black\"\u003e \u003cstart x\u003d\"226\" y\u003d\"554\"\u003e\u003c/start\u003e \u003cend x\u003d\"327\" y\u003d\"554\"\u003e\u003c/end\u003e \u003c/separator\u003e \u003c/block\u003e  \u003cblock b\u003d\"639\" blockname\u003d\"\" blocktype\u003d\"Separator\" l\u003d\"226\" r\u003d\"328\" style\u003d\"transform: translate(179px, 691px); position: absolute;\" t\u003d\"638\"\u003e \u003cregion\u003e \u003crect b\u003d\"639\" l\u003d\"226\" r\u003d\"328\" t\u003d\"638\"\u003e\u003c/rect\u003e  \u003c/region\u003e  \u003cseparator thickness\u003d\"1\" type\u003d\"Black\"\u003e \u003cstart x\u003d\"226\" y\u003d\"638\"\u003e\u003c/start\u003e \u003cend x\u003d\"328\" y\u003d\"638\"\u003e\u003c/end\u003e \u003c/separator\u003e \u003c/block\u003e  \u003cblock b\u003d\"922\" blockname\u003d\"\" blocktype\u003d\"Separator\" class\u003d\"hidden\" l\u003d\"785\" r\u003d\"834\" style\u003d\"transform: translate(621px, 996px); position: absolute;\" t\u003d\"919\"\u003e \u003cregion\u003e \u003crect b\u003d\"920\" l\u003d\"785\" r\u003d\"815\" t\u003d\"919\"\u003e\u003c/rect\u003e  \u003crect b\u003d\"921\" l\u003d\"785\" r\u003d\"834\" t\u003d\"920\"\u003e\u003c/rect\u003e  \u003crect b\u003d\"922\" l\u003d\"785\" r\u003d\"815\" t\u003d\"921\"\u003e\u003c/rect\u003e  \u003c/region\u003e  \u003cseparator thickness\u003d\"2\" type\u003d\"Black\"\u003e \u003cstart x\u003d\"785\" y\u003d\"920\"\u003e\u003c/start\u003e \u003cend x\u003d\"834\" y\u003d\"920\"\u003e\u003c/end\u003e \u003c/separator\u003e \u003c/block\u003e  \u003cblock b\u003d\"927\" blockname\u003d\"\" blocktype\u003d\"Separator\" l\u003d\"838\" r\u003d\"886\" style\u003d\"transform: translate(663px, 1003px); position: absolute;\" t\u003d\"926\"\u003e \u003cregion\u003e \u003crect b\u003d\"927\" l\u003d\"838\" r\u003d\"886\" t\u003d\"926\"\u003e\u003c/rect\u003e  \u003c/region\u003e  \u003cseparator thickness\u003d\"1\" type\u003d\"Black\"\u003e \u003cstart x\u003d\"838\" y\u003d\"926\"\u003e\u003c/start\u003e \u003cend x\u003d\"886\" y\u003d\"926\"\u003e\u003c/end\u003e \u003c/separator\u003e \u003c/block\u003e  \u003cblock b\u003d\"1097\" blockname\u003d\"\" blocktype\u003d\"Separator\" l\u003d\"127\" r\u003d\"272\" style\u003d\"transform: translate(101px, 1186px); position: absolute;\" t\u003d\"1095\"\u003e \u003cregion\u003e \u003crect b\u003d\"1097\" l\u003d\"127\" r\u003d\"272\" t\u003d\"1095\"\u003e\u003c/rect\u003e  \u003c/region\u003e  \u003cseparator thickness\u003d\"2\" type\u003d\"Black\"\u003e \u003cstart x\u003d\"127\" y\u003d\"1096\"\u003e\u003c/start\u003e \u003cend x\u003d\"272\" y\u003d\"1096\"\u003e\u003c/end\u003e \u003c/separator\u003e \u003c/block\u003e  \u003cblock b\u003d\"1117\" blockname\u003d\"\" blocktype\u003d\"Separator\" l\u003d\"132\" r\u003d\"219\" style\u003d\"transform: translate(104px, 1208px); position: absolute;\" t\u003d\"1115\"\u003e \u003cregion\u003e \u003crect b\u003d\"1117\" l\u003d\"132\" r\u003d\"219\" t\u003d\"1115\"\u003e\u003c/rect\u003e  \u003c/region\u003e  \u003cseparator thickness\u003d\"2\" type\u003d\"Black\"\u003e \u003cstart x\u003d\"132\" y\u003d\"1116\"\u003e\u003c/start\u003e \u003cend x\u003d\"219\" y\u003d\"1116\"\u003e\u003c/end\u003e \u003c/separator\u003e \u003c/block\u003e  \u003cblock b\u003d\"1236\" blockname\u003d\"\" blocktype\u003d\"Separator\" l\u003d\"39\" r\u003d\"903\" style\u003d\"transform: translate(31px, 1337px); position: absolute;\" t\u003d\"1234\"\u003e \u003cregion\u003e \u003crect b\u003d\"1236\" l\u003d\"39\" r\u003d\"903\" t\u003d\"1234\"\u003e\u003c/rect\u003e  \u003c/region\u003e  \u003cseparator thickness\u003d\"2\" type\u003d\"Black\"\u003e \u003cstart x\u003d\"39\" y\u003d\"1235\"\u003e\u003c/start\u003e \u003cend x\u003d\"903\" y\u003d\"1235\"\u003e\u003c/end\u003e \u003c/separator\u003e \u003c/block\u003e  \u003cblock b\u003d\"485\" blockname\u003d\"\" blocktype\u003d\"Text\" class\u003d\"hidden\" l\u003d\"41\" r\u003d\"208\" style\u003d\"transform: translate(32px, 484px); position: absolute; width: 132.165px; height: 41.1667px;\" t\u003d\"447\"\u003e \u003cregion\u003e \u003crect b\u003d\"485\" l\u003d\"41\" r\u003d\"208\" t\u003d\"447\"\u003e\u003c/rect\u003e  \u003c/region\u003e  \u003ctext\u003e \u003cpar linespacing\u003d\"-1\"\u003e\u003c/par\u003e  \u003c/text\u003e  \u003c/block\u003e  \u003cblock b\u003d\"485\" blockname\u003d\"\" blocktype\u003d\"Text\" class\u003d\"hidden\" l\u003d\"211\" r\u003d\"656\" style\u003d\"transform: translate(167px, 484px); position: absolute; width: 352.175px; height: 41.1667px;\" t\u003d\"447\"\u003e \u003cregion\u003e \u003crect b\u003d\"485\" l\u003d\"211\" r\u003d\"656\" t\u003d\"447\"\u003e\u003c/rect\u003e  \u003c/region\u003e  \u003ctext\u003e \u003cpar linespacing\u003d\"-1\"\u003e\u003c/par\u003e  \u003c/text\u003e  \u003c/block\u003e  \u003cblock b\u003d\"485\" blockname\u003d\"\" blocktype\u003d\"Text\" class\u003d\"hidden\" l\u003d\"659\" r\u003d\"755\" style\u003d\"transform: translate(522px, 484px); position: absolute; width: 75.9748px; height: 41.1667px;\" t\u003d\"447\"\u003e \u003cregion\u003e \u003crect b\u003d\"485\" l\u003d\"659\" r\u003d\"755\" t\u003d\"447\"\u003e\u003c/rect\u003e  \u003c/region\u003e  \u003ctext\u003e \u003cpar linespacing\u003d\"-1\"\u003e\u003c/par\u003e  \u003c/text\u003e  \u003c/block\u003e  \u003cblock b\u003d\"485\" blockname\u003d\"\" blocktype\u003d\"Text\" class\u003d\"hidden\" l\u003d\"758\" r\u003d\"901\" style\u003d\"transform: translate(600px, 484px); position: absolute; width: 113.171px; height: 41.1667px;\" t\u003d\"447\"\u003e \u003cregion\u003e \u003crect b\u003d\"485\" l\u003d\"758\" r\u003d\"901\" t\u003d\"447\"\u003e\u003c/rect\u003e  \u003c/region\u003e  \u003ctext\u003e \u003cpar linespacing\u003d\"-1\"\u003e\u003c/par\u003e  \u003c/text\u003e  \u003c/block\u003e  \u003cblock b\u003d\"489\" blockname\u003d\"\" blocktype\u003d\"Text\" class\u003d\"hidden\" l\u003d\"38\" r\u003d\"905\" style\u003d\"transform: translate(30px, 481px); position: absolute; width: 686.148px; height: 48.75px;\" t\u003d\"444\"\u003e \u003cregion\u003e \u003crect b\u003d\"489\" l\u003d\"38\" r\u003d\"905\" t\u003d\"444\"\u003e\u003c/rect\u003e  \u003c/region\u003e  \u003ctext\u003e \u003cpar linespacing\u003d\"-1\"\u003e\u003c/par\u003e  \u003c/text\u003e  \u003c/block\u003e  \u003c/page\u003e         \u003c/document\u003e\u003c/body\u003e\u003c/html\u003e","tags":[{"begin":113,"end":128,"text":"INV-000050-2016","tag":"invoice_number","fieldType":"TEXT","score":0.6716939058098402,"estimatedAccuracy":0.0},{"begin":150,"end":167,"text":"February 16, 2016","tag":"invoice_date","fieldType":"DATE","score":0.6912373381924192,"estimatedAccuracy":0.0},{"begin":718,"end":735,"text":"S_hip_You.r_Ide.a","tag":"product","fieldType":"TEXT","score":0.3373813261859837,"estimatedAccuracy":0.0},{"begin":747,"end":748,"text":"1","tag":"quantity","fieldType":"NUMBER","score":0.9381594510337854,"estimatedAccuracy":0.0},{"begin":761,"end":766,"text":"15.00","tag":"price","fieldType":"NUMBER","score":0.7349491179516441,"estimatedAccuracy":0.0},{"begin":830,"end":859,"text":"Ship Your Idea     colon Blue","tag":"product","fieldType":"TEXT","score":0.7272166604586949,"estimatedAccuracy":0.0},{"begin":871,"end":872,"text":"2","tag":"quantity","fieldType":"NUMBER","score":0.7009340511353171,"estimatedAccuracy":0.0},{"begin":873,"end":874,"text":"1","tag":"quantity","fieldType":"NUMBER","score":0.7181333098635804,"estimatedAccuracy":0.0},{"begin":887,"end":892,"text":"60.00","tag":"price","fieldType":"NUMBER","score":0.8090461094008013,"estimatedAccuracy":0.0},{"begin":940,"end":952,"text":"Woo Album #3","tag":"product","fieldType":"TEXT","score":0.8295738877311982,"estimatedAccuracy":0.0},{"begin":964,"end":965,"text":"1","tag":"quantity","fieldType":"NUMBER","score":0.8979871735137376,"estimatedAccuracy":0.0},{"begin":978,"end":982,"text":"9.00","tag":"price","fieldType":"NUMBER","score":0.6711619961977564,"estimatedAccuracy":0.0},{"begin":1018,"end":1027,"text":"Subtotals","tag":"quantity","fieldType":"NUMBER","score":0.4175304438295527,"estimatedAccuracy":0.0},{"begin":1244,"end":1259,"text":"Payment Methods","tag":"product","fieldType":"TEXT","score":0.5794794432667805,"estimatedAccuracy":0.0},{"begin":1487,"end":1505,"text":"tonv@mairmator.com","tag":"email","fieldType":"EMAIL","score":0.6049798984727236,"estimatedAccuracy":0.0}],"group":"email|invoice_date|invoice_number|price|product|quantity","limeExplanation":{},"liblinearFeatureImportance":{}}