{"finalScore":0.6833540106468371,"metaInfo":{"model":{"coreVersion":"10.3.0.39"}},"sumScore":6.1501860958215335,"tagsCounter":9.0,"taggedText":"\u003chtml\u003e\u003chead\u003e\u003cscript src\u003d\"https://ajax.googleapis.com/ajax/libs/jquery/2.2.0/jquery.min.js\"\u003e\u003c/script\u003e\u003c/head\u003e\u003cbody\u003e\u003cdocument languages\u003d\"\" producer\u003d\"Workfusion\" schemalocation\u003d\"http://ocr.crowdcomputingsystems.com/xml/schema-v1.xml\" version\u003d\"1.0\" xmlns\u003d\"http://ocr.crowdcomputingsystems.com/xml/schema-v1.xml\" xsi\u003d\"http://www.w3.org/2001/XMLSchema-instance\"\u003e \u003clink href\u003d\"https://s3.amazonaws.com/workfusion-resources/ocr/ocr-xml-viewer-0.3-scale-to-width.css\" rel\u003d\"stylesheet\" type\u003d\"text/css\"\u003e\u003c/link\u003e \u003cstyle\u003e\u003c/style\u003e\u003cpage data-pages\u003d\"1\" h\u003d\"989\" resolution\u003d\"96\" style\u003d\"height: 1284px;\" w\u003d\"700\"\u003e \u003cregion xmlns\u003d\"http://ocr.crowdcomputingsystems.com/xml/schema-v1.xml\"\u003e \u003crect b\u003d\"139\" l\u003d\"0\" r\u003d\"700\" t\u003d\"21\"\u003e\u003c/rect\u003e  \u003c/region\u003e \u003ctable b\u003d\"139\" blockname\u003d\"\" blocktype\u003d\"Table\" l\u003d\"0\" r\u003d\"700\" style\u003d\"transform: translate(0px, 28px); position: absolute;\" t\u003d\"21\" xmlns\u003d\"\"\u003e \u003ctbody\u003e\u003ctr\u003e \u003ctd bottomborder\u003d\"White\" h\u003d\"74\" leftborder\u003d\"White\" rightborder\u003d\"White\" w\u003d\"449\"\u003e \u003ctext xmlns\u003d\"http://ocr.crowdcomputingsystems.com/xml/schema-v1.xml\"\u003e \u003cpar align\u003d\"Center\" linespacing\u003d\"1500\" rightindent\u003d\"1400\"\u003e \u003cline b\u003d\"90\" baseline\u003d\"89\" l\u003d\"130\" r\u003d\"338\" t\u003d\"69\"\u003e \u003cformatting lang\u003d\"EnglishUnitedStates\"\u003e \u003csupplier_name class\u003d\"extraction-tag\" data-value\u003d\"COMPANY\" fold-name\u003d\"fold5\" ml-tagorder\u003d\"9297139\" score\u003d\"0.30129527121332494\" tagorder\u003d\"9297139\"\u003eCOMPANY\u003c/supplier_name\u003e NAME \u003c/formatting\u003e  \u003c/line\u003e  \u003c/par\u003e  \u003c/text\u003e  \u003c/td\u003e   \u003ctd bottomborder\u003d\"White\" h\u003d\"74\" leftborder\u003d\"White\" rightborder\u003d\"White\" topborder\u003d\"White\" w\u003d\"251\"\u003e \u003ctext xmlns\u003d\"http://ocr.crowdcomputingsystems.com/xml/schema-v1.xml\"\u003e \u003cpar leftindent\u003d\"7100\" linespacing\u003d\"1500\"\u003e \u003cline b\u003d\"93\" baseline\u003d\"93\" l\u003d\"544\" r\u003d\"656\" t\u003d\"73\"\u003e \u003cformatting lang\u003d\"EnglishUnitedStates\"\u003e INVOICE \u003c/formatting\u003e  \u003c/line\u003e  \u003c/par\u003e  \u003c/text\u003e  \u003c/td\u003e   \u003c/tr\u003e \n \u003ctr\u003e \u003ctd bottomborder\u003d\"White\" h\u003d\"44\" leftborder\u003d\"White\" rightborder\u003d\"White\" topborder\u003d\"White\" w\u003d\"449\"\u003e \u003ctext xmlns\u003d\"http://ocr.crowdcomputingsystems.com/xml/schema-v1.xml\"\u003e \u003cpar align\u003d\"Justified\" leftindent\u003d\"4100\" linespacing\u003d\"1280\"\u003e \u003cline b\u003d\"117\" baseline\u003d\"113\" l\u003d\"54\" r\u003d\"303\" t\u003d\"96\"\u003e \u003cformatting lang\u003d\"EnglishUnitedStates\"\u003e ^ǀǀǀr Packaging Corp. of East West America \u003c/formatting\u003e  \u003c/line\u003e  \u003c/par\u003e  \u003c/text\u003e  \u003c/td\u003e   \u003ctd bottomborder\u003d\"White\" h\u003d\"44\" leftborder\u003d\"White\" rightborder\u003d\"White\" topborder\u003d\"White\" w\u003d\"251\"\u003e \u003ctext xmlns\u003d\"http://ocr.crowdcomputingsystems.com/xml/schema-v1.xml\"\u003e \u003cpar leftindent\u003d\"7100\" linespacing\u003d\"-1\"\u003e\u003c/par\u003e  \u003c/text\u003e  \u003c/td\u003e   \u003c/tr\u003e \n \u003c/tbody\u003e\u003c/table\u003e\n \u003cblock b\u003d\"177\" blockname\u003d\"\" blocktype\u003d\"Text\" l\u003d\"127\" r\u003d\"354\" style\u003d\"transform: translate(137px, 203px); position: absolute; width: 244.836px; height: 36.5625px;\" t\u003d\"150\"\u003e \u003cregion\u003e \u003crect b\u003d\"177\" l\u003d\"127\" r\u003d\"354\" t\u003d\"150\"\u003e\u003c/rect\u003e  \u003c/region\u003e  \u003ctext\u003e \u003cpar align\u003d\"Justified\" leftindent\u003d\"9600\" linespacing\u003d\"900\"\u003e \u003cline b\u003d\"162\" baseline\u003d\"160\" l\u003d\"128\" r\u003d\"352\" style\u003d\"transform: translate(1px, 1px); position: absolute;\" t\u003d\"151\"\u003e \u003cformatting lang\u003d\"EnglishUnitedStates\"\u003e [Street \u0026gt;VWress] F*ooe [509555.01903 \u003c/formatting\u003e  \u003c/line\u003e  \u003c/par\u003e  \u003cpar align\u003d\"Justified\" leftindent\u003d\"9600\" linespacing\u003d\"900\"\u003e \u003cline b\u003d\"175\" baseline\u003d\"172\" l\u003d\"128\" r\u003d\"336\" style\u003d\"transform: translate(1px, 18px); position: absolute;\" t\u003d\"163\"\u003e \u003cformatting lang\u003d\"EnglishUnitedStates\"\u003e Iptg ST ZiPC\u0026lt;x\u0026raquo;] Fox [50955501913 \u003c/formatting\u003e  \u003c/line\u003e  \u003c/par\u003e  \u003c/text\u003e  \u003c/block\u003e  \u003cblock b\u003d\"317\" blockname\u003d\"\" blocktype\u003d\"Text\" l\u003d\"126\" r\u003d\"632\" style\u003d\"transform: translate(136px, 303px); position: absolute; width: 545.757px; height: 125.938px;\" t\u003d\"224\"\u003e \u003cregion\u003e \u003crect b\u003d\"317\" l\u003d\"126\" r\u003d\"632\" t\u003d\"224\"\u003e\u003c/rect\u003e  \u003c/region\u003e  \u003ctext\u003e \u003cpar align\u003d\"Justified\" leftindent\u003d\"9600\" linespacing\u003d\"1125\"\u003e \u003cline b\u003d\"236\" baseline\u003d\"234\" l\u003d\"128\" r\u003d\"629\" style\u003d\"transform: translate(2px, 1px); position: absolute;\" t\u003d\"225\"\u003e \u003cformatting lang\u003d\"EnglishUnitedStates\"\u003e INVOICE TO: INVOICE #[\u003cinvoice_number appendorder\u003d\"2\" class\u003d\"extraction-tag\" confidence\u003d\"1/1\" data-original-title\u003d\"Invoice number\" data-toggle\u003d\"tooltip\" data-value\u003d\"100191\" fold-name\u003d\"fold4\" score\u003d\"0.5394189601156996\" style\u003d\"background-color: rgb(0, 83, 98);  color: rgb(255, 255, 255);   border: 2px solid rgb(125, 157, 1); \" tagorder\u003d\"1\"\u003e100191\u003c/invoice_number\u003e] \u003c/formatting\u003e  \u003c/line\u003e  \u003c/par\u003e  \u003cpar align\u003d\"Justified\" leftindent\u003d\"9600\" linespacing\u003d\"1125\"\u003e \u003cline b\u003d\"252\" baseline\u003d\"250\" l\u003d\"128\" r\u003d\"629\" style\u003d\"transform: translate(2px, 22px); position: absolute;\" t\u003d\"240\"\u003e \u003cformatting lang\u003d\"EnglishUnitedStates\"\u003e [Name] CATE: \u003cinvoice_date appendorder\u003d\"3\" class\u003d\"extraction-tag\" confidence\u003d\"1/1\" data-original-title\u003d\"Invoice date\" data-toggle\u003d\"tooltip\" data-value\u003d\"SEPTEMBER 7.2016\" fold-name\u003d\"fold2\" score\u003d\"0.5646290364476714\" style\u003d\"background-color: rgb(17, 18, 43);  color: rgb(255, 255, 255);   border: 2px solid rgb(125, 157, 1); \" tagorder\u003d\"2\"\u003eSEPTEMBER 7.2016\u003c/invoice_date\u003e \u003c/formatting\u003e  \u003c/line\u003e  \u003c/par\u003e  \u003c/text\u003e  \u003c/block\u003e  \u003cregion xmlns\u003d\"http://ocr.crowdcomputingsystems.com/xml/schema-v1.xml\"\u003e \u003crect b\u003d\"495\" l\u003d\"37\" r\u003d\"662\" t\u003d\"372\"\u003e\u003c/rect\u003e  \u003c/region\u003e \u003ctable b\u003d\"495\" blockname\u003d\"\" blocktype\u003d\"Table\" l\u003d\"37\" r\u003d\"662\" style\u003d\"transform: translate(40px, 504px); position: absolute;\" t\u003d\"372\" xmlns\u003d\"\"\u003e \u003ctbody\u003e\u003ctr\u003e \u003ctd bottomborder\u003d\"White\" h\u003d\"31\" leftborder\u003d\"White\" rightborder\u003d\"White\" topborder\u003d\"White\" w\u003d\"276\"\u003e \u003ctext xmlns\u003d\"http://ocr.crowdcomputingsystems.com/xml/schema-v1.xml\"\u003e \u003cpar align\u003d\"Justified\" linespacing\u003d\"1730\"\u003e \u003cline b\u003d\"403\" baseline\u003d\"397\" l\u003d\"37\" r\u003d\"243\" t\u003d\"374\"\u003e \u003cformatting lang\u003d\"EnglishUnitedStates\"\u003e ǀ JOB DESCRIPTION \u003c/formatting\u003e  \u003c/line\u003e  \u003c/par\u003e  \u003c/text\u003e  \u003c/td\u003e   \u003ctd bottomborder\u003d\"White\" h\u003d\"31\" leftborder\u003d\"White\" rightborder\u003d\"White\" topborder\u003d\"White\" w\u003d\"111\"\u003e \u003ctext xmlns\u003d\"http://ocr.crowdcomputingsystems.com/xml/schema-v1.xml\"\u003e \u003cpar leftindent\u003d\"800\" linespacing\u003d\"980\"\u003e \u003cline b\u003d\"400\" baseline\u003d\"397\" l\u003d\"324\" r\u003d\"407\" t\u003d\"384\"\u003e \u003cformatting lang\u003d\"EnglishUnitedStates\"\u003e QUANTITY \u003c/formatting\u003e  \u003c/line\u003e  \u003c/par\u003e  \u003c/text\u003e  \u003c/td\u003e   \u003ctd bottomborder\u003d\"White\" h\u003d\"31\" leftborder\u003d\"White\" rightborder\u003d\"White\" topborder\u003d\"White\" w\u003d\"116\"\u003e \u003ctext xmlns\u003d\"http://ocr.crowdcomputingsystems.com/xml/schema-v1.xml\"\u003e \u003cpar leftindent\u003d\"1100\" linespacing\u003d\"980\"\u003e \u003cline b\u003d\"397\" baseline\u003d\"397\" l\u003d\"438\" r\u003d\"525\" t\u003d\"384\"\u003e \u003cformatting lang\u003d\"EnglishUnitedStates\"\u003e UNIT PRICE \u003c/formatting\u003e  \u003c/line\u003e  \u003c/par\u003e  \u003c/text\u003e  \u003c/td\u003e   \u003ctd bottomborder\u003d\"White\" h\u003d\"31\" leftborder\u003d\"White\" rightborder\u003d\"White\" topborder\u003d\"White\" w\u003d\"122\"\u003e \u003ctext xmlns\u003d\"http://ocr.crowdcomputingsystems.com/xml/schema-v1.xml\"\u003e \u003cpar align\u003d\"Center\" leftindent\u003d\"500\" linespacing\u003d\"980\"\u003e \u003cline b\u003d\"397\" baseline\u003d\"397\" l\u003d\"574\" r\u003d\"623\" t\u003d\"384\"\u003e \u003cformatting lang\u003d\"EnglishUnitedStates\"\u003e TOTAL \u003c/formatting\u003e  \u003c/line\u003e  \u003c/par\u003e  \u003c/text\u003e  \u003c/td\u003e   \u003c/tr\u003e \n \u003ctr\u003e \u003ctd bottomborder\u003d\"White\" h\u003d\"58\" leftborder\u003d\"White\" rightborder\u003d\"White\" topborder\u003d\"White\" w\u003d\"276\"\u003e \u003ctext xmlns\u003d\"http://ocr.crowdcomputingsystems.com/xml/schema-v1.xml\"\u003e \u003cpar leftindent\u003d\"2900\" linespacing\u003d\"680\"\u003e \u003cline b\u003d\"428\" baseline\u003d\"426\" l\u003d\"75\" r\u003d\"260\" t\u003d\"417\"\u003e\u003cproduct class\u003d\"extraction-tag\" data-value\u003d\"Wedding piclures, June 16. 2016     01 Use this space to provide an extro description ot  your serviced it roquired.\" fold-name\u003d\"fold5\" ml-tagorder\u003d\"9297147\" score\u003d\"0.6294107015425694\" tagorder\u003d\"9297147\"\u003eWedding piclures, June 16. 2016\u003c/product\u003e\u003c/line\u003e  \u003c/par\u003e  \u003cpar leftindent\u003d\"2900\" linespacing\u003d\"825\" startindent\u003d\"-2200\"\u003e \u003cline b\u003d\"439\" baseline\u003d\"437\" l\u003d\"47\" r\u003d\"301\" t\u003d\"428\"\u003e\u003cproduct class\u003d\"extraction-tag\" data-value\u003d\"Wedding piclures, June 16. 2016     01 Use this space to provide an extro description ot  your serviced it roquired.\" fold-name\u003d\"fold5\" ml-tagorder\u003d\"9297147\" score\u003d\"0.6294107015425694\" tagorder\u003d\"9297147\"\u003e01 Use this space to provide an extro description ot\u003c/product\u003e\u003c/line\u003e  \u003cline b\u003d\"451\" baseline\u003d\"448\" l\u003d\"75\" r\u003d\"191\" t\u003d\"441\"\u003e\u003cproduct class\u003d\"extraction-tag\" data-value\u003d\"Wedding piclures, June 16. 2016     01 Use this space to provide an extro description ot  your serviced it roquired.\" fold-name\u003d\"fold5\" ml-tagorder\u003d\"9297147\" score\u003d\"0.6294107015425694\" tagorder\u003d\"9297147\"\u003eyour serviced it roquired.\u003c/product\u003e\u003c/line\u003e  \u003c/par\u003e  \u003c/text\u003e  \u003c/td\u003e   \u003ctd bottomborder\u003d\"White\" h\u003d\"58\" leftborder\u003d\"White\" rightborder\u003d\"White\" topborder\u003d\"White\" w\u003d\"111\"\u003e \u003ctext xmlns\u003d\"http://ocr.crowdcomputingsystems.com/xml/schema-v1.xml\"\u003e \u003cpar align\u003d\"Center\" leftindent\u003d\"600\" linespacing\u003d\"680\"\u003e \u003cline b\u003d\"437\" baseline\u003d\"437\" l\u003d\"358\" r\u003d\"371\" t\u003d\"428\"\u003e\u003cquantity appendorder\u003d\"5\" class\u003d\"extraction-tag\" confidence\u003d\"1/1\" data-original-title\u003d\"construction_type\" data-toggle\u003d\"tooltip\" data-value\u003d\"25\" fold-name\u003d\"fold4\" injection\u003d\"true\" referencedatausedininjection\u003d\"manual\" score\u003d\"0.8824112079349349\" style\u003d\"background-color: rgb(11, 47, 140);  color: rgb(255, 255, 255);   border: 2px solid rgb(125, 157, 1); \" tagorder\u003d\"9297139\"\u003e25\u003c/quantity\u003e\u003c/line\u003e  \u003c/par\u003e  \u003c/text\u003e  \u003c/td\u003e   \u003ctd bottomborder\u003d\"White\" h\u003d\"58\" leftborder\u003d\"White\" rightborder\u003d\"White\" topborder\u003d\"White\" w\u003d\"116\"\u003e \u003ctext xmlns\u003d\"http://ocr.crowdcomputingsystems.com/xml/schema-v1.xml\"\u003e \u003cpar align\u003d\"Center\" leftindent\u003d\"100\" linespacing\u003d\"680\"\u003e \u003cline b\u003d\"438\" baseline\u003d\"437\" l\u003d\"471\" r\u003d\"491\" t\u003d\"428\"\u003e$\u003cprice class\u003d\"extraction-tag\" data-value\u003d\"20\" fold-name\u003d\"fold3\" ml-tagorder\u003d\"9297143\" score\u003d\"0.8278624070124474\" tagorder\u003d\"9297143\"\u003e20\u003c/price\u003e\u003c/line\u003e  \u003c/par\u003e  \u003c/text\u003e  \u003c/td\u003e   \u003ctd bottomborder\u003d\"White\" h\u003d\"58\" leftborder\u003d\"White\" rightborder\u003d\"White\" topborder\u003d\"White\" w\u003d\"122\"\u003e \u003ctext xmlns\u003d\"http://ocr.crowdcomputingsystems.com/xml/schema-v1.xml\"\u003e \u003cpar align\u003d\"Center\" leftindent\u003d\"500\" linespacing\u003d\"680\"\u003e \u003cline b\u003d\"438\" baseline\u003d\"437\" l\u003d\"583\" r\u003d\"612\" t\u003d\"428\"\u003e \u003cformatting lang\u003d\"EnglishUnitedStates\"\u003e $500 \u003c/formatting\u003e  \u003c/line\u003e  \u003c/par\u003e  \u003c/text\u003e  \u003c/td\u003e   \u003c/tr\u003e \n \u003ctr\u003e \u003ctd bottomborder\u003d\"White\" h\u003d\"34\" leftborder\u003d\"White\" rightborder\u003d\"White\" topborder\u003d\"White\" w\u003d\"276\"\u003e \u003ctext xmlns\u003d\"http://ocr.crowdcomputingsystems.com/xml/schema-v1.xml\"\u003e \u003cpar leftindent\u003d\"2900\" linespacing\u003d\"680\"\u003e \u003cline b\u003d\"479\" baseline\u003d\"479\" l\u003d\"75\" r\u003d\"106\" t\u003d\"470\"\u003eJob 2\u003c/line\u003e  \u003c/par\u003e  \u003cpar leftindent\u003d\"2900\" linespacing\u003d\"680\" startindent\u003d\"-2200\"\u003e \u003cline b\u003d\"492\" baseline\u003d\"491\" l\u003d\"46\" r\u003d\"301\" t\u003d\"482\"\u003e\u003cproduct appendorder\u003d\"5\" class\u003d\"extraction-tag\" confidence\u003d\"1/1\" data-original-title\u003d\"construction_type\" data-toggle\u003d\"tooltip\" data-value\u003d\"02 Use this space to prwide an extra description ot\" fold-name\u003d\"fold5\" injection\u003d\"true\" referencedatausedininjection\u003d\"manual\" score\u003d\"0.6368453329233729\" style\u003d\"background-color: rgb(78, 135, 105);  color: rgb(0, 0, 0);   border: 2px solid rgb(125, 157, 1); \" tagorder\u003d\"8696525\"\u003e02 Use this space to prwide an extra description ot\u003c/product\u003e\u003c/line\u003e  \u003c/par\u003e  \u003c/text\u003e  \u003c/td\u003e   \u003ctd bottomborder\u003d\"White\" h\u003d\"34\" leftborder\u003d\"White\" rightborder\u003d\"White\" topborder\u003d\"White\" w\u003d\"111\"\u003e \u003ctext xmlns\u003d\"http://ocr.crowdcomputingsystems.com/xml/schema-v1.xml\"\u003e \u003cpar align\u003d\"Center\" leftindent\u003d\"600\" linespacing\u003d\"680\"\u003e \u003cline b\u003d\"491\" baseline\u003d\"491\" l\u003d\"359\" r\u003d\"369\" t\u003d\"482\"\u003e\u003cquantity appendorder\u003d\"5\" class\u003d\"extraction-tag\" confidence\u003d\"1/1\" data-original-title\u003d\"construction_type\" data-toggle\u003d\"tooltip\" data-value\u003d\"10\" fold-name\u003d\"fold4\" injection\u003d\"true\" referencedatausedininjection\u003d\"manual\" score\u003d\"0.9199062645108398\" style\u003d\"background-color: rgb(11, 47, 140);  color: rgb(255, 255, 255);   border: 2px solid rgb(125, 157, 1); \" tagorder\u003d\"7488765\"\u003e10\u003c/quantity\u003e\u003c/line\u003e  \u003c/par\u003e  \u003c/text\u003e  \u003c/td\u003e   \u003ctd bottomborder\u003d\"White\" h\u003d\"34\" leftborder\u003d\"White\" rightborder\u003d\"White\" topborder\u003d\"White\" w\u003d\"116\"\u003e \u003ctext xmlns\u003d\"http://ocr.crowdcomputingsystems.com/xml/schema-v1.xml\"\u003e \u003cpar align\u003d\"Center\" leftindent\u003d\"100\" linespacing\u003d\"750\"\u003e \u003cline b\u003d\"492\" baseline\u003d\"491\" l\u003d\"471\" r\u003d\"491\" t\u003d\"481\"\u003e$\u003cprice class\u003d\"extraction-tag\" data-value\u003d\"20\" fold-name\u003d\"fold3\" ml-tagorder\u003d\"9297146\" score\u003d\"0.848406914120673\" tagorder\u003d\"9297146\"\u003e20\u003c/price\u003e\u003c/line\u003e  \u003c/par\u003e  \u003c/text\u003e  \u003c/td\u003e   \u003ctd bottomborder\u003d\"White\" h\u003d\"34\" leftborder\u003d\"White\" rightborder\u003d\"White\" topborder\u003d\"White\" w\u003d\"122\"\u003e \u003ctext xmlns\u003d\"http://ocr.crowdcomputingsystems.com/xml/schema-v1.xml\"\u003e \u003cpar align\u003d\"Center\" leftindent\u003d\"500\" linespacing\u003d\"750\"\u003e \u003cline b\u003d\"491\" baseline\u003d\"491\" l\u003d\"583\" r\u003d\"612\" t\u003d\"481\"\u003e \u003cformatting lang\u003d\"EnglishUnitedStates\"\u003e $200 \u003c/formatting\u003e  \u003c/line\u003e  \u003c/par\u003e  \u003c/text\u003e  \u003c/td\u003e   \u003c/tr\u003e \n \u003c/tbody\u003e\u003c/table\u003e\n \u003cblock b\u003d\"507\" blockname\u003d\"\" blocktype\u003d\"Text\" l\u003d\"73\" r\u003d\"194\" style\u003d\"transform: translate(79px, 669px); position: absolute; width: 130.507px; height: 17.6042px;\" t\u003d\"494\"\u003e \u003cregion\u003e \u003crect b\u003d\"507\" l\u003d\"73\" r\u003d\"194\" t\u003d\"494\"\u003e\u003c/rect\u003e  \u003c/region\u003e  \u003ctext\u003e \u003cpar linespacing\u003d\"530\"\u003e \u003cline b\u003d\"504\" baseline\u003d\"502\" l\u003d\"75\" r\u003d\"192\" style\u003d\"transform: translate(2px, 1px); position: absolute;\" t\u003d\"495\"\u003e \u003cformatting lang\u003d\"EnglishUnitedStates\"\u003e your services. it roqulr\u0026copy;d. \u003c/formatting\u003e  \u003c/line\u003e  \u003c/par\u003e  \u003c/text\u003e  \u003c/block\u003e  \u003cblock b\u003d\"774\" blockname\u003d\"\" blocktype\u003d\"Text\" l\u003d\"80\" r\u003d\"397\" style\u003d\"transform: translate(86px, 953px); position: absolute; width: 341.907px; height: 94.7917px;\" t\u003d\"704\"\u003e \u003cregion\u003e \u003crect b\u003d\"774\" l\u003d\"80\" r\u003d\"397\" t\u003d\"704\"\u003e\u003c/rect\u003e  \u003c/region\u003e  \u003ctext\u003e \u003cpar leftindent\u003d\"6100\" linespacing\u003d\"825\" rightindent\u003d\"23000\"\u003e \u003cline b\u003d\"715\" baseline\u003d\"713\" l\u003d\"82\" r\u003d\"347\" style\u003d\"transform: translate(2px, 1px); position: absolute;\" t\u003d\"705\"\u003e \u003cformatting lang\u003d\"EnglishUnitedStates\"\u003e Foaso rrako all chocks payablo to [Your Corrpary NarroJ \u003c/formatting\u003e  \u003c/line\u003e  \u003cline b\u003d\"726\" baseline\u003d\"724\" l\u003d\"82\" r\u003d\"221\" style\u003d\"transform: translate(2px, 16px); position: absolute;\" t\u003d\"716\"\u003e \u003cformatting lang\u003d\"EnglishUnitedStates\"\u003e Poymonl is duo \\alhm SO days \u003c/formatting\u003e  \u003c/line\u003e  \u003c/par\u003e  \u003cpar leftindent\u003d\"6100\" linespacing\u003d\"825\"\u003e \u003cline b\u003d\"738\" baseline\u003d\"735\" l\u003d\"81\" r\u003d\"394\" style\u003d\"transform: translate(1px, 33px); position: absolute;\" t\u003d\"728\"\u003e \u003cformatting lang\u003d\"EnglishUnitedStates\"\u003e II you have any questions concerning this irvotcc. Icel tree to coriacl \u003c/formatting\u003e  \u003c/line\u003e  \u003c/par\u003e  \u003cpar leftindent\u003d\"6100\" linespacing\u003d\"825\"\u003e \u003cline b\u003d\"749\" baseline\u003d\"746\" l\u003d\"82\" r\u003d\"223\" style\u003d\"transform: translate(2px, 47px); position: absolute;\" t\u003d\"739\"\u003e \u003cformatting lang\u003d\"EnglishUnitedStates\"\u003e [Namo. phono number. o-mallj \u003c/formatting\u003e  \u003c/line\u003e  \u003c/par\u003e  \u003cpar leftindent\u003d\"6100\" linespacing\u003d\"530\"\u003e \u003cline b\u003d\"772\" baseline\u003d\"769\" l\u003d\"81\" r\u003d\"206\" style\u003d\"transform: translate(1px, 79px); position: absolute;\" t\u003d\"762\"\u003e \u003cformatting lang\u003d\"EnglishUnitedStates\"\u003e Thank yai lor your business \u003c/formatting\u003e  \u003c/line\u003e  \u003c/par\u003e  \u003c/text\u003e  \u003c/block\u003e  \u003cblock b\u003d\"793\" blockname\u003d\"\" blocktype\u003d\"Text\" l\u003d\"428\" r\u003d\"518\" style\u003d\"transform: translate(462px, 925px); position: absolute; width: 97.0714px; height: 148.958px;\" t\u003d\"683\"\u003e \u003cregion\u003e \u003crect b\u003d\"793\" l\u003d\"428\" r\u003d\"518\" t\u003d\"683\"\u003e\u003c/rect\u003e  \u003c/region\u003e  \u003ctext\u003e \u003cpar linespacing\u003d\"2325\"\u003e \u003cline b\u003d\"695\" baseline\u003d\"695\" l\u003d\"429\" r\u003d\"487\" style\u003d\"transform: translate(1px, 3px); position: absolute;\" t\u003d\"685\"\u003e \u003cformatting lang\u003d\"EnglishUnitedStates\"\u003e SUBTOTAL \u003c/formatting\u003e  \u003c/line\u003e  \u003cline b\u003d\"726\" baseline\u003d\"726\" l\u003d\"430\" r\u003d\"514\" style\u003d\"transform: translate(2px, 45px); position: absolute;\" t\u003d\"716\"\u003e \u003cformatting lang\u003d\"EnglishUnitedStates\"\u003e SALES TAX 10% \u003c/formatting\u003e  \u003c/line\u003e  \u003cline b\u003d\"758\" baseline\u003d\"758\" l\u003d\"429\" r\u003d\"510\" style\u003d\"transform: translate(1px, 88px); position: absolute;\" t\u003d\"748\"\u003e \u003cformatting lang\u003d\"EnglishUnitedStates\"\u003e DISCOUNT 5% \u003c/formatting\u003e  \u003c/line\u003e  \u003c/par\u003e  \u003cpar linespacing\u003d\"2325\"\u003e \u003cline b\u003d\"790\" baseline\u003d\"790\" l\u003d\"429\" r\u003d\"515\" style\u003d\"transform: translate(1px, 130px); position: absolute;\" t\u003d\"779\"\u003e \u003cformatting lang\u003d\"EnglishUnitedStates\"\u003e GRAND TOTAL \u003c/formatting\u003e  \u003c/line\u003e  \u003c/par\u003e  \u003c/text\u003e  \u003c/block\u003e  \u003cblock b\u003d\"794\" blockname\u003d\"\" blocktype\u003d\"Text\" l\u003d\"581\" r\u003d\"617\" style\u003d\"transform: translate(627px, 925px); position: absolute; width: 38.8286px; height: 150.313px;\" t\u003d\"683\"\u003e \u003cregion\u003e \u003crect b\u003d\"794\" l\u003d\"581\" r\u003d\"617\" t\u003d\"683\"\u003e\u003c/rect\u003e  \u003c/region\u003e  \u003ctext\u003e \u003cpar linespacing\u003d\"2325\"\u003e \u003cline b\u003d\"696\" baseline\u003d\"695\" l\u003d\"582\" r\u003d\"614\" style\u003d\"transform: translate(1px, 3px); position: absolute;\" t\u003d\"685\"\u003e \u003cformatting lang\u003d\"EnglishUnitedStates\"\u003e $700 \u003c/formatting\u003e  \u003c/line\u003e  \u003c/par\u003e  \u003cpar linespacing\u003d\"2325\"\u003e \u003cline b\u003d\"727\" baseline\u003d\"726\" l\u003d\"586\" r\u003d\"609\" style\u003d\"transform: translate(5px, 45px); position: absolute;\" t\u003d\"716\"\u003e \u003cformatting lang\u003d\"EnglishUnitedStates\"\u003e $70 \u003c/formatting\u003e  \u003c/line\u003e  \u003c/par\u003e  \u003cpar linespacing\u003d\"2325\"\u003e \u003cline b\u003d\"759\" baseline\u003d\"758\" l\u003d\"584\" r\u003d\"611\" style\u003d\"transform: translate(3px, 88px); position: absolute;\" t\u003d\"748\"\u003e \u003cformatting lang\u003d\"EnglishUnitedStates\"\u003e -$35 \u003c/formatting\u003e  \u003c/line\u003e  \u003c/par\u003e  \u003cpar linespacing\u003d\"2325\"\u003e \u003cline b\u003d\"791\" baseline\u003d\"790\" l\u003d\"582\" r\u003d\"614\" style\u003d\"transform: translate(1px, 130px); position: absolute;\" t\u003d\"779\"\u003e \u003cformatting lang\u003d\"EnglishUnitedStates\"\u003e $735 \u003c/formatting\u003e  \u003c/line\u003e  \u003c/par\u003e  \u003c/text\u003e  \u003c/block\u003e  \u003cblock b\u003d\"949\" blockname\u003d\"\" blocktype\u003d\"Text\" l\u003d\"283\" r\u003d\"417\" style\u003d\"transform: translate(305px, 1221px); position: absolute; width: 144.529px; height: 63.6458px;\" t\u003d\"902\"\u003e \u003cregion\u003e \u003crect b\u003d\"949\" l\u003d\"283\" r\u003d\"417\" t\u003d\"902\"\u003e\u003c/rect\u003e  \u003c/region\u003e  \u003ctext\u003e \u003cpar align\u003d\"Center\" leftindent\u003d\"200\" linespacing\u003d\"680\"\u003e \u003cline b\u003d\"916\" baseline\u003d\"913\" l\u003d\"313\" r\u003d\"382\" style\u003d\"transform: translate(32px, 3px); position: absolute;\" t\u003d\"904\"\u003e \u003cformatting lang\u003d\"EnglishUnitedStates\"\u003e free template by \u003c/formatting\u003e  \u003c/line\u003e  \u003c/par\u003e  \u003cpar align\u003d\"Center\" leftindent\u003d\"200\" linespacing\u003d\"1350\"\u003e \u003cline b\u003d\"946\" baseline\u003d\"941\" l\u003d\"284\" r\u003d\"414\" style\u003d\"transform: translate(1px, 28px); position: absolute;\" t\u003d\"923\"\u003e \u003cformatting lang\u003d\"EnglishUnitedStates\"\u003e 0 InvoiceBerry \u003c/formatting\u003e  \u003c/line\u003e  \u003c/par\u003e  \u003c/text\u003e  \u003c/block\u003e  \u003cblock b\u003d\"24\" blockname\u003d\"\" blocktype\u003d\"Separator\" l\u003d\"0\" r\u003d\"448\" style\u003d\"transform: translate(0px, 31px); position: absolute;\" t\u003d\"23\"\u003e \u003cregion\u003e \u003crect b\u003d\"24\" l\u003d\"0\" r\u003d\"448\" t\u003d\"23\"\u003e\u003c/rect\u003e  \u003c/region\u003e  \u003cseparator thickness\u003d\"1\" type\u003d\"Black\"\u003e \u003cstart x\u003d\"0\" y\u003d\"23\"\u003e\u003c/start\u003e \u003cend x\u003d\"448\" y\u003d\"23\"\u003e\u003c/end\u003e \u003c/separator\u003e \u003c/block\u003e  \u003cblock b\u003d\"135\" blockname\u003d\"\" blocktype\u003d\"Text\" class\u003d\"hidden\" l\u003d\"449\" r\u003d\"699\" style\u003d\"transform: translate(484px, 33px); position: absolute; width: 269.643px; height: 150.313px;\" t\u003d\"24\"\u003e \u003cregion\u003e \u003crect b\u003d\"135\" l\u003d\"449\" r\u003d\"699\" t\u003d\"24\"\u003e\u003c/rect\u003e  \u003c/region\u003e  \u003ctext\u003e \u003cpar linespacing\u003d\"-1\"\u003e\u003c/par\u003e  \u003c/text\u003e  \u003c/block\u003e  \u003cblock b\u003d\"404\" blockname\u003d\"\" blocktype\u003d\"Text\" class\u003d\"hidden\" l\u003d\"43\" r\u003d\"422\" style\u003d\"transform: translate(46px, 508px); position: absolute; width: 408.779px; height: 39.2708px;\" t\u003d\"375\"\u003e \u003cregion\u003e \u003crect b\u003d\"404\" l\u003d\"43\" r\u003d\"422\" t\u003d\"375\"\u003e\u003c/rect\u003e  \u003c/region\u003e  \u003ctext\u003e \u003cpar linespacing\u003d\"-1\"\u003e\u003c/par\u003e  \u003c/text\u003e  \u003c/block\u003e  \u003c/page\u003e             \u003c/document\u003e\u003c/body\u003e\u003c/html\u003e","tags":[{"begin":14,"end":21,"text":"COMPANY","tag":"supplier_name","fieldType":"COMPANY_NAME","score":0.30129527121332494,"estimatedAccuracy":0.0},{"begin":271,"end":277,"text":"100191","tag":"invoice_number","fieldType":"TEXT","score":0.5394189601156996,"estimatedAccuracy":0.0},{"begin":301,"end":317,"text":"SEPTEMBER 7.2016","tag":"invoice_date","fieldType":"DATE","score":0.5646290364476714,"estimatedAccuracy":0.0},{"begin":449,"end":565,"text":"Wedding piclures, June 16. 2016     01 Use this space to provide an extro description ot  your serviced it roquired.","tag":"product","fieldType":"TEXT","score":0.6294107015425694,"estimatedAccuracy":0.0},{"begin":577,"end":579,"text":"25","tag":"quantity","fieldType":"NUMBER","score":0.8824112079349349,"estimatedAccuracy":0.0},{"begin":592,"end":594,"text":"20","tag":"price","fieldType":"NUMBER","score":0.8278624070124474,"estimatedAccuracy":0.0},{"begin":641,"end":692,"text":"02 Use this space to prwide an extra description ot","tag":"product","fieldType":"TEXT","score":0.6368453329233729,"estimatedAccuracy":0.0},{"begin":704,"end":706,"text":"10","tag":"quantity","fieldType":"NUMBER","score":0.9199062645108398,"estimatedAccuracy":0.0},{"begin":719,"end":721,"text":"20","tag":"price","fieldType":"NUMBER","score":0.848406914120673,"estimatedAccuracy":0.0}],"group":"invoice_date|invoice_number|price|product|quantity|supplier_name","limeExplanation":{},"liblinearFeatureImportance":{}}