{"finalScore":0.8277580120315168,"metaInfo":{"model":{"coreVersion":"10.3.0.39"}},"sumScore":0.8277580120315168,"tagsCounter":1.0,"taggedText":"\u003cdocument languages\u003d\"\" producer\u003d\"Workfusion\" schemalocation\u003d\"http://ocr.crowdcomputingsystems.com/xml/schema-v1.xml\" version\u003d\"1.0\" xmlns\u003d\"http://ocr.crowdcomputingsystems.com/xml/schema-v1.xml\" xsi\u003d\"http://www.w3.org/2001/XMLSchema-instance\"\u003e \u003clink href\u003d\"https://s3.amazonaws.com/workfusion-resources/ocr/ocr-xml-viewer-0.3-scale-to-width.css\" rel\u003d\"stylesheet\" type\u003d\"text/css\"\u003e\u003c/link\u003e \u003cstyle\u003e\u003c/style\u003e\u003cpage data-pages\u003d\"1\" h\u003d\"818\" resolution\u003d\"72\" style\u003d\"height: 1434px;\" w\u003d\"676\"\u003e \u003cregion xmlns\u003d\"http://ocr.crowdcomputingsystems.com/xml/schema-v1.xml\"\u003e \u003crect b\u003d\"692\" l\u003d\"34\" r\u003d\"631\" t\u003d\"10\"\u003e\u003c/rect\u003e  \u003c/region\u003e \u003ctable b\u003d\"692\" blockname\u003d\"\" blocktype\u003d\"Table\" l\u003d\"34\" r\u003d\"631\" style\u003d\"transform: translate(71px, 18px); position: absolute; user-select: auto;\" t\u003d\"10\" xmlns\u003d\"\"\u003e \u003ctbody\u003e\u003ctr\u003e \u003ctd colspan\u003d\"5\" h\u003d\"118\" w\u003d\"597\"\u003e \u003ctext xmlns\u003d\"http://ocr.crowdcomputingsystems.com/xml/schema-v1.xml\"\u003e \u003cpar align\u003d\"Center\" linespacing\u003d\"2400\" rightindent\u003d\"300\"\u003e \u003cline b\u003d\"46\" baseline\u003d\"44\" l\u003d\"258\" r\u003d\"410\" t\u003d\"20\"\u003e \u003cformatting lang\u003d\"EnglishUnitedStates\"\u003e CL(5)S \u0026mdash;\u0026mdash; \u003c/formatting\u003e  \u003c/line\u003e  \u003c/par\u003e  \u003cpar align\u003d\"Justified\" leftindent\u003d\"23500\" linespacing\u003d\"1200\"\u003e \u003cline b\u003d\"61\" baseline\u003d\"61\" l\u003d\"269\" r\u003d\"447\" t\u003d\"49\"\u003e \u003cformatting lang\u003d\"EnglishUnitedStates\"\u003e \u0026mdash; *ZSSZ325\u0026pound;~Mm \u003c/formatting\u003e  \u003c/line\u003e  \u003c/par\u003e  \u003cpar align\u003d\"Center\" linespacing\u003d\"2200\" rightindent\u003d\"3300\"\u003e \u003cline b\u003d\"97\" baseline\u003d\"96\" l\u003d\"262\" r\u003d\"436\" t\u003d\"74\"\u003e \u003cformatting lang\u003d\"EnglishUnitedStates\"\u003e INVOICE \u003c/formatting\u003e  \u003c/line\u003e  \u003c/par\u003e  \u003cpar leftindent\u003d\"54500\" linespacing\u003d\"500\"\u003e \u003cline b\u003d\"102\" baseline\u003d\"102\" l\u003d\"579\" r\u003d\"592\" t\u003d\"97\"\u003e \u003cformatting lang\u003d\"EnglishUnitedStates\"\u003e JM \u003c/formatting\u003e  \u003c/line\u003e  \u003c/par\u003e  \u003c/text\u003e  \u003c/td\u003e   \u003c/tr\u003e \n \u003ctr\u003e \u003ctd h\u003d\"22\" w\u003d\"199\"\u003e \u003ctext xmlns\u003d\"http://ocr.crowdcomputingsystems.com/xml/schema-v1.xml\"\u003e \u003cpar leftindent\u003d\"1400\" linespacing\u003d\"900\"\u003e \u003cline b\u003d\"145\" baseline\u003d\"144\" l\u003d\"48\" r\u003d\"107\" t\u003d\"135\"\u003e \u003cformatting lang\u003d\"EnglishUnitedStates\"\u003e Account#: \u003c/formatting\u003e  \u003c/line\u003e  \u003c/par\u003e  \u003c/text\u003e  \u003c/td\u003e   \u003ctd colspan\u003d\"2\" h\u003d\"22\" w\u003d\"205\"\u003e \u003ctext xmlns\u003d\"http://ocr.crowdcomputingsystems.com/xml/schema-v1.xml\"\u003e \u003cpar leftindent\u003d\"2400\" linespacing\u003d\"900\"\u003e \u003cline b\u003d\"144\" baseline\u003d\"144\" l\u003d\"257\" r\u003d\"359\" t\u003d\"135\"\u003e \u003cformatting lang\u003d\"EnglishUnitedStates\"\u003e Date: \u003cinvoice_date appendorder\u003d\"4\" class\u003d\"extraction-tag\" confidence\u003d\"1/1\" data-original-title\u003d\"Invoice date\" data-toggle\u003d\"tooltip\" data-value\u003d\"08/08/2012\" fold-name\u003d\"fold5\" score\u003d\"0.8277580120315168\" style\u003d\"background-color: rgb(17, 18, 43);  color: rgb(255, 255, 255);   border: 2px solid rgb(125, 157, 1); \" tagorder\u003d\"1\"\u003e08/08/2012\u003c/invoice_date\u003e \u003c/formatting\u003e  \u003c/line\u003e  \u003c/par\u003e  \u003c/text\u003e  \u003c/td\u003e   \u003ctd colspan\u003d\"2\" h\u003d\"22\" w\u003d\"193\"\u003e \u003ctext xmlns\u003d\"http://ocr.crowdcomputingsystems.com/xml/schema-v1.xml\"\u003e \u003cpar leftindent\u003d\"700\" linespacing\u003d\"900\"\u003e \u003cline b\u003d\"145\" baseline\u003d\"145\" l\u003d\"445\" r\u003d\"490\" t\u003d\"136\"\u003e \u003cformatting lang\u003d\"EnglishUnitedStates\"\u003e Invoicer \u003c/formatting\u003e  \u003c/line\u003e  \u003c/par\u003e  \u003c/text\u003e  \u003c/td\u003e   \u003c/tr\u003e \n \u003ctr\u003e \u003ctd colspan\u003d\"2\" h\u003d\"22\" w\u003d\"242\"\u003e \u003ctext xmlns\u003d\"http://ocr.crowdcomputingsystems.com/xml/schema-v1.xml\"\u003e \u003cpar align\u003d\"Center\" leftindent\u003d\"100\" linespacing\u003d\"900\"\u003e \u003cline b\u003d\"166\" baseline\u003d\"164\" l\u003d\"125\" r\u003d\"184\" t\u003d\"155\"\u003e \u003cformatting lang\u003d\"EnglishUnitedStates\"\u003e Regarding \u003c/formatting\u003e  \u003c/line\u003e  \u003c/par\u003e  \u003c/text\u003e  \u003c/td\u003e   \u003ctd colspan\u003d\"3\" h\u003d\"22\" w\u003d\"355\"\u003e \u003ctext xmlns\u003d\"http://ocr.crowdcomputingsystems.com/xml/schema-v1.xml\"\u003e \u003cpar align\u003d\"Justified\" leftindent\u003d\"8200\" linespacing\u003d\"1100\"\u003e \u003cline b\u003d\"166\" baseline\u003d\"164\" l\u003d\"358\" r\u003d\"590\" t\u003d\"153\"\u003e \u003cformatting lang\u003d\"EnglishUnitedStates\"\u003e Description 1 Amount \u003c/formatting\u003e  \u003c/line\u003e  \u003c/par\u003e  \u003c/text\u003e  \u003c/td\u003e   \u003c/tr\u003e \n \u003ctr\u003e \u003ctd colspan\u003d\"2\" h\u003d\"55\" w\u003d\"242\"\u003e \u003ctext xmlns\u003d\"http://ocr.crowdcomputingsystems.com/xml/schema-v1.xml\"\u003e \u003cpar leftindent\u003d\"1400\" linespacing\u003d\"1000\"\u003e \u003cline b\u003d\"189\" baseline\u003d\"189\" l\u003d\"48\" r\u003d\"128\" t\u003d\"179\"\u003e \u003cformatting lang\u003d\"EnglishUnitedStates\"\u003e REF #: 123456 \u003c/formatting\u003e  \u003c/line\u003e  \u003c/par\u003e  \u003c/text\u003e  \u003c/td\u003e   \u003ctd colspan\u003d\"2\" h\u003d\"520\" rowspan\u003d\"2\" w\u003d\"228\"\u003e \u003ctext xmlns\u003d\"http://ocr.crowdcomputingsystems.com/xml/schema-v1.xml\"\u003e \u003cpar leftindent\u003d\"1200\" linespacing\u003d\"800\"\u003e \u003cline b\u003d\"207\" baseline\u003d\"207\" l\u003d\"288\" r\u003d\"356\" t\u003d\"199\"\u003e \u003cformatting lang\u003d\"EnglishUnitedStates\"\u003e CALIFORNIA \u003c/formatting\u003e  \u003c/line\u003e  \u003c/par\u003e  \u003cpar linespacing\u003d\"800\"\u003e \u003cline b\u003d\"230\" baseline\u003d\"230\" l\u003d\"281\" r\u003d\"375\" t\u003d\"222\"\u003e \u003cformatting lang\u003d\"EnglishUnitedStates\"\u003e CLAS CORPCHECK \u003c/formatting\u003e  \u003c/line\u003e  \u003c/par\u003e  \u003c/text\u003e  \u003c/td\u003e   \u003ctd bottomborder\u003d\"White\" h\u003d\"55\" w\u003d\"127\"\u003e \u003ctext xmlns\u003d\"http://ocr.crowdcomputingsystems.com/xml/schema-v1.xml\"\u003e \u003cpar linespacing\u003d\"-1\"\u003e\u003c/par\u003e  \u003c/text\u003e  \u003c/td\u003e   \u003c/tr\u003e \n \u003c/tbody\u003e\u003c/table\u003e\n \u003cblock b\u003d\"703\" blockname\u003d\"\" blocktype\u003d\"Text\" l\u003d\"37\" r\u003d\"57\" style\u003d\"transform: translate(77px, 1253px); position: absolute; width: 41.5976px; height: 16.25px;\" t\u003d\"694\"\u003e \u003cregion\u003e \u003crect b\u003d\"703\" l\u003d\"37\" r\u003d\"57\" t\u003d\"694\"\u003e\u003c/rect\u003e  \u003c/region\u003e  \u003ctext\u003e \u003cpar linespacing\u003d\"700\"\u003e \u003cline b\u003d\"701\" baseline\u003d\"701\" l\u003d\"40\" r\u003d\"52\" style\u003d\"transform: translate(6px, 0px); position: absolute;\" t\u003d\"694\"\u003e \u003cformatting lang\u003d\"EnglishUnitedStates\"\u003e NJ \u003c/formatting\u003e  \u003c/line\u003e  \u003c/par\u003e  \u003c/text\u003e  \u003c/block\u003e  \u003cblock b\u003d\"794\" blockname\u003d\"\" blocktype\u003d\"Text\" l\u003d\"32\" r\u003d\"425\" style\u003d\"transform: translate(67px, 1284px); position: absolute; width: 817.393px; height: 149.861px;\" t\u003d\"711\"\u003e \u003cregion\u003e \u003crect b\u003d\"794\" l\u003d\"32\" r\u003d\"425\" t\u003d\"711\"\u003e\u003c/rect\u003e  \u003c/region\u003e  \u003ctext\u003e \u003cpar align\u003d\"Justified\" linespacing\u003d\"600\"\u003e \u003cline b\u003d\"717\" baseline\u003d\"717\" l\u003d\"34\" r\u003d\"422\" style\u003d\"transform: translate(4px, 0px); position: absolute;\" t\u003d\"711\"\u003e \u003cformatting lang\u003d\"EnglishUnitedStates\"\u003e r \u0026gt; \u003c/formatting\u003e  \u003c/line\u003e  \u003c/par\u003e  \u003cpar align\u003d\"Justified\" leftindent\u003d\"1600\" linespacing\u003d\"900\"\u003e \u003cline b\u003d\"783\" baseline\u003d\"783\" l\u003d\"48\" r\u003d\"189\" style\u003d\"transform: translate(33px, 114px); position: absolute;\" t\u003d\"774\"\u003e \u003cformatting lang\u003d\"EnglishUnitedStates\"\u003e ATTENTION:-- \u0026mdash; \u003c/formatting\u003e  \u003c/line\u003e  \u003c/par\u003e  \u003cpar align\u003d\"Justified\" leftindent\u003d\"700\" linespacing\u003d\"800\"\u003e \u003cline b\u003d\"794\" baseline\u003d\"794\" l\u003d\"39\" r\u003d\"423\" style\u003d\"transform: translate(15px, 135px); position: absolute;\" t\u003d\"786\"\u003e \u003cformatting lang\u003d\"EnglishUnitedStates\"\u003e _^ \u003c/formatting\u003e  \u003c/line\u003e  \u003c/par\u003e  \u003c/text\u003e  \u003c/block\u003e  \u003cblock b\u003d\"711\" blockname\u003d\"\" blocktype\u003d\"Text\" l\u003d\"452\" r\u003d\"494\" style\u003d\"transform: translate(940px, 1264px); position: absolute; width: 87.355px; height: 19.8611px;\" t\u003d\"700\"\u003e \u003cregion\u003e \u003crect b\u003d\"711\" l\u003d\"452\" r\u003d\"494\" t\u003d\"700\"\u003e\u003c/rect\u003e  \u003c/region\u003e  \u003ctext\u003e \u003cpar linespacing\u003d\"900\"\u003e \u003cline b\u003d\"709\" baseline\u003d\"709\" l\u003d\"452\" r\u003d\"492\" style\u003d\"transform: translate(0px, 0px); position: absolute;\" t\u003d\"700\"\u003e \u003cformatting lang\u003d\"EnglishUnitedStates\"\u003e TOTAL \u003c/formatting\u003e  \u003c/line\u003e  \u003c/par\u003e  \u003c/text\u003e  \u003c/block\u003e  \u003cblock b\u003d\"717\" blockname\u003d\"\" blocktype\u003d\"Text\" l\u003d\"505\" r\u003d\"630\" style\u003d\"transform: translate(1050px, 1257px); position: absolute; width: 259.985px; height: 37.9167px;\" t\u003d\"696\"\u003e \u003cregion\u003e \u003crect b\u003d\"717\" l\u003d\"505\" r\u003d\"630\" t\u003d\"696\"\u003e\u003c/rect\u003e  \u003c/region\u003e  \u003ctext\u003e \u003cpar linespacing\u003d\"-1\"\u003e\u003c/par\u003e  \u003c/text\u003e  \u003c/block\u003e  \u003cblock b\u003d\"729\" blockname\u003d\"\" blocktype\u003d\"Text\" l\u003d\"524\" r\u003d\"611\" style\u003d\"transform: translate(1090px, 1302px); position: absolute; width: 180.95px; height: 14.4444px;\" t\u003d\"721\"\u003e \u003cregion\u003e \u003crect b\u003d\"729\" l\u003d\"524\" r\u003d\"611\" t\u003d\"721\"\u003e\u003c/rect\u003e  \u003c/region\u003e  \u003ctext\u003e \u003cpar linespacing\u003d\"600\"\u003e \u003cline b\u003d\"727\" baseline\u003d\"727\" l\u003d\"525\" r\u003d\"609\" style\u003d\"transform: translate(2px, 0px); position: absolute;\" t\u003d\"721\"\u003e \u003cformatting lang\u003d\"EnglishUnitedStates\"\u003e REMIT THIS AMOUNT \u003c/formatting\u003e  \u003c/line\u003e  \u003c/par\u003e  \u003c/text\u003e  \u003c/block\u003e  \u003cblock b\u003d\"781\" blockname\u003d\"\" blocktype\u003d\"Text\" l\u003d\"431\" r\u003d\"615\" style\u003d\"transform: translate(896px, 1343px); position: absolute; width: 382.698px; height: 66.8056px;\" t\u003d\"744\"\u003e \u003cregion\u003e \u003crect b\u003d\"781\" l\u003d\"431\" r\u003d\"615\" t\u003d\"744\"\u003e\u003c/rect\u003e  \u003c/region\u003e  \u003ctext\u003e \u003cpar linespacing\u003d\"1300\"\u003e \u003cline b\u003d\"753\" baseline\u003d\"751\" l\u003d\"431\" r\u003d\"613\" style\u003d\"transform: translate(0px, 0px); position: absolute;\" t\u003d\"744\"\u003e \u003cformatting lang\u003d\"EnglishUnitedStates\"\u003e This Invoice i3 cue and payable 10 day3 \u003c/formatting\u003e  \u003c/line\u003e  \u003cline b\u003d\"766\" baseline\u003d\"764\" l\u003d\"431\" r\u003d\"604\" style\u003d\"transform: translate(0px, 23px); position: absolute;\" t\u003d\"757\"\u003e \u003cformatting lang\u003d\"EnglishUnitedStates\"\u003e from above date. Please return a copy \u003c/formatting\u003e  \u003c/line\u003e  \u003cline b\u003d\"779\" baseline\u003d\"777\" l\u003d\"431\" r\u003d\"491\" style\u003d\"transform: translate(0px, 47px); position: absolute;\" t\u003d\"770\"\u003e \u003cformatting lang\u003d\"EnglishUnitedStates\"\u003e wth payment \u003c/formatting\u003e  \u003c/line\u003e  \u003c/par\u003e  \u003c/text\u003e  \u003c/block\u003e  \u003cblock b\u003d\"794\" blockname\u003d\"\" blocktype\u003d\"SeparatorsBox\" class\u003d\"hidden\" l\u003d\"32\" r\u003d\"425\" style\u003d\"transform: translate(67px, 1284px); position: absolute;\" t\u003d\"711\"\u003e \u003cregion\u003e \u003crect b\u003d\"713\" l\u003d\"35\" r\u003d\"418\" t\u003d\"711\"\u003e\u003c/rect\u003e  \u003crect b\u003d\"714\" l\u003d\"32\" r\u003d\"418\" t\u003d\"713\"\u003e\u003c/rect\u003e  \u003crect b\u003d\"790\" l\u003d\"32\" r\u003d\"425\" t\u003d\"714\"\u003e\u003c/rect\u003e  \u003crect b\u003d\"791\" l\u003d\"36\" r\u003d\"418\" t\u003d\"790\"\u003e\u003c/rect\u003e  \u003crect b\u003d\"794\" l\u003d\"36\" r\u003d\"418\" t\u003d\"791\"\u003e\u003c/rect\u003e  \u003c/region\u003e  \u003cseparatorsbox\u003e \u003cseparator thickness\u003d\"2\" type\u003d\"Black\"\u003e \u003cstart x\u003d\"35\" y\u003d\"712\"\u003e\u003c/start\u003e \u003cend x\u003d\"418\" y\u003d\"712\"\u003e\u003c/end\u003e \u003c/separator\u003e \u003cseparator thickness\u003d\"2\" type\u003d\"Black\"\u003e \u003cstart x\u003d\"36\" y\u003d\"792\"\u003e\u003c/start\u003e \u003cend x\u003d\"418\" y\u003d\"792\"\u003e\u003c/end\u003e \u003c/separator\u003e \u003cseparator thickness\u003d\"3\" type\u003d\"Black\"\u003e \u003cstart x\u003d\"34\" y\u003d\"713\"\u003e\u003c/start\u003e \u003cend x\u003d\"34\" y\u003d\"790\"\u003e\u003c/end\u003e \u003c/separator\u003e \u003cseparator thickness\u003d\"2\" type\u003d\"Black\"\u003e \u003cstart x\u003d\"423\" y\u003d\"714\"\u003e\u003c/start\u003e \u003cend x\u003d\"423\" y\u003d\"790\"\u003e\u003c/end\u003e \u003c/separator\u003e \u003c/separatorsbox\u003e \u003c/block\u003e  \u003cblock b\u003d\"4\" blockname\u003d\"\" blocktype\u003d\"Separator\" l\u003d\"19\" r\u003d\"645\" style\u003d\"transform: translate(40px, 0px); position: absolute;\" t\u003d\"0\"\u003e \u003cregion\u003e \u003crect b\u003d\"4\" l\u003d\"19\" r\u003d\"645\" t\u003d\"0\"\u003e\u003c/rect\u003e  \u003c/region\u003e  \u003cseparator thickness\u003d\"4\" type\u003d\"Black\"\u003e \u003cstart x\u003d\"19\" y\u003d\"2\"\u003e\u003c/start\u003e \u003cend x\u003d\"645\" y\u003d\"2\"\u003e\u003c/end\u003e \u003c/separator\u003e \u003c/block\u003e  \u003cblock b\u003d\"11\" blockname\u003d\"\" blocktype\u003d\"Separator\" l\u003d\"34\" r\u003d\"630\" style\u003d\"transform: translate(71px, 18px); position: absolute;\" t\u003d\"10\"\u003e \u003cregion\u003e \u003crect b\u003d\"11\" l\u003d\"34\" r\u003d\"630\" t\u003d\"10\"\u003e\u003c/rect\u003e  \u003c/region\u003e  \u003cseparator thickness\u003d\"1\" type\u003d\"Black\"\u003e \u003cstart x\u003d\"34\" y\u003d\"10\"\u003e\u003c/start\u003e \u003cend x\u003d\"630\" y\u003d\"10\"\u003e\u003c/end\u003e \u003c/separator\u003e \u003c/block\u003e  \u003cblock b\u003d\"129\" blockname\u003d\"\" blocktype\u003d\"Separator\" l\u003d\"34\" r\u003d\"628\" style\u003d\"transform: translate(71px, 231px); position: absolute;\" t\u003d\"128\"\u003e \u003cregion\u003e \u003crect b\u003d\"129\" l\u003d\"34\" r\u003d\"628\" t\u003d\"128\"\u003e\u003c/rect\u003e  \u003c/region\u003e  \u003cseparator thickness\u003d\"1\" type\u003d\"Black\"\u003e \u003cstart x\u003d\"34\" y\u003d\"128\"\u003e\u003c/start\u003e \u003cend x\u003d\"628\" y\u003d\"128\"\u003e\u003c/end\u003e \u003c/separator\u003e \u003c/block\u003e  \u003cblock b\u003d\"138\" blockname\u003d\"\" blocktype\u003d\"Separator\" l\u003d\"127\" r\u003d\"150\" style\u003d\"transform: translate(264px, 247px); position: absolute;\" t\u003d\"137\"\u003e \u003cregion\u003e \u003crect b\u003d\"138\" l\u003d\"127\" r\u003d\"150\" t\u003d\"137\"\u003e\u003c/rect\u003e  \u003c/region\u003e  \u003cseparator thickness\u003d\"1\" type\u003d\"Black\"\u003e \u003cstart x\u003d\"127\" y\u003d\"137\"\u003e\u003c/start\u003e \u003cend x\u003d\"150\" y\u003d\"137\"\u003e\u003c/end\u003e \u003c/separator\u003e \u003c/block\u003e  \u003cblock b\u003d\"138\" blockname\u003d\"\" blocktype\u003d\"Separator\" l\u003d\"506\" r\u003d\"543\" style\u003d\"transform: translate(1052px, 247px); position: absolute;\" t\u003d\"137\"\u003e \u003cregion\u003e \u003crect b\u003d\"138\" l\u003d\"506\" r\u003d\"543\" t\u003d\"137\"\u003e\u003c/rect\u003e  \u003c/region\u003e  \u003cseparator thickness\u003d\"1\" type\u003d\"Black\"\u003e \u003cstart x\u003d\"506\" y\u003d\"137\"\u003e\u003c/start\u003e \u003cend x\u003d\"543\" y\u003d\"137\"\u003e\u003c/end\u003e \u003c/separator\u003e \u003c/block\u003e  \u003cblock b\u003d\"138\" blockname\u003d\"\" blocktype\u003d\"Separator\" l\u003d\"556\" r\u003d\"576\" style\u003d\"transform: translate(1156px, 247px); position: absolute;\" t\u003d\"137\"\u003e \u003cregion\u003e \u003crect b\u003d\"138\" l\u003d\"556\" r\u003d\"576\" t\u003d\"137\"\u003e\u003c/rect\u003e  \u003c/region\u003e  \u003cseparator thickness\u003d\"1\" type\u003d\"Black\"\u003e \u003cstart x\u003d\"556\" y\u003d\"137\"\u003e\u003c/start\u003e \u003cend x\u003d\"576\" y\u003d\"137\"\u003e\u003c/end\u003e \u003c/separator\u003e \u003c/block\u003e  \u003cblock b\u003d\"145\" blockname\u003d\"\" blocktype\u003d\"Separator\" l\u003d\"126\" r\u003d\"150\" style\u003d\"transform: translate(262px, 260px); position: absolute;\" t\u003d\"144\"\u003e \u003cregion\u003e \u003crect b\u003d\"145\" l\u003d\"126\" r\u003d\"150\" t\u003d\"144\"\u003e\u003c/rect\u003e  \u003c/region\u003e  \u003cseparator thickness\u003d\"1\" type\u003d\"Black\"\u003e \u003cstart x\u003d\"126\" y\u003d\"144\"\u003e\u003c/start\u003e \u003cend x\u003d\"150\" y\u003d\"144\"\u003e\u003c/end\u003e \u003c/separator\u003e \u003c/block\u003e  \u003cblock b\u003d\"145\" blockname\u003d\"\" blocktype\u003d\"Separator\" l\u003d\"517\" r\u003d\"542\" style\u003d\"transform: translate(1075px, 260px); position: absolute;\" t\u003d\"144\"\u003e \u003cregion\u003e \u003crect b\u003d\"145\" l\u003d\"517\" r\u003d\"542\" t\u003d\"144\"\u003e\u003c/rect\u003e  \u003c/region\u003e  \u003cseparator thickness\u003d\"1\" type\u003d\"Black\"\u003e \u003cstart x\u003d\"517\" y\u003d\"144\"\u003e\u003c/start\u003e \u003cend x\u003d\"542\" y\u003d\"144\"\u003e\u003c/end\u003e \u003c/separator\u003e \u003c/block\u003e  \u003cblock b\u003d\"153\" blockname\u003d\"\" blocktype\u003d\"Separator\" l\u003d\"34\" r\u003d\"630\" style\u003d\"transform: translate(71px, 273px); position: absolute;\" t\u003d\"151\"\u003e \u003cregion\u003e \u003crect b\u003d\"153\" l\u003d\"34\" r\u003d\"630\" t\u003d\"151\"\u003e\u003c/rect\u003e  \u003c/region\u003e  \u003cseparator thickness\u003d\"2\" type\u003d\"Black\"\u003e \u003cstart x\u003d\"34\" y\u003d\"152\"\u003e\u003c/start\u003e \u003cend x\u003d\"630\" y\u003d\"152\"\u003e\u003c/end\u003e \u003c/separator\u003e \u003c/block\u003e  \u003cblock b\u003d\"174\" blockname\u003d\"\" blocktype\u003d\"Separator\" l\u003d\"34\" r\u003d\"630\" style\u003d\"transform: translate(71px, 309px); position: absolute;\" t\u003d\"171\"\u003e \u003cregion\u003e \u003crect b\u003d\"174\" l\u003d\"34\" r\u003d\"630\" t\u003d\"171\"\u003e\u003c/rect\u003e  \u003c/region\u003e  \u003cseparator thickness\u003d\"3\" type\u003d\"Black\"\u003e \u003cstart x\u003d\"34\" y\u003d\"172\"\u003e\u003c/start\u003e \u003cend x\u003d\"630\" y\u003d\"172\"\u003e\u003c/end\u003e \u003c/separator\u003e \u003c/block\u003e  \u003cblock b\u003d\"225\" blockname\u003d\"\" blocktype\u003d\"Separator\" l\u003d\"57\" r\u003d\"135\" style\u003d\"transform: translate(119px, 403px); position: absolute;\" t\u003d\"223\"\u003e \u003cregion\u003e \u003crect b\u003d\"225\" l\u003d\"57\" r\u003d\"135\" t\u003d\"223\"\u003e\u003c/rect\u003e  \u003c/region\u003e  \u003cseparator thickness\u003d\"2\" type\u003d\"Black\"\u003e \u003cstart x\u003d\"57\" y\u003d\"224\"\u003e\u003c/start\u003e \u003cend x\u003d\"135\" y\u003d\"224\"\u003e\u003c/end\u003e \u003c/separator\u003e \u003c/block\u003e  \u003cblock b\u003d\"224\" blockname\u003d\"\" blocktype\u003d\"Separator\" l\u003d\"142\" r\u003d\"236\" style\u003d\"transform: translate(295px, 403px); position: absolute;\" t\u003d\"223\"\u003e \u003cregion\u003e \u003crect b\u003d\"224\" l\u003d\"142\" r\u003d\"236\" t\u003d\"223\"\u003e\u003c/rect\u003e  \u003c/region\u003e  \u003cseparator thickness\u003d\"1\" type\u003d\"Black\"\u003e \u003cstart x\u003d\"142\" y\u003d\"223\"\u003e\u003c/start\u003e \u003cend x\u003d\"236\" y\u003d\"223\"\u003e\u003c/end\u003e \u003c/separator\u003e \u003c/block\u003e  \u003cblock b\u003d\"228\" blockname\u003d\"\" blocktype\u003d\"Separator\" l\u003d\"66\" r\u003d\"119\" style\u003d\"transform: translate(137px, 408px); position: absolute;\" t\u003d\"226\"\u003e \u003cregion\u003e \u003crect b\u003d\"228\" l\u003d\"66\" r\u003d\"119\" t\u003d\"226\"\u003e\u003c/rect\u003e  \u003c/region\u003e  \u003cseparator thickness\u003d\"2\" type\u003d\"Black\"\u003e \u003cstart x\u003d\"66\" y\u003d\"227\"\u003e\u003c/start\u003e \u003cend x\u003d\"119\" y\u003d\"227\"\u003e\u003c/end\u003e \u003c/separator\u003e \u003c/block\u003e  \u003cblock b\u003d\"238\" blockname\u003d\"\" blocktype\u003d\"Separator\" l\u003d\"54\" r\u003d\"72\" style\u003d\"transform: translate(112px, 428px); position: absolute;\" t\u003d\"237\"\u003e \u003cregion\u003e \u003crect b\u003d\"238\" l\u003d\"54\" r\u003d\"72\" t\u003d\"237\"\u003e\u003c/rect\u003e  \u003c/region\u003e  \u003cseparator thickness\u003d\"1\" type\u003d\"Black\"\u003e \u003cstart x\u003d\"54\" y\u003d\"237\"\u003e\u003c/start\u003e \u003cend x\u003d\"72\" y\u003d\"237\"\u003e\u003c/end\u003e \u003c/separator\u003e \u003c/block\u003e  \u003cblock b\u003d\"692\" blockname\u003d\"\" blocktype\u003d\"Separator\" l\u003d\"496\" r\u003d\"630\" style\u003d\"transform: translate(1032px, 1242px); position: absolute;\" t\u003d\"688\"\u003e \u003cregion\u003e \u003crect b\u003d\"692\" l\u003d\"496\" r\u003d\"630\" t\u003d\"688\"\u003e\u003c/rect\u003e  \u003c/region\u003e  \u003cseparator thickness\u003d\"4\" type\u003d\"Black\"\u003e \u003cstart x\u003d\"496\" y\u003d\"690\"\u003e\u003c/start\u003e \u003cend x\u003d\"630\" y\u003d\"690\"\u003e\u003c/end\u003e \u003c/separator\u003e \u003c/block\u003e  \u003cblock b\u003d\"691\" blockname\u003d\"\" blocktype\u003d\"Separator\" l\u003d\"33\" r\u003d\"496\" style\u003d\"transform: translate(69px, 1246px); position: absolute;\" t\u003d\"690\"\u003e \u003cregion\u003e \u003crect b\u003d\"691\" l\u003d\"33\" r\u003d\"496\" t\u003d\"690\"\u003e\u003c/rect\u003e  \u003c/region\u003e  \u003cseparator thickness\u003d\"1\" type\u003d\"Black\"\u003e \u003cstart x\u003d\"33\" y\u003d\"690\"\u003e\u003c/start\u003e \u003cend x\u003d\"496\" y\u003d\"690\"\u003e\u003c/end\u003e \u003c/separator\u003e \u003c/block\u003e  \u003cblock b\u003d\"698\" blockname\u003d\"\" blocktype\u003d\"Separator\" l\u003d\"505\" r\u003d\"630\" style\u003d\"transform: translate(1050px, 1257px); position: absolute;\" t\u003d\"696\"\u003e \u003cregion\u003e \u003crect b\u003d\"698\" l\u003d\"505\" r\u003d\"630\" t\u003d\"696\"\u003e\u003c/rect\u003e  \u003c/region\u003e  \u003cseparator thickness\u003d\"2\" type\u003d\"Black\"\u003e \u003cstart x\u003d\"505\" y\u003d\"697\"\u003e\u003c/start\u003e \u003cend x\u003d\"630\" y\u003d\"697\"\u003e\u003c/end\u003e \u003c/separator\u003e \u003c/block\u003e  \u003cblock b\u003d\"717\" blockname\u003d\"\" blocktype\u003d\"Separator\" l\u003d\"505\" r\u003d\"630\" style\u003d\"transform: translate(1050px, 1293px); position: absolute;\" t\u003d\"716\"\u003e \u003cregion\u003e \u003crect b\u003d\"717\" l\u003d\"505\" r\u003d\"630\" t\u003d\"716\"\u003e\u003c/rect\u003e  \u003c/region\u003e  \u003cseparator thickness\u003d\"1\" type\u003d\"Black\"\u003e \u003cstart x\u003d\"505\" y\u003d\"716\"\u003e\u003c/start\u003e \u003cend x\u003d\"630\" y\u003d\"716\"\u003e\u003c/end\u003e \u003c/separator\u003e \u003c/block\u003e  \u003cblock b\u003d\"722\" blockname\u003d\"\" blocktype\u003d\"Separator\" l\u003d\"93\" r\u003d\"156\" style\u003d\"transform: translate(193px, 1300px); position: absolute;\" t\u003d\"720\"\u003e \u003cregion\u003e \u003crect b\u003d\"722\" l\u003d\"93\" r\u003d\"156\" t\u003d\"720\"\u003e\u003c/rect\u003e  \u003c/region\u003e  \u003cseparator thickness\u003d\"2\" type\u003d\"Black\"\u003e \u003cstart x\u003d\"93\" y\u003d\"721\"\u003e\u003c/start\u003e \u003cend x\u003d\"156\" y\u003d\"721\"\u003e\u003c/end\u003e \u003c/separator\u003e \u003c/block\u003e  \u003cblock b\u003d\"722\" blockname\u003d\"\" blocktype\u003d\"Separator\" l\u003d\"164\" r\u003d\"206\" style\u003d\"transform: translate(341px, 1300px); position: absolute;\" t\u003d\"720\"\u003e \u003cregion\u003e \u003crect b\u003d\"722\" l\u003d\"164\" r\u003d\"206\" t\u003d\"720\"\u003e\u003c/rect\u003e  \u003c/region\u003e  \u003cseparator thickness\u003d\"2\" type\u003d\"Black\"\u003e \u003cstart x\u003d\"164\" y\u003d\"721\"\u003e\u003c/start\u003e \u003cend x\u003d\"206\" y\u003d\"721\"\u003e\u003c/end\u003e \u003c/separator\u003e \u003c/block\u003e  \u003cblock b\u003d\"736\" blockname\u003d\"\" blocktype\u003d\"Separator\" l\u003d\"43\" r\u003d\"68\" style\u003d\"transform: translate(89px, 1327px); position: absolute;\" t\u003d\"735\"\u003e \u003cregion\u003e \u003crect b\u003d\"736\" l\u003d\"43\" r\u003d\"68\" t\u003d\"735\"\u003e\u003c/rect\u003e  \u003c/region\u003e  \u003cseparator thickness\u003d\"1\" type\u003d\"Black\"\u003e \u003cstart x\u003d\"43\" y\u003d\"735\"\u003e\u003c/start\u003e \u003cend x\u003d\"68\" y\u003d\"735\"\u003e\u003c/end\u003e \u003c/separator\u003e \u003c/block\u003e  \u003cblock b\u003d\"736\" blockname\u003d\"\" blocktype\u003d\"Separator\" l\u003d\"101\" r\u003d\"130\" style\u003d\"transform: translate(210px, 1327px); position: absolute;\" t\u003d\"735\"\u003e \u003cregion\u003e \u003crect b\u003d\"736\" l\u003d\"101\" r\u003d\"130\" t\u003d\"735\"\u003e\u003c/rect\u003e  \u003c/region\u003e  \u003cseparator thickness\u003d\"1\" type\u003d\"Black\"\u003e \u003cstart x\u003d\"101\" y\u003d\"735\"\u003e\u003c/start\u003e \u003cend x\u003d\"130\" y\u003d\"735\"\u003e\u003c/end\u003e \u003c/separator\u003e \u003c/block\u003e  \u003cblock b\u003d\"736\" blockname\u003d\"\" blocktype\u003d\"Separator\" l\u003d\"156\" r\u003d\"180\" style\u003d\"transform: translate(324px, 1327px); position: absolute;\" t\u003d\"735\"\u003e \u003cregion\u003e \u003crect b\u003d\"736\" l\u003d\"156\" r\u003d\"180\" t\u003d\"735\"\u003e\u003c/rect\u003e  \u003c/region\u003e  \u003cseparator thickness\u003d\"1\" type\u003d\"Black\"\u003e \u003cstart x\u003d\"156\" y\u003d\"735\"\u003e\u003c/start\u003e \u003cend x\u003d\"180\" y\u003d\"735\"\u003e\u003c/end\u003e \u003c/separator\u003e \u003c/block\u003e  \u003cblock b\u003d\"739\" blockname\u003d\"\" blocktype\u003d\"Separator\" l\u003d\"100\" r\u003d\"134\" style\u003d\"transform: translate(208px, 1333px); position: absolute;\" t\u003d\"738\"\u003e \u003cregion\u003e \u003crect b\u003d\"739\" l\u003d\"100\" r\u003d\"134\" t\u003d\"738\"\u003e\u003c/rect\u003e  \u003c/region\u003e  \u003cseparator thickness\u003d\"1\" type\u003d\"Black\"\u003e \u003cstart x\u003d\"100\" y\u003d\"738\"\u003e\u003c/start\u003e \u003cend x\u003d\"134\" y\u003d\"738\"\u003e\u003c/end\u003e \u003c/separator\u003e \u003c/block\u003e  \u003cblock b\u003d\"742\" blockname\u003d\"\" blocktype\u003d\"Separator\" l\u003d\"121\" r\u003d\"154\" style\u003d\"transform: translate(252px, 1338px); position: absolute;\" t\u003d\"741\"\u003e \u003cregion\u003e \u003crect b\u003d\"742\" l\u003d\"121\" r\u003d\"154\" t\u003d\"741\"\u003e\u003c/rect\u003e  \u003c/region\u003e  \u003cseparator thickness\u003d\"1\" type\u003d\"Black\"\u003e \u003cstart x\u003d\"121\" y\u003d\"741\"\u003e\u003c/start\u003e \u003cend x\u003d\"154\" y\u003d\"741\"\u003e\u003c/end\u003e \u003c/separator\u003e \u003c/block\u003e  \u003cblock b\u003d\"754\" blockname\u003d\"\" blocktype\u003d\"Separator\" l\u003d\"81\" r\u003d\"104\" style\u003d\"transform: translate(168px, 1360px); position: absolute;\" t\u003d\"753\"\u003e \u003cregion\u003e \u003crect b\u003d\"754\" l\u003d\"81\" r\u003d\"104\" t\u003d\"753\"\u003e\u003c/rect\u003e  \u003c/region\u003e  \u003cseparator thickness\u003d\"1\" type\u003d\"Black\"\u003e \u003cstart x\u003d\"81\" y\u003d\"753\"\u003e\u003c/start\u003e \u003cend x\u003d\"104\" y\u003d\"753\"\u003e\u003c/end\u003e \u003c/separator\u003e \u003c/block\u003e  \u003cblock b\u003d\"757\" blockname\u003d\"\" blocktype\u003d\"Separator\" l\u003d\"89\" r\u003d\"120\" style\u003d\"transform: translate(185px, 1365px); position: absolute;\" t\u003d\"756\"\u003e \u003cregion\u003e \u003crect b\u003d\"757\" l\u003d\"89\" r\u003d\"120\" t\u003d\"756\"\u003e\u003c/rect\u003e  \u003c/region\u003e  \u003cseparator thickness\u003d\"1\" type\u003d\"Black\"\u003e \u003cstart x\u003d\"89\" y\u003d\"756\"\u003e\u003c/start\u003e \u003cend x\u003d\"120\" y\u003d\"756\"\u003e\u003c/end\u003e \u003c/separator\u003e \u003c/block\u003e  \u003cblock b\u003d\"818\" blockname\u003d\"\" blocktype\u003d\"Separator\" l\u003d\"19\" r\u003d\"645\" style\u003d\"transform: translate(40px, 1470px); position: absolute;\" t\u003d\"814\"\u003e \u003cregion\u003e \u003crect b\u003d\"818\" l\u003d\"19\" r\u003d\"645\" t\u003d\"814\"\u003e\u003c/rect\u003e  \u003c/region\u003e  \u003cseparator thickness\u003d\"4\" type\u003d\"Black\"\u003e \u003cstart x\u003d\"19\" y\u003d\"816\"\u003e\u003c/start\u003e \u003cend x\u003d\"645\" y\u003d\"816\"\u003e\u003c/end\u003e \u003c/separator\u003e \u003c/block\u003e  \u003cblock b\u003d\"691\" blockname\u003d\"\" blocktype\u003d\"Separator\" l\u003d\"34\" r\u003d\"36\" style\u003d\"transform: translate(71px, 18px); position: absolute;\" t\u003d\"10\"\u003e \u003cregion\u003e \u003crect b\u003d\"691\" l\u003d\"34\" r\u003d\"36\" t\u003d\"10\"\u003e\u003c/rect\u003e  \u003c/region\u003e  \u003cseparator thickness\u003d\"2\" type\u003d\"Black\"\u003e \u003cstart x\u003d\"35\" y\u003d\"10\"\u003e\u003c/start\u003e \u003cend x\u003d\"35\" y\u003d\"691\"\u003e\u003c/end\u003e \u003c/separator\u003e \u003c/block\u003e  \u003cblock b\u003d\"152\" blockname\u003d\"\" blocktype\u003d\"Separator\" l\u003d\"233\" r\u003d\"234\" style\u003d\"transform: translate(485px, 231px); position: absolute;\" t\u003d\"128\"\u003e \u003cregion\u003e \u003crect b\u003d\"152\" l\u003d\"233\" r\u003d\"234\" t\u003d\"128\"\u003e\u003c/rect\u003e  \u003c/region\u003e  \u003cseparator thickness\u003d\"1\" type\u003d\"Black\"\u003e \u003cstart x\u003d\"233\" y\u003d\"128\"\u003e\u003c/start\u003e \u003cend x\u003d\"233\" y\u003d\"152\"\u003e\u003c/end\u003e \u003c/separator\u003e \u003c/block\u003e  \u003cblock b\u003d\"691\" blockname\u003d\"\" blocktype\u003d\"Separator\" l\u003d\"276\" r\u003d\"277\" style\u003d\"transform: translate(574px, 273px); position: absolute;\" t\u003d\"151\"\u003e \u003cregion\u003e \u003crect b\u003d\"691\" l\u003d\"276\" r\u003d\"277\" t\u003d\"151\"\u003e\u003c/rect\u003e  \u003c/region\u003e  \u003cseparator thickness\u003d\"1\" type\u003d\"Black\"\u003e \u003cstart x\u003d\"276\" y\u003d\"151\"\u003e\u003c/start\u003e \u003cend x\u003d\"276\" y\u003d\"691\"\u003e\u003c/end\u003e \u003c/separator\u003e \u003c/block\u003e  \u003cblock b\u003d\"152\" blockname\u003d\"\" blocktype\u003d\"Separator\" l\u003d\"438\" r\u003d\"439\" style\u003d\"transform: translate(911px, 231px); position: absolute;\" t\u003d\"128\"\u003e \u003cregion\u003e \u003crect b\u003d\"152\" l\u003d\"438\" r\u003d\"439\" t\u003d\"128\"\u003e\u003c/rect\u003e  \u003c/region\u003e  \u003cseparator thickness\u003d\"1\" type\u003d\"Black\"\u003e \u003cstart x\u003d\"438\" y\u003d\"128\"\u003e\u003c/start\u003e \u003cend x\u003d\"438\" y\u003d\"152\"\u003e\u003c/end\u003e \u003c/separator\u003e \u003c/block\u003e  \u003cblock b\u003d\"688\" blockname\u003d\"\" blocktype\u003d\"Separator\" l\u003d\"504\" r\u003d\"505\" style\u003d\"transform: translate(1048px, 314px); position: absolute;\" t\u003d\"174\"\u003e \u003cregion\u003e \u003crect b\u003d\"688\" l\u003d\"504\" r\u003d\"505\" t\u003d\"174\"\u003e\u003c/rect\u003e  \u003c/region\u003e  \u003cseparator thickness\u003d\"1\" type\u003d\"Black\"\u003e \u003cstart x\u003d\"504\" y\u003d\"174\"\u003e\u003c/start\u003e \u003cend x\u003d\"504\" y\u003d\"688\"\u003e\u003c/end\u003e \u003c/separator\u003e \u003c/block\u003e  \u003cblock b\u003d\"717\" blockname\u003d\"\" blocktype\u003d\"Separator\" l\u003d\"505\" r\u003d\"506\" style\u003d\"transform: translate(1050px, 1258px); position: absolute;\" t\u003d\"697\"\u003e \u003cregion\u003e \u003crect b\u003d\"717\" l\u003d\"505\" r\u003d\"506\" t\u003d\"697\"\u003e\u003c/rect\u003e  \u003c/region\u003e  \u003cseparator thickness\u003d\"1\" type\u003d\"Black\"\u003e \u003cstart x\u003d\"505\" y\u003d\"697\"\u003e\u003c/start\u003e \u003cend x\u003d\"505\" y\u003d\"717\"\u003e\u003c/end\u003e \u003c/separator\u003e \u003c/block\u003e  \u003cblock b\u003d\"691\" blockname\u003d\"\" blocktype\u003d\"Separator\" l\u003d\"627\" r\u003d\"631\" style\u003d\"transform: translate(1304px, 18px); position: absolute;\" t\u003d\"10\"\u003e \u003cregion\u003e \u003crect b\u003d\"691\" l\u003d\"627\" r\u003d\"631\" t\u003d\"10\"\u003e\u003c/rect\u003e  \u003c/region\u003e  \u003cseparator thickness\u003d\"2\" type\u003d\"Black\"\u003e \u003cstart x\u003d\"629\" y\u003d\"10\"\u003e\u003c/start\u003e \u003cend x\u003d\"629\" y\u003d\"691\"\u003e\u003c/end\u003e \u003c/separator\u003e \u003c/block\u003e  \u003cblock b\u003d\"717\" blockname\u003d\"\" blocktype\u003d\"Separator\" l\u003d\"629\" r\u003d\"630\" style\u003d\"transform: translate(1308px, 1258px); position: absolute;\" t\u003d\"697\"\u003e \u003cregion\u003e \u003crect b\u003d\"717\" l\u003d\"629\" r\u003d\"630\" t\u003d\"697\"\u003e\u003c/rect\u003e  \u003c/region\u003e  \u003cseparator thickness\u003d\"1\" type\u003d\"Black\"\u003e \u003cstart x\u003d\"629\" y\u003d\"697\"\u003e\u003c/start\u003e \u003cend x\u003d\"629\" y\u003d\"717\"\u003e\u003c/end\u003e \u003c/separator\u003e \u003c/block\u003e  \u003c/page\u003e                   \u003c/document\u003e","tags":[{"begin":129,"end":139,"text":"08/08/2012","tag":"invoice_date","fieldType":"DATE","score":0.8277580120315168,"estimatedAccuracy":0.0}],"group":"invoice_date","limeExplanation":{},"liblinearFeatureImportance":{}}