{"finalScore":0.6476113604163357,"metaInfo":{"model":{"coreVersion":"10.3.0.39"}},"sumScore":5.180890883330686,"tagsCounter":8.0,"taggedText":"\u003chtml\u003e\u003chead\u003e\u003cscript src\u003d\"https://ajax.googleapis.com/ajax/libs/jquery/2.2.0/jquery.min.js\"\u003e\u003c/script\u003e\u003c/head\u003e\u003cbody\u003e\u003cdocument languages\u003d\"\" producer\u003d\"Workfusion\" schemalocation\u003d\"http://ocr.crowdcomputingsystems.com/xml/schema-v1.xml\" version\u003d\"1.0\" xmlns\u003d\"http://ocr.crowdcomputingsystems.com/xml/schema-v1.xml\" xsi\u003d\"http://www.w3.org/2001/XMLSchema-instance\"\u003e \u003clink href\u003d\"https://s3.amazonaws.com/workfusion-resources/ocr/ocr-xml-viewer-0.3-scale-to-width.css\" rel\u003d\"stylesheet\" type\u003d\"text/css\"\u003e\u003c/link\u003e \u003cstyle\u003e\u003c/style\u003e\u003cpage data-pages\u003d\"1\" h\u003d\"720\" resolution\u003d\"110\" style\u003d\"height: 835px;\" w\u003d\"1280\"\u003e \u003cblock b\u003d\"28\" blockname\u003d\"\" blocktype\u003d\"Text\" l\u003d\"168\" r\u003d\"373\" style\u003d\"transform: translate(101px, 13px); position: absolute; width: 123.48px; height: 20.0909px;\" t\u003d\"11\"\u003e \u003cregion\u003e \u003crect b\u003d\"28\" l\u003d\"168\" r\u003d\"373\" t\u003d\"11\"\u003e\u003c/rect\u003e  \u003c/region\u003e  \u003ctext\u003e \u003cpar leftindent\u003d\"11100\" linespacing\u003d\"660\"\u003e \u003cline b\u003d\"25\" baseline\u003d\"22\" l\u003d\"170\" r\u003d\"370\" style\u003d\"transform: translate(1px, 1px); position: absolute;\" t\u003d\"12\"\u003e \u003cformatting lang\u003d\"EnglishUnitedStates\"\u003e i Outstanding bills 1,345.00 USD \u003c/formatting\u003e  \u003c/line\u003e  \u003c/par\u003e  \u003c/text\u003e  \u003c/block\u003e  \u003cblock b\u003d\"137\" blockname\u003d\"\" blocktype\u003d\"Text\" l\u003d\"0\" r\u003d\"1280\" style\u003d\"transform: translate(0px, 47px); position: absolute; width: 771px; height: 114.636px;\" t\u003d\"40\"\u003e \u003cregion\u003e \u003crect b\u003d\"137\" l\u003d\"0\" r\u003d\"1280\" t\u003d\"40\"\u003e\u003c/rect\u003e  \u003c/region\u003e  \u003ctext\u003e \u003cpar leftindent\u003d\"21800\" linespacing\u003d\"1770\"\u003e \u003cline b\u003d\"83\" baseline\u003d\"83\" l\u003d\"333\" r\u003d\"492\" style\u003d\"transform: translate(201px, 19px); position: absolute;\" t\u003d\"56\"\u003e \u003cformatting lang\u003d\"EnglishUnitedStates\"\u003e 250.00 usd \u003c/formatting\u003e  \u003c/line\u003e  \u003c/par\u003e  \u003cpar leftindent\u003d\"11100\" linespacing\u003d\"650\"\u003e \u003cline b\u003d\"137\" baseline\u003d\"135\" l\u003d\"169\" r\u003d\"394\" style\u003d\"transform: translate(102px, 100px); position: absolute;\" t\u003d\"125\"\u003e \u003cformatting lang\u003d\"EnglishUnitedStates\"\u003e Questions or comments about this bill? \u003c/formatting\u003e  \u003c/line\u003e  \u003c/par\u003e  \u003c/text\u003e  \u003c/block\u003e  \u003cblock b\u003d\"278\" blockname\u003d\"\" blocktype\u003d\"Text\" l\u003d\"210\" r\u003d\"1047\" style\u003d\"transform: translate(126px, 241px); position: absolute; width: 504.162px; height: 87.4545px;\" t\u003d\"204\"\u003e \u003cregion\u003e \u003crect b\u003d\"278\" l\u003d\"210\" r\u003d\"1047\" t\u003d\"204\"\u003e\u003c/rect\u003e  \u003c/region\u003e  \u003ctext\u003e \u003cpar align\u003d\"Justified\" leftindent\u003d\"13900\" linespacing\u003d\"2360\"\u003e \u003cline b\u003d\"253\" baseline\u003d\"241\" l\u003d\"212\" r\u003d\"1011\" style\u003d\"transform: translate(1px, 1px); position: absolute;\" t\u003d\"205\"\u003e \u003cformatting lang\u003d\"EnglishUnitedStates\"\u003e invoice Foxglove \u003c/formatting\u003e  \u003c/line\u003e  \u003c/par\u003e  \u003cpar leftindent\u003d\"60400\" linespacing\u003d\"1700\"\u003e \u003cline b\u003d\"275\" baseline\u003d\"275\" l\u003d\"923\" r\u003d\"1045\" style\u003d\"transform: translate(429px, 53px); position: absolute;\" t\u003d\"249\"\u003e \u003cformatting lang\u003d\"EnglishUnitedStates\"\u003e studios* \u003c/formatting\u003e  \u003c/line\u003e  \u003c/par\u003e  \u003c/text\u003e  \u003c/block\u003e  \u003cregion xmlns\u003d\"http://ocr.crowdcomputingsystems.com/xml/schema-v1.xml\"\u003e \u003crect b\u003d\"693\" l\u003d\"62\" r\u003d\"1073\" t\u003d\"349\"\u003e\u003c/rect\u003e  \u003c/region\u003e \u003ctable b\u003d\"693\" blockname\u003d\"\" blocktype\u003d\"Table\" l\u003d\"62\" r\u003d\"1073\" style\u003d\"transform: translate(37px, 412px); position: absolute; user-select: auto;\" t\u003d\"349\" xmlns\u003d\"\"\u003e \u003ctbody\u003e\u003ctr\u003e \u003ctd bottomborder\u003d\"White\" h\u003d\"28\" leftborder\u003d\"White\" topborder\u003d\"White\" w\u003d\"105\"\u003e \u003ctext xmlns\u003d\"http://ocr.crowdcomputingsystems.com/xml/schema-v1.xml\"\u003e \u003cpar align\u003d\"Justified\" linespacing\u003d\"850\"\u003e \u003cline b\u003d\"371\" baseline\u003d\"364\" l\u003d\"65\" r\u003d\"136\" t\u003d\"351\"\u003e \u003cformatting lang\u003d\"EnglishUnitedStates\"\u003e r \u0026gt; j r i \u003c/formatting\u003e  \u003c/line\u003e  \u003c/par\u003e  \u003c/text\u003e  \u003c/td\u003e   \u003ctd h\u003d\"28\" rightborder\u003d\"White\" w\u003d\"167\"\u003e \u003ctext xmlns\u003d\"http://ocr.crowdcomputingsystems.com/xml/schema-v1.xml\"\u003e \u003cpar leftindent\u003d\"2700\" linespacing\u003d\"590\"\u003e \u003cline b\u003d\"363\" baseline\u003d\"363\" l\u003d\"208\" r\u003d\"223\" t\u003d\"354\"\u003e \u003cformatting lang\u003d\"EnglishUnitedStates\"\u003e To \u003c/formatting\u003e  \u003c/line\u003e  \u003c/par\u003e  \u003c/text\u003e  \u003c/td\u003e   \u003ctd h\u003d\"28\" leftborder\u003d\"White\" rightborder\u003d\"White\" w\u003d\"271\"\u003e \u003ctext xmlns\u003d\"http://ocr.crowdcomputingsystems.com/xml/schema-v1.xml\"\u003e \u003cpar leftindent\u003d\"2000\" linespacing\u003d\"590\"\u003e \u003cline b\u003d\"363\" baseline\u003d\"363\" l\u003d\"364\" r\u003d\"458\" t\u003d\"354\"\u003e \u003cformatting lang\u003d\"EnglishUnitedStates\"\u003e John Somerset \u003c/formatting\u003e  \u003c/line\u003e  \u003c/par\u003e  \u003c/text\u003e  \u003c/td\u003e   \u003ctd h\u003d\"28\" leftborder\u003d\"White\" rightborder\u003d\"White\" w\u003d\"158\"\u003e \u003ctext xmlns\u003d\"http://ocr.crowdcomputingsystems.com/xml/schema-v1.xml\"\u003e \u003cpar align\u003d\"Right\" linespacing\u003d\"590\"\u003e \u003cline b\u003d\"363\" baseline\u003d\"363\" l\u003d\"727\" r\u003d\"758\" t\u003d\"354\"\u003e \u003cformatting lang\u003d\"EnglishUnitedStates\"\u003e From \u003c/formatting\u003e  \u003c/line\u003e  \u003c/par\u003e  \u003c/text\u003e  \u003c/td\u003e   \u003ctd colspan\u003d\"2\" h\u003d\"28\" leftborder\u003d\"White\" rightborder\u003d\"White\" w\u003d\"197\"\u003e \u003ctext xmlns\u003d\"http://ocr.crowdcomputingsystems.com/xml/schema-v1.xml\"\u003e \u003cpar leftindent\u003d\"4100\" linespacing\u003d\"660\"\u003e \u003cline b\u003d\"366\" baseline\u003d\"363\" l\u003d\"826\" r\u003d\"933\" t\u003d\"353\"\u003e \u003cformatting lang\u003d\"EnglishUnitedStates\"\u003e \u003csupplier_name appendorder\u003d\"4\" class\u003d\"extraction-tag\" confidence\u003d\"1/1\" data-original-title\u003d\"Supplier name\" data-toggle\u003d\"tooltip\" data-value\u003d\"Foxglove Studios\" fold-name\u003d\"fold3\" score\u003d\"0.5850763751680662\" style\u003d\"background-color: rgb(88, 50, 166);  color: rgb(255, 255, 255);   border: 2px solid rgb(125, 157, 1); \" tagorder\u003d\"1\"\u003eFoxglove Studios\u003c/supplier_name\u003e \u003c/formatting\u003e  \u003c/line\u003e  \u003c/par\u003e  \u003c/text\u003e  \u003c/td\u003e   \u003ctd h\u003d\"28\" leftborder\u003d\"White\" rightborder\u003d\"White\" w\u003d\"113\"\u003e \u003ctext xmlns\u003d\"http://ocr.crowdcomputingsystems.com/xml/schema-v1.xml\"\u003e \u003cpar leftindent\u003d\"1600\" linespacing\u003d\"-1\"\u003e\u003c/par\u003e  \u003c/text\u003e  \u003c/td\u003e   \u003c/tr\u003e \n \u003ctr\u003e \u003ctd bottomborder\u003d\"White\" h\u003d\"35\" leftborder\u003d\"White\" topborder\u003d\"White\" w\u003d\"105\"\u003e \u003ctext xmlns\u003d\"http://ocr.crowdcomputingsystems.com/xml/schema-v1.xml\"\u003e \u003cpar linespacing\u003d\"-1\"\u003e\u003c/par\u003e  \u003c/text\u003e  \u003c/td\u003e   \u003ctd h\u003d\"35\" rightborder\u003d\"White\" w\u003d\"167\"\u003e \u003ctext xmlns\u003d\"http://ocr.crowdcomputingsystems.com/xml/schema-v1.xml\"\u003e \u003cpar leftindent\u003d\"2700\" linespacing\u003d\"590\"\u003e \u003cline b\u003d\"398\" baseline\u003d\"398\" l\u003d\"208\" r\u003d\"306\" t\u003d\"389\"\u003e \u003cformatting lang\u003d\"EnglishUnitedStates\"\u003e Invoice Number \u003c/formatting\u003e  \u003c/line\u003e  \u003c/par\u003e  \u003c/text\u003e  \u003c/td\u003e   \u003ctd h\u003d\"35\" leftborder\u003d\"White\" rightborder\u003d\"White\" w\u003d\"271\"\u003e \u003ctext xmlns\u003d\"http://ocr.crowdcomputingsystems.com/xml/schema-v1.xml\"\u003e \u003cpar leftindent\u003d\"2000\" linespacing\u003d\"660\"\u003e \u003cline b\u003d\"399\" baseline\u003d\"398\" l\u003d\"365\" r\u003d\"418\" t\u003d\"388\"\u003e \u003cformatting lang\u003d\"EnglishUnitedStates\"\u003e \u003cinvoice_number appendorder\u003d\"7\" class\u003d\"extraction-tag\" confidence\u003d\"1/1\" data-original-title\u003d\"Invoice number\" data-toggle\u003d\"tooltip\" data-value\u003d\"INV-0007\" fold-name\u003d\"fold2\" score\u003d\"0.6959079988569097\" style\u003d\"background-color: rgb(0, 83, 98);  color: rgb(255, 255, 255);   border: 2px solid rgb(125, 157, 1); \" tagorder\u003d\"2\"\u003eINV-0007\u003c/invoice_number\u003e \u003c/formatting\u003e  \u003c/line\u003e  \u003c/par\u003e  \u003c/text\u003e  \u003c/td\u003e   \u003ctd h\u003d\"35\" leftborder\u003d\"White\" rightborder\u003d\"White\" w\u003d\"158\"\u003e \u003ctext xmlns\u003d\"http://ocr.crowdcomputingsystems.com/xml/schema-v1.xml\"\u003e \u003cpar leftindent\u003d\"3900\" linespacing\u003d\"-1\"\u003e\u003c/par\u003e  \u003c/text\u003e  \u003c/td\u003e   \u003ctd bottomborder\u003d\"White\" h\u003d\"35\" leftborder\u003d\"White\" rightborder\u003d\"White\" w\u003d\"137\"\u003e \u003ctext xmlns\u003d\"http://ocr.crowdcomputingsystems.com/xml/schema-v1.xml\"\u003e \u003cpar linespacing\u003d\"-1\"\u003e\u003c/par\u003e  \u003c/text\u003e  \u003c/td\u003e   \u003ctd bottomborder\u003d\"White\" h\u003d\"35\" leftborder\u003d\"White\" rightborder\u003d\"White\" w\u003d\"60\"\u003e \u003ctext xmlns\u003d\"http://ocr.crowdcomputingsystems.com/xml/schema-v1.xml\"\u003e \u003cpar linespacing\u003d\"-1\"\u003e\u003c/par\u003e  \u003c/text\u003e  \u003c/td\u003e   \u003ctd bottomborder\u003d\"White\" h\u003d\"35\" leftborder\u003d\"White\" rightborder\u003d\"White\" w\u003d\"113\"\u003e \u003ctext xmlns\u003d\"http://ocr.crowdcomputingsystems.com/xml/schema-v1.xml\"\u003e \u003cpar leftindent\u003d\"1600\" linespacing\u003d\"-1\"\u003e\u003c/par\u003e  \u003c/text\u003e  \u003c/td\u003e   \u003c/tr\u003e \n \u003ctr\u003e \u003ctd bottomborder\u003d\"White\" h\u003d\"35\" leftborder\u003d\"White\" topborder\u003d\"White\" w\u003d\"105\"\u003e \u003ctext xmlns\u003d\"http://ocr.crowdcomputingsystems.com/xml/schema-v1.xml\"\u003e \u003cpar linespacing\u003d\"-1\"\u003e\u003c/par\u003e  \u003c/text\u003e  \u003c/td\u003e   \u003ctd h\u003d\"35\" rightborder\u003d\"White\" w\u003d\"167\"\u003e \u003ctext xmlns\u003d\"http://ocr.crowdcomputingsystems.com/xml/schema-v1.xml\"\u003e \u003cpar leftindent\u003d\"2700\" linespacing\u003d\"590\"\u003e \u003cline b\u003d\"433\" baseline\u003d\"433\" l\u003d\"208\" r\u003d\"249\" t\u003d\"424\"\u003e \u003cformatting lang\u003d\"EnglishUnitedStates\"\u003e Issued \u003c/formatting\u003e  \u003c/line\u003e  \u003c/par\u003e  \u003c/text\u003e  \u003c/td\u003e   \u003ctd h\u003d\"35\" leftborder\u003d\"White\" rightborder\u003d\"White\" w\u003d\"271\"\u003e \u003ctext xmlns\u003d\"http://ocr.crowdcomputingsystems.com/xml/schema-v1.xml\"\u003e \u003cpar leftindent\u003d\"2000\" linespacing\u003d\"660\"\u003e \u003cline b\u003d\"435\" baseline\u003d\"433\" l\u003d\"365\" r\u003d\"454\" t\u003d\"423\"\u003e \u003cformatting lang\u003d\"EnglishUnitedStates\"\u003e \u003cinvoice_date appendorder\u003d\"10\" class\u003d\"extraction-tag\" confidence\u003d\"1/1\" data-original-title\u003d\"Invoice date\" data-toggle\u003d\"tooltip\" data-value\u003d\"March 31,2014\" fold-name\u003d\"fold5\" score\u003d\"0.639305952373783\" style\u003d\"background-color: rgb(17, 18, 43);  color: rgb(255, 255, 255);   border: 2px solid rgb(125, 157, 1); \" tagorder\u003d\"3\"\u003eMarch 31,2014\u003c/invoice_date\u003e \u003c/formatting\u003e  \u003c/line\u003e  \u003c/par\u003e  \u003c/text\u003e  \u003c/td\u003e   \u003ctd h\u003d\"35\" leftborder\u003d\"White\" rightborder\u003d\"White\" w\u003d\"158\"\u003e \u003ctext xmlns\u003d\"http://ocr.crowdcomputingsystems.com/xml/schema-v1.xml\"\u003e \u003cpar leftindent\u003d\"3900\" linespacing\u003d\"-1\"\u003e\u003c/par\u003e  \u003c/text\u003e  \u003c/td\u003e   \u003ctd bottomborder\u003d\"White\" h\u003d\"35\" leftborder\u003d\"White\" rightborder\u003d\"White\" topborder\u003d\"White\" w\u003d\"137\"\u003e \u003ctext xmlns\u003d\"http://ocr.crowdcomputingsystems.com/xml/schema-v1.xml\"\u003e \u003cpar linespacing\u003d\"-1\"\u003e\u003c/par\u003e  \u003c/text\u003e  \u003c/td\u003e   \u003ctd bottomborder\u003d\"White\" h\u003d\"35\" leftborder\u003d\"White\" rightborder\u003d\"White\" topborder\u003d\"White\" w\u003d\"60\"\u003e \u003ctext xmlns\u003d\"http://ocr.crowdcomputingsystems.com/xml/schema-v1.xml\"\u003e \u003cpar linespacing\u003d\"-1\"\u003e\u003c/par\u003e  \u003c/text\u003e  \u003c/td\u003e   \u003ctd bottomborder\u003d\"White\" h\u003d\"35\" leftborder\u003d\"White\" rightborder\u003d\"White\" topborder\u003d\"White\" w\u003d\"113\"\u003e \u003ctext xmlns\u003d\"http://ocr.crowdcomputingsystems.com/xml/schema-v1.xml\"\u003e \u003cpar leftindent\u003d\"1600\" linespacing\u003d\"-1\"\u003e\u003c/par\u003e  \u003c/text\u003e  \u003c/td\u003e   \u003c/tr\u003e \n \u003ctr\u003e \u003ctd bottomborder\u003d\"White\" h\u003d\"35\" leftborder\u003d\"White\" topborder\u003d\"White\" w\u003d\"105\"\u003e \u003ctext xmlns\u003d\"http://ocr.crowdcomputingsystems.com/xml/schema-v1.xml\"\u003e \u003cpar align\u003d\"Justified\" linespacing\u003d\"850\"\u003e \u003cline b\u003d\"465\" baseline\u003d\"465\" l\u003d\"63\" r\u003d\"136\" t\u003d\"452\"\u003e \u003cformatting lang\u003d\"EnglishUnitedStates\"\u003e f i* i \u003c/formatting\u003e  \u003c/line\u003e  \u003c/par\u003e  \u003c/text\u003e  \u003c/td\u003e   \u003ctd h\u003d\"35\" rightborder\u003d\"White\" w\u003d\"167\"\u003e \u003ctext xmlns\u003d\"http://ocr.crowdcomputingsystems.com/xml/schema-v1.xml\"\u003e \u003cpar leftindent\u003d\"2700\" linespacing\u003d\"590\"\u003e \u003cline b\u003d\"468\" baseline\u003d\"468\" l\u003d\"209\" r\u003d\"232\" t\u003d\"459\"\u003e \u003cformatting lang\u003d\"EnglishUnitedStates\"\u003e Due \u003c/formatting\u003e  \u003c/line\u003e  \u003c/par\u003e  \u003c/text\u003e  \u003c/td\u003e   \u003ctd h\u003d\"35\" leftborder\u003d\"White\" rightborder\u003d\"White\" w\u003d\"271\"\u003e \u003ctext xmlns\u003d\"http://ocr.crowdcomputingsystems.com/xml/schema-v1.xml\"\u003e \u003cpar leftindent\u003d\"2000\" linespacing\u003d\"660\"\u003e \u003cline b\u003d\"471\" baseline\u003d\"468\" l\u003d\"364\" r\u003d\"544\" t\u003d\"458\"\u003e \u003cformatting lang\u003d\"EnglishUnitedStates\"\u003e April 20, 2014 18 days till due \u003c/formatting\u003e  \u003c/line\u003e  \u003c/par\u003e  \u003c/text\u003e  \u003c/td\u003e   \u003ctd h\u003d\"35\" leftborder\u003d\"White\" rightborder\u003d\"White\" w\u003d\"158\"\u003e \u003ctext xmlns\u003d\"http://ocr.crowdcomputingsystems.com/xml/schema-v1.xml\"\u003e \u003cpar leftindent\u003d\"3900\" linespacing\u003d\"-1\"\u003e\u003c/par\u003e  \u003c/text\u003e  \u003c/td\u003e   \u003ctd bottomborder\u003d\"White\" h\u003d\"35\" leftborder\u003d\"White\" rightborder\u003d\"White\" topborder\u003d\"White\" w\u003d\"137\"\u003e \u003ctext xmlns\u003d\"http://ocr.crowdcomputingsystems.com/xml/schema-v1.xml\"\u003e \u003cpar linespacing\u003d\"-1\"\u003e\u003c/par\u003e  \u003c/text\u003e  \u003c/td\u003e   \u003ctd bottomborder\u003d\"White\" h\u003d\"35\" leftborder\u003d\"White\" rightborder\u003d\"White\" topborder\u003d\"White\" w\u003d\"60\"\u003e \u003ctext xmlns\u003d\"http://ocr.crowdcomputingsystems.com/xml/schema-v1.xml\"\u003e \u003cpar linespacing\u003d\"-1\"\u003e\u003c/par\u003e  \u003c/text\u003e  \u003c/td\u003e   \u003ctd bottomborder\u003d\"White\" h\u003d\"35\" leftborder\u003d\"White\" rightborder\u003d\"White\" topborder\u003d\"White\" w\u003d\"113\"\u003e \u003ctext xmlns\u003d\"http://ocr.crowdcomputingsystems.com/xml/schema-v1.xml\"\u003e \u003cpar leftindent\u003d\"1600\" linespacing\u003d\"-1\"\u003e\u003c/par\u003e  \u003c/text\u003e  \u003c/td\u003e   \u003c/tr\u003e \n \u003ctr\u003e \u003ctd bottomborder\u003d\"White\" h\u003d\"67\" leftborder\u003d\"White\" topborder\u003d\"White\" w\u003d\"105\"\u003e \u003ctext xmlns\u003d\"http://ocr.crowdcomputingsystems.com/xml/schema-v1.xml\"\u003e \u003cpar linespacing\u003d\"-1\"\u003e\u003c/par\u003e  \u003c/text\u003e  \u003c/td\u003e   \u003ctd h\u003d\"67\" rightborder\u003d\"White\" w\u003d\"167\"\u003e \u003ctext xmlns\u003d\"http://ocr.crowdcomputingsystems.com/xml/schema-v1.xml\"\u003e \u003cpar leftindent\u003d\"2700\" linespacing\u003d\"590\"\u003e \u003cline b\u003d\"541\" baseline\u003d\"538\" l\u003d\"207\" r\u003d\"277\" t\u003d\"529\"\u003e \u003cformatting lang\u003d\"EnglishUnitedStates\"\u003e Description \u003c/formatting\u003e  \u003c/line\u003e  \u003c/par\u003e  \u003c/text\u003e  \u003c/td\u003e   \u003ctd h\u003d\"67\" leftborder\u003d\"White\" rightborder\u003d\"White\" w\u003d\"271\"\u003e \u003ctext xmlns\u003d\"http://ocr.crowdcomputingsystems.com/xml/schema-v1.xml\"\u003e \u003cpar leftindent\u003d\"2000\" linespacing\u003d\"-1\"\u003e\u003c/par\u003e  \u003c/text\u003e  \u003c/td\u003e   \u003ctd h\u003d\"67\" leftborder\u003d\"White\" rightborder\u003d\"White\" w\u003d\"158\"\u003e \u003ctext xmlns\u003d\"http://ocr.crowdcomputingsystems.com/xml/schema-v1.xml\"\u003e \u003cpar align\u003d\"Right\" linespacing\u003d\"590\" rightindent\u003d\"3000\"\u003e \u003cline b\u003d\"541\" baseline\u003d\"538\" l\u003d\"664\" r\u003d\"717\" t\u003d\"529\"\u003e \u003cformatting lang\u003d\"EnglishUnitedStates\"\u003e Quantity \u003c/formatting\u003e  \u003c/line\u003e  \u003c/par\u003e  \u003c/text\u003e  \u003c/td\u003e   \u003ctd h\u003d\"67\" leftborder\u003d\"White\" rightborder\u003d\"White\" topborder\u003d\"White\" w\u003d\"137\"\u003e \u003ctext xmlns\u003d\"http://ocr.crowdcomputingsystems.com/xml/schema-v1.xml\"\u003e \u003cpar align\u003d\"Right\" linespacing\u003d\"590\" rightindent\u003d\"3500\"\u003e \u003cline b\u003d\"539\" baseline\u003d\"538\" l\u003d\"787\" r\u003d\"847\" t\u003d\"529\"\u003e \u003cformatting lang\u003d\"EnglishUnitedStates\"\u003e Unit Price \u003c/formatting\u003e  \u003c/line\u003e  \u003c/par\u003e  \u003c/text\u003e  \u003c/td\u003e   \u003ctd h\u003d\"67\" leftborder\u003d\"White\" rightborder\u003d\"White\" topborder\u003d\"White\" w\u003d\"60\"\u003e \u003ctext xmlns\u003d\"http://ocr.crowdcomputingsystems.com/xml/schema-v1.xml\"\u003e \u003cpar leftindent\u003d\"900\" linespacing\u003d\"590\"\u003e \u003cline b\u003d\"538\" baseline\u003d\"538\" l\u003d\"913\" r\u003d\"934\" t\u003d\"529\"\u003e \u003cformatting lang\u003d\"EnglishUnitedStates\"\u003e Tax \u003c/formatting\u003e  \u003c/line\u003e  \u003c/par\u003e  \u003c/text\u003e  \u003c/td\u003e   \u003ctd h\u003d\"67\" leftborder\u003d\"White\" rightborder\u003d\"White\" topborder\u003d\"White\" w\u003d\"113\"\u003e \u003ctext xmlns\u003d\"http://ocr.crowdcomputingsystems.com/xml/schema-v1.xml\"\u003e \u003cpar align\u003d\"Right\" linespacing\u003d\"660\"\u003e \u003cline b\u003d\"538\" baseline\u003d\"538\" l\u003d\"984\" r\u003d\"1064\" t\u003d\"528\"\u003e \u003cformatting lang\u003d\"EnglishUnitedStates\"\u003e Amount USD \u003c/formatting\u003e  \u003c/line\u003e  \u003c/par\u003e  \u003c/text\u003e  \u003c/td\u003e   \u003c/tr\u003e \n \u003ctr\u003e \u003ctd bottomborder\u003d\"White\" h\u003d\"29\" leftborder\u003d\"White\" topborder\u003d\"White\" w\u003d\"105\"\u003e \u003ctext xmlns\u003d\"http://ocr.crowdcomputingsystems.com/xml/schema-v1.xml\"\u003e \u003cpar align\u003d\"Justified\" linespacing\u003d\"330\"\u003e \u003cline b\u003d\"564\" baseline\u003d\"564\" l\u003d\"65\" r\u003d\"71\" t\u003d\"559\"\u003e \u003cformatting lang\u003d\"EnglishUnitedStates\"\u003e r \u003c/formatting\u003e  \u003c/line\u003e  \u003c/par\u003e  \u003c/text\u003e  \u003c/td\u003e   \u003ctd h\u003d\"29\" rightborder\u003d\"White\" w\u003d\"167\"\u003e \u003ctext xmlns\u003d\"http://ocr.crowdcomputingsystems.com/xml/schema-v1.xml\"\u003e \u003cpar leftindent\u003d\"2700\" linespacing\u003d\"660\"\u003e \u003cline b\u003d\"570\" baseline\u003d\"567\" l\u003d\"207\" r\u003d\"297\" t\u003d\"557\"\u003e\u003cproduct appendorder\u003d\"5\" class\u003d\"extraction-tag\" confidence\u003d\"1/1\" data-original-title\u003d\"construction_type\" data-toggle\u003d\"tooltip\" data-value\u003d\"Design services\" fold-name\u003d\"fold3\" injection\u003d\"true\" referencedatausedininjection\u003d\"manual\" score\u003d\"0.5893921501231709\" style\u003d\"background-color: rgb(78, 135, 105);  color: rgb(0, 0, 0);   border: 2px solid rgb(125, 157, 1); \" tagorder\u003d\"4082795\"\u003eDesign services\u003c/product\u003e\u003c/line\u003e  \u003c/par\u003e  \u003c/text\u003e  \u003c/td\u003e   \u003ctd h\u003d\"29\" leftborder\u003d\"White\" rightborder\u003d\"White\" w\u003d\"271\"\u003e \u003ctext xmlns\u003d\"http://ocr.crowdcomputingsystems.com/xml/schema-v1.xml\"\u003e \u003cpar leftindent\u003d\"2000\" linespacing\u003d\"-1\"\u003e\u003c/par\u003e  \u003c/text\u003e  \u003c/td\u003e   \u003ctd h\u003d\"29\" leftborder\u003d\"White\" rightborder\u003d\"White\" w\u003d\"158\"\u003e \u003ctext xmlns\u003d\"http://ocr.crowdcomputingsystems.com/xml/schema-v1.xml\"\u003e \u003cpar align\u003d\"Right\" linespacing\u003d\"660\" rightindent\u003d\"3000\"\u003e \u003cline b\u003d\"567\" baseline\u003d\"567\" l\u003d\"692\" r\u003d\"716\" t\u003d\"557\"\u003e\u003cquantity appendorder\u003d\"5\" class\u003d\"extraction-tag\" confidence\u003d\"1/1\" data-original-title\u003d\"construction_type\" data-toggle\u003d\"tooltip\" data-value\u003d\"1.00\" fold-name\u003d\"fold2\" injection\u003d\"true\" referencedatausedininjection\u003d\"manual\" score\u003d\"0.7466021480190619\" style\u003d\"background-color: rgb(11, 47, 140);  color: rgb(255, 255, 255);   border: 2px solid rgb(125, 157, 1); \" tagorder\u003d\"1353851\"\u003e1.00\u003c/quantity\u003e\u003c/line\u003e  \u003c/par\u003e  \u003c/text\u003e  \u003c/td\u003e   \u003ctd h\u003d\"29\" leftborder\u003d\"White\" rightborder\u003d\"White\" w\u003d\"137\"\u003e \u003ctext xmlns\u003d\"http://ocr.crowdcomputingsystems.com/xml/schema-v1.xml\"\u003e \u003cpar align\u003d\"Right\" linespacing\u003d\"660\" rightindent\u003d\"3500\"\u003e \u003cline b\u003d\"567\" baseline\u003d\"567\" l\u003d\"806\" r\u003d\"846\" t\u003d\"557\"\u003e\u003cprice appendorder\u003d\"5\" class\u003d\"extraction-tag\" confidence\u003d\"1/1\" data-original-title\u003d\"construction_type\" data-toggle\u003d\"tooltip\" data-value\u003d\"227.27\" fold-name\u003d\"fold1\" injection\u003d\"true\" referencedatausedininjection\u003d\"manual\" score\u003d\"0.7970895021726816\" style\u003d\"background-color: rgb(140, 250, 187);  color: rgb(0, 0, 0);   border: 2px solid rgb(125, 157, 1); \" tagorder\u003d\"1025636\"\u003e227.27\u003c/price\u003e\u003c/line\u003e  \u003c/par\u003e  \u003c/text\u003e  \u003c/td\u003e   \u003ctd h\u003d\"29\" leftborder\u003d\"White\" rightborder\u003d\"White\" w\u003d\"60\"\u003e \u003ctext xmlns\u003d\"http://ocr.crowdcomputingsystems.com/xml/schema-v1.xml\"\u003e \u003cpar linespacing\u003d\"660\"\u003e \u003cline b\u003d\"567\" baseline\u003d\"567\" l\u003d\"908\" r\u003d\"933\" t\u003d\"557\"\u003e \u003cformatting lang\u003d\"EnglishUnitedStates\"\u003e \u003cquantity class\u003d\"extraction-tag\" data-value\u003d\"10\" fold-name\u003d\"fold2\" ml-tagorder\u003d\"4082801\" score\u003d\"0.5272513971257923\" tagorder\u003d\"4082801\"\u003e10\u003c/quantity\u003e% \u003c/formatting\u003e  \u003c/line\u003e  \u003c/par\u003e  \u003c/text\u003e  \u003c/td\u003e   \u003ctd h\u003d\"29\" leftborder\u003d\"White\" rightborder\u003d\"White\" w\u003d\"113\"\u003e \u003ctext xmlns\u003d\"http://ocr.crowdcomputingsystems.com/xml/schema-v1.xml\"\u003e \u003cpar align\u003d\"Right\" linespacing\u003d\"590\"\u003e \u003cline b\u003d\"567\" baseline\u003d\"567\" l\u003d\"1023\" r\u003d\"1063\" t\u003d\"558\"\u003e \u003cformatting lang\u003d\"EnglishUnitedStates\"\u003e 227.27 \u003c/formatting\u003e  \u003c/line\u003e  \u003c/par\u003e  \u003c/text\u003e  \u003c/td\u003e   \u003c/tr\u003e \n \u003ctr\u003e \u003ctd bottomborder\u003d\"White\" h\u003d\"35\" leftborder\u003d\"White\" topborder\u003d\"White\" w\u003d\"105\"\u003e \u003ctext xmlns\u003d\"http://ocr.crowdcomputingsystems.com/xml/schema-v1.xml\"\u003e \u003cpar linespacing\u003d\"-1\"\u003e\u003c/par\u003e  \u003c/text\u003e  \u003c/td\u003e   \u003ctd bottomborder\u003d\"White\" h\u003d\"35\" rightborder\u003d\"White\" w\u003d\"167\"\u003e \u003ctext xmlns\u003d\"http://ocr.crowdcomputingsystems.com/xml/schema-v1.xml\"\u003e \u003cpar leftindent\u003d\"2700\" linespacing\u003d\"-1\"\u003e\u003c/par\u003e  \u003c/text\u003e  \u003c/td\u003e   \u003ctd bottomborder\u003d\"White\" h\u003d\"35\" leftborder\u003d\"White\" rightborder\u003d\"White\" w\u003d\"271\"\u003e \u003ctext xmlns\u003d\"http://ocr.crowdcomputingsystems.com/xml/schema-v1.xml\"\u003e \u003cpar leftindent\u003d\"2000\" linespacing\u003d\"-1\"\u003e\u003c/par\u003e  \u003c/text\u003e  \u003c/td\u003e   \u003ctd h\u003d\"35\" leftborder\u003d\"White\" rightborder\u003d\"White\" w\u003d\"158\"\u003e \u003ctext xmlns\u003d\"http://ocr.crowdcomputingsystems.com/xml/schema-v1.xml\"\u003e \u003cpar leftindent\u003d\"3900\" linespacing\u003d\"-1\"\u003e\u003c/par\u003e  \u003c/text\u003e  \u003c/td\u003e   \u003ctd h\u003d\"35\" leftborder\u003d\"White\" rightborder\u003d\"White\" w\u003d\"137\"\u003e \u003ctext xmlns\u003d\"http://ocr.crowdcomputingsystems.com/xml/schema-v1.xml\"\u003e \u003cpar align\u003d\"Right\" linespacing\u003d\"660\" rightindent\u003d\"800\"\u003e \u003cline b\u003d\"601\" baseline\u003d\"600\" l\u003d\"842\" r\u003d\"888\" t\u003d\"590\"\u003e \u003cformatting lang\u003d\"EnglishUnitedStates\"\u003e Subtotal \u003c/formatting\u003e  \u003c/line\u003e  \u003c/par\u003e  \u003c/text\u003e  \u003c/td\u003e   \u003ctd h\u003d\"35\" leftborder\u003d\"White\" rightborder\u003d\"White\" w\u003d\"60\"\u003e \u003ctext xmlns\u003d\"http://ocr.crowdcomputingsystems.com/xml/schema-v1.xml\"\u003e \u003cpar linespacing\u003d\"-1\"\u003e\u003c/par\u003e  \u003c/text\u003e  \u003c/td\u003e   \u003ctd h\u003d\"35\" leftborder\u003d\"White\" rightborder\u003d\"White\" w\u003d\"113\"\u003e \u003ctext xmlns\u003d\"http://ocr.crowdcomputingsystems.com/xml/schema-v1.xml\"\u003e \u003cpar align\u003d\"Right\" linespacing\u003d\"660\"\u003e \u003cline b\u003d\"600\" baseline\u003d\"600\" l\u003d\"1023\" r\u003d\"1063\" t\u003d\"590\"\u003e \u003cformatting lang\u003d\"EnglishUnitedStates\"\u003e 227.27 \u003c/formatting\u003e  \u003c/line\u003e  \u003c/par\u003e  \u003c/text\u003e  \u003c/td\u003e   \u003c/tr\u003e \n \u003ctr\u003e \u003ctd bottomborder\u003d\"White\" h\u003d\"33\" leftborder\u003d\"White\" topborder\u003d\"White\" w\u003d\"105\"\u003e \u003ctext xmlns\u003d\"http://ocr.crowdcomputingsystems.com/xml/schema-v1.xml\"\u003e \u003cpar linespacing\u003d\"-1\"\u003e\u003c/par\u003e  \u003c/text\u003e  \u003c/td\u003e   \u003ctd bottomborder\u003d\"White\" h\u003d\"33\" rightborder\u003d\"White\" topborder\u003d\"White\" w\u003d\"167\"\u003e \u003ctext xmlns\u003d\"http://ocr.crowdcomputingsystems.com/xml/schema-v1.xml\"\u003e \u003cpar leftindent\u003d\"2700\" linespacing\u003d\"-1\"\u003e\u003c/par\u003e  \u003c/text\u003e  \u003c/td\u003e   \u003ctd bottomborder\u003d\"White\" h\u003d\"33\" leftborder\u003d\"White\" rightborder\u003d\"White\" topborder\u003d\"White\" w\u003d\"271\"\u003e \u003ctext xmlns\u003d\"http://ocr.crowdcomputingsystems.com/xml/schema-v1.xml\"\u003e \u003cpar leftindent\u003d\"2000\" linespacing\u003d\"-1\"\u003e\u003c/par\u003e  \u003c/text\u003e  \u003c/td\u003e   \u003ctd h\u003d\"33\" leftborder\u003d\"White\" rightborder\u003d\"White\" w\u003d\"158\"\u003e \u003ctext xmlns\u003d\"http://ocr.crowdcomputingsystems.com/xml/schema-v1.xml\"\u003e \u003cpar leftindent\u003d\"3900\" linespacing\u003d\"-1\"\u003e\u003c/par\u003e  \u003c/text\u003e  \u003c/td\u003e   \u003ctd h\u003d\"33\" leftborder\u003d\"White\" rightborder\u003d\"White\" w\u003d\"137\"\u003e \u003ctext xmlns\u003d\"http://ocr.crowdcomputingsystems.com/xml/schema-v1.xml\"\u003e \u003cpar align\u003d\"Right\" linespacing\u003d\"660\" rightindent\u003d\"800\"\u003e \u003cline b\u003d\"634\" baseline\u003d\"633\" l\u003d\"768\" r\u003d\"889\" t\u003d\"623\"\u003e \u003cformatting lang\u003d\"EnglishUnitedStates\"\u003e Total Sales Tax 10% \u003c/formatting\u003e  \u003c/line\u003e  \u003c/par\u003e  \u003c/text\u003e  \u003c/td\u003e   \u003ctd h\u003d\"33\" leftborder\u003d\"White\" rightborder\u003d\"White\" w\u003d\"60\"\u003e \u003ctext xmlns\u003d\"http://ocr.crowdcomputingsystems.com/xml/schema-v1.xml\"\u003e \u003cpar linespacing\u003d\"-1\"\u003e\u003c/par\u003e  \u003c/text\u003e  \u003c/td\u003e   \u003ctd h\u003d\"33\" leftborder\u003d\"White\" rightborder\u003d\"White\" w\u003d\"113\"\u003e \u003ctext xmlns\u003d\"http://ocr.crowdcomputingsystems.com/xml/schema-v1.xml\"\u003e \u003cpar align\u003d\"Right\" linespacing\u003d\"660\"\u003e \u003cline b\u003d\"633\" baseline\u003d\"633\" l\u003d\"1031\" r\u003d\"1063\" t\u003d\"623\"\u003e \u003cformatting lang\u003d\"EnglishUnitedStates\"\u003e 22.73 \u003c/formatting\u003e  \u003c/line\u003e  \u003c/par\u003e  \u003c/text\u003e  \u003c/td\u003e   \u003c/tr\u003e \n \u003ctr\u003e \u003ctd bottomborder\u003d\"White\" h\u003d\"47\" leftborder\u003d\"White\" topborder\u003d\"White\" w\u003d\"105\"\u003e \u003ctext xmlns\u003d\"http://ocr.crowdcomputingsystems.com/xml/schema-v1.xml\"\u003e \u003cpar align\u003d\"Justified\" linespacing\u003d\"330\"\u003e \u003cline b\u003d\"661\" baseline\u003d\"664\" l\u003d\"64\" r\u003d\"66\" t\u003d\"659\"\u003e \u003cformatting lang\u003d\"EnglishUnitedStates\"\u003e \u0026bull; \u003c/formatting\u003e  \u003c/line\u003e  \u003c/par\u003e  \u003c/text\u003e  \u003c/td\u003e   \u003ctd bottomborder\u003d\"White\" h\u003d\"47\" rightborder\u003d\"White\" topborder\u003d\"White\" w\u003d\"167\"\u003e \u003ctext xmlns\u003d\"http://ocr.crowdcomputingsystems.com/xml/schema-v1.xml\"\u003e \u003cpar leftindent\u003d\"2700\" linespacing\u003d\"-1\"\u003e\u003c/par\u003e  \u003c/text\u003e  \u003c/td\u003e   \u003ctd bottomborder\u003d\"White\" h\u003d\"47\" leftborder\u003d\"White\" rightborder\u003d\"White\" topborder\u003d\"White\" w\u003d\"271\"\u003e \u003ctext xmlns\u003d\"http://ocr.crowdcomputingsystems.com/xml/schema-v1.xml\"\u003e \u003cpar leftindent\u003d\"2000\" linespacing\u003d\"-1\"\u003e\u003c/par\u003e  \u003c/text\u003e  \u003c/td\u003e   \u003ctd h\u003d\"47\" leftborder\u003d\"White\" rightborder\u003d\"White\" w\u003d\"158\"\u003e \u003ctext xmlns\u003d\"http://ocr.crowdcomputingsystems.com/xml/schema-v1.xml\"\u003e \u003cpar leftindent\u003d\"3900\" linespacing\u003d\"-1\"\u003e\u003c/par\u003e  \u003c/text\u003e  \u003c/td\u003e   \u003ctd h\u003d\"47\" leftborder\u003d\"White\" rightborder\u003d\"White\" w\u003d\"137\"\u003e \u003ctext xmlns\u003d\"http://ocr.crowdcomputingsystems.com/xml/schema-v1.xml\"\u003e \u003cpar align\u003d\"Right\" linespacing\u003d\"720\" rightindent\u003d\"800\"\u003e \u003cline b\u003d\"674\" baseline\u003d\"673\" l\u003d\"772\" r\u003d\"888\" t\u003d\"662\"\u003e \u003cformatting lang\u003d\"EnglishUnitedStates\"\u003e Amount Due USD \u003c/formatting\u003e  \u003c/line\u003e  \u003c/par\u003e  \u003c/text\u003e  \u003c/td\u003e   \u003ctd h\u003d\"47\" leftborder\u003d\"White\" rightborder\u003d\"White\" w\u003d\"60\"\u003e \u003ctext xmlns\u003d\"http://ocr.crowdcomputingsystems.com/xml/schema-v1.xml\"\u003e \u003cpar linespacing\u003d\"-1\"\u003e\u003c/par\u003e  \u003c/text\u003e  \u003c/td\u003e   \u003ctd h\u003d\"47\" leftborder\u003d\"White\" rightborder\u003d\"White\" w\u003d\"113\"\u003e \u003ctext xmlns\u003d\"http://ocr.crowdcomputingsystems.com/xml/schema-v1.xml\"\u003e \u003cpar leftindent\u003d\"2000\" linespacing\u003d\"1180\"\u003e \u003cline b\u003d\"677\" baseline\u003d\"677\" l\u003d\"990\" r\u003d\"1062\" t\u003d\"659\"\u003e \u003cformatting lang\u003d\"EnglishUnitedStates\"\u003e \u003ctotal_amount appendorder\u003d\"11\" class\u003d\"extraction-tag\" confidence\u003d\"1/1\" data-original-title\u003d\"Total amount\" data-toggle\u003d\"tooltip\" data-value\u003d\"250.00\" fold-name\u003d\"fold3\" score\u003d\"0.6002653594912192\" style\u003d\"background-color: rgb(27, 182, 226);  color: rgb(0, 0, 0);   border: 2px solid rgb(125, 157, 1); \" tagorder\u003d\"4\"\u003e250.00\u003c/total_amount\u003e \u003c/formatting\u003e  \u003c/line\u003e  \u003c/par\u003e  \u003c/text\u003e  \u003c/td\u003e   \u003c/tr\u003e \n \u003c/tbody\u003e\u003c/table\u003e\n \u003cblock b\u003d\"707\" blockname\u003d\"\" blocktype\u003d\"Text\" l\u003d\"199\" r\u003d\"333\" style\u003d\"transform: translate(120px, 820px); position: absolute; width: 80.7141px; height: 15.3636px;\" t\u003d\"694\"\u003e \u003cregion\u003e \u003crect b\u003d\"707\" l\u003d\"199\" r\u003d\"333\" t\u003d\"694\"\u003e\u003c/rect\u003e  \u003c/region\u003e  \u003ctext\u003e \u003cpar linespacing\u003d\"590\"\u003e \u003cline b\u003d\"704\" baseline\u003d\"704\" l\u003d\"200\" r\u003d\"330\" style\u003d\"transform: translate(1px, 1px); position: absolute;\" t\u003d\"695\"\u003e \u003cformatting lang\u003d\"EnglishUnitedStates\"\u003e Attached Documents \u003c/formatting\u003e  \u003c/line\u003e  \u003c/par\u003e  \u003c/text\u003e  \u003c/block\u003e  \u003cblock b\u003d\"57\" blockname\u003d\"\" blocktype\u003d\"Separator\" l\u003d\"811\" r\u003d\"861\" style\u003d\"transform: translate(489px, 65px); position: absolute;\" t\u003d\"55\"\u003e \u003cregion\u003e \u003crect b\u003d\"57\" l\u003d\"811\" r\u003d\"861\" t\u003d\"55\"\u003e\u003c/rect\u003e  \u003c/region\u003e  \u003cseparator thickness\u003d\"2\" type\u003d\"Black\"\u003e \u003cstart x\u003d\"811\" y\u003d\"56\"\u003e\u003c/start\u003e \u003cend x\u003d\"861\" y\u003d\"56\"\u003e\u003c/end\u003e \u003c/separator\u003e \u003c/block\u003e  \u003cblock b\u003d\"56\" blockname\u003d\"\" blocktype\u003d\"Separator\" l\u003d\"878\" r\u003d\"988\" style\u003d\"transform: translate(529px, 65px); position: absolute;\" t\u003d\"55\"\u003e \u003cregion\u003e \u003crect b\u003d\"56\" l\u003d\"878\" r\u003d\"988\" t\u003d\"55\"\u003e\u003c/rect\u003e  \u003c/region\u003e  \u003cseparator thickness\u003d\"1\" type\u003d\"Black\"\u003e \u003cstart x\u003d\"878\" y\u003d\"55\"\u003e\u003c/start\u003e \u003cend x\u003d\"988\" y\u003d\"55\"\u003e\u003c/end\u003e \u003c/separator\u003e \u003c/block\u003e  \u003cblock b\u003d\"57\" blockname\u003d\"\" blocktype\u003d\"Separator\" l\u003d\"1000\" r\u003d\"1110\" style\u003d\"transform: translate(602px, 65px); position: absolute;\" t\u003d\"55\"\u003e \u003cregion\u003e \u003crect b\u003d\"57\" l\u003d\"1000\" r\u003d\"1110\" t\u003d\"55\"\u003e\u003c/rect\u003e  \u003c/region\u003e  \u003cseparator thickness\u003d\"2\" type\u003d\"Black\"\u003e \u003cstart x\u003d\"1000\" y\u003d\"56\"\u003e\u003c/start\u003e \u003cend x\u003d\"1110\" y\u003d\"56\"\u003e\u003c/end\u003e \u003c/separator\u003e \u003c/block\u003e  \u003cblock b\u003d\"87\" blockname\u003d\"\" blocktype\u003d\"Separator\" l\u003d\"1000\" r\u003d\"1110\" style\u003d\"transform: translate(602px, 98px); position: absolute;\" t\u003d\"83\"\u003e \u003cregion\u003e \u003crect b\u003d\"87\" l\u003d\"1000\" r\u003d\"1110\" t\u003d\"83\"\u003e\u003c/rect\u003e  \u003c/region\u003e  \u003cseparator thickness\u003d\"4\" type\u003d\"Black\"\u003e \u003cstart x\u003d\"1000\" y\u003d\"85\"\u003e\u003c/start\u003e \u003cend x\u003d\"1110\" y\u003d\"85\"\u003e\u003c/end\u003e \u003c/separator\u003e \u003c/block\u003e  \u003cblock b\u003d\"87\" blockname\u003d\"\" blocktype\u003d\"Separator\" l\u003d\"885\" r\u003d\"989\" style\u003d\"transform: translate(533px, 100px); position: absolute;\" t\u003d\"85\"\u003e \u003cregion\u003e \u003crect b\u003d\"87\" l\u003d\"885\" r\u003d\"989\" t\u003d\"85\"\u003e\u003c/rect\u003e  \u003c/region\u003e  \u003cseparator thickness\u003d\"2\" type\u003d\"Black\"\u003e \u003cstart x\u003d\"885\" y\u003d\"86\"\u003e\u003c/start\u003e \u003cend x\u003d\"989\" y\u003d\"86\"\u003e\u003c/end\u003e \u003c/separator\u003e \u003c/block\u003e  \u003cblock b\u003d\"111\" blockname\u003d\"\" blocktype\u003d\"Separator\" l\u003d\"0\" r\u003d\"805\" style\u003d\"transform: translate(0px, 121px); position: absolute;\" t\u003d\"102\"\u003e \u003cregion\u003e \u003crect b\u003d\"110\" l\u003d\"0\" r\u003d\"805\" t\u003d\"102\"\u003e\u003c/rect\u003e  \u003crect b\u003d\"111\" l\u003d\"8\" r\u003d\"805\" t\u003d\"110\"\u003e\u003c/rect\u003e  \u003c/region\u003e  \u003cseparator thickness\u003d\"8\" type\u003d\"Black\"\u003e \u003cstart x\u003d\"0\" y\u003d\"106\"\u003e\u003c/start\u003e \u003cend x\u003d\"805\" y\u003d\"106\"\u003e\u003c/end\u003e \u003c/separator\u003e \u003c/block\u003e  \u003cblock b\u003d\"111\" blockname\u003d\"\" blocktype\u003d\"Separator\" l\u003d\"865\" r\u003d\"1280\" style\u003d\"transform: translate(521px, 121px); position: absolute;\" t\u003d\"102\"\u003e \u003cregion\u003e \u003crect b\u003d\"111\" l\u003d\"865\" r\u003d\"1280\" t\u003d\"102\"\u003e\u003c/rect\u003e  \u003c/region\u003e  \u003cseparator thickness\u003d\"9\" type\u003d\"Black\"\u003e \u003cstart x\u003d\"865\" y\u003d\"106\"\u003e\u003c/start\u003e \u003cend x\u003d\"1280\" y\u003d\"106\"\u003e\u003c/end\u003e \u003c/separator\u003e \u003c/block\u003e  \u003cblock b\u003d\"163\" blockname\u003d\"\" blocktype\u003d\"Separator\" l\u003d\"165\" r\u003d\"1114\" style\u003d\"transform: translate(99px, 186px); position: absolute;\" t\u003d\"157\"\u003e \u003cregion\u003e \u003crect b\u003d\"159\" l\u003d\"175\" r\u003d\"1109\" t\u003d\"157\"\u003e\u003c/rect\u003e  \u003crect b\u003d\"160\" l\u003d\"165\" r\u003d\"1109\" t\u003d\"159\"\u003e\u003c/rect\u003e  \u003crect b\u003d\"162\" l\u003d\"165\" r\u003d\"1114\" t\u003d\"160\"\u003e\u003c/rect\u003e  \u003crect b\u003d\"163\" l\u003d\"165\" r\u003d\"1114\" t\u003d\"162\"\u003e\u003c/rect\u003e  \u003c/region\u003e  \u003cseparator thickness\u003d\"4\" type\u003d\"Black\"\u003e \u003cstart x\u003d\"165\" y\u003d\"160\"\u003e\u003c/start\u003e \u003cend x\u003d\"1114\" y\u003d\"160\"\u003e\u003c/end\u003e \u003c/separator\u003e \u003c/block\u003e  \u003cblock b\u003d\"344\" blockname\u003d\"\" blocktype\u003d\"Separator\" l\u003d\"201\" r\u003d\"626\" style\u003d\"transform: translate(121px, 403px); position: absolute;\" t\u003d\"341\"\u003e \u003cregion\u003e \u003crect b\u003d\"344\" l\u003d\"201\" r\u003d\"626\" t\u003d\"341\"\u003e\u003c/rect\u003e  \u003c/region\u003e  \u003cseparator thickness\u003d\"3\" type\u003d\"Black\"\u003e \u003cstart x\u003d\"201\" y\u003d\"342\"\u003e\u003c/start\u003e \u003cend x\u003d\"626\" y\u003d\"342\"\u003e\u003c/end\u003e \u003c/separator\u003e \u003c/block\u003e  \u003cblock b\u003d\"344\" blockname\u003d\"\" blocktype\u003d\"Separator\" l\u003d\"719\" r\u003d\"1070\" style\u003d\"transform: translate(433px, 403px); position: absolute;\" t\u003d\"341\"\u003e \u003cregion\u003e \u003crect b\u003d\"344\" l\u003d\"719\" r\u003d\"1070\" t\u003d\"341\"\u003e\u003c/rect\u003e  \u003c/region\u003e  \u003cseparator thickness\u003d\"3\" type\u003d\"Black\"\u003e \u003cstart x\u003d\"719\" y\u003d\"342\"\u003e\u003c/start\u003e \u003cend x\u003d\"1070\" y\u003d\"342\"\u003e\u003c/end\u003e \u003c/separator\u003e \u003c/block\u003e  \u003cblock b\u003d\"379\" blockname\u003d\"\" blocktype\u003d\"Separator\" l\u003d\"201\" r\u003d\"626\" style\u003d\"transform: translate(121px, 444px); position: absolute;\" t\u003d\"376\"\u003e \u003cregion\u003e \u003crect b\u003d\"379\" l\u003d\"201\" r\u003d\"626\" t\u003d\"376\"\u003e\u003c/rect\u003e  \u003c/region\u003e  \u003cseparator thickness\u003d\"3\" type\u003d\"Black\"\u003e \u003cstart x\u003d\"201\" y\u003d\"377\"\u003e\u003c/start\u003e \u003cend x\u003d\"626\" y\u003d\"377\"\u003e\u003c/end\u003e \u003c/separator\u003e \u003c/block\u003e  \u003cblock b\u003d\"379\" blockname\u003d\"\" blocktype\u003d\"Separator\" l\u003d\"719\" r\u003d\"1070\" style\u003d\"transform: translate(433px, 444px); position: absolute;\" t\u003d\"376\"\u003e \u003cregion\u003e \u003crect b\u003d\"379\" l\u003d\"719\" r\u003d\"1070\" t\u003d\"376\"\u003e\u003c/rect\u003e  \u003c/region\u003e  \u003cseparator thickness\u003d\"3\" type\u003d\"Black\"\u003e \u003cstart x\u003d\"719\" y\u003d\"377\"\u003e\u003c/start\u003e \u003cend x\u003d\"1070\" y\u003d\"377\"\u003e\u003c/end\u003e \u003c/separator\u003e \u003c/block\u003e  \u003cblock b\u003d\"414\" blockname\u003d\"\" blocktype\u003d\"Separator\" l\u003d\"201\" r\u003d\"626\" style\u003d\"transform: translate(121px, 486px); position: absolute;\" t\u003d\"411\"\u003e \u003cregion\u003e \u003crect b\u003d\"414\" l\u003d\"201\" r\u003d\"626\" t\u003d\"411\"\u003e\u003c/rect\u003e  \u003c/region\u003e  \u003cseparator thickness\u003d\"3\" type\u003d\"Black\"\u003e \u003cstart x\u003d\"201\" y\u003d\"412\"\u003e\u003c/start\u003e \u003cend x\u003d\"626\" y\u003d\"412\"\u003e\u003c/end\u003e \u003c/separator\u003e \u003c/block\u003e  \u003cblock b\u003d\"449\" blockname\u003d\"\" blocktype\u003d\"Separator\" l\u003d\"201\" r\u003d\"626\" style\u003d\"transform: translate(121px, 527px); position: absolute;\" t\u003d\"446\"\u003e \u003cregion\u003e \u003crect b\u003d\"449\" l\u003d\"201\" r\u003d\"626\" t\u003d\"446\"\u003e\u003c/rect\u003e  \u003c/region\u003e  \u003cseparator thickness\u003d\"3\" type\u003d\"Black\"\u003e \u003cstart x\u003d\"201\" y\u003d\"447\"\u003e\u003c/start\u003e \u003cend x\u003d\"626\" y\u003d\"447\"\u003e\u003c/end\u003e \u003c/separator\u003e \u003c/block\u003e  \u003cblock b\u003d\"484\" blockname\u003d\"\" blocktype\u003d\"Separator\" l\u003d\"201\" r\u003d\"626\" style\u003d\"transform: translate(121px, 568px); position: absolute;\" t\u003d\"481\"\u003e \u003cregion\u003e \u003crect b\u003d\"484\" l\u003d\"201\" r\u003d\"626\" t\u003d\"481\"\u003e\u003c/rect\u003e  \u003c/region\u003e  \u003cseparator thickness\u003d\"3\" type\u003d\"Black\"\u003e \u003cstart x\u003d\"201\" y\u003d\"482\"\u003e\u003c/start\u003e \u003cend x\u003d\"626\" y\u003d\"482\"\u003e\u003c/end\u003e \u003c/separator\u003e \u003c/block\u003e  \u003cblock b\u003d\"551\" blockname\u003d\"\" blocktype\u003d\"Separator\" l\u003d\"201\" r\u003d\"1072\" style\u003d\"transform: translate(121px, 648px); position: absolute;\" t\u003d\"548\"\u003e \u003cregion\u003e \u003crect b\u003d\"551\" l\u003d\"201\" r\u003d\"1072\" t\u003d\"548\"\u003e\u003c/rect\u003e  \u003c/region\u003e  \u003cseparator thickness\u003d\"3\" type\u003d\"Black\"\u003e \u003cstart x\u003d\"201\" y\u003d\"549\"\u003e\u003c/start\u003e \u003cend x\u003d\"1072\" y\u003d\"549\"\u003e\u003c/end\u003e \u003c/separator\u003e \u003c/block\u003e  \u003cblock b\u003d\"580\" blockname\u003d\"\" blocktype\u003d\"Separator\" l\u003d\"200\" r\u003d\"1072\" style\u003d\"transform: translate(120px, 682px); position: absolute;\" t\u003d\"577\"\u003e \u003cregion\u003e \u003crect b\u003d\"580\" l\u003d\"200\" r\u003d\"1072\" t\u003d\"577\"\u003e\u003c/rect\u003e  \u003c/region\u003e  \u003cseparator thickness\u003d\"3\" type\u003d\"Black\"\u003e \u003cstart x\u003d\"200\" y\u003d\"578\"\u003e\u003c/start\u003e \u003cend x\u003d\"1072\" y\u003d\"578\"\u003e\u003c/end\u003e \u003c/separator\u003e \u003c/block\u003e  \u003cblock b\u003d\"615\" blockname\u003d\"\" blocktype\u003d\"Separator\" l\u003d\"635\" r\u003d\"1071\" style\u003d\"transform: translate(382px, 723px); position: absolute;\" t\u003d\"612\"\u003e \u003cregion\u003e \u003crect b\u003d\"615\" l\u003d\"635\" r\u003d\"1071\" t\u003d\"612\"\u003e\u003c/rect\u003e  \u003c/region\u003e  \u003cseparator thickness\u003d\"3\" type\u003d\"Black\"\u003e \u003cstart x\u003d\"635\" y\u003d\"613\"\u003e\u003c/start\u003e \u003cend x\u003d\"1071\" y\u003d\"613\"\u003e\u003c/end\u003e \u003c/separator\u003e \u003c/block\u003e  \u003cblock b\u003d\"648\" blockname\u003d\"\" blocktype\u003d\"Separator\" l\u003d\"635\" r\u003d\"1071\" style\u003d\"transform: translate(382px, 762px); position: absolute;\" t\u003d\"645\"\u003e \u003cregion\u003e \u003crect b\u003d\"648\" l\u003d\"635\" r\u003d\"1071\" t\u003d\"645\"\u003e\u003c/rect\u003e  \u003c/region\u003e  \u003cseparator thickness\u003d\"3\" type\u003d\"Black\"\u003e \u003cstart x\u003d\"635\" y\u003d\"646\"\u003e\u003c/start\u003e \u003cend x\u003d\"1071\" y\u003d\"646\"\u003e\u003c/end\u003e \u003c/separator\u003e \u003c/block\u003e  \u003cblock b\u003d\"693\" blockname\u003d\"\" blocktype\u003d\"Separator\" l\u003d\"635\" r\u003d\"1071\" style\u003d\"transform: translate(382px, 815px); position: absolute;\" t\u003d\"690\"\u003e \u003cregion\u003e \u003crect b\u003d\"693\" l\u003d\"635\" r\u003d\"1071\" t\u003d\"690\"\u003e\u003c/rect\u003e  \u003c/region\u003e  \u003cseparator thickness\u003d\"3\" type\u003d\"Black\"\u003e \u003cstart x\u003d\"635\" y\u003d\"691\"\u003e\u003c/start\u003e \u003cend x\u003d\"1071\" y\u003d\"691\"\u003e\u003c/end\u003e \u003c/separator\u003e \u003c/block\u003e  \u003cblock b\u003d\"720\" blockname\u003d\"\" blocktype\u003d\"Separator\" l\u003d\"384\" r\u003d\"504\" style\u003d\"transform: translate(231px, 850px); position: absolute;\" t\u003d\"719\"\u003e \u003cregion\u003e \u003crect b\u003d\"720\" l\u003d\"384\" r\u003d\"504\" t\u003d\"719\"\u003e\u003c/rect\u003e  \u003c/region\u003e  \u003cseparator thickness\u003d\"1\" type\u003d\"Black\"\u003e \u003cstart x\u003d\"384\" y\u003d\"719\"\u003e\u003c/start\u003e \u003cend x\u003d\"504\" y\u003d\"719\"\u003e\u003c/end\u003e \u003c/separator\u003e \u003c/block\u003e  \u003cblock b\u003d\"720\" blockname\u003d\"\" blocktype\u003d\"Separator\" l\u003d\"163\" r\u003d\"172\" style\u003d\"transform: translate(98px, 189px); position: absolute;\" t\u003d\"160\"\u003e \u003cregion\u003e \u003crect b\u003d\"168\" l\u003d\"165\" r\u003d\"172\" t\u003d\"160\"\u003e\u003c/rect\u003e  \u003crect b\u003d\"720\" l\u003d\"163\" r\u003d\"171\" t\u003d\"168\"\u003e\u003c/rect\u003e  \u003c/region\u003e  \u003cseparator thickness\u003d\"7\" type\u003d\"Black\"\u003e \u003cstart x\u003d\"167\" y\u003d\"160\"\u003e\u003c/start\u003e \u003cend x\u003d\"167\" y\u003d\"720\"\u003e\u003c/end\u003e \u003c/separator\u003e \u003c/block\u003e  \u003cblock b\u003d\"87\" blockname\u003d\"\" blocktype\u003d\"Separator\" l\u003d\"930\" r\u003d\"931\" style\u003d\"transform: translate(560px, 65px); position: absolute;\" t\u003d\"55\"\u003e \u003cregion\u003e \u003crect b\u003d\"87\" l\u003d\"930\" r\u003d\"931\" t\u003d\"55\"\u003e\u003c/rect\u003e  \u003c/region\u003e  \u003cseparator thickness\u003d\"1\" type\u003d\"Black\"\u003e \u003cstart x\u003d\"930\" y\u003d\"55\"\u003e\u003c/start\u003e \u003cend x\u003d\"930\" y\u003d\"87\"\u003e\u003c/end\u003e \u003c/separator\u003e \u003c/block\u003e  \u003cblock b\u003d\"85\" blockname\u003d\"\" blocktype\u003d\"Separator\" l\u003d\"989\" r\u003d\"990\" style\u003d\"transform: translate(596px, 67px); position: absolute;\" t\u003d\"57\"\u003e \u003cregion\u003e \u003crect b\u003d\"85\" l\u003d\"989\" r\u003d\"990\" t\u003d\"57\"\u003e\u003c/rect\u003e  \u003c/region\u003e  \u003cseparator thickness\u003d\"1\" type\u003d\"Black\"\u003e \u003cstart x\u003d\"989\" y\u003d\"57\"\u003e\u003c/start\u003e \u003cend x\u003d\"989\" y\u003d\"85\"\u003e\u003c/end\u003e \u003c/separator\u003e \u003c/block\u003e  \u003cblock b\u003d\"87\" blockname\u003d\"\" blocktype\u003d\"Separator\" l\u003d\"1108\" r\u003d\"1110\" style\u003d\"transform: translate(667px, 65px); position: absolute;\" t\u003d\"55\"\u003e \u003cregion\u003e \u003crect b\u003d\"87\" l\u003d\"1108\" r\u003d\"1110\" t\u003d\"55\"\u003e\u003c/rect\u003e  \u003c/region\u003e  \u003cseparator thickness\u003d\"2\" type\u003d\"Black\"\u003e \u003cstart x\u003d\"1109\" y\u003d\"55\"\u003e\u003c/start\u003e \u003cend x\u003d\"1109\" y\u003d\"87\"\u003e\u003c/end\u003e \u003c/separator\u003e \u003c/block\u003e  \u003cblock b\u003d\"720\" blockname\u003d\"\" blocktype\u003d\"Separator\" l\u003d\"1109\" r\u003d\"1117\" style\u003d\"transform: translate(668px, 190px); position: absolute;\" t\u003d\"161\"\u003e \u003cregion\u003e \u003crect b\u003d\"164\" l\u003d\"1109\" r\u003d\"1114\" t\u003d\"161\"\u003e\u003c/rect\u003e  \u003crect b\u003d\"720\" l\u003d\"1109\" r\u003d\"1117\" t\u003d\"164\"\u003e\u003c/rect\u003e  \u003c/region\u003e  \u003cseparator thickness\u003d\"7\" type\u003d\"Black\"\u003e \u003cstart x\u003d\"1113\" y\u003d\"161\"\u003e\u003c/start\u003e \u003cend x\u003d\"1113\" y\u003d\"720\"\u003e\u003c/end\u003e \u003c/separator\u003e \u003c/block\u003e  \u003cblock b\u003d\"78\" blockname\u003d\"\" blocktype\u003d\"Separator\" l\u003d\"1000\" r\u003d\"1002\" style\u003d\"transform: translate(602px, 65px); position: absolute;\" t\u003d\"55\"\u003e \u003cregion\u003e \u003crect b\u003d\"78\" l\u003d\"1000\" r\u003d\"1002\" t\u003d\"55\"\u003e\u003c/rect\u003e  \u003c/region\u003e  \u003cseparator thickness\u003d\"2\" type\u003d\"Black\"\u003e \u003cstart x\u003d\"1001\" y\u003d\"55\"\u003e\u003c/start\u003e \u003cend x\u003d\"1001\" y\u003d\"78\"\u003e\u003c/end\u003e \u003c/separator\u003e \u003c/block\u003e  \u003cblock b\u003d\"37\" blockname\u003d\"\" blocktype\u003d\"Text\" class\u003d\"hidden\" l\u003d\"1\" r\u003d\"1279\" style\u003d\"transform: translate(1px, 1px); position: absolute; width: 769.795px; height: 42.5455px;\" t\u003d\"1\"\u003e \u003cregion\u003e \u003crect b\u003d\"37\" l\u003d\"1\" r\u003d\"1279\" t\u003d\"1\"\u003e\u003c/rect\u003e  \u003c/region\u003e  \u003ctext\u003e \u003cpar linespacing\u003d\"-1\"\u003e\u003c/par\u003e  \u003c/text\u003e  \u003c/block\u003e  \u003c/page\u003e           \u003c/document\u003e\u003c/body\u003e\u003c/html\u003e","tags":[{"begin":297,"end":313,"text":"Foxglove Studios","tag":"supplier_name","fieldType":"COMPANY_NAME","score":0.5850763751680662,"estimatedAccuracy":0.0},{"begin":383,"end":391,"text":"INV-0007","tag":"invoice_number","fieldType":"TEXT","score":0.6959079988569097,"estimatedAccuracy":0.0},{"begin":480,"end":493,"text":"March 31,2014","tag":"invoice_date","fieldType":"DATE","score":0.639305952373783,"estimatedAccuracy":0.0},{"begin":846,"end":861,"text":"Design services","tag":"product","fieldType":"TEXT","score":0.5893921501231709,"estimatedAccuracy":0.0},{"begin":882,"end":886,"text":"1.00","tag":"quantity","fieldType":"NUMBER","score":0.7466021480190619,"estimatedAccuracy":0.0},{"begin":898,"end":904,"text":"227.27","tag":"price","fieldType":"NUMBER","score":0.7970895021726816,"estimatedAccuracy":0.0},{"begin":918,"end":920,"text":"10","tag":"quantity","fieldType":"NUMBER","score":0.5272513971257923,"estimatedAccuracy":0.0},{"begin":1254,"end":1260,"text":"250.00","tag":"total_amount","fieldType":"NUMBER","score":0.6002653594912192,"estimatedAccuracy":0.0}],"group":"invoice_date|invoice_number|price|product|quantity|supplier_name|total_amount","limeExplanation":{},"liblinearFeatureImportance":{}}