{"finalScore":0.7393921000811833,"metaInfo":{"model":{"coreVersion":"10.3.0.39"}},"sumScore":2.2181763002435497,"tagsCounter":3.0,"taggedText":"\u003cdocument languages\u003d\"\" producer\u003d\"Workfusion\" schemalocation\u003d\"http://ocr.crowdcomputingsystems.com/xml/schema-v1.xml\" version\u003d\"1.0\" xmlns\u003d\"http://ocr.crowdcomputingsystems.com/xml/schema-v1.xml\" xsi\u003d\"http://www.w3.org/2001/XMLSchema-instance\"\u003e \u003clink href\u003d\"https://s3.amazonaws.com/workfusion-resources/ocr/ocr-xml-viewer-0.3-scale-to-width.css\" rel\u003d\"stylesheet\" type\u003d\"text/css\"\u003e\u003c/link\u003e \u003cstyle\u003e\u003c/style\u003e\u003cpage data-pages\u003d\"1\" h\u003d\"900\" resolution\u003d\"96\" style\u003d\"height: 1034px;\" w\u003d\"696\"\u003e \u003cblock b\u003d\"50\" blockname\u003d\"\" blocktype\u003d\"Text\" l\u003d\"142\" r\u003d\"261\" style\u003d\"transform: translate(287px, 46px); position: absolute; width: 240.394px; height: 21.6667px;\" t\u003d\"34\"\u003e \u003cregion\u003e \u003crect b\u003d\"50\" l\u003d\"142\" r\u003d\"261\" t\u003d\"34\"\u003e\u003c/rect\u003e  \u003c/region\u003e  \u003ctext\u003e \u003cpar linespacing\u003d\"830\"\u003e \u003cline b\u003d\"47\" baseline\u003d\"47\" l\u003d\"143\" r\u003d\"258\" style\u003d\"transform: translate(2px, 3px); position: absolute;\" t\u003d\"36\"\u003e \u003cformatting lang\u003d\"EnglishUnitedStates\"\u003e \u003csupplier_name appendorder\u003d\"5\" class\u003d\"extraction-tag\" confidence\u003d\"1/1\" data-original-title\u003d\"Supplier name\" data-toggle\u003d\"tooltip\" data-value\u003d\"Paymeout Painters\" fold-name\u003d\"fold5\" score\u003d\"0.6264998976487666\" style\u003d\"background-color: rgb(88, 50, 166);  color: rgb(255, 255, 255);   border: 2px solid rgb(125, 157, 1); \" tagorder\u003d\"3\"\u003ePaymeout Painters\u003c/supplier_name\u003e \u003c/formatting\u003e  \u003c/line\u003e  \u003c/par\u003e  \u003c/text\u003e  \u003c/block\u003e  \u003cblock b\u003d\"67\" blockname\u003d\"\" blocktype\u003d\"Text\" l\u003d\"550\" r\u003d\"657\" style\u003d\"transform: translate(1111px, 51px); position: absolute; width: 216.152px; height: 39.2708px;\" t\u003d\"38\"\u003e \u003cregion\u003e \u003crect b\u003d\"67\" l\u003d\"550\" r\u003d\"657\" t\u003d\"38\"\u003e\u003c/rect\u003e  \u003c/region\u003e  \u003ctext\u003e \u003cpar linespacing\u003d\"1880\"\u003e \u003cline b\u003d\"64\" baseline\u003d\"64\" l\u003d\"551\" r\u003d\"655\" style\u003d\"transform: translate(2px, 1px); position: absolute;\" t\u003d\"39\"\u003e \u003cformatting lang\u003d\"EnglishUnitedStates\"\u003e Invoice \u003c/formatting\u003e  \u003c/line\u003e  \u003c/par\u003e  \u003c/text\u003e  \u003c/block\u003e  \u003cblock b\u003d\"104\" blockname\u003d\"\" blocktype\u003d\"Text\" l\u003d\"141\" r\u003d\"238\" style\u003d\"transform: translate(285px, 88px); position: absolute; width: 195.951px; height: 52.8125px;\" t\u003d\"65\"\u003e \u003cregion\u003e \u003crect b\u003d\"104\" l\u003d\"141\" r\u003d\"238\" t\u003d\"65\"\u003e\u003c/rect\u003e  \u003c/region\u003e  \u003ctext\u003e \u003cpar linespacing\u003d\"975\"\u003e \u003cline b\u003d\"77\" baseline\u003d\"75\" l\u003d\"143\" r\u003d\"235\" style\u003d\"transform: translate(4px, 1px); position: absolute;\" t\u003d\"66\"\u003e \u003cformatting lang\u003d\"EnglishUnitedStates\"\u003e 199 Matapple St. \u003c/formatting\u003e  \u003c/line\u003e  \u003cline b\u003d\"89\" baseline\u003d\"88\" l\u003d\"143\" r\u003d\"227\" style\u003d\"transform: translate(4px, 19px); position: absolute;\" t\u003d\"79\"\u003e \u003cformatting lang\u003d\"EnglishUnitedStates\"\u003e New Orleans, LA \u003c/formatting\u003e  \u003c/line\u003e  \u003cline b\u003d\"101\" baseline\u003d\"101\" l\u003d\"142\" r\u003d\"178\" style\u003d\"transform: translate(2px, 37px); position: absolute;\" t\u003d\"92\"\u003e \u003cformatting lang\u003d\"EnglishUnitedStates\"\u003e 001301 \u003c/formatting\u003e  \u003c/line\u003e  \u003c/par\u003e  \u003c/text\u003e  \u003c/block\u003e  \u003cblock b\u003d\"129\" blockname\u003d\"\" blocktype\u003d\"Text\" l\u003d\"539\" r\u003d\"661\" style\u003d\"transform: translate(1089px, 135px); position: absolute; width: 246.454px; height: 39.2708px;\" t\u003d\"100\"\u003e \u003cregion\u003e \u003crect b\u003d\"129\" l\u003d\"539\" r\u003d\"661\" t\u003d\"100\"\u003e\u003c/rect\u003e  \u003c/region\u003e  \u003ctext\u003e \u003cpar align\u003d\"Right\" linespacing\u003d\"975\"\u003e \u003cline b\u003d\"111\" baseline\u003d\"111\" l\u003d\"541\" r\u003d\"658\" style\u003d\"transform: translate(4px, 3px); position: absolute;\" t\u003d\"102\"\u003e \u003cformatting lang\u003d\"EnglishUnitedStates\"\u003e INVOICE NO: \u003cinvoice_number appendorder\u003d\"2\" class\u003d\"extraction-tag\" confidence\u003d\"1/1\" data-original-title\u003d\"Invoice number\" data-toggle\u003d\"tooltip\" data-value\u003d\"123456\" fold-name\u003d\"fold3\" score\u003d\"0.8082477214717156\" style\u003d\"background-color: rgb(0, 83, 98);  color: rgb(255, 255, 255);   border: 2px solid rgb(125, 157, 1); \" tagorder\u003d\"1\"\u003e123456\u003c/invoice_number\u003e \u003c/formatting\u003e  \u003c/line\u003e  \u003cline b\u003d\"127\" baseline\u003d\"124\" l\u003d\"552\" r\u003d\"658\" style\u003d\"transform: translate(26px, 22px); position: absolute;\" t\u003d\"116\"\u003e \u003cformatting lang\u003d\"EnglishUnitedStates\"\u003e DATE: \u003cinvoice_date appendorder\u003d\"3\" class\u003d\"extraction-tag\" confidence\u003d\"1/1\" data-original-title\u003d\"Invoice date\" data-toggle\u003d\"tooltip\" data-value\u003d\"May 10, 1998\" fold-name\u003d\"fold5\" score\u003d\"0.7834286811230676\" style\u003d\"background-color: rgb(17, 18, 43);  color: rgb(255, 255, 255);   border: 2px solid rgb(125, 157, 1); \" tagorder\u003d\"2\"\u003eMay 10, 1998\u003c/invoice_date\u003e \u003c/formatting\u003e  \u003c/line\u003e  \u003c/par\u003e  \u003c/text\u003e  \u003c/block\u003e  \u003cblock b\u003d\"214\" blockname\u003d\"\" blocktype\u003d\"Text\" l\u003d\"40\" r\u003d\"194\" style\u003d\"transform: translate(81px, 217px); position: absolute; width: 311.098px; height: 73.125px;\" t\u003d\"160\"\u003e \u003cregion\u003e \u003crect b\u003d\"214\" l\u003d\"40\" r\u003d\"194\" t\u003d\"160\"\u003e\u003c/rect\u003e  \u003c/region\u003e  \u003ctext\u003e \u003cpar linespacing\u003d\"975\"\u003e \u003cline b\u003d\"170\" baseline\u003d\"170\" l\u003d\"41\" r\u003d\"75\" style\u003d\"transform: translate(2px, 3px); position: absolute;\" t\u003d\"162\"\u003e \u003cformatting lang\u003d\"EnglishUnitedStates\"\u003e Bill to: \u003c/formatting\u003e  \u003c/line\u003e  \u003c/par\u003e  \u003cpar leftindent\u003d\"800\" linespacing\u003d\"975\"\u003e \u003cline b\u003d\"183\" baseline\u003d\"183\" l\u003d\"50\" r\u003d\"118\" style\u003d\"transform: translate(20px, 20px); position: absolute;\" t\u003d\"175\"\u003e \u003cformatting lang\u003d\"EnglishUnitedStates\"\u003e Tony Crafterey \u003c/formatting\u003e  \u003c/line\u003e  \u003c/par\u003e  \u003cpar align\u003d\"Right\" leftindent\u003d\"2400\" linespacing\u003d\"975\"\u003e \u003cline b\u003d\"197\" baseline\u003d\"197\" l\u003d\"82\" r\u003d\"187\" style\u003d\"transform: translate(85px, 38px); position: absolute;\" t\u003d\"188\"\u003e \u003cformatting lang\u003d\"EnglishUnitedStates\"\u003e 110 Goodbye Road \u003c/formatting\u003e  \u003c/line\u003e  \u003cline b\u003d\"211\" baseline\u003d\"210\" l\u003d\"72\" r\u003d\"191\" style\u003d\"transform: translate(65px, 57px); position: absolute;\" t\u003d\"202\"\u003e \u003cformatting lang\u003d\"EnglishUnitedStates\"\u003e New Or1eans, LA 001301 \u003c/formatting\u003e  \u003c/line\u003e  \u003c/par\u003e  \u003c/text\u003e  \u003c/block\u003e  \u003cregion xmlns\u003d\"http://ocr.crowdcomputingsystems.com/xml/schema-v1.xml\"\u003e \u003crect b\u003d\"284\" l\u003d\"347\" r\u003d\"655\" t\u003d\"240\"\u003e\u003c/rect\u003e  \u003c/region\u003e \u003ctable b\u003d\"284\" blockname\u003d\"\" blocktype\u003d\"Table\" l\u003d\"347\" r\u003d\"655\" style\u003d\"transform: translate(701px, 325px); position: absolute;\" t\u003d\"240\" xmlns\u003d\"\"\u003e \u003ctbody\u003e\u003ctr\u003e \u003ctd h\u003d\"16\" w\u003d\"103\"\u003e \u003ctext xmlns\u003d\"http://ocr.crowdcomputingsystems.com/xml/schema-v1.xml\"\u003e \u003cpar leftindent\u003d\"1100\" linespacing\u003d\"680\"\u003e \u003cline b\u003d\"253\" baseline\u003d\"253\" l\u003d\"361\" r\u003d\"435\" t\u003d\"244\"\u003e \u003cformatting lang\u003d\"EnglishUnitedStates\"\u003e P.O. NUMBER \u003c/formatting\u003e  \u003c/line\u003e  \u003c/par\u003e  \u003c/text\u003e  \u003c/td\u003e   \u003ctd h\u003d\"16\" w\u003d\"102\"\u003e \u003ctext xmlns\u003d\"http://ocr.crowdcomputingsystems.com/xml/schema-v1.xml\"\u003e \u003cpar align\u003d\"Center\" leftindent\u003d\"200\" linespacing\u003d\"680\"\u003e \u003cline b\u003d\"253\" baseline\u003d\"253\" l\u003d\"480\" r\u003d\"520\" t\u003d\"244\"\u003e \u003cformatting lang\u003d\"EnglishUnitedStates\"\u003e TERMS \u003c/formatting\u003e  \u003c/line\u003e  \u003c/par\u003e  \u003c/text\u003e  \u003c/td\u003e   \u003ctd h\u003d\"16\" w\u003d\"103\"\u003e \u003ctext xmlns\u003d\"http://ocr.crowdcomputingsystems.com/xml/schema-v1.xml\"\u003e \u003cpar align\u003d\"Center\" leftindent\u003d\"100\" linespacing\u003d\"680\"\u003e \u003cline b\u003d\"253\" baseline\u003d\"253\" l\u003d\"577\" r\u003d\"629\" t\u003d\"244\"\u003e \u003cformatting lang\u003d\"EnglishUnitedStates\"\u003e PROJECT \u003c/formatting\u003e  \u003c/line\u003e  \u003c/par\u003e  \u003c/text\u003e  \u003c/td\u003e   \u003c/tr\u003e \n \u003c/tbody\u003e\u003c/table\u003e\n \u003cregion xmlns\u003d\"http://ocr.crowdcomputingsystems.com/xml/schema-v1.xml\"\u003e \u003crect b\u003d\"743\" l\u003d\"40\" r\u003d\"656\" t\u003d\"297\"\u003e\u003c/rect\u003e  \u003c/region\u003e \u003ctable b\u003d\"743\" blockname\u003d\"\" blocktype\u003d\"Table\" l\u003d\"40\" r\u003d\"656\" style\u003d\"transform: translate(81px, 402px); position: absolute;\" t\u003d\"297\" xmlns\u003d\"\"\u003e \u003ctbody\u003e\u003ctr\u003e \u003ctd h\u003d\"16\" w\u003d\"83\"\u003e \u003ctext xmlns\u003d\"http://ocr.crowdcomputingsystems.com/xml/schema-v1.xml\"\u003e \u003cpar leftindent\u003d\"1000\" linespacing\u003d\"600\"\u003e \u003cline b\u003d\"310\" baseline\u003d\"310\" l\u003d\"53\" r\u003d\"109\" t\u003d\"302\"\u003e \u003cformatting lang\u003d\"EnglishUnitedStates\"\u003e QUANTITY \u003c/formatting\u003e  \u003c/line\u003e  \u003c/par\u003e  \u003c/text\u003e  \u003c/td\u003e   \u003ctd h\u003d\"16\" w\u003d\"368\"\u003e \u003ctext xmlns\u003d\"http://ocr.crowdcomputingsystems.com/xml/schema-v1.xml\"\u003e \u003cpar linespacing\u003d\"-1\"\u003e\u003c/par\u003e  \u003c/text\u003e  \u003c/td\u003e   \u003ctd h\u003d\"16\" w\u003d\"82\"\u003e \u003ctext xmlns\u003d\"http://ocr.crowdcomputingsystems.com/xml/schema-v1.xml\"\u003e \u003cpar align\u003d\"Center\" leftindent\u003d\"100\" linespacing\u003d\"600\"\u003e \u003cline b\u003d\"310\" baseline\u003d\"310\" l\u003d\"517\" r\u003d\"546\" t\u003d\"302\"\u003e \u003cformatting lang\u003d\"EnglishUnitedStates\"\u003e RATE \u003c/formatting\u003e  \u003c/line\u003e  \u003c/par\u003e  \u003c/text\u003e  \u003c/td\u003e   \u003ctd h\u003d\"16\" w\u003d\"83\"\u003e \u003ctext xmlns\u003d\"http://ocr.crowdcomputingsystems.com/xml/schema-v1.xml\"\u003e \u003cpar align\u003d\"Center\" leftindent\u003d\"200\" linespacing\u003d\"600\"\u003e \u003cline b\u003d\"310\" baseline\u003d\"310\" l\u003d\"589\" r\u003d\"638\" t\u003d\"302\"\u003e \u003cformatting lang\u003d\"EnglishUnitedStates\"\u003e AMOUNT \u003c/formatting\u003e  \u003c/line\u003e  \u003c/par\u003e  \u003c/text\u003e  \u003c/td\u003e   \u003c/tr\u003e \n \u003c/tbody\u003e\u003c/table\u003e\n \u003cblock b\u003d\"763\" blockname\u003d\"\" blocktype\u003d\"Text\" l\u003d\"530\" r\u003d\"570\" style\u003d\"transform: translate(1071px, 1016px); position: absolute; width: 80.8046px; height: 17.6042px;\" t\u003d\"750\"\u003e \u003cregion\u003e \u003crect b\u003d\"763\" l\u003d\"530\" r\u003d\"570\" t\u003d\"750\"\u003e\u003c/rect\u003e  \u003c/region\u003e  \u003ctext\u003e \u003cpar linespacing\u003d\"680\"\u003e \u003cline b\u003d\"760\" baseline\u003d\"760\" l\u003d\"531\" r\u003d\"567\" style\u003d\"transform: translate(2px, 1px); position: absolute;\" t\u003d\"751\"\u003e \u003cformatting lang\u003d\"EnglishUnitedStates\"\u003e TOTAL \u003c/formatting\u003e  \u003c/line\u003e  \u003c/par\u003e  \u003c/text\u003e  \u003c/block\u003e  \u003cblock b\u003d\"284\" blockname\u003d\"\" blocktype\u003d\"SeparatorsBox\" class\u003d\"hidden\" l\u003d\"347\" r\u003d\"655\" style\u003d\"transform: translate(701px, 325px); position: absolute;\" t\u003d\"240\"\u003e \u003cregion\u003e \u003crect b\u003d\"242\" l\u003d\"347\" r\u003d\"655\" t\u003d\"240\"\u003e\u003c/rect\u003e  \u003crect b\u003d\"283\" l\u003d\"347\" r\u003d\"655\" t\u003d\"242\"\u003e\u003c/rect\u003e  \u003crect b\u003d\"284\" l\u003d\"347\" r\u003d\"655\" t\u003d\"283\"\u003e\u003c/rect\u003e  \u003c/region\u003e  \u003cseparatorsbox\u003e \u003cseparator thickness\u003d\"2\" type\u003d\"Black\"\u003e \u003cstart x\u003d\"347\" y\u003d\"241\"\u003e\u003c/start\u003e \u003cend x\u003d\"655\" y\u003d\"241\"\u003e\u003c/end\u003e \u003c/separator\u003e \u003cseparator thickness\u003d\"1\" type\u003d\"Black\"\u003e \u003cstart x\u003d\"347\" y\u003d\"283\"\u003e\u003c/start\u003e \u003cend x\u003d\"655\" y\u003d\"283\"\u003e\u003c/end\u003e \u003c/separator\u003e \u003cseparator thickness\u003d\"2\" type\u003d\"Black\"\u003e \u003cstart x\u003d\"348\" y\u003d\"240\"\u003e\u003c/start\u003e \u003cend x\u003d\"348\" y\u003d\"284\"\u003e\u003c/end\u003e \u003c/separator\u003e \u003cseparator thickness\u003d\"1\" type\u003d\"Black\"\u003e \u003cstart x\u003d\"654\" y\u003d\"240\"\u003e\u003c/start\u003e \u003cend x\u003d\"654\" y\u003d\"284\"\u003e\u003c/end\u003e \u003c/separator\u003e \u003c/separatorsbox\u003e \u003c/block\u003e  \u003cblock b\u003d\"257\" blockname\u003d\"\" blocktype\u003d\"Separator\" l\u003d\"347\" r\u003d\"655\" style\u003d\"transform: translate(701px, 347px); position: absolute;\" t\u003d\"256\"\u003e \u003cregion\u003e \u003crect b\u003d\"257\" l\u003d\"347\" r\u003d\"655\" t\u003d\"256\"\u003e\u003c/rect\u003e  \u003c/region\u003e  \u003cseparator thickness\u003d\"1\" type\u003d\"Black\"\u003e \u003cstart x\u003d\"347\" y\u003d\"256\"\u003e\u003c/start\u003e \u003cend x\u003d\"655\" y\u003d\"256\"\u003e\u003c/end\u003e \u003c/separator\u003e \u003c/block\u003e  \u003cblock b\u003d\"300\" blockname\u003d\"\" blocktype\u003d\"Separator\" l\u003d\"40\" r\u003d\"656\" style\u003d\"transform: translate(81px, 402px); position: absolute;\" t\u003d\"297\"\u003e \u003cregion\u003e \u003crect b\u003d\"300\" l\u003d\"40\" r\u003d\"656\" t\u003d\"297\"\u003e\u003c/rect\u003e  \u003c/region\u003e  \u003cseparator thickness\u003d\"3\" type\u003d\"Black\"\u003e \u003cstart x\u003d\"40\" y\u003d\"298\"\u003e\u003c/start\u003e \u003cend x\u003d\"656\" y\u003d\"298\"\u003e\u003c/end\u003e \u003c/separator\u003e \u003c/block\u003e  \u003cblock b\u003d\"314\" blockname\u003d\"\" blocktype\u003d\"Separator\" l\u003d\"40\" r\u003d\"656\" style\u003d\"transform: translate(81px, 424px); position: absolute;\" t\u003d\"313\"\u003e \u003cregion\u003e \u003crect b\u003d\"314\" l\u003d\"40\" r\u003d\"656\" t\u003d\"313\"\u003e\u003c/rect\u003e  \u003c/region\u003e  \u003cseparator thickness\u003d\"1\" type\u003d\"Black\"\u003e \u003cstart x\u003d\"40\" y\u003d\"313\"\u003e\u003c/start\u003e \u003cend x\u003d\"656\" y\u003d\"313\"\u003e\u003c/end\u003e \u003c/separator\u003e \u003c/block\u003e  \u003cblock b\u003d\"743\" blockname\u003d\"\" blocktype\u003d\"Separator\" l\u003d\"40\" r\u003d\"656\" style\u003d\"transform: translate(81px, 1005px); position: absolute;\" t\u003d\"742\"\u003e \u003cregion\u003e \u003crect b\u003d\"743\" l\u003d\"40\" r\u003d\"656\" t\u003d\"742\"\u003e\u003c/rect\u003e  \u003c/region\u003e  \u003cseparator thickness\u003d\"1\" type\u003d\"Black\"\u003e \u003cstart x\u003d\"40\" y\u003d\"742\"\u003e\u003c/start\u003e \u003cend x\u003d\"656\" y\u003d\"742\"\u003e\u003c/end\u003e \u003c/separator\u003e \u003c/block\u003e  \u003cblock b\u003d\"743\" blockname\u003d\"\" blocktype\u003d\"Separator\" l\u003d\"40\" r\u003d\"43\" style\u003d\"transform: translate(81px, 402px); position: absolute;\" t\u003d\"297\"\u003e \u003cregion\u003e \u003crect b\u003d\"743\" l\u003d\"40\" r\u003d\"43\" t\u003d\"297\"\u003e\u003c/rect\u003e  \u003c/region\u003e  \u003cseparator thickness\u003d\"3\" type\u003d\"Black\"\u003e \u003cstart x\u003d\"41\" y\u003d\"297\"\u003e\u003c/start\u003e \u003cend x\u003d\"41\" y\u003d\"743\"\u003e\u003c/end\u003e \u003c/separator\u003e \u003c/block\u003e  \u003cblock b\u003d\"743\" blockname\u003d\"\" blocktype\u003d\"Separator\" l\u003d\"121\" r\u003d\"125\" style\u003d\"transform: translate(244px, 402px); position: absolute;\" t\u003d\"297\"\u003e \u003cregion\u003e \u003crect b\u003d\"309\" l\u003d\"121\" r\u003d\"125\" t\u003d\"297\"\u003e\u003c/rect\u003e  \u003crect b\u003d\"743\" l\u003d\"122\" r\u003d\"124\" t\u003d\"309\"\u003e\u003c/rect\u003e  \u003c/region\u003e  \u003cseparator thickness\u003d\"3\" type\u003d\"Black\"\u003e \u003cstart x\u003d\"123\" y\u003d\"297\"\u003e\u003c/start\u003e \u003cend x\u003d\"123\" y\u003d\"743\"\u003e\u003c/end\u003e \u003c/separator\u003e \u003c/block\u003e  \u003cblock b\u003d\"284\" blockname\u003d\"\" blocktype\u003d\"Separator\" l\u003d\"449\" r\u003d\"451\" style\u003d\"transform: translate(907px, 325px); position: absolute;\" t\u003d\"240\"\u003e \u003cregion\u003e \u003crect b\u003d\"284\" l\u003d\"449\" r\u003d\"451\" t\u003d\"240\"\u003e\u003c/rect\u003e  \u003c/region\u003e  \u003cseparator thickness\u003d\"2\" type\u003d\"Black\"\u003e \u003cstart x\u003d\"450\" y\u003d\"240\"\u003e\u003c/start\u003e \u003cend x\u003d\"450\" y\u003d\"284\"\u003e\u003c/end\u003e \u003c/separator\u003e \u003c/block\u003e  \u003cblock b\u003d\"743\" blockname\u003d\"\" blocktype\u003d\"Separator\" l\u003d\"490\" r\u003d\"492\" style\u003d\"transform: translate(990px, 406px); position: absolute;\" t\u003d\"300\"\u003e \u003cregion\u003e \u003crect b\u003d\"743\" l\u003d\"490\" r\u003d\"492\" t\u003d\"300\"\u003e\u003c/rect\u003e  \u003c/region\u003e  \u003cseparator thickness\u003d\"2\" type\u003d\"Black\"\u003e \u003cstart x\u003d\"491\" y\u003d\"300\"\u003e\u003c/start\u003e \u003cend x\u003d\"491\" y\u003d\"743\"\u003e\u003c/end\u003e \u003c/separator\u003e \u003c/block\u003e  \u003cblock b\u003d\"284\" blockname\u003d\"\" blocktype\u003d\"Separator\" l\u003d\"551\" r\u003d\"553\" style\u003d\"transform: translate(1113px, 325px); position: absolute;\" t\u003d\"240\"\u003e \u003cregion\u003e \u003crect b\u003d\"284\" l\u003d\"551\" r\u003d\"553\" t\u003d\"240\"\u003e\u003c/rect\u003e  \u003c/region\u003e  \u003cseparator thickness\u003d\"2\" type\u003d\"Black\"\u003e \u003cstart x\u003d\"552\" y\u003d\"240\"\u003e\u003c/start\u003e \u003cend x\u003d\"552\" y\u003d\"284\"\u003e\u003c/end\u003e \u003c/separator\u003e \u003c/block\u003e  \u003cblock b\u003d\"769\" blockname\u003d\"\" blocktype\u003d\"Separator\" l\u003d\"572\" r\u003d\"574\" style\u003d\"transform: translate(1156px, 408px); position: absolute;\" t\u003d\"301\"\u003e \u003cregion\u003e \u003crect b\u003d\"769\" l\u003d\"572\" r\u003d\"574\" t\u003d\"301\"\u003e\u003c/rect\u003e  \u003c/region\u003e  \u003cseparator thickness\u003d\"2\" type\u003d\"Black\"\u003e \u003cstart x\u003d\"573\" y\u003d\"301\"\u003e\u003c/start\u003e \u003cend x\u003d\"573\" y\u003d\"769\"\u003e\u003c/end\u003e \u003c/separator\u003e \u003c/block\u003e  \u003cblock b\u003d\"769\" blockname\u003d\"\" blocktype\u003d\"Separator\" l\u003d\"653\" r\u003d\"656\" style\u003d\"transform: translate(1319px, 402px); position: absolute;\" t\u003d\"297\"\u003e \u003cregion\u003e \u003crect b\u003d\"769\" l\u003d\"653\" r\u003d\"656\" t\u003d\"297\"\u003e\u003c/rect\u003e  \u003c/region\u003e  \u003cseparator thickness\u003d\"3\" type\u003d\"Black\"\u003e \u003cstart x\u003d\"654\" y\u003d\"297\"\u003e\u003c/start\u003e \u003cend x\u003d\"654\" y\u003d\"769\"\u003e\u003c/end\u003e \u003c/separator\u003e \u003c/block\u003e  \u003c/page\u003e       \u003c/document\u003e","tags":[{"begin":13,"end":30,"text":"Paymeout Painters","tag":"supplier_name","fieldType":"COMPANY_NAME","score":0.6264998976487666,"estimatedAccuracy":0.0},{"begin":163,"end":169,"text":"123456","tag":"invoice_number","fieldType":"TEXT","score":0.8082477214717156,"estimatedAccuracy":0.0},{"begin":182,"end":194,"text":"May 10, 1998","tag":"invoice_date","fieldType":"DATE","score":0.7834286811230676,"estimatedAccuracy":0.0}],"group":"invoice_date|invoice_number|supplier_name","limeExplanation":{},"liblinearFeatureImportance":{}}