{"finalScore":0.6376377247649138,"metaInfo":{"model":{"coreVersion":"10.3.0.39"}},"sumScore":4.463464073354396,"tagsCounter":7.0,"taggedText":"\u003chtml\u003e\u003chead\u003e\u003cscript src\u003d\"https://ajax.googleapis.com/ajax/libs/jquery/2.2.0/jquery.min.js\"\u003e\u003c/script\u003e\u003c/head\u003e\u003cbody\u003e\u003cdocument languages\u003d\"\" producer\u003d\"Workfusion\" schemalocation\u003d\"http://ocr.crowdcomputingsystems.com/xml/schema-v1.xml\" version\u003d\"1.0\" xmlns\u003d\"http://ocr.crowdcomputingsystems.com/xml/schema-v1.xml\" xsi\u003d\"http://www.w3.org/2001/XMLSchema-instance\"\u003e \u003clink href\u003d\"https://s3.amazonaws.com/workfusion-resources/ocr/ocr-xml-viewer-0.3-scale-to-width.css\" rel\u003d\"stylesheet\" type\u003d\"text/css\"\u003e\u003c/link\u003e \u003cstyle\u003e\u003c/style\u003e\u003cpage data-pages\u003d\"1\" h\u003d\"706\" resolution\u003d\"96\" style\u003d\"height: 821px;\" w\u003d\"800\"\u003e \u003cblock b\u003d\"54\" blockname\u003d\"\" blocktype\u003d\"Text\" l\u003d\"102\" r\u003d\"205\" style\u003d\"transform: translate(98px, 50px); position: absolute; width: 99.2662px; height: 23.0208px;\" t\u003d\"37\"\u003e \u003cregion\u003e \u003crect b\u003d\"54\" l\u003d\"102\" r\u003d\"205\" t\u003d\"37\"\u003e\u003c/rect\u003e  \u003c/region\u003e  \u003ctext\u003e \u003cpar linespacing\u003d\"750\"\u003e \u003cline b\u003d\"51\" baseline\u003d\"48\" l\u003d\"104\" r\u003d\"202\" style\u003d\"transform: translate(2px, 1px); position: absolute;\" t\u003d\"38\"\u003e \u003cformatting lang\u003d\"EnglishUnitedStates\"\u003e Hjdie Therapist \u003c/formatting\u003e  \u003c/line\u003e  \u003c/par\u003e  \u003c/text\u003e  \u003c/block\u003e  \u003cblock b\u003d\"187\" blockname\u003d\"\" blocktype\u003d\"Text\" l\u003d\"102\" r\u003d\"239\" style\u003d\"transform: translate(98px, 230px); position: absolute; width: 132.034px; height: 23.0208px;\" t\u003d\"170\"\u003e \u003cregion\u003e \u003crect b\u003d\"187\" l\u003d\"102\" r\u003d\"239\" t\u003d\"170\"\u003e\u003c/rect\u003e  \u003c/region\u003e  \u003ctext\u003e \u003cpar linespacing\u003d\"750\"\u003e \u003cline b\u003d\"184\" baseline\u003d\"181\" l\u003d\"104\" r\u003d\"236\" style\u003d\"transform: translate(2px, 1px); position: absolute;\" t\u003d\"171\"\u003e \u003cformatting lang\u003d\"EnglishUnitedStates\"\u003e Johnny D. Appleseed \u003c/formatting\u003e  \u003c/line\u003e  \u003c/par\u003e  \u003c/text\u003e  \u003c/block\u003e  \u003cblock b\u003d\"200\" blockname\u003d\"\" blocktype\u003d\"Text\" l\u003d\"325\" r\u003d\"535\" style\u003d\"transform: translate(313px, 30px); position: absolute; width: 202.387px; height: 241.042px;\" t\u003d\"22\"\u003e \u003cregion\u003e \u003crect b\u003d\"200\" l\u003d\"325\" r\u003d\"535\" t\u003d\"22\"\u003e\u003c/rect\u003e  \u003c/region\u003e  \u003ctext\u003e \u003cpar linespacing\u003d\"1800\"\u003e \u003cline b\u003d\"133\" baseline\u003d\"133\" l\u003d\"338\" r\u003d\"434\" style\u003d\"transform: translate(13px, 118px); position: absolute;\" t\u003d\"109\"\u003e \u003cformatting lang\u003d\"EnglishUnitedStates\"\u003e Wnvoice \u003c/formatting\u003e  \u003c/line\u003e  \u003c/par\u003e  \u003cpar linespacing\u003d\"1425\" rightindent\u003d\"16200\"\u003e \u003cline b\u003d\"181\" baseline\u003d\"181\" l\u003d\"470\" r\u003d\"513\" style\u003d\"transform: translate(140px, 202px); position: absolute;\" t\u003d\"171\"\u003e \u003cformatting lang\u003d\"EnglishUnitedStates\"\u003e Invoice \u003c/formatting\u003e  \u003c/line\u003e  \u003cline b\u003d\"200\" baseline\u003d\"200\" l\u003d\"470\" r\u003d\"535\" style\u003d\"transform: translate(140px, 226px); position: absolute;\" t\u003d\"189\"\u003e \u003cformatting lang\u003d\"EnglishUnitedStates\"\u003e Issue Date \u003c/formatting\u003e  \u003c/line\u003e  \u003c/par\u003e  \u003c/text\u003e  \u003c/block\u003e  \u003cblock b\u003d\"220\" blockname\u003d\"\" blocktype\u003d\"Text\" l\u003d\"469\" r\u003d\"543\" style\u003d\"transform: translate(452px, 279px); position: absolute; width: 71.3175px; height: 18.9583px;\" t\u003d\"206\"\u003e \u003cregion\u003e \u003crect b\u003d\"220\" l\u003d\"469\" r\u003d\"543\" t\u003d\"206\"\u003e\u003c/rect\u003e  \u003c/region\u003e  \u003ctext\u003e \u003cpar leftindent\u003d\"31800\" linespacing\u003d\"750\"\u003e \u003cline b\u003d\"217\" baseline\u003d\"217\" l\u003d\"471\" r\u003d\"540\" style\u003d\"transform: translate(2px, 1px); position: absolute;\" t\u003d\"207\"\u003e \u003cformatting lang\u003d\"EnglishUnitedStates\"\u003e \u003cinvoice_date appendorder\u003d\"5\" class\u003d\"extraction-tag\" confidence\u003d\"1/1\" data-original-title\u003d\"Invoice date\" data-toggle\u003d\"tooltip\" data-value\u003d\"12/09/2015\" fold-name\u003d\"fold4\" score\u003d\"0.7236623596438642\" style\u003d\"background-color: rgb(17, 18, 43);  color: rgb(255, 255, 255);   border: 2px solid rgb(125, 157, 1); \" tagorder\u003d\"2\"\u003e12/09/2015\u003c/invoice_date\u003e \u003c/formatting\u003e  \u003c/line\u003e  \u003c/par\u003e  \u003c/text\u003e  \u003c/block\u003e  \u003cblock b\u003d\"273\" blockname\u003d\"\" blocktype\u003d\"Text\" l\u003d\"53\" r\u003d\"93\" style\u003d\"transform: translate(51px, 351px); position: absolute; width: 38.55px; height: 18.9583px;\" t\u003d\"259\"\u003e \u003cregion\u003e \u003crect b\u003d\"273\" l\u003d\"53\" r\u003d\"93\" t\u003d\"259\"\u003e\u003c/rect\u003e  \u003c/region\u003e  \u003ctext\u003e \u003cpar linespacing\u003d\"750\"\u003e \u003cline b\u003d\"270\" baseline\u003d\"270\" l\u003d\"55\" r\u003d\"90\" style\u003d\"transform: translate(2px, 1px); position: absolute;\" t\u003d\"260\"\u003e \u003cformatting lang\u003d\"EnglishUnitedStates\"\u003e Client \u003c/formatting\u003e  \u003c/line\u003e  \u003c/par\u003e  \u003c/text\u003e  \u003c/block\u003e  \u003cblock b\u003d\"324\" blockname\u003d\"\" blocktype\u003d\"Text\" l\u003d\"112\" r\u003d\"282\" style\u003d\"transform: translate(108px, 351px); position: absolute; width: 163.837px; height: 88.0208px;\" t\u003d\"259\"\u003e \u003cregion\u003e \u003crect b\u003d\"324\" l\u003d\"112\" r\u003d\"282\" t\u003d\"259\"\u003e\u003c/rect\u003e  \u003c/region\u003e  \u003ctext\u003e \u003cpar linespacing\u003d\"1200\"\u003e \u003cline b\u003d\"273\" baseline\u003d\"270\" l\u003d\"114\" r\u003d\"246\" style\u003d\"transform: translate(2px, 1px); position: absolute;\" t\u003d\"260\"\u003e \u003cformatting lang\u003d\"EnglishUnitedStates\"\u003e Johnny D. Appleseed \u003c/formatting\u003e  \u003c/line\u003e  \u003cline b\u003d\"286\" baseline\u003d\"286\" l\u003d\"115\" r\u003d\"220\" style\u003d\"transform: translate(3px, 23px); position: absolute;\" t\u003d\"276\"\u003e \u003cformatting lang\u003d\"EnglishUnitedStates\"\u003e 1234 Main Street \u003c/formatting\u003e  \u003c/line\u003e  \u003cline b\u003d\"303\" baseline\u003d\"302\" l\u003d\"115\" r\u003d\"199\" style\u003d\"transform: translate(3px, 45px); position: absolute;\" t\u003d\"292\"\u003e \u003cformatting lang\u003d\"EnglishUnitedStates\"\u003e LA CA 90033 \u003c/formatting\u003e  \u003c/line\u003e  \u003cline b\u003d\"321\" baseline\u003d\"318\" l\u003d\"114\" r\u003d\"279\" style\u003d\"transform: translate(2px, 66px); position: absolute;\" t\u003d\"308\"\u003e \u003cformatting lang\u003d\"EnglishUnitedStates\"\u003e Johnny@sampleemail.com \u003c/formatting\u003e  \u003c/line\u003e  \u003c/par\u003e  \u003c/text\u003e  \u003c/block\u003e  \u003cblock b\u003d\"273\" blockname\u003d\"\" blocktype\u003d\"Text\" l\u003d\"491\" r\u003d\"547\" style\u003d\"transform: translate(473px, 351px); position: absolute; width: 53.97px; height: 18.9583px;\" t\u003d\"259\"\u003e \u003cregion\u003e \u003crect b\u003d\"273\" l\u003d\"491\" r\u003d\"547\" t\u003d\"259\"\u003e\u003c/rect\u003e  \u003c/region\u003e  \u003ctext\u003e \u003cpar linespacing\u003d\"750\"\u003e \u003cline b\u003d\"270\" baseline\u003d\"270\" l\u003d\"493\" r\u003d\"544\" style\u003d\"transform: translate(2px, 1px); position: absolute;\" t\u003d\"260\"\u003e \u003cformatting lang\u003d\"EnglishUnitedStates\"\u003e Provider \u003c/formatting\u003e  \u003c/line\u003e  \u003c/par\u003e  \u003c/text\u003e  \u003c/block\u003e  \u003cblock b\u003d\"276\" blockname\u003d\"\" blocktype\u003d\"Text\" l\u003d\"565\" r\u003d\"669\" style\u003d\"transform: translate(545px, 351px); position: absolute; width: 100.23px; height: 23.0208px;\" t\u003d\"259\"\u003e \u003cregion\u003e \u003crect b\u003d\"276\" l\u003d\"565\" r\u003d\"669\" t\u003d\"259\"\u003e\u003c/rect\u003e  \u003c/region\u003e  \u003ctext\u003e \u003cpar linespacing\u003d\"750\"\u003e \u003cline b\u003d\"273\" baseline\u003d\"270\" l\u003d\"567\" r\u003d\"666\" style\u003d\"transform: translate(2px, 1px); position: absolute;\" t\u003d\"260\"\u003e \u003cformatting lang\u003d\"EnglishUnitedStates\"\u003e Jamie Therapist \u003c/formatting\u003e  \u003c/line\u003e  \u003c/par\u003e  \u003c/text\u003e  \u003c/block\u003e  \u003cblock b\u003d\"308\" blockname\u003d\"\" blocktype\u003d\"Text\" l\u003d\"566\" r\u003d\"751\" style\u003d\"transform: translate(545px, 394px); position: absolute; width: 178.294px; height: 23.0208px;\" t\u003d\"291\"\u003e \u003cregion\u003e \u003crect b\u003d\"308\" l\u003d\"566\" r\u003d\"751\" t\u003d\"291\"\u003e\u003c/rect\u003e  \u003c/region\u003e  \u003ctext\u003e \u003cpar linespacing\u003d\"750\"\u003e \u003cline b\u003d\"305\" baseline\u003d\"302\" l\u003d\"567\" r\u003d\"748\" style\u003d\"transform: translate(1px, 1px); position: absolute;\" t\u003d\"292\"\u003e \u003cformatting lang\u003d\"EnglishUnitedStates\"\u003e \u003cemail appendorder\u003d\"6\" class\u003d\"extraction-tag\" confidence\u003d\"1/1\" data-original-title\u003d\"email\" data-toggle\u003d\"tooltip\" data-value\u003d\"support@simplepractice.com\" fold-name\u003d\"fold1\" score\u003d\"0.8106821276049793\" style\u003d\"background-color: rgb(4, 0, 38);  color: rgb(255, 255, 255);   border: 2px solid rgb(125, 157, 1); \" tagorder\u003d\"444\"\u003esupport@simplepractice.com\u003c/email\u003e \u003c/formatting\u003e  \u003c/line\u003e  \u003c/par\u003e  \u003c/text\u003e  \u003c/block\u003e  \u003cregion xmlns\u003d\"http://ocr.crowdcomputingsystems.com/xml/schema-v1.xml\"\u003e \u003crect b\u003d\"506\" l\u003d\"47\" r\u003d\"754\" t\u003d\"365\"\u003e\u003c/rect\u003e  \u003c/region\u003e \u003ctable b\u003d\"506\" blockname\u003d\"\" blocktype\u003d\"Table\" l\u003d\"47\" r\u003d\"754\" style\u003d\"transform: translate(45px, 494px); position: absolute;\" t\u003d\"365\" xmlns\u003d\"\"\u003e \u003ctbody\u003e\u003ctr\u003e \u003ctd h\u003d\"22\" w\u003d\"123\"\u003e \u003ctext xmlns\u003d\"http://ocr.crowdcomputingsystems.com/xml/schema-v1.xml\"\u003e \u003cpar leftindent\u003d\"1000\" linespacing\u003d\"750\"\u003e \u003cline b\u003d\"380\" baseline\u003d\"380\" l\u003d\"60\" r\u003d\"89\" t\u003d\"370\"\u003e \u003cformatting lang\u003d\"EnglishUnitedStates\"\u003e Date \u003c/formatting\u003e  \u003c/line\u003e  \u003c/par\u003e  \u003c/text\u003e  \u003c/td\u003e   \u003ctd h\u003d\"22\" w\u003d\"459\"\u003e \u003ctext xmlns\u003d\"http://ocr.crowdcomputingsystems.com/xml/schema-v1.xml\"\u003e \u003cpar leftindent\u003d\"800\" linespacing\u003d\"750\"\u003e \u003cline b\u003d\"383\" baseline\u003d\"380\" l\u003d\"181\" r\u003d\"254\" t\u003d\"370\"\u003e \u003cformatting lang\u003d\"EnglishUnitedStates\"\u003e Description \u003c/formatting\u003e  \u003c/line\u003e  \u003c/par\u003e  \u003c/text\u003e  \u003c/td\u003e   \u003ctd h\u003d\"22\" w\u003d\"125\"\u003e \u003ctext xmlns\u003d\"http://ocr.crowdcomputingsystems.com/xml/schema-v1.xml\"\u003e \u003cpar align\u003d\"Right\" linespacing\u003d\"750\" rightindent\u003d\"1100\"\u003e \u003cline b\u003d\"380\" baseline\u003d\"380\" l\u003d\"689\" r\u003d\"739\" t\u003d\"370\"\u003e \u003cformatting lang\u003d\"EnglishUnitedStates\"\u003e Amount \u003c/formatting\u003e  \u003c/line\u003e  \u003c/par\u003e  \u003c/text\u003e  \u003c/td\u003e   \u003c/tr\u003e \n \u003ctr\u003e \u003ctd h\u003d\"37\" w\u003d\"123\"\u003e \u003ctext xmlns\u003d\"http://ocr.crowdcomputingsystems.com/xml/schema-v1.xml\"\u003e \u003cpar leftindent\u003d\"1000\" linespacing\u003d\"750\"\u003e \u003cline b\u003d\"410\" baseline\u003d\"410\" l\u003d\"61\" r\u003d\"130\" t\u003d\"400\"\u003e \u003cformatting lang\u003d\"EnglishUnitedStates\"\u003e 12/02/2015 \u003c/formatting\u003e  \u003c/line\u003e  \u003c/par\u003e  \u003c/text\u003e  \u003c/td\u003e   \u003ctd h\u003d\"37\" w\u003d\"459\"\u003e \u003ctext xmlns\u003d\"http://ocr.crowdcomputingsystems.com/xml/schema-v1.xml\"\u003e \u003cpar leftindent\u003d\"800\" linespacing\u003d\"750\"\u003e \u003cline b\u003d\"410\" baseline\u003d\"410\" l\u003d\"181\" r\u003d\"314\" t\u003d\"400\"\u003e\u003cproduct appendorder\u003d\"5\" class\u003d\"extraction-tag\" confidence\u003d\"1/1\" data-original-title\u003d\"construction_type\" data-toggle\u003d\"tooltip\" data-value\u003d\"Professional Services\" fold-name\u003d\"fold2\" injection\u003d\"true\" referencedatausedininjection\u003d\"manual\" score\u003d\"0.5512518286973882\" style\u003d\"background-color: rgb(78, 135, 105);  color: rgb(0, 0, 0);   border: 2px solid rgb(125, 157, 1); \" tagorder\u003d\"9204354\"\u003eProfessional Services\u003c/product\u003e\u003c/line\u003e  \u003c/par\u003e  \u003c/text\u003e  \u003c/td\u003e   \u003ctd h\u003d\"37\" w\u003d\"125\"\u003e \u003ctext xmlns\u003d\"http://ocr.crowdcomputingsystems.com/xml/schema-v1.xml\"\u003e \u003cpar align\u003d\"Right\" linespacing\u003d\"830\" rightindent\u003d\"1100\"\u003e \u003cline b\u003d\"411\" baseline\u003d\"410\" l\u003d\"709\" r\u003d\"739\" t\u003d\"399\"\u003e$\u003cprice class\u003d\"extraction-tag\" data-value\u003d\"100\" fold-name\u003d\"fold5\" ml-tagorder\u003d\"9229818\" score\u003d\"0.6457281461393066\" tagorder\u003d\"9229818\"\u003e100\u003c/price\u003e\u003c/line\u003e  \u003c/par\u003e  \u003c/text\u003e  \u003c/td\u003e   \u003c/tr\u003e \n \u003ctr\u003e \u003ctd h\u003d\"41\" w\u003d\"123\"\u003e \u003ctext xmlns\u003d\"http://ocr.crowdcomputingsystems.com/xml/schema-v1.xml\"\u003e \u003cpar leftindent\u003d\"1000\" linespacing\u003d\"750\"\u003e \u003cline b\u003d\"449\" baseline\u003d\"449\" l\u003d\"61\" r\u003d\"130\" t\u003d\"439\"\u003e \u003cformatting lang\u003d\"EnglishUnitedStates\"\u003e 12/07/2015 \u003c/formatting\u003e  \u003c/line\u003e  \u003c/par\u003e  \u003c/text\u003e  \u003c/td\u003e   \u003ctd h\u003d\"41\" w\u003d\"459\"\u003e \u003ctext xmlns\u003d\"http://ocr.crowdcomputingsystems.com/xml/schema-v1.xml\"\u003e \u003cpar leftindent\u003d\"800\" linespacing\u003d\"750\"\u003e \u003cline b\u003d\"452\" baseline\u003d\"449\" l\u003d\"181\" r\u003d\"332\" t\u003d\"439\"\u003eEdit Session Description\u003c/line\u003e  \u003c/par\u003e  \u003c/text\u003e  \u003c/td\u003e   \u003ctd h\u003d\"41\" w\u003d\"125\"\u003e \u003ctext xmlns\u003d\"http://ocr.crowdcomputingsystems.com/xml/schema-v1.xml\"\u003e \u003cpar align\u003d\"Right\" linespacing\u003d\"830\" rightindent\u003d\"1100\"\u003e \u003cline b\u003d\"450\" baseline\u003d\"449\" l\u003d\"709\" r\u003d\"739\" t\u003d\"438\"\u003e$\u003cprice class\u003d\"extraction-tag\" data-value\u003d\"100\" fold-name\u003d\"fold5\" ml-tagorder\u003d\"9229819\" score\u003d\"0.6273001771315155\" tagorder\u003d\"9229819\"\u003e100\u003c/price\u003e\u003c/line\u003e  \u003c/par\u003e  \u003c/text\u003e  \u003c/td\u003e   \u003c/tr\u003e \n \u003ctr\u003e \u003ctd h\u003d\"41\" w\u003d\"123\"\u003e \u003ctext xmlns\u003d\"http://ocr.crowdcomputingsystems.com/xml/schema-v1.xml\"\u003e \u003cpar leftindent\u003d\"1000\" linespacing\u003d\"750\"\u003e \u003cline b\u003d\"488\" baseline\u003d\"488\" l\u003d\"61\" r\u003d\"130\" t\u003d\"478\"\u003e \u003cformatting lang\u003d\"EnglishUnitedStates\"\u003e 12/09/2015 \u003c/formatting\u003e  \u003c/line\u003e  \u003c/par\u003e  \u003c/text\u003e  \u003c/td\u003e   \u003ctd h\u003d\"41\" w\u003d\"459\"\u003e \u003ctext xmlns\u003d\"http://ocr.crowdcomputingsystems.com/xml/schema-v1.xml\"\u003e \u003cpar leftindent\u003d\"800\" linespacing\u003d\"750\"\u003e \u003cline b\u003d\"491\" baseline\u003d\"488\" l\u003d\"181\" r\u003d\"359\" t\u003d\"478\"\u003e\u003cproduct appendorder\u003d\"5\" class\u003d\"extraction-tag\" confidence\u003d\"1/1\" data-original-title\u003d\"construction_type\" data-toggle\u003d\"tooltip\" data-value\u003d\"Client overpayment / Refund\" fold-name\u003d\"fold2\" injection\u003d\"true\" referencedatausedininjection\u003d\"manual\" score\u003d\"0.5122949185964423\" style\u003d\"background-color: rgb(78, 135, 105);  color: rgb(0, 0, 0);   border: 2px solid rgb(125, 157, 1); \" tagorder\u003d\"9229815\"\u003eClient overpayment / Refund\u003c/product\u003e\u003c/line\u003e  \u003c/par\u003e  \u003c/text\u003e  \u003c/td\u003e   \u003ctd h\u003d\"41\" w\u003d\"125\"\u003e \u003ctext xmlns\u003d\"http://ocr.crowdcomputingsystems.com/xml/schema-v1.xml\"\u003e \u003cpar align\u003d\"Right\" linespacing\u003d\"830\" rightindent\u003d\"1100\"\u003e \u003cline b\u003d\"489\" baseline\u003d\"488\" l\u003d\"703\" r\u003d\"739\" t\u003d\"477\"\u003e-$100\u003c/line\u003e  \u003c/par\u003e  \u003c/text\u003e  \u003c/td\u003e   \u003c/tr\u003e \n \u003c/tbody\u003e\u003c/table\u003e\n \u003cblock b\u003d\"569\" blockname\u003d\"\" blocktype\u003d\"Text\" l\u003d\"507\" r\u003d\"742\" style\u003d\"transform: translate(489px, 707px); position: absolute; width: 226.481px; height: 63.6458px;\" t\u003d\"522\"\u003e \u003cregion\u003e \u003crect b\u003d\"569\" l\u003d\"507\" r\u003d\"742\" t\u003d\"522\"\u003e\u003c/rect\u003e  \u003c/region\u003e  \u003ctext\u003e \u003cpar align\u003d\"Justified\" leftindent\u003d\"34700\" linespacing\u003d\"2025\"\u003e \u003cline b\u003d\"537\" baseline\u003d\"536\" l\u003d\"509\" r\u003d\"739\" style\u003d\"transform: translate(2px, 1px); position: absolute;\" t\u003d\"523\"\u003e \u003cformatting lang\u003d\"EnglishUnitedStates\"\u003e Total $\u003ctotal_amount appendorder\u003d\"6\" class\u003d\"extraction-tag\" confidence\u003d\"1/1\" data-original-title\u003d\"Total amount\" data-toggle\u003d\"tooltip\" data-value\u003d\"100\" fold-name\u003d\"fold4\" score\u003d\"0.5925445155409007\" style\u003d\"background-color: rgb(27, 182, 226);  color: rgb(0, 0, 0);   border: 2px solid rgb(125, 157, 1); \" tagorder\u003d\"3\"\u003e100\u003c/total_amount\u003e \u003c/formatting\u003e  \u003c/line\u003e  \u003c/par\u003e  \u003cpar align\u003d\"Justified\" leftindent\u003d\"34700\" linespacing\u003d\"2025\"\u003e \u003cline b\u003d\"566\" baseline\u003d\"563\" l\u003d\"510\" r\u003d\"739\" style\u003d\"transform: translate(3px, 42px); position: absolute;\" t\u003d\"553\"\u003e \u003cformatting lang\u003d\"EnglishUnitedStates\"\u003e Make payments to: Jamie Therapist \u003c/formatting\u003e  \u003c/line\u003e  \u003c/par\u003e  \u003c/text\u003e  \u003c/block\u003e  \u003cblock b\u003d\"606\" blockname\u003d\"\" blocktype\u003d\"Text\" l\u003d\"49\" r\u003d\"320\" style\u003d\"transform: translate(47px, 802px); position: absolute; width: 261.176px; height: 18.9583px;\" t\u003d\"592\"\u003e \u003cregion\u003e \u003crect b\u003d\"606\" l\u003d\"49\" r\u003d\"320\" t\u003d\"592\"\u003e\u003c/rect\u003e  \u003c/region\u003e  \u003ctext\u003e \u003cpar linespacing\u003d\"750\"\u003e \u003cline b\u003d\"603\" baseline\u003d\"603\" l\u003d\"51\" r\u003d\"317\" style\u003d\"transform: translate(2px, 1px); position: absolute;\" t\u003d\"593\"\u003e \u003cformatting lang\u003d\"EnglishUnitedStates\"\u003e Enter custom notes in a custom notes box. \u003c/formatting\u003e  \u003c/line\u003e  \u003c/par\u003e  \u003c/text\u003e  \u003c/block\u003e  \u003cblock b\u003d\"389\" blockname\u003d\"\" blocktype\u003d\"Separator\" l\u003d\"50\" r\u003d\"749\" style\u003d\"transform: translate(48px, 523px); position: absolute;\" t\u003d\"386\"\u003e \u003cregion\u003e \u003crect b\u003d\"389\" l\u003d\"50\" r\u003d\"749\" t\u003d\"386\"\u003e\u003c/rect\u003e  \u003c/region\u003e  \u003cseparator thickness\u003d\"3\" type\u003d\"Black\"\u003e \u003cstart x\u003d\"50\" y\u003d\"387\"\u003e\u003c/start\u003e \u003cend x\u003d\"749\" y\u003d\"387\"\u003e\u003c/end\u003e \u003c/separator\u003e \u003c/block\u003e  \u003cblock b\u003d\"426\" blockname\u003d\"\" blocktype\u003d\"Separator\" l\u003d\"50\" r\u003d\"749\" style\u003d\"transform: translate(48px, 573px); position: absolute;\" t\u003d\"423\"\u003e \u003cregion\u003e \u003crect b\u003d\"426\" l\u003d\"50\" r\u003d\"749\" t\u003d\"423\"\u003e\u003c/rect\u003e  \u003c/region\u003e  \u003cseparator thickness\u003d\"3\" type\u003d\"Black\"\u003e \u003cstart x\u003d\"50\" y\u003d\"424\"\u003e\u003c/start\u003e \u003cend x\u003d\"749\" y\u003d\"424\"\u003e\u003c/end\u003e \u003c/separator\u003e \u003c/block\u003e  \u003cblock b\u003d\"467\" blockname\u003d\"\" blocktype\u003d\"Separator\" l\u003d\"50\" r\u003d\"749\" style\u003d\"transform: translate(48px, 628px); position: absolute;\" t\u003d\"464\"\u003e \u003cregion\u003e \u003crect b\u003d\"467\" l\u003d\"50\" r\u003d\"749\" t\u003d\"464\"\u003e\u003c/rect\u003e  \u003c/region\u003e  \u003cseparator thickness\u003d\"3\" type\u003d\"Black\"\u003e \u003cstart x\u003d\"50\" y\u003d\"465\"\u003e\u003c/start\u003e \u003cend x\u003d\"749\" y\u003d\"465\"\u003e\u003c/end\u003e \u003c/separator\u003e \u003c/block\u003e  \u003cblock b\u003d\"504\" blockname\u003d\"\" blocktype\u003d\"Separator\" l\u003d\"50\" r\u003d\"749\" style\u003d\"transform: translate(48px, 678px); position: absolute;\" t\u003d\"501\"\u003e \u003cregion\u003e \u003crect b\u003d\"504\" l\u003d\"50\" r\u003d\"749\" t\u003d\"501\"\u003e\u003c/rect\u003e  \u003c/region\u003e  \u003cseparator thickness\u003d\"3\" type\u003d\"Black\"\u003e \u003cstart x\u003d\"50\" y\u003d\"502\"\u003e\u003c/start\u003e \u003cend x\u003d\"749\" y\u003d\"502\"\u003e\u003c/end\u003e \u003c/separator\u003e \u003c/block\u003e  \u003cblock b\u003d\"321\" blockname\u003d\"\" blocktype\u003d\"Separator\" l\u003d\"103\" r\u003d\"104\" style\u003d\"transform: translate(99px, 351px); position: absolute;\" t\u003d\"259\"\u003e \u003cregion\u003e \u003crect b\u003d\"321\" l\u003d\"103\" r\u003d\"104\" t\u003d\"259\"\u003e\u003c/rect\u003e  \u003c/region\u003e  \u003cseparator thickness\u003d\"1\" type\u003d\"Black\"\u003e \u003cstart x\u003d\"103\" y\u003d\"259\"\u003e\u003c/start\u003e \u003cend x\u003d\"103\" y\u003d\"321\"\u003e\u003c/end\u003e \u003c/separator\u003e \u003c/block\u003e  \u003cblock b\u003d\"504\" blockname\u003d\"\" blocktype\u003d\"Separator\" l\u003d\"169\" r\u003d\"172\" style\u003d\"transform: translate(163px, 497px); position: absolute;\" t\u003d\"367\"\u003e \u003cregion\u003e \u003crect b\u003d\"504\" l\u003d\"169\" r\u003d\"172\" t\u003d\"367\"\u003e\u003c/rect\u003e  \u003c/region\u003e  \u003cseparator thickness\u003d\"2\" type\u003d\"Black\"\u003e \u003cstart x\u003d\"170\" y\u003d\"367\"\u003e\u003c/start\u003e \u003cend x\u003d\"170\" y\u003d\"504\"\u003e\u003c/end\u003e \u003c/separator\u003e \u003c/block\u003e  \u003cblock b\u003d\"306\" blockname\u003d\"\" blocktype\u003d\"Separator\" l\u003d\"556\" r\u003d\"557\" style\u003d\"transform: translate(536px, 351px); position: absolute;\" t\u003d\"259\"\u003e \u003cregion\u003e \u003crect b\u003d\"306\" l\u003d\"556\" r\u003d\"557\" t\u003d\"259\"\u003e\u003c/rect\u003e  \u003c/region\u003e  \u003cseparator thickness\u003d\"1\" type\u003d\"Black\"\u003e \u003cstart x\u003d\"556\" y\u003d\"259\"\u003e\u003c/start\u003e \u003cend x\u003d\"556\" y\u003d\"306\"\u003e\u003c/end\u003e \u003c/separator\u003e \u003c/block\u003e  \u003cblock b\u003d\"493\" blockname\u003d\"\" blocktype\u003d\"Separator\" l\u003d\"628\" r\u003d\"631\" style\u003d\"transform: translate(605px, 497px); position: absolute;\" t\u003d\"367\"\u003e \u003cregion\u003e \u003crect b\u003d\"493\" l\u003d\"628\" r\u003d\"631\" t\u003d\"367\"\u003e\u003c/rect\u003e  \u003c/region\u003e  \u003cseparator thickness\u003d\"2\" type\u003d\"Black\"\u003e \u003cstart x\u003d\"629\" y\u003d\"367\"\u003e\u003c/start\u003e \u003cend x\u003d\"629\" y\u003d\"493\"\u003e\u003c/end\u003e \u003c/separator\u003e \u003c/block\u003e  \u003c/page\u003e               \u003c/document\u003e\u003c/body\u003e\u003c/html\u003e","tags":[{"begin":151,"end":161,"text":"12/09/2015","tag":"invoice_date","fieldType":"DATE","score":0.7236623596438642,"estimatedAccuracy":0.0},{"begin":384,"end":410,"text":"support@simplepractice.com","tag":"email","fieldType":"EMAIL","score":0.8106821276049793,"estimatedAccuracy":0.0},{"begin":533,"end":554,"text":"Professional Services","tag":"product","fieldType":"TEXT","score":0.5512518286973882,"estimatedAccuracy":0.0},{"begin":567,"end":570,"text":"100","tag":"price","fieldType":"NUMBER","score":0.6457281461393066,"estimatedAccuracy":0.0},{"begin":650,"end":653,"text":"100","tag":"price","fieldType":"NUMBER","score":0.6273001771315155,"estimatedAccuracy":0.0},{"begin":696,"end":723,"text":"Client overpayment / Refund","tag":"product","fieldType":"TEXT","score":0.5122949185964423,"estimatedAccuracy":0.0},{"begin":771,"end":774,"text":"100","tag":"total_amount","fieldType":"NUMBER","score":0.5925445155409007,"estimatedAccuracy":0.0}],"group":"email|invoice_date|price|product|total_amount","limeExplanation":{},"liblinearFeatureImportance":{}}