{"finalScore":0.6660567807888959,"metaInfo":{"model":{"coreVersion":"10.3.0.39"}},"sumScore":3.9963406847333753,"tagsCounter":6.0,"taggedText":"\u003chtml\u003e\u003chead\u003e\u003cscript src\u003d\"https://ajax.googleapis.com/ajax/libs/jquery/2.2.0/jquery.min.js\"\u003e\u003c/script\u003e\u003c/head\u003e\u003cbody\u003e\u003cdocument languages\u003d\"\" producer\u003d\"Workfusion\" schemalocation\u003d\"http://ocr.crowdcomputingsystems.com/xml/schema-v1.xml\" version\u003d\"1.0\" xmlns\u003d\"http://ocr.crowdcomputingsystems.com/xml/schema-v1.xml\" xsi\u003d\"http://www.w3.org/2001/XMLSchema-instance\"\u003e \u003clink href\u003d\"https://s3.amazonaws.com/workfusion-resources/ocr/ocr-xml-viewer-0.3-scale-to-width.css\" rel\u003d\"stylesheet\" type\u003d\"text/css\"\u003e\u003c/link\u003e \u003cstyle\u003e\u003c/style\u003e\u003cpage data-pages\u003d\"1\" h\u003d\"1000\" resolution\u003d\"120\" style\u003d\"height: 923px;\" w\u003d\"1000\"\u003e \u003cblock b\u003d\"235\" blockname\u003d\"\" blocktype\u003d\"Text\" l\u003d\"84\" r\u003d\"446\" style\u003d\"transform: translate(63px, 125px); position: absolute; width: 273.31px; height: 130px;\" t\u003d\"115\"\u003e \u003cregion\u003e \u003crect b\u003d\"227\" l\u003d\"84\" r\u003d\"446\" t\u003d\"115\"\u003e\u003c/rect\u003e  \u003crect b\u003d\"235\" l\u003d\"133\" r\u003d\"349\" t\u003d\"227\"\u003e\u003c/rect\u003e  \u003c/region\u003e  \u003ctext\u003e \u003cpar leftindent\u003d\"1300\" linespacing\u003d\"1140\"\u003e \u003cline b\u003d\"233\" baseline\u003d\"227\" l\u003d\"106\" r\u003d\"377\" style\u003d\"transform: translate(17px, 101px); position: absolute;\" t\u003d\"208\"\u003e \u003cformatting lang\u003d\"EnglishUnitedStates\"\u003e w a new experience r \u003c/formatting\u003e  \u003c/line\u003e  \u003c/par\u003e  \u003c/text\u003e  \u003c/block\u003e  \u003cblock b\u003d\"311\" blockname\u003d\"\" blocktype\u003d\"Text\" l\u003d\"347\" r\u003d\"505\" style\u003d\"transform: translate(262px, 313px); position: absolute; width: 119.29px; height: 23.8333px;\" t\u003d\"289\"\u003e \u003cregion\u003e \u003crect b\u003d\"311\" l\u003d\"347\" r\u003d\"505\" t\u003d\"289\"\u003e\u003c/rect\u003e  \u003c/region\u003e  \u003ctext\u003e \u003cpar linespacing\u003d\"900\"\u003e \u003cline b\u003d\"309\" baseline\u003d\"305\" l\u003d\"348\" r\u003d\"502\" style\u003d\"transform: translate(1px, 1px); position: absolute;\" t\u003d\"290\"\u003e \u003cformatting lang\u003d\"EnglishUnitedStates\"\u003e Delivery Address \u003c/formatting\u003e  \u003c/line\u003e  \u003c/par\u003e  \u003c/text\u003e  \u003c/block\u003e  \u003cblock b\u003d\"205\" blockname\u003d\"\" blocktype\u003d\"Text\" l\u003d\"816\" r\u003d\"953\" style\u003d\"transform: translate(616px, 134px); position: absolute; width: 103.435px; height: 87.75px;\" t\u003d\"124\"\u003e \u003cregion\u003e \u003crect b\u003d\"205\" l\u003d\"816\" r\u003d\"953\" t\u003d\"124\"\u003e\u003c/rect\u003e  \u003c/region\u003e  \u003ctext\u003e \u003cpar align\u003d\"Right\" linespacing\u003d\"1740\"\u003e \u003cline b\u003d\"143\" baseline\u003d\"143\" l\u003d\"857\" r\u003d\"950\" style\u003d\"transform: translate(31px, 1px); position: absolute;\" t\u003d\"125\"\u003e \u003cformatting lang\u003d\"EnglishUnitedStates\"\u003e INVOICE \u003c/formatting\u003e  \u003c/line\u003e  \u003c/par\u003e  \u003cpar align\u003d\"Right\" linespacing\u003d\"1740\"\u003e \u003cline b\u003d\"175\" baseline\u003d\"173\" l\u003d\"818\" r\u003d\"950\" style\u003d\"transform: translate(2px, 34px); position: absolute;\" t\u003d\"155\"\u003e \u003cformatting lang\u003d\"EnglishUnitedStates\"\u003e \u003cinvoice_date appendorder\u003d\"3\" class\u003d\"extraction-tag\" confidence\u003d\"1/1\" data-original-title\u003d\"Invoice date\" data-toggle\u003d\"tooltip\" data-value\u003d\"04/25/2016\" fold-name\u003d\"fold3\" score\u003d\"0.7696150276802651\" style\u003d\"background-color: rgb(17, 18, 43);  color: rgb(255, 255, 255);   border: 2px solid rgb(125, 157, 1); \" tagorder\u003d\"1\"\u003e04/25/2016\u003c/invoice_date\u003e \u003c/formatting\u003e  \u003c/line\u003e  \u003c/par\u003e  \u003cpar align\u003d\"Right\" linespacing\u003d\"1740\"\u003e \u003cline b\u003d\"202\" baseline\u003d\"202\" l\u003d\"820\" r\u003d\"949\" style\u003d\"transform: translate(3px, 65px); position: absolute;\" t\u003d\"184\"\u003e \u003cformatting lang\u003d\"EnglishUnitedStates\"\u003e #\u003cinvoice_number appendorder\u003d\"4\" class\u003d\"extraction-tag\" confidence\u003d\"1/1\" data-original-title\u003d\"Invoice number\" data-toggle\u003d\"tooltip\" data-value\u003d\"IN000001\" fold-name\u003d\"fold5\" score\u003d\"0.5234343811607631\" style\u003d\"background-color: rgb(0, 83, 98);  color: rgb(255, 255, 255);   border: 2px solid rgb(125, 157, 1); \" tagorder\u003d\"2\"\u003eIN000001\u003c/invoice_number\u003e \u003c/formatting\u003e  \u003c/line\u003e  \u003c/par\u003e  \u003c/text\u003e  \u003c/block\u003e  \u003cblock b\u003d\"267\" blockname\u003d\"\" blocktype\u003d\"Text\" l\u003d\"707\" r\u003d\"899\" style\u003d\"transform: translate(534px, 236px); position: absolute; width: 144.96px; height: 53.0833px;\" t\u003d\"218\"\u003e \u003cregion\u003e \u003crect b\u003d\"267\" l\u003d\"707\" r\u003d\"899\" t\u003d\"218\"\u003e\u003c/rect\u003e  \u003c/region\u003e  \u003ctext\u003e \u003cpar linespacing\u003d\"2520\"\u003e \u003cline b\u003d\"264\" baseline\u003d\"262\" l\u003d\"707\" r\u003d\"887\" style\u003d\"transform: translate(0px, 2px); position: absolute;\" t\u003d\"220\"\u003e \u003cformatting lang\u003d\"EnglishUnitedStates\"\u003e I lllllll III II \u003c/formatting\u003e  \u003c/line\u003e  \u003c/par\u003e  \u003c/text\u003e  \u003c/block\u003e  \u003cblock b\u003d\"311\" blockname\u003d\"\" blocktype\u003d\"Text\" l\u003d\"644\" r\u003d\"783\" style\u003d\"transform: translate(486px, 313px); position: absolute; width: 104.945px; height: 23.8333px;\" t\u003d\"289\"\u003e \u003cregion\u003e \u003crect b\u003d\"311\" l\u003d\"644\" r\u003d\"783\" t\u003d\"289\"\u003e\u003c/rect\u003e  \u003c/region\u003e  \u003ctext\u003e \u003cpar linespacing\u003d\"900\"\u003e \u003cline b\u003d\"308\" baseline\u003d\"305\" l\u003d\"646\" r\u003d\"781\" style\u003d\"transform: translate(2px, 1px); position: absolute;\" t\u003d\"290\"\u003e \u003cformatting lang\u003d\"EnglishUnitedStates\"\u003e Billing Address \u003c/formatting\u003e  \u003c/line\u003e  \u003c/par\u003e  \u003c/text\u003e  \u003c/block\u003e  \u003cregion xmlns\u003d\"http://ocr.crowdcomputingsystems.com/xml/schema-v1.xml\"\u003e \u003crect b\u003d\"562\" l\u003d\"46\" r\u003d\"957\" t\u003d\"335\"\u003e\u003c/rect\u003e  \u003c/region\u003e \u003ctable b\u003d\"562\" blockname\u003d\"\" blocktype\u003d\"Table\" l\u003d\"46\" r\u003d\"957\" style\u003d\"transform: translate(35px, 363px); position: absolute; user-select: auto;\" t\u003d\"335\" xmlns\u003d\"\"\u003e \u003ctbody\u003e\u003ctr\u003e \u003ctd h\u003d\"165\" leftborder\u003d\"White\" rightborder\u003d\"White\" topborder\u003d\"White\" w\u003d\"232\"\u003e \u003ctext xmlns\u003d\"http://ocr.crowdcomputingsystems.com/xml/schema-v1.xml\"\u003e \u003cpar linespacing\u003d\"840\"\u003e \u003cline b\u003d\"351\" baseline\u003d\"351\" l\u003d\"50\" r\u003d\"154\" t\u003d\"337\"\u003e \u003cformatting lang\u003d\"EnglishUnitedStates\"\u003e P516 Demo \u003c/formatting\u003e  \u003c/line\u003e  \u003c/par\u003e  \u003c/text\u003e  \u003c/td\u003e   \u003ctd h\u003d\"165\" leftborder\u003d\"White\" rightborder\u003d\"White\" topborder\u003d\"White\" w\u003d\"263\"\u003e \u003ctext xmlns\u003d\"http://ocr.crowdcomputingsystems.com/xml/schema-v1.xml\"\u003e \u003cpar leftindent\u003d\"4200\" linespacing\u003d\"1380\"\u003e \u003cline b\u003d\"355\" baseline\u003d\"351\" l\u003d\"345\" r\u003d\"428\" t\u003d\"336\"\u003e \u003cformatting lang\u003d\"EnglishUnitedStates\"\u003e John Doe \u003c/formatting\u003e  \u003c/line\u003e  \u003c/par\u003e  \u003cpar leftindent\u003d\"4200\" linespacing\u003d\"1380\"\u003e \u003cline b\u003d\"374\" baseline\u003d\"374\" l\u003d\"348\" r\u003d\"370\" t\u003d\"360\"\u003e \u003cformatting lang\u003d\"EnglishUnitedStates\"\u003e US \u003c/formatting\u003e  \u003c/line\u003e  \u003c/par\u003e  \u003cpar leftindent\u003d\"4200\" linespacing\u003d\"1380\"\u003e \u003cline b\u003d\"399\" baseline\u003d\"397\" l\u003d\"348\" r\u003d\"533\" t\u003d\"382\"\u003e \u003cformatting lang\u003d\"EnglishUnitedStates\"\u003e NY, New York 90909 \u003c/formatting\u003e  \u003c/line\u003e  \u003cline b\u003d\"420\" baseline\u003d\"420\" l\u003d\"348\" r\u003d\"470\" t\u003d\"406\"\u003e \u003cformatting lang\u003d\"EnglishUnitedStates\"\u003e United States \u003c/formatting\u003e  \u003c/line\u003e  \u003cline b\u003d\"444\" baseline\u003d\"444\" l\u003d\"348\" r\u003d\"439\" t\u003d\"429\"\u003e \u003cformatting lang\u003d\"EnglishUnitedStates\"\u003e 12345678 \u003c/formatting\u003e  \u003c/line\u003e  \u003c/par\u003e  \u003c/text\u003e  \u003c/td\u003e   \u003ctd colspan\u003d\"2\" h\u003d\"165\" leftborder\u003d\"White\" rightborder\u003d\"White\" topborder\u003d\"White\" w\u003d\"416\"\u003e \u003ctext xmlns\u003d\"http://ocr.crowdcomputingsystems.com/xml/schema-v1.xml\"\u003e \u003cpar leftindent\u003d\"6300\" linespacing\u003d\"1380\"\u003e \u003cline b\u003d\"354\" baseline\u003d\"351\" l\u003d\"643\" r\u003d\"726\" t\u003d\"336\"\u003e \u003cformatting lang\u003d\"EnglishUnitedStates\"\u003e John Doe \u003c/formatting\u003e  \u003c/line\u003e  \u003c/par\u003e  \u003cpar leftindent\u003d\"6300\" linespacing\u003d\"1380\"\u003e \u003cline b\u003d\"374\" baseline\u003d\"374\" l\u003d\"646\" r\u003d\"669\" t\u003d\"360\"\u003e \u003cformatting lang\u003d\"EnglishUnitedStates\"\u003e US \u003c/formatting\u003e  \u003c/line\u003e  \u003c/par\u003e  \u003cpar leftindent\u003d\"6300\" linespacing\u003d\"1380\"\u003e \u003cline b\u003d\"399\" baseline\u003d\"397\" l\u003d\"646\" r\u003d\"831\" t\u003d\"382\"\u003e \u003cformatting lang\u003d\"EnglishUnitedStates\"\u003e NY, New York 90909 \u003c/formatting\u003e  \u003c/line\u003e  \u003c/par\u003e  \u003cpar leftindent\u003d\"6300\" linespacing\u003d\"1380\"\u003e \u003cline b\u003d\"420\" baseline\u003d\"420\" l\u003d\"646\" r\u003d\"769\" t\u003d\"406\"\u003e \u003cformatting lang\u003d\"EnglishUnitedStates\"\u003e United States \u003c/formatting\u003e  \u003c/line\u003e  \u003c/par\u003e  \u003cpar leftindent\u003d\"6300\" linespacing\u003d\"1380\"\u003e \u003cline b\u003d\"444\" baseline\u003d\"444\" l\u003d\"646\" r\u003d\"737\" t\u003d\"429\"\u003e \u003cformatting lang\u003d\"EnglishUnitedStates\"\u003e 12345678 \u003c/formatting\u003e  \u003c/line\u003e  \u003c/par\u003e  \u003c/text\u003e  \u003c/td\u003e   \u003c/tr\u003e \n \u003ctr\u003e \u003ctd bottomborder\u003d\"White\" h\u003d\"33\" leftborder\u003d\"White\" rightborder\u003d\"White\" w\u003d\"232\"\u003e \u003ctext xmlns\u003d\"http://ocr.crowdcomputingsystems.com/xml/schema-v1.xml\"\u003e \u003cpar align\u003d\"Center\" leftindent\u003d\"500\" linespacing\u003d\"720\"\u003e \u003cline b\u003d\"520\" baseline\u003d\"520\" l\u003d\"99\" r\u003d\"217\" t\u003d\"508\"\u003e \u003cformatting lang\u003d\"EnglishUnitedStates\"\u003e Invoice Number \u003c/formatting\u003e  \u003c/line\u003e  \u003c/par\u003e  \u003c/text\u003e  \u003c/td\u003e   \u003ctd bottomborder\u003d\"White\" h\u003d\"33\" leftborder\u003d\"White\" rightborder\u003d\"White\" w\u003d\"263\"\u003e \u003ctext xmlns\u003d\"http://ocr.crowdcomputingsystems.com/xml/schema-v1.xml\"\u003e \u003cpar leftindent\u003d\"3500\" linespacing\u003d\"720\"\u003e \u003cline b\u003d\"520\" baseline\u003d\"520\" l\u003d\"337\" r\u003d\"430\" t\u003d\"508\"\u003e \u003cformatting lang\u003d\"EnglishUnitedStates\"\u003e Invoice Date \u003c/formatting\u003e  \u003c/line\u003e  \u003c/par\u003e  \u003c/text\u003e  \u003c/td\u003e   \u003ctd bottomborder\u003d\"White\" h\u003d\"33\" leftborder\u003d\"White\" rightborder\u003d\"White\" w\u003d\"193\"\u003e \u003ctext xmlns\u003d\"http://ocr.crowdcomputingsystems.com/xml/schema-v1.xml\"\u003e \u003cpar linespacing\u003d\"720\"\u003e \u003cline b\u003d\"520\" baseline\u003d\"520\" l\u003d\"548\" r\u003d\"671\" t\u003d\"508\"\u003e \u003cformatting lang\u003d\"EnglishUnitedStates\"\u003e Order Reference \u003c/formatting\u003e  \u003c/line\u003e  \u003c/par\u003e  \u003c/text\u003e  \u003c/td\u003e   \u003ctd bottomborder\u003d\"White\" h\u003d\"33\" leftborder\u003d\"White\" rightborder\u003d\"White\" w\u003d\"223\"\u003e \u003ctext xmlns\u003d\"http://ocr.crowdcomputingsystems.com/xml/schema-v1.xml\"\u003e \u003cpar align\u003d\"Center\" leftindent\u003d\"1200\" linespacing\u003d\"720\"\u003e \u003cline b\u003d\"520\" baseline\u003d\"520\" l\u003d\"795\" r\u003d\"876\" t\u003d\"508\"\u003e \u003cformatting lang\u003d\"EnglishUnitedStates\"\u003e Order date \u003c/formatting\u003e  \u003c/line\u003e  \u003c/par\u003e  \u003c/text\u003e  \u003c/td\u003e   \u003c/tr\u003e \n \u003ctr\u003e \u003ctd h\u003d\"29\" leftborder\u003d\"White\" rightborder\u003d\"White\" topborder\u003d\"White\" w\u003d\"232\"\u003e \u003ctext xmlns\u003d\"http://ocr.crowdcomputingsystems.com/xml/schema-v1.xml\"\u003e \u003cpar align\u003d\"Center\" leftindent\u003d\"500\" linespacing\u003d\"540\"\u003e \u003cline b\u003d\"550\" baseline\u003d\"550\" l\u003d\"125\" r\u003d\"190\" t\u003d\"541\"\u003e \u003cformatting lang\u003d\"EnglishUnitedStates\"\u003e #IN000001 \u003c/formatting\u003e  \u003c/line\u003e  \u003c/par\u003e  \u003c/text\u003e  \u003c/td\u003e   \u003ctd h\u003d\"29\" leftborder\u003d\"White\" rightborder\u003d\"White\" topborder\u003d\"White\" w\u003d\"263\"\u003e \u003ctext xmlns\u003d\"http://ocr.crowdcomputingsystems.com/xml/schema-v1.xml\"\u003e \u003cpar leftindent\u003d\"4200\" linespacing\u003d\"540\"\u003e \u003cline b\u003d\"551\" baseline\u003d\"550\" l\u003d\"350\" r\u003d\"417\" t\u003d\"541\"\u003e \u003cformatting lang\u003d\"EnglishUnitedStates\"\u003e 04/25/2016 \u003c/formatting\u003e  \u003c/line\u003e  \u003c/par\u003e  \u003c/text\u003e  \u003c/td\u003e   \u003ctd h\u003d\"29\" leftborder\u003d\"White\" rightborder\u003d\"White\" topborder\u003d\"White\" w\u003d\"193\"\u003e \u003ctext xmlns\u003d\"http://ocr.crowdcomputingsystems.com/xml/schema-v1.xml\"\u003e \u003cpar leftindent\u003d\"2200\" linespacing\u003d\"540\"\u003e \u003cline b\u003d\"553\" baseline\u003d\"550\" l\u003d\"578\" r\u003d\"640\" t\u003d\"541\"\u003e \u003cformatting lang\u003d\"EnglishUnitedStates\"\u003e JSJRKXSBY \u003c/formatting\u003e  \u003c/line\u003e  \u003c/par\u003e  \u003c/text\u003e  \u003c/td\u003e   \u003ctd h\u003d\"29\" leftborder\u003d\"White\" rightborder\u003d\"White\" topborder\u003d\"White\" w\u003d\"223\"\u003e \u003ctext xmlns\u003d\"http://ocr.crowdcomputingsystems.com/xml/schema-v1.xml\"\u003e \u003cpar align\u003d\"Center\" leftindent\u003d\"1200\" linespacing\u003d\"540\"\u003e \u003cline b\u003d\"551\" baseline\u003d\"550\" l\u003d\"802\" r\u003d\"868\" t\u003d\"541\"\u003e \u003cformatting lang\u003d\"EnglishUnitedStates\"\u003e 04/25/2016 \u003c/formatting\u003e  \u003c/line\u003e  \u003c/par\u003e  \u003c/text\u003e  \u003c/td\u003e   \u003c/tr\u003e \n \u003c/tbody\u003e\u003c/table\u003e\n \u003cregion xmlns\u003d\"http://ocr.crowdcomputingsystems.com/xml/schema-v1.xml\"\u003e \u003crect b\u003d\"701\" l\u003d\"47\" r\u003d\"954\" t\u003d\"593\"\u003e\u003c/rect\u003e  \u003c/region\u003e \u003ctable b\u003d\"701\" blockname\u003d\"\" blocktype\u003d\"Table\" l\u003d\"47\" r\u003d\"954\" style\u003d\"transform: translate(35px, 642px); position: absolute; user-select: auto;\" t\u003d\"593\" xmlns\u003d\"\"\u003e \u003ctbody\u003e\u003ctr\u003e \u003ctd bottomborder\u003d\"White\" h\u003d\"26\" rightborder\u003d\"White\" w\u003d\"104\"\u003e \u003ctext xmlns\u003d\"http://ocr.crowdcomputingsystems.com/xml/schema-v1.xml\"\u003e \u003cpar leftindent\u003d\"900\" linespacing\u003d\"720\"\u003e \u003cline b\u003d\"615\" baseline\u003d\"615\" l\u003d\"62\" r\u003d\"137\" t\u003d\"603\"\u003e \u003cformatting lang\u003d\"EnglishUnitedStates\"\u003e Reference \u003c/formatting\u003e  \u003c/line\u003e  \u003c/par\u003e  \u003c/text\u003e  \u003c/td\u003e   \u003ctd bottomborder\u003d\"White\" h\u003d\"26\" leftborder\u003d\"White\" rightborder\u003d\"White\" w\u003d\"307\"\u003e \u003ctext xmlns\u003d\"http://ocr.crowdcomputingsystems.com/xml/schema-v1.xml\"\u003e \u003cpar align\u003d\"Center\" leftindent\u003d\"200\" linespacing\u003d\"720\"\u003e \u003cline b\u003d\"615\" baseline\u003d\"615\" l\u003d\"274\" r\u003d\"331\" t\u003d\"603\"\u003e \u003cformatting lang\u003d\"EnglishUnitedStates\"\u003e Product \u003c/formatting\u003e  \u003c/line\u003e  \u003c/par\u003e  \u003c/text\u003e  \u003c/td\u003e   \u003ctd bottomborder\u003d\"White\" h\u003d\"26\" leftborder\u003d\"White\" rightborder\u003d\"White\" w\u003d\"66\"\u003e \u003ctext xmlns\u003d\"http://ocr.crowdcomputingsystems.com/xml/schema-v1.xml\"\u003e \u003cpar leftindent\u003d\"800\" linespacing\u003d\"660\"\u003e \u003cline b\u003d\"615\" baseline\u003d\"615\" l\u003d\"473\" r\u003d\"500\" t\u003d\"604\"\u003e \u003cformatting lang\u003d\"EnglishUnitedStates\"\u003e Tax \u003c/formatting\u003e  \u003c/line\u003e  \u003c/par\u003e  \u003c/text\u003e  \u003c/td\u003e   \u003ctd bottomborder\u003d\"White\" h\u003d\"26\" leftborder\u003d\"White\" rightborder\u003d\"White\" w\u003d\"123\"\u003e \u003ctext xmlns\u003d\"http://ocr.crowdcomputingsystems.com/xml/schema-v1.xml\"\u003e \u003cpar align\u003d\"Center\" leftindent\u003d\"400\" linespacing\u003d\"720\"\u003e \u003cline b\u003d\"618\" baseline\u003d\"615\" l\u003d\"544\" r\u003d\"621\" t\u003d\"603\"\u003e \u003cformatting lang\u003d\"EnglishUnitedStates\"\u003e Base price \u003c/formatting\u003e  \u003c/line\u003e  \u003c/par\u003e  \u003c/text\u003e  \u003c/td\u003e   \u003ctd bottomborder\u003d\"White\" h\u003d\"26\" leftborder\u003d\"White\" rightborder\u003d\"White\" w\u003d\"119\"\u003e \u003ctext xmlns\u003d\"http://ocr.crowdcomputingsystems.com/xml/schema-v1.xml\"\u003e \u003cpar align\u003d\"Right\" linespacing\u003d\"720\" rightindent\u003d\"1100\"\u003e \u003cline b\u003d\"616\" baseline\u003d\"615\" l\u003d\"677\" r\u003d\"748\" t\u003d\"603\"\u003e \u003cformatting lang\u003d\"EnglishUnitedStates\"\u003e Unit Price \u003c/formatting\u003e  \u003c/line\u003e  \u003c/par\u003e  \u003c/text\u003e  \u003c/td\u003e   \u003ctd bottomborder\u003d\"White\" h\u003d\"26\" leftborder\u003d\"White\" rightborder\u003d\"White\" w\u003d\"68\"\u003e \u003ctext xmlns\u003d\"http://ocr.crowdcomputingsystems.com/xml/schema-v1.xml\"\u003e \u003cpar align\u003d\"Center\" leftindent\u003d\"700\" linespacing\u003d\"720\"\u003e \u003cline b\u003d\"618\" baseline\u003d\"616\" l\u003d\"782\" r\u003d\"807\" t\u003d\"604\"\u003e \u003cformatting lang\u003d\"EnglishUnitedStates\"\u003e Qty \u003c/formatting\u003e  \u003c/line\u003e  \u003c/par\u003e  \u003c/text\u003e  \u003c/td\u003e   \u003ctd bottomborder\u003d\"White\" h\u003d\"26\" leftborder\u003d\"White\" w\u003d\"120\"\u003e \u003ctext xmlns\u003d\"http://ocr.crowdcomputingsystems.com/xml/schema-v1.xml\"\u003e \u003cpar align\u003d\"Right\" linespacing\u003d\"720\" rightindent\u003d\"1000\"\u003e \u003cline b\u003d\"615\" baseline\u003d\"615\" l\u003d\"900\" r\u003d\"937\" t\u003d\"603\"\u003e \u003cformatting lang\u003d\"EnglishUnitedStates\"\u003e Total \u003c/formatting\u003e  \u003c/line\u003e  \u003c/par\u003e  \u003c/text\u003e  \u003c/td\u003e   \u003c/tr\u003e \n \u003ctr\u003e \u003ctd h\u003d\"26\" rightborder\u003d\"White\" topborder\u003d\"White\" w\u003d\"104\"\u003e \u003ctext xmlns\u003d\"http://ocr.crowdcomputingsystems.com/xml/schema-v1.xml\"\u003e \u003cpar leftindent\u003d\"900\" linespacing\u003d\"-1\"\u003e\u003c/par\u003e  \u003c/text\u003e  \u003c/td\u003e   \u003ctd h\u003d\"26\" leftborder\u003d\"White\" rightborder\u003d\"White\" topborder\u003d\"White\" w\u003d\"307\"\u003e \u003ctext xmlns\u003d\"http://ocr.crowdcomputingsystems.com/xml/schema-v1.xml\"\u003e \u003cpar leftindent\u003d\"800\" linespacing\u003d\"-1\"\u003e\u003c/par\u003e  \u003c/text\u003e  \u003c/td\u003e   \u003ctd h\u003d\"26\" leftborder\u003d\"White\" rightborder\u003d\"White\" topborder\u003d\"White\" w\u003d\"66\"\u003e \u003ctext xmlns\u003d\"http://ocr.crowdcomputingsystems.com/xml/schema-v1.xml\"\u003e \u003cpar leftindent\u003d\"800\" linespacing\u003d\"660\"\u003e \u003cline b\u003d\"634\" baseline\u003d\"634\" l\u003d\"471\" r\u003d\"504\" t\u003d\"623\"\u003e \u003cformatting lang\u003d\"EnglishUnitedStates\"\u003e Rate \u003c/formatting\u003e  \u003c/line\u003e  \u003c/par\u003e  \u003c/text\u003e  \u003c/td\u003e   \u003ctd h\u003d\"26\" leftborder\u003d\"White\" rightborder\u003d\"White\" topborder\u003d\"White\" w\u003d\"123\"\u003e \u003ctext xmlns\u003d\"http://ocr.crowdcomputingsystems.com/xml/schema-v1.xml\"\u003e \u003cpar align\u003d\"Center\" leftindent\u003d\"400\" linespacing\u003d\"780\"\u003e \u003cline b\u003d\"636\" baseline\u003d\"635\" l\u003d\"544\" r\u003d\"621\" t\u003d\"622\"\u003e \u003cformatting lang\u003d\"EnglishUnitedStates\"\u003e (Tax excl.) \u003c/formatting\u003e  \u003c/line\u003e  \u003c/par\u003e  \u003c/text\u003e  \u003c/td\u003e   \u003ctd h\u003d\"26\" leftborder\u003d\"White\" rightborder\u003d\"White\" topborder\u003d\"White\" w\u003d\"119\"\u003e \u003ctext xmlns\u003d\"http://ocr.crowdcomputingsystems.com/xml/schema-v1.xml\"\u003e \u003cpar align\u003d\"Right\" linespacing\u003d\"720\" rightindent\u003d\"1100\"\u003e \u003cline b\u003d\"636\" baseline\u003d\"634\" l\u003d\"670\" r\u003d\"747\" t\u003d\"622\"\u003e \u003cformatting lang\u003d\"EnglishUnitedStates\"\u003e (Tax excl.J \u003c/formatting\u003e  \u003c/line\u003e  \u003c/par\u003e  \u003c/text\u003e  \u003c/td\u003e   \u003ctd h\u003d\"26\" leftborder\u003d\"White\" rightborder\u003d\"White\" topborder\u003d\"White\" w\u003d\"68\"\u003e \u003ctext xmlns\u003d\"http://ocr.crowdcomputingsystems.com/xml/schema-v1.xml\"\u003e \u003cpar leftindent\u003d\"1000\" linespacing\u003d\"-1\"\u003e\u003c/par\u003e  \u003c/text\u003e  \u003c/td\u003e   \u003ctd h\u003d\"26\" leftborder\u003d\"White\" topborder\u003d\"White\" w\u003d\"120\"\u003e \u003ctext xmlns\u003d\"http://ocr.crowdcomputingsystems.com/xml/schema-v1.xml\"\u003e \u003cpar align\u003d\"Right\" linespacing\u003d\"780\" rightindent\u003d\"1000\"\u003e \u003cline b\u003d\"636\" baseline\u003d\"635\" l\u003d\"860\" r\u003d\"937\" t\u003d\"622\"\u003e \u003cformatting lang\u003d\"EnglishUnitedStates\"\u003e (Tax excl.J \u003c/formatting\u003e  \u003c/line\u003e  \u003c/par\u003e  \u003c/text\u003e  \u003c/td\u003e   \u003c/tr\u003e \n \u003ctr\u003e \u003ctd bottomborder\u003d\"White\" h\u003d\"56\" rightborder\u003d\"White\" w\u003d\"104\"\u003e \u003ctext xmlns\u003d\"http://ocr.crowdcomputingsystems.com/xml/schema-v1.xml\"\u003e \u003cpar leftindent\u003d\"1400\" linespacing\u003d\"720\"\u003e \u003cline b\u003d\"670\" baseline\u003d\"666\" l\u003d\"70\" r\u003d\"127\" t\u003d\"654\"\u003e \u003cformatting lang\u003d\"EnglishUnitedStates\"\u003e demo_7 \u003c/formatting\u003e  \u003c/line\u003e  \u003c/par\u003e  \u003c/text\u003e  \u003c/td\u003e   \u003ctd bottomborder\u003d\"White\" h\u003d\"56\" leftborder\u003d\"White\" rightborder\u003d\"White\" w\u003d\"307\"\u003e \u003ctext xmlns\u003d\"http://ocr.crowdcomputingsystems.com/xml/schema-v1.xml\"\u003e \u003cpar align\u003d\"Justified\" leftindent\u003d\"800\" linespacing\u003d\"1140\" rightindent\u003d\"900\"\u003e \u003cline b\u003d\"668\" baseline\u003d\"666\" l\u003d\"164\" r\u003d\"443\" t\u003d\"654\"\u003e\u003cproduct class\u003d\"extraction-tag\" data-value\u003d\"Printed Chiffon Dress - Size : S, Color  : Yellow\" fold-name\u003d\"fold4\" ml-tagorder\u003d\"9988684\" score\u003d\"0.4193172880268182\" tagorder\u003d\"9988684\"\u003ePrinted Chiffon Dress - Size : S, Color\u003c/product\u003e\u003c/line\u003e  \u003cline b\u003d\"685\" baseline\u003d\"685\" l\u003d\"165\" r\u003d\"221\" t\u003d\"673\"\u003e\u003cproduct class\u003d\"extraction-tag\" data-value\u003d\"Printed Chiffon Dress - Size : S, Color  : Yellow\" fold-name\u003d\"fold4\" ml-tagorder\u003d\"9988684\" score\u003d\"0.4193172880268182\" tagorder\u003d\"9988684\"\u003e: Yellow\u003c/product\u003e\u003c/line\u003e  \u003c/par\u003e  \u003c/text\u003e  \u003c/td\u003e   \u003ctd bottomborder\u003d\"White\" h\u003d\"56\" leftborder\u003d\"White\" rightborder\u003d\"White\" w\u003d\"66\"\u003e \u003ctext xmlns\u003d\"http://ocr.crowdcomputingsystems.com/xml/schema-v1.xml\"\u003e \u003cpar leftindent\u003d\"800\" linespacing\u003d\"-1\"\u003e\u003c/par\u003e  \u003c/text\u003e  \u003c/td\u003e   \u003ctd bottomborder\u003d\"White\" h\u003d\"56\" leftborder\u003d\"White\" rightborder\u003d\"White\" w\u003d\"123\"\u003e \u003ctext xmlns\u003d\"http://ocr.crowdcomputingsystems.com/xml/schema-v1.xml\"\u003e \u003cpar align\u003d\"Center\" leftindent\u003d\"400\" linespacing\u003d\"720\"\u003e \u003cline b\u003d\"668\" baseline\u003d\"667\" l\u003d\"557\" r\u003d\"608\" t\u003d\"655\"\u003e \u003cformatting lang\u003d\"EnglishUnitedStates\"\u003e $20.50 \u003c/formatting\u003e  \u003c/line\u003e  \u003c/par\u003e  \u003c/text\u003e  \u003c/td\u003e   \u003ctd bottomborder\u003d\"White\" h\u003d\"56\" leftborder\u003d\"White\" rightborder\u003d\"White\" w\u003d\"119\"\u003e \u003ctext xmlns\u003d\"http://ocr.crowdcomputingsystems.com/xml/schema-v1.xml\"\u003e \u003cpar align\u003d\"Right\" linespacing\u003d\"660\" rightindent\u003d\"1100\"\u003e \u003cline b\u003d\"667\" baseline\u003d\"666\" l\u003d\"696\" r\u003d\"747\" t\u003d\"655\"\u003e$\u003cprice class\u003d\"extraction-tag\" data-value\u003d\"16.40\" fold-name\u003d\"fold2\" ml-tagorder\u003d\"9988685\" score\u003d\"0.4819449554312653\" tagorder\u003d\"9988685\"\u003e16.40\u003c/price\u003e\u003c/line\u003e  \u003c/par\u003e  \u003c/text\u003e  \u003c/td\u003e   \u003ctd bottomborder\u003d\"White\" h\u003d\"56\" leftborder\u003d\"White\" rightborder\u003d\"White\" w\u003d\"68\"\u003e \u003ctext xmlns\u003d\"http://ocr.crowdcomputingsystems.com/xml/schema-v1.xml\"\u003e \u003cpar align\u003d\"Center\" leftindent\u003d\"700\" linespacing\u003d\"720\"\u003e \u003cline b\u003d\"666\" baseline\u003d\"667\" l\u003d\"791\" r\u003d\"798\" t\u003d\"655\"\u003e\u003cquantity appendorder\u003d\"5\" class\u003d\"extraction-tag\" confidence\u003d\"1/1\" data-original-title\u003d\"construction_type\" data-toggle\u003d\"tooltip\" data-value\u003d\"1\" fold-name\u003d\"fold2\" injection\u003d\"true\" referencedatausedininjection\u003d\"manual\" score\u003d\"0.945025499642654\" style\u003d\"background-color: rgb(11, 47, 140);  color: rgb(255, 255, 255);   border: 2px solid rgb(125, 157, 1); \" tagorder\u003d\"9988682\"\u003e1\u003c/quantity\u003e\u003c/line\u003e  \u003c/par\u003e  \u003c/text\u003e  \u003c/td\u003e   \u003ctd bottomborder\u003d\"White\" h\u003d\"56\" leftborder\u003d\"White\" w\u003d\"120\"\u003e \u003ctext xmlns\u003d\"http://ocr.crowdcomputingsystems.com/xml/schema-v1.xml\"\u003e \u003cpar align\u003d\"Right\" linespacing\u003d\"660\" rightindent\u003d\"1000\"\u003e \u003cline b\u003d\"668\" baseline\u003d\"666\" l\u003d\"886\" r\u003d\"937\" t\u003d\"655\"\u003e \u003cformatting lang\u003d\"EnglishUnitedStates\"\u003e $16.40 \u003c/formatting\u003e  \u003c/line\u003e  \u003c/par\u003e  \u003c/text\u003e  \u003c/td\u003e   \u003c/tr\u003e \n \u003c/tbody\u003e\u003c/table\u003e\n \u003cblock b\u003d\"852\" blockname\u003d\"\" blocktype\u003d\"Text\" l\u003d\"94\" r\u003d\"495\" style\u003d\"transform: translate(71px, 874px); position: absolute; width: 302.755px; height: 48.75px;\" t\u003d\"807\"\u003e \u003cregion\u003e \u003crect b\u003d\"823\" l\u003d\"94\" r\u003d\"495\" t\u003d\"807\"\u003e\u003c/rect\u003e  \u003crect b\u003d\"852\" l\u003d\"341\" r\u003d\"495\" t\u003d\"823\"\u003e\u003c/rect\u003e  \u003c/region\u003e  \u003ctext\u003e \u003cpar align\u003d\"Justified\" linespacing\u003d\"540\"\u003e \u003cline b\u003d\"821\" baseline\u003d\"818\" l\u003d\"95\" r\u003d\"492\" style\u003d\"transform: translate(1px, 2px); position: absolute;\" t\u003d\"809\"\u003e \u003cformatting lang\u003d\"EnglishUnitedStates\"\u003e Payment Method Bank wire $23.40 \u003c/formatting\u003e  \u003c/line\u003e  \u003c/par\u003e  \u003cpar leftindent\u003d\"14800\" linespacing\u003d\"540\"\u003e \u003cline b\u003d\"849\" baseline\u003d\"846\" l\u003d\"341\" r\u003d\"400\" style\u003d\"transform: translate(186px, 33px); position: absolute;\" t\u003d\"837\"\u003e \u003cformatting lang\u003d\"EnglishUnitedStates\"\u003e My carrier \u003c/formatting\u003e  \u003c/line\u003e  \u003c/par\u003e  \u003c/text\u003e  \u003c/block\u003e  \u003cblock b\u003d\"773\" blockname\u003d\"\" blocktype\u003d\"Text\" l\u003d\"61\" r\u003d\"488\" style\u003d\"transform: translate(46px, 784px); position: absolute; width: 322.385px; height: 53.0833px;\" t\u003d\"724\"\u003e \u003cregion\u003e \u003crect b\u003d\"773\" l\u003d\"61\" r\u003d\"488\" t\u003d\"724\"\u003e\u003c/rect\u003e  \u003c/region\u003e  \u003ctext\u003e \u003cpar align\u003d\"Center\" leftindent\u003d\"100\" linespacing\u003d\"1980\"\u003e \u003cline b\u003d\"740\" baseline\u003d\"737\" l\u003d\"62\" r\u003d\"486\" style\u003d\"transform: translate(1px, 1px); position: absolute;\" t\u003d\"725\"\u003e \u003cformatting lang\u003d\"EnglishUnitedStates\"\u003e Tax Detail Tax Rate Base price Total Tax \u003c/formatting\u003e  \u003c/line\u003e  \u003cline b\u003d\"770\" baseline\u003d\"770\" l\u003d\"239\" r\u003d\"303\" style\u003d\"transform: translate(134px, 38px); position: absolute;\" t\u003d\"759\"\u003e \u003cformatting lang\u003d\"EnglishUnitedStates\"\u003e No taxes \u003c/formatting\u003e  \u003c/line\u003e  \u003c/par\u003e  \u003c/text\u003e  \u003c/block\u003e  \u003cregion xmlns\u003d\"http://ocr.crowdcomputingsystems.com/xml/schema-v1.xml\"\u003e \u003crect b\u003d\"850\" l\u003d\"575\" r\u003d\"954\" t\u003d\"714\"\u003e\u003c/rect\u003e  \u003c/region\u003e \u003ctable b\u003d\"850\" blockname\u003d\"\" blocktype\u003d\"Table\" l\u003d\"575\" r\u003d\"954\" style\u003d\"transform: translate(434px, 774px); position: absolute; user-select: auto;\" t\u003d\"714\" xmlns\u003d\"\"\u003e \u003ctbody\u003e\u003ctr\u003e \u003ctd bottomborder\u003d\"White\" h\u003d\"34\" rightborder\u003d\"White\" w\u003d\"276\"\u003e \u003ctext xmlns\u003d\"http://ocr.crowdcomputingsystems.com/xml/schema-v1.xml\"\u003e \u003cpar align\u003d\"Right\" linespacing\u003d\"720\" rightindent\u003d\"1600\"\u003e \u003cline b\u003d\"737\" baseline\u003d\"737\" l\u003d\"717\" r\u003d\"825\" t\u003d\"725\"\u003e \u003cformatting lang\u003d\"EnglishUnitedStates\"\u003e Total Products \u003c/formatting\u003e  \u003c/line\u003e  \u003c/par\u003e  \u003c/text\u003e  \u003c/td\u003e   \u003ctd bottomborder\u003d\"White\" h\u003d\"34\" leftborder\u003d\"White\" w\u003d\"103\"\u003e \u003ctext xmlns\u003d\"http://ocr.crowdcomputingsystems.com/xml/schema-v1.xml\"\u003e \u003cpar align\u003d\"Right\" linespacing\u003d\"720\" rightindent\u003d\"1000\"\u003e \u003cline b\u003d\"738\" baseline\u003d\"737\" l\u003d\"886\" r\u003d\"937\" t\u003d\"725\"\u003e \u003cformatting lang\u003d\"EnglishUnitedStates\"\u003e $16.40 \u003c/formatting\u003e  \u003c/line\u003e  \u003c/par\u003e  \u003c/text\u003e  \u003c/td\u003e   \u003c/tr\u003e \n \u003ctr\u003e \u003ctd bottomborder\u003d\"White\" h\u003d\"33\" rightborder\u003d\"White\" topborder\u003d\"White\" w\u003d\"276\"\u003e \u003ctext xmlns\u003d\"http://ocr.crowdcomputingsystems.com/xml/schema-v1.xml\"\u003e \u003cpar align\u003d\"Right\" linespacing\u003d\"720\" rightindent\u003d\"1600\"\u003e \u003cline b\u003d\"772\" baseline\u003d\"769\" l\u003d\"722\" r\u003d\"825\" t\u003d\"757\"\u003e \u003cformatting lang\u003d\"EnglishUnitedStates\"\u003e Shipping Cost \u003c/formatting\u003e  \u003c/line\u003e  \u003c/par\u003e  \u003c/text\u003e  \u003c/td\u003e   \u003ctd bottomborder\u003d\"White\" h\u003d\"33\" leftborder\u003d\"White\" topborder\u003d\"White\" w\u003d\"103\"\u003e \u003ctext xmlns\u003d\"http://ocr.crowdcomputingsystems.com/xml/schema-v1.xml\"\u003e \u003cpar align\u003d\"Right\" linespacing\u003d\"720\" rightindent\u003d\"1000\"\u003e \u003cline b\u003d\"770\" baseline\u003d\"769\" l\u003d\"896\" r\u003d\"937\" t\u003d\"757\"\u003e \u003cformatting lang\u003d\"EnglishUnitedStates\"\u003e $7.00 \u003c/formatting\u003e  \u003c/line\u003e  \u003c/par\u003e  \u003c/text\u003e  \u003c/td\u003e   \u003c/tr\u003e \n \u003ctr\u003e \u003ctd bottomborder\u003d\"White\" h\u003d\"32\" rightborder\u003d\"White\" topborder\u003d\"White\" w\u003d\"276\"\u003e \u003ctext xmlns\u003d\"http://ocr.crowdcomputingsystems.com/xml/schema-v1.xml\"\u003e \u003cpar align\u003d\"Right\" linespacing\u003d\"720\" rightindent\u003d\"1600\"\u003e \u003cline b\u003d\"803\" baseline\u003d\"801\" l\u003d\"703\" r\u003d\"824\" t\u003d\"789\"\u003e \u003cformatting lang\u003d\"EnglishUnitedStates\"\u003e Total (Tax excl.J \u003c/formatting\u003e  \u003c/line\u003e  \u003c/par\u003e  \u003c/text\u003e  \u003c/td\u003e   \u003ctd bottomborder\u003d\"White\" h\u003d\"32\" leftborder\u003d\"White\" topborder\u003d\"White\" w\u003d\"103\"\u003e \u003ctext xmlns\u003d\"http://ocr.crowdcomputingsystems.com/xml/schema-v1.xml\"\u003e \u003cpar align\u003d\"Right\" linespacing\u003d\"720\" rightindent\u003d\"1000\"\u003e \u003cline b\u003d\"802\" baseline\u003d\"801\" l\u003d\"886\" r\u003d\"937\" t\u003d\"789\"\u003e \u003cformatting lang\u003d\"EnglishUnitedStates\"\u003e $23.40 \u003c/formatting\u003e  \u003c/line\u003e  \u003c/par\u003e  \u003c/text\u003e  \u003c/td\u003e   \u003c/tr\u003e \n \u003ctr\u003e \u003ctd h\u003d\"37\" rightborder\u003d\"White\" topborder\u003d\"White\" w\u003d\"276\"\u003e \u003ctext xmlns\u003d\"http://ocr.crowdcomputingsystems.com/xml/schema-v1.xml\"\u003e \u003cpar align\u003d\"Right\" linespacing\u003d\"840\" rightindent\u003d\"1600\"\u003e \u003cline b\u003d\"837\" baseline\u003d\"836\" l\u003d\"779\" r\u003d\"824\" t\u003d\"822\"\u003e \u003cformatting lang\u003d\"EnglishUnitedStates\"\u003e Total \u003c/formatting\u003e  \u003c/line\u003e  \u003c/par\u003e  \u003c/text\u003e  \u003c/td\u003e   \u003ctd h\u003d\"37\" leftborder\u003d\"White\" topborder\u003d\"White\" w\u003d\"103\"\u003e \u003ctext xmlns\u003d\"http://ocr.crowdcomputingsystems.com/xml/schema-v1.xml\"\u003e \u003cpar align\u003d\"Right\" linespacing\u003d\"840\" rightindent\u003d\"1000\"\u003e \u003cline b\u003d\"838\" baseline\u003d\"836\" l\u003d\"876\" r\u003d\"937\" t\u003d\"822\"\u003e \u003cformatting lang\u003d\"EnglishUnitedStates\"\u003e $23.40 \u003c/formatting\u003e  \u003c/line\u003e  \u003c/par\u003e  \u003c/text\u003e  \u003c/td\u003e   \u003c/tr\u003e \n \u003c/tbody\u003e\u003c/table\u003e\n \u003cblock b\u003d\"849\" blockname\u003d\"\" blocktype\u003d\"Text\" l\u003d\"123\" r\u003d\"167\" style\u003d\"transform: translate(93px, 906px); position: absolute; width: 33.22px; height: 14.0833px;\" t\u003d\"836\"\u003e \u003cregion\u003e \u003crect b\u003d\"849\" l\u003d\"123\" r\u003d\"167\" t\u003d\"836\"\u003e\u003c/rect\u003e  \u003c/region\u003e  \u003ctext\u003e \u003cpar linespacing\u003d\"540\"\u003e \u003cline b\u003d\"847\" baseline\u003d\"846\" l\u003d\"124\" r\u003d\"164\" style\u003d\"transform: translate(1px, 1px); position: absolute;\" t\u003d\"837\"\u003e \u003cformatting lang\u003d\"EnglishUnitedStates\"\u003e Carrier \u003c/formatting\u003e  \u003c/line\u003e  \u003c/par\u003e  \u003c/text\u003e  \u003c/block\u003e  \u003cblock b\u003d\"850\" blockname\u003d\"\" blocktype\u003d\"SeparatorsBox\" class\u003d\"hidden\" l\u003d\"575\" r\u003d\"954\" style\u003d\"transform: translate(434px, 774px); position: absolute;\" t\u003d\"714\"\u003e \u003cregion\u003e \u003crect b\u003d\"716\" l\u003d\"575\" r\u003d\"954\" t\u003d\"714\"\u003e\u003c/rect\u003e  \u003crect b\u003d\"848\" l\u003d\"575\" r\u003d\"954\" t\u003d\"716\"\u003e\u003c/rect\u003e  \u003crect b\u003d\"850\" l\u003d\"575\" r\u003d\"954\" t\u003d\"848\"\u003e\u003c/rect\u003e  \u003c/region\u003e  \u003cseparatorsbox\u003e \u003cseparator thickness\u003d\"2\" type\u003d\"Black\"\u003e \u003cstart x\u003d\"575\" y\u003d\"715\"\u003e\u003c/start\u003e \u003cend x\u003d\"954\" y\u003d\"715\"\u003e\u003c/end\u003e \u003c/separator\u003e \u003cseparator thickness\u003d\"2\" type\u003d\"Black\"\u003e \u003cstart x\u003d\"575\" y\u003d\"849\"\u003e\u003c/start\u003e \u003cend x\u003d\"954\" y\u003d\"849\"\u003e\u003c/end\u003e \u003c/separator\u003e \u003cseparator thickness\u003d\"1\" type\u003d\"Black\"\u003e \u003cstart x\u003d\"575\" y\u003d\"714\"\u003e\u003c/start\u003e \u003cend x\u003d\"575\" y\u003d\"850\"\u003e\u003c/end\u003e \u003c/separator\u003e \u003cseparator thickness\u003d\"2\" type\u003d\"Black\"\u003e \u003cstart x\u003d\"953\" y\u003d\"714\"\u003e\u003c/start\u003e \u003cend x\u003d\"953\" y\u003d\"850\"\u003e\u003c/end\u003e \u003c/separator\u003e \u003c/separatorsbox\u003e \u003c/block\u003e  \u003cblock b\u003d\"783\" blockname\u003d\"\" blocktype\u003d\"SeparatorsBox\" class\u003d\"hidden\" l\u003d\"47\" r\u003d\"502\" style\u003d\"transform: translate(35px, 774px); position: absolute;\" t\u003d\"714\"\u003e \u003cregion\u003e \u003crect b\u003d\"717\" l\u003d\"47\" r\u003d\"502\" t\u003d\"714\"\u003e\u003c/rect\u003e  \u003crect b\u003d\"781\" l\u003d\"47\" r\u003d\"502\" t\u003d\"717\"\u003e\u003c/rect\u003e  \u003crect b\u003d\"783\" l\u003d\"47\" r\u003d\"502\" t\u003d\"781\"\u003e\u003c/rect\u003e  \u003c/region\u003e  \u003cseparatorsbox\u003e \u003cseparator thickness\u003d\"3\" type\u003d\"Black\"\u003e \u003cstart x\u003d\"47\" y\u003d\"715\"\u003e\u003c/start\u003e \u003cend x\u003d\"502\" y\u003d\"715\"\u003e\u003c/end\u003e \u003c/separator\u003e \u003cseparator thickness\u003d\"2\" type\u003d\"Black\"\u003e \u003cstart x\u003d\"47\" y\u003d\"782\"\u003e\u003c/start\u003e \u003cend x\u003d\"502\" y\u003d\"782\"\u003e\u003c/end\u003e \u003c/separator\u003e \u003cseparator thickness\u003d\"3\" type\u003d\"Black\"\u003e \u003cstart x\u003d\"48\" y\u003d\"714\"\u003e\u003c/start\u003e \u003cend x\u003d\"48\" y\u003d\"782\"\u003e\u003c/end\u003e \u003c/separator\u003e \u003cseparator thickness\u003d\"3\" type\u003d\"Black\"\u003e \u003cstart x\u003d\"500\" y\u003d\"714\"\u003e\u003c/start\u003e \u003cend x\u003d\"500\" y\u003d\"783\"\u003e\u003c/end\u003e \u003c/separator\u003e \u003c/separatorsbox\u003e \u003c/block\u003e  \u003cblock b\u003d\"858\" blockname\u003d\"\" blocktype\u003d\"SeparatorsBox\" class\u003d\"hidden\" l\u003d\"48\" r\u003d\"502\" style\u003d\"transform: translate(36px, 866px); position: absolute;\" t\u003d\"799\"\u003e \u003cregion\u003e \u003crect b\u003d\"801\" l\u003d\"48\" r\u003d\"502\" t\u003d\"799\"\u003e\u003c/rect\u003e  \u003crect b\u003d\"857\" l\u003d\"48\" r\u003d\"502\" t\u003d\"801\"\u003e\u003c/rect\u003e  \u003crect b\u003d\"858\" l\u003d\"48\" r\u003d\"502\" t\u003d\"857\"\u003e\u003c/rect\u003e  \u003c/region\u003e  \u003cseparatorsbox\u003e \u003cseparator thickness\u003d\"2\" type\u003d\"Black\"\u003e \u003cstart x\u003d\"48\" y\u003d\"800\"\u003e\u003c/start\u003e \u003cend x\u003d\"502\" y\u003d\"800\"\u003e\u003c/end\u003e \u003c/separator\u003e \u003cseparator thickness\u003d\"1\" type\u003d\"Black\"\u003e \u003cstart x\u003d\"48\" y\u003d\"857\"\u003e\u003c/start\u003e \u003cend x\u003d\"502\" y\u003d\"857\"\u003e\u003c/end\u003e \u003c/separator\u003e \u003cseparator thickness\u003d\"1\" type\u003d\"Black\"\u003e \u003cstart x\u003d\"48\" y\u003d\"799\"\u003e\u003c/start\u003e \u003cend x\u003d\"48\" y\u003d\"858\"\u003e\u003c/end\u003e \u003c/separator\u003e \u003cseparator thickness\u003d\"2\" type\u003d\"Black\"\u003e \u003cstart x\u003d\"501\" y\u003d\"799\"\u003e\u003c/start\u003e \u003cend x\u003d\"501\" y\u003d\"858\"\u003e\u003c/end\u003e \u003c/separator\u003e \u003c/separatorsbox\u003e \u003c/block\u003e  \u003cblock b\u003d\"503\" blockname\u003d\"\" blocktype\u003d\"Separator\" l\u003d\"47\" r\u003d\"954\" style\u003d\"transform: translate(35px, 540px); position: absolute;\" t\u003d\"498\"\u003e \u003cregion\u003e \u003crect b\u003d\"503\" l\u003d\"47\" r\u003d\"954\" t\u003d\"498\"\u003e\u003c/rect\u003e  \u003c/region\u003e  \u003cseparator thickness\u003d\"5\" type\u003d\"Black\"\u003e \u003cstart x\u003d\"47\" y\u003d\"500\"\u003e\u003c/start\u003e \u003cend x\u003d\"954\" y\u003d\"500\"\u003e\u003c/end\u003e \u003c/separator\u003e \u003c/block\u003e  \u003cblock b\u003d\"562\" blockname\u003d\"\" blocktype\u003d\"Separator\" l\u003d\"47\" r\u003d\"954\" style\u003d\"transform: translate(35px, 607px); position: absolute;\" t\u003d\"560\"\u003e \u003cregion\u003e \u003crect b\u003d\"562\" l\u003d\"47\" r\u003d\"954\" t\u003d\"560\"\u003e\u003c/rect\u003e  \u003c/region\u003e  \u003cseparator thickness\u003d\"2\" type\u003d\"Black\"\u003e \u003cstart x\u003d\"47\" y\u003d\"561\"\u003e\u003c/start\u003e \u003cend x\u003d\"954\" y\u003d\"561\"\u003e\u003c/end\u003e \u003c/separator\u003e \u003c/block\u003e  \u003cblock b\u003d\"595\" blockname\u003d\"\" blocktype\u003d\"Separator\" l\u003d\"48\" r\u003d\"954\" style\u003d\"transform: translate(36px, 642px); position: absolute;\" t\u003d\"593\"\u003e \u003cregion\u003e \u003crect b\u003d\"595\" l\u003d\"48\" r\u003d\"954\" t\u003d\"593\"\u003e\u003c/rect\u003e  \u003c/region\u003e  \u003cseparator thickness\u003d\"2\" type\u003d\"Black\"\u003e \u003cstart x\u003d\"48\" y\u003d\"594\"\u003e\u003c/start\u003e \u003cend x\u003d\"954\" y\u003d\"594\"\u003e\u003c/end\u003e \u003c/separator\u003e \u003c/block\u003e  \u003cblock b\u003d\"646\" blockname\u003d\"\" blocktype\u003d\"Separator\" l\u003d\"48\" r\u003d\"954\" style\u003d\"transform: translate(36px, 698px); position: absolute;\" t\u003d\"644\"\u003e \u003cregion\u003e \u003crect b\u003d\"646\" l\u003d\"48\" r\u003d\"954\" t\u003d\"644\"\u003e\u003c/rect\u003e  \u003c/region\u003e  \u003cseparator thickness\u003d\"2\" type\u003d\"Black\"\u003e \u003cstart x\u003d\"48\" y\u003d\"645\"\u003e\u003c/start\u003e \u003cend x\u003d\"954\" y\u003d\"645\"\u003e\u003c/end\u003e \u003c/separator\u003e \u003c/block\u003e  \u003cblock b\u003d\"903\" blockname\u003d\"\" blocktype\u003d\"Separator\" l\u003d\"0\" r\u003d\"1\" style\u003d\"transform: translate(0px, 105px); position: absolute;\" t\u003d\"97\"\u003e \u003cregion\u003e \u003crect b\u003d\"903\" l\u003d\"0\" r\u003d\"1\" t\u003d\"97\"\u003e\u003c/rect\u003e  \u003c/region\u003e  \u003cseparator thickness\u003d\"1\" type\u003d\"Black\"\u003e \u003cstart x\u003d\"0\" y\u003d\"97\"\u003e\u003c/start\u003e \u003cend x\u003d\"0\" y\u003d\"903\"\u003e\u003c/end\u003e \u003c/separator\u003e \u003c/block\u003e  \u003cblock b\u003d\"697\" blockname\u003d\"\" blocktype\u003d\"Separator\" l\u003d\"48\" r\u003d\"49\" style\u003d\"transform: translate(36px, 642px); position: absolute;\" t\u003d\"593\"\u003e \u003cregion\u003e \u003crect b\u003d\"697\" l\u003d\"48\" r\u003d\"49\" t\u003d\"593\"\u003e\u003c/rect\u003e  \u003c/region\u003e  \u003cseparator thickness\u003d\"1\" type\u003d\"Black\"\u003e \u003cstart x\u003d\"48\" y\u003d\"593\"\u003e\u003c/start\u003e \u003cend x\u003d\"48\" y\u003d\"697\"\u003e\u003c/end\u003e \u003c/separator\u003e \u003c/block\u003e  \u003cblock b\u003d\"264\" blockname\u003d\"\" blocktype\u003d\"Separator\" class\u003d\"hidden\" l\u003d\"712\" r\u003d\"714\" style\u003d\"transform: translate(538px, 238px); position: absolute;\" t\u003d\"220\"\u003e \u003cregion\u003e \u003crect b\u003d\"264\" l\u003d\"712\" r\u003d\"714\" t\u003d\"220\"\u003e\u003c/rect\u003e  \u003c/region\u003e  \u003cseparator thickness\u003d\"2\" type\u003d\"Black\"\u003e \u003cstart x\u003d\"713\" y\u003d\"220\"\u003e\u003c/start\u003e \u003cend x\u003d\"713\" y\u003d\"264\"\u003e\u003c/end\u003e \u003c/separator\u003e \u003c/block\u003e  \u003cblock b\u003d\"264\" blockname\u003d\"\" blocktype\u003d\"Separator\" class\u003d\"hidden\" l\u003d\"717\" r\u003d\"719\" style\u003d\"transform: translate(541px, 238px); position: absolute;\" t\u003d\"220\"\u003e \u003cregion\u003e \u003crect b\u003d\"264\" l\u003d\"717\" r\u003d\"719\" t\u003d\"220\"\u003e\u003c/rect\u003e  \u003c/region\u003e  \u003cseparator thickness\u003d\"2\" type\u003d\"Black\"\u003e \u003cstart x\u003d\"718\" y\u003d\"220\"\u003e\u003c/start\u003e \u003cend x\u003d\"718\" y\u003d\"264\"\u003e\u003c/end\u003e \u003c/separator\u003e \u003c/block\u003e  \u003cblock b\u003d\"264\" blockname\u003d\"\" blocktype\u003d\"Separator\" class\u003d\"hidden\" l\u003d\"730\" r\u003d\"733\" style\u003d\"transform: translate(551px, 239px); position: absolute;\" t\u003d\"221\"\u003e \u003cregion\u003e \u003crect b\u003d\"264\" l\u003d\"730\" r\u003d\"733\" t\u003d\"221\"\u003e\u003c/rect\u003e  \u003c/region\u003e  \u003cseparator thickness\u003d\"3\" type\u003d\"Black\"\u003e \u003cstart x\u003d\"731\" y\u003d\"221\"\u003e\u003c/start\u003e \u003cend x\u003d\"731\" y\u003d\"264\"\u003e\u003c/end\u003e \u003c/separator\u003e \u003c/block\u003e  \u003cblock b\u003d\"264\" blockname\u003d\"\" blocktype\u003d\"Separator\" class\u003d\"hidden\" l\u003d\"752\" r\u003d\"754\" style\u003d\"transform: translate(568px, 238px); position: absolute;\" t\u003d\"220\"\u003e \u003cregion\u003e \u003crect b\u003d\"264\" l\u003d\"752\" r\u003d\"754\" t\u003d\"220\"\u003e\u003c/rect\u003e  \u003c/region\u003e  \u003cseparator thickness\u003d\"2\" type\u003d\"Black\"\u003e \u003cstart x\u003d\"753\" y\u003d\"220\"\u003e\u003c/start\u003e \u003cend x\u003d\"753\" y\u003d\"264\"\u003e\u003c/end\u003e \u003c/separator\u003e \u003c/block\u003e  \u003cblock b\u003d\"264\" blockname\u003d\"\" blocktype\u003d\"Separator\" class\u003d\"hidden\" l\u003d\"759\" r\u003d\"761\" style\u003d\"transform: translate(573px, 239px); position: absolute;\" t\u003d\"221\"\u003e \u003cregion\u003e \u003crect b\u003d\"264\" l\u003d\"759\" r\u003d\"761\" t\u003d\"221\"\u003e\u003c/rect\u003e  \u003c/region\u003e  \u003cseparator thickness\u003d\"2\" type\u003d\"Black\"\u003e \u003cstart x\u003d\"760\" y\u003d\"221\"\u003e\u003c/start\u003e \u003cend x\u003d\"760\" y\u003d\"264\"\u003e\u003c/end\u003e \u003c/separator\u003e \u003c/block\u003e  \u003cblock b\u003d\"264\" blockname\u003d\"\" blocktype\u003d\"Separator\" class\u003d\"hidden\" l\u003d\"763\" r\u003d\"764\" style\u003d\"transform: translate(576px, 238px); position: absolute;\" t\u003d\"220\"\u003e \u003cregion\u003e \u003crect b\u003d\"264\" l\u003d\"763\" r\u003d\"764\" t\u003d\"220\"\u003e\u003c/rect\u003e  \u003c/region\u003e  \u003cseparator thickness\u003d\"1\" type\u003d\"Black\"\u003e \u003cstart x\u003d\"763\" y\u003d\"220\"\u003e\u003c/start\u003e \u003cend x\u003d\"763\" y\u003d\"264\"\u003e\u003c/end\u003e \u003c/separator\u003e \u003c/block\u003e  \u003cblock b\u003d\"264\" blockname\u003d\"\" blocktype\u003d\"Separator\" class\u003d\"hidden\" l\u003d\"776\" r\u003d\"779\" style\u003d\"transform: translate(586px, 238px); position: absolute;\" t\u003d\"220\"\u003e \u003cregion\u003e \u003crect b\u003d\"264\" l\u003d\"776\" r\u003d\"779\" t\u003d\"220\"\u003e\u003c/rect\u003e  \u003c/region\u003e  \u003cseparator thickness\u003d\"3\" type\u003d\"Black\"\u003e \u003cstart x\u003d\"777\" y\u003d\"220\"\u003e\u003c/start\u003e \u003cend x\u003d\"777\" y\u003d\"264\"\u003e\u003c/end\u003e \u003c/separator\u003e \u003c/block\u003e  \u003cblock b\u003d\"264\" blockname\u003d\"\" blocktype\u003d\"Separator\" class\u003d\"hidden\" l\u003d\"781\" r\u003d\"783\" style\u003d\"transform: translate(590px, 239px); position: absolute;\" t\u003d\"221\"\u003e \u003cregion\u003e \u003crect b\u003d\"264\" l\u003d\"781\" r\u003d\"783\" t\u003d\"221\"\u003e\u003c/rect\u003e  \u003c/region\u003e  \u003cseparator thickness\u003d\"2\" type\u003d\"Black\"\u003e \u003cstart x\u003d\"782\" y\u003d\"221\"\u003e\u003c/start\u003e \u003cend x\u003d\"782\" y\u003d\"264\"\u003e\u003c/end\u003e \u003c/separator\u003e \u003c/block\u003e  \u003cblock b\u003d\"264\" blockname\u003d\"\" blocktype\u003d\"Separator\" class\u003d\"hidden\" l\u003d\"800\" r\u003d\"803\" style\u003d\"transform: translate(604px, 238px); position: absolute;\" t\u003d\"220\"\u003e \u003cregion\u003e \u003crect b\u003d\"264\" l\u003d\"800\" r\u003d\"803\" t\u003d\"220\"\u003e\u003c/rect\u003e  \u003c/region\u003e  \u003cseparator thickness\u003d\"3\" type\u003d\"Black\"\u003e \u003cstart x\u003d\"801\" y\u003d\"220\"\u003e\u003c/start\u003e \u003cend x\u003d\"801\" y\u003d\"264\"\u003e\u003c/end\u003e \u003c/separator\u003e \u003c/block\u003e  \u003cblock b\u003d\"264\" blockname\u003d\"\" blocktype\u003d\"Separator\" class\u003d\"hidden\" l\u003d\"805\" r\u003d\"808\" style\u003d\"transform: translate(608px, 238px); position: absolute;\" t\u003d\"220\"\u003e \u003cregion\u003e \u003crect b\u003d\"264\" l\u003d\"805\" r\u003d\"808\" t\u003d\"220\"\u003e\u003c/rect\u003e  \u003c/region\u003e  \u003cseparator thickness\u003d\"3\" type\u003d\"Black\"\u003e \u003cstart x\u003d\"806\" y\u003d\"220\"\u003e\u003c/start\u003e \u003cend x\u003d\"806\" y\u003d\"264\"\u003e\u003c/end\u003e \u003c/separator\u003e \u003c/block\u003e  \u003cblock b\u003d\"264\" blockname\u003d\"\" blocktype\u003d\"Separator\" class\u003d\"hidden\" l\u003d\"818\" r\u003d\"821\" style\u003d\"transform: translate(618px, 238px); position: absolute;\" t\u003d\"220\"\u003e \u003cregion\u003e \u003crect b\u003d\"264\" l\u003d\"818\" r\u003d\"821\" t\u003d\"220\"\u003e\u003c/rect\u003e  \u003c/region\u003e  \u003cseparator thickness\u003d\"3\" type\u003d\"Black\"\u003e \u003cstart x\u003d\"819\" y\u003d\"220\"\u003e\u003c/start\u003e \u003cend x\u003d\"819\" y\u003d\"264\"\u003e\u003c/end\u003e \u003c/separator\u003e \u003c/block\u003e  \u003cblock b\u003d\"264\" blockname\u003d\"\" blocktype\u003d\"Separator\" class\u003d\"hidden\" l\u003d\"830\" r\u003d\"833\" style\u003d\"transform: translate(627px, 238px); position: absolute;\" t\u003d\"220\"\u003e \u003cregion\u003e \u003crect b\u003d\"264\" l\u003d\"830\" r\u003d\"833\" t\u003d\"220\"\u003e\u003c/rect\u003e  \u003c/region\u003e  \u003cseparator thickness\u003d\"3\" type\u003d\"Black\"\u003e \u003cstart x\u003d\"831\" y\u003d\"220\"\u003e\u003c/start\u003e \u003cend x\u003d\"831\" y\u003d\"264\"\u003e\u003c/end\u003e \u003c/separator\u003e \u003c/block\u003e  \u003cblock b\u003d\"264\" blockname\u003d\"\" blocktype\u003d\"Separator\" class\u003d\"hidden\" l\u003d\"837\" r\u003d\"840\" style\u003d\"transform: translate(632px, 238px); position: absolute;\" t\u003d\"220\"\u003e \u003cregion\u003e \u003crect b\u003d\"264\" l\u003d\"837\" r\u003d\"840\" t\u003d\"220\"\u003e\u003c/rect\u003e  \u003c/region\u003e  \u003cseparator thickness\u003d\"3\" type\u003d\"Black\"\u003e \u003cstart x\u003d\"838\" y\u003d\"220\"\u003e\u003c/start\u003e \u003cend x\u003d\"838\" y\u003d\"264\"\u003e\u003c/end\u003e \u003c/separator\u003e \u003c/block\u003e  \u003cblock b\u003d\"264\" blockname\u003d\"\" blocktype\u003d\"Separator\" class\u003d\"hidden\" l\u003d\"862\" r\u003d\"864\" style\u003d\"transform: translate(651px, 238px); position: absolute;\" t\u003d\"220\"\u003e \u003cregion\u003e \u003crect b\u003d\"264\" l\u003d\"862\" r\u003d\"864\" t\u003d\"220\"\u003e\u003c/rect\u003e  \u003c/region\u003e  \u003cseparator thickness\u003d\"2\" type\u003d\"Black\"\u003e \u003cstart x\u003d\"863\" y\u003d\"220\"\u003e\u003c/start\u003e \u003cend x\u003d\"863\" y\u003d\"264\"\u003e\u003c/end\u003e \u003c/separator\u003e \u003c/block\u003e  \u003cblock b\u003d\"264\" blockname\u003d\"\" blocktype\u003d\"Separator\" class\u003d\"hidden\" l\u003d\"867\" r\u003d\"869\" style\u003d\"transform: translate(655px, 238px); position: absolute;\" t\u003d\"220\"\u003e \u003cregion\u003e \u003crect b\u003d\"264\" l\u003d\"867\" r\u003d\"869\" t\u003d\"220\"\u003e\u003c/rect\u003e  \u003c/region\u003e  \u003cseparator thickness\u003d\"2\" type\u003d\"Black\"\u003e \u003cstart x\u003d\"868\" y\u003d\"220\"\u003e\u003c/start\u003e \u003cend x\u003d\"868\" y\u003d\"264\"\u003e\u003c/end\u003e \u003c/separator\u003e \u003c/block\u003e  \u003cblock b\u003d\"264\" blockname\u003d\"\" blocktype\u003d\"Separator\" class\u003d\"hidden\" l\u003d\"874\" r\u003d\"877\" style\u003d\"transform: translate(660px, 238px); position: absolute;\" t\u003d\"220\"\u003e \u003cregion\u003e \u003crect b\u003d\"264\" l\u003d\"874\" r\u003d\"877\" t\u003d\"220\"\u003e\u003c/rect\u003e  \u003c/region\u003e  \u003cseparator thickness\u003d\"3\" type\u003d\"Black\"\u003e \u003cstart x\u003d\"875\" y\u003d\"220\"\u003e\u003c/start\u003e \u003cend x\u003d\"875\" y\u003d\"264\"\u003e\u003c/end\u003e \u003c/separator\u003e \u003c/block\u003e  \u003cblock b\u003d\"264\" blockname\u003d\"\" blocktype\u003d\"Separator\" l\u003d\"889\" r\u003d\"890\" style\u003d\"transform: translate(671px, 239px); position: absolute;\" t\u003d\"221\"\u003e \u003cregion\u003e \u003crect b\u003d\"264\" l\u003d\"889\" r\u003d\"890\" t\u003d\"221\"\u003e\u003c/rect\u003e  \u003c/region\u003e  \u003cseparator thickness\u003d\"1\" type\u003d\"Black\"\u003e \u003cstart x\u003d\"889\" y\u003d\"221\"\u003e\u003c/start\u003e \u003cend x\u003d\"889\" y\u003d\"264\"\u003e\u003c/end\u003e \u003c/separator\u003e \u003c/block\u003e  \u003cblock b\u003d\"697\" blockname\u003d\"\" blocktype\u003d\"Separator\" l\u003d\"952\" r\u003d\"954\" style\u003d\"transform: translate(719px, 642px); position: absolute;\" t\u003d\"593\"\u003e \u003cregion\u003e \u003crect b\u003d\"697\" l\u003d\"952\" r\u003d\"954\" t\u003d\"593\"\u003e\u003c/rect\u003e  \u003c/region\u003e  \u003cseparator thickness\u003d\"2\" type\u003d\"Black\"\u003e \u003cstart x\u003d\"953\" y\u003d\"593\"\u003e\u003c/start\u003e \u003cend x\u003d\"953\" y\u003d\"697\"\u003e\u003c/end\u003e \u003c/separator\u003e \u003c/block\u003e  \u003cblock b\u003d\"850\" blockname\u003d\"\" blocktype\u003d\"Text\" class\u003d\"hidden\" l\u003d\"575\" r\u003d\"954\" style\u003d\"transform: translate(434px, 774px); position: absolute; width: 286.145px; height: 147.333px;\" t\u003d\"714\"\u003e \u003cregion\u003e \u003crect b\u003d\"850\" l\u003d\"575\" r\u003d\"954\" t\u003d\"714\"\u003e\u003c/rect\u003e  \u003c/region\u003e  \u003ctext\u003e \u003cpar align\u003d\"Justified\" leftindent\u003d\"8700\" linespacing\u003d\"1980\"\u003e \u003cline b\u003d\"738\" baseline\u003d\"737\" l\u003d\"717\" r\u003d\"937\" style\u003d\"transform: translate(107px, 12px); position: absolute;\" t\u003d\"725\"\u003e \u003cformatting lang\u003d\"EnglishUnitedStates\"\u003e Total Products $16.40 \u003c/formatting\u003e  \u003c/line\u003e  \u003c/par\u003e  \u003cpar align\u003d\"Justified\" leftindent\u003d\"8700\" linespacing\u003d\"1980\"\u003e \u003cline b\u003d\"772\" baseline\u003d\"769\" l\u003d\"722\" r\u003d\"937\" style\u003d\"transform: translate(111px, 47px); position: absolute;\" t\u003d\"757\"\u003e \u003cformatting lang\u003d\"EnglishUnitedStates\"\u003e Shipping Cost $7.00 \u003c/formatting\u003e  \u003c/line\u003e  \u003c/par\u003e  \u003cpar align\u003d\"Justified\" leftindent\u003d\"7700\" linespacing\u003d\"1980\"\u003e \u003cline b\u003d\"803\" baseline\u003d\"801\" l\u003d\"703\" r\u003d\"937\" style\u003d\"transform: translate(97px, 81px); position: absolute;\" t\u003d\"789\"\u003e \u003cformatting lang\u003d\"EnglishUnitedStates\"\u003e Total (Tax excl.) $23.40 \u003c/formatting\u003e  \u003c/line\u003e  \u003c/par\u003e  \u003cpar align\u003d\"Justified\" leftindent\u003d\"12200\" linespacing\u003d\"1980\"\u003e \u003cline b\u003d\"839\" baseline\u003d\"836\" l\u003d\"779\" r\u003d\"937\" style\u003d\"transform: translate(154px, 117px); position: absolute;\" t\u003d\"822\"\u003e \u003cformatting lang\u003d\"EnglishUnitedStates\"\u003e Total $\u003ctotal_amount class\u003d\"extraction-tag\" data-value\u003d\"23.40\" fold-name\u003d\"fold2\" ml-tagorder\u003d\"9988687\" score\u003d\"0.8570035327916097\" tagorder\u003d\"9988687\"\u003e23.40\u003c/total_amount\u003e \u003c/formatting\u003e  \u003c/line\u003e  \u003c/par\u003e  \u003c/text\u003e  \u003c/block\u003e  \u003c/page\u003e               \u003c/document\u003e\u003c/body\u003e\u003c/html\u003e","tags":[{"begin":110,"end":120,"text":"04/25/2016","tag":"invoice_date","fieldType":"DATE","score":0.7696150276802651,"estimatedAccuracy":0.0},{"begin":131,"end":139,"text":"IN000001","tag":"invoice_number","fieldType":"TEXT","score":0.5234343811607631,"estimatedAccuracy":0.0},{"begin":1037,"end":1086,"text":"Printed Chiffon Dress - Size : S, Color  : Yellow","tag":"product","fieldType":"TEXT","score":0.4193172880268182,"estimatedAccuracy":0.0},{"begin":1131,"end":1136,"text":"16.40","tag":"price","fieldType":"NUMBER","score":0.4819449554312653,"estimatedAccuracy":0.0},{"begin":1148,"end":1149,"text":"1","tag":"quantity","fieldType":"NUMBER","score":0.945025499642654,"estimatedAccuracy":0.0},{"begin":2084,"end":2089,"text":"23.40","tag":"total_amount","fieldType":"NUMBER","score":0.8570035327916097,"estimatedAccuracy":0.0}],"group":"invoice_date|invoice_number|price|product|quantity|total_amount","limeExplanation":{},"liblinearFeatureImportance":{}}