{"finalScore":0.7414095119831142,"metaInfo":{"model":{"coreVersion":"10.3.0.39"}},"sumScore":2.2242285359493428,"tagsCounter":3.0,"taggedText":"\u003cdocument languages\u003d\"\" producer\u003d\"Workfusion\" schemalocation\u003d\"http://ocr.crowdcomputingsystems.com/xml/schema-v1.xml\" version\u003d\"1.0\" xmlns\u003d\"http://ocr.crowdcomputingsystems.com/xml/schema-v1.xml\" xsi\u003d\"http://www.w3.org/2001/XMLSchema-instance\"\u003e \u003clink href\u003d\"https://s3.amazonaws.com/workfusion-resources/ocr/ocr-xml-viewer-0.3-scale-to-width.css\" rel\u003d\"stylesheet\" type\u003d\"text/css\"\u003e\u003c/link\u003e \u003cstyle\u003e\u003c/style\u003e\u003cpage data-pages\u003d\"1\" h\u003d\"340\" resolution\u003d\"72\" style\u003d\"height: 592px;\" w\u003d\"640\"\u003e \u003cblock b\u003d\"78\" blockname\u003d\"\" blocktype\u003d\"Text\" l\u003d\"36\" r\u003d\"549\" style\u003d\"transform: translate(79px, 54px); position: absolute; width: 1127px; height: 86.6667px;\" t\u003d\"30\"\u003e \u003cregion\u003e \u003crect b\u003d\"34\" l\u003d\"36\" r\u003d\"549\" t\u003d\"30\"\u003e\u003c/rect\u003e  \u003crect b\u003d\"41\" l\u003d\"49\" r\u003d\"549\" t\u003d\"34\"\u003e\u003c/rect\u003e  \u003crect b\u003d\"48\" l\u003d\"54\" r\u003d\"549\" t\u003d\"41\"\u003e\u003c/rect\u003e  \u003crect b\u003d\"49\" l\u003d\"55\" r\u003d\"549\" t\u003d\"48\"\u003e\u003c/rect\u003e  \u003crect b\u003d\"53\" l\u003d\"54\" r\u003d\"549\" t\u003d\"49\"\u003e\u003c/rect\u003e  \u003crect b\u003d\"78\" l\u003d\"51\" r\u003d\"549\" t\u003d\"53\"\u003e\u003c/rect\u003e  \u003c/region\u003e  \u003ctext\u003e \u003cpar linespacing\u003d\"-1\"\u003e\u003c/par\u003e  \u003c/text\u003e  \u003c/block\u003e  \u003cblock b\u003d\"146\" blockname\u003d\"\" blocktype\u003d\"Text\" l\u003d\"52\" r\u003d\"231\" style\u003d\"transform: translate(114px, 152px); position: absolute; width: 393.241px; height: 111.944px;\" t\u003d\"84\"\u003e \u003cregion\u003e \u003crect b\u003d\"146\" l\u003d\"52\" r\u003d\"231\" t\u003d\"84\"\u003e\u003c/rect\u003e  \u003c/region\u003e  \u003ctext\u003e \u003cpar leftindent\u003d\"4100\" linespacing\u003d\"1300\"\u003e \u003cline b\u003d\"102\" baseline\u003d\"102\" l\u003d\"93\" r\u003d\"135\" style\u003d\"transform: translate(90px, 9px); position: absolute;\" t\u003d\"89\"\u003e \u003cformatting lang\u003d\"EnglishUnitedStates\"\u003e YOUR \u003c/formatting\u003e  \u003c/line\u003e  \u003c/par\u003e  \u003cpar align\u003d\"Center\" leftindent\u003d\"500\" linespacing\u003d\"1700\"\u003e \u003cline b\u003d\"121\" baseline\u003d\"121\" l\u003d\"110\" r\u003d\"168\" style\u003d\"transform: translate(127px, 36px); position: absolute;\" t\u003d\"104\"\u003e \u003cformatting lang\u003d\"EnglishUnitedStates\"\u003e LOGO \u003c/formatting\u003e  \u003c/line\u003e  \u003c/par\u003e  \u003cpar leftindent\u003d\"9100\" linespacing\u003d\"1200\"\u003e \u003cline b\u003d\"136\" baseline\u003d\"136\" l\u003d\"143\" r\u003d\"180\" style\u003d\"transform: translate(200px, 72px); position: absolute;\" t\u003d\"124\"\u003e \u003cformatting lang\u003d\"EnglishUnitedStates\"\u003e HERE \u003c/formatting\u003e  \u003c/line\u003e  \u003c/par\u003e  \u003c/text\u003e  \u003c/block\u003e  \u003cblock b\u003d\"144\" blockname\u003d\"\" blocktype\u003d\"Text\" l\u003d\"263\" r\u003d\"370\" style\u003d\"transform: translate(578px, 157px); position: absolute; width: 235.066px; height: 102.917px;\" t\u003d\"87\"\u003e \u003cregion\u003e \u003crect b\u003d\"144\" l\u003d\"263\" r\u003d\"370\" t\u003d\"87\"\u003e\u003c/rect\u003e  \u003c/region\u003e  \u003ctext\u003e \u003cpar align\u003d\"Center\" leftindent\u003d\"200\" linespacing\u003d\"1600\"\u003e \u003cline b\u003d\"93\" baseline\u003d\"93\" l\u003d\"278\" r\u003d\"353\" style\u003d\"transform: translate(33px, 0px); position: absolute;\" t\u003d\"87\"\u003e \u003cformatting lang\u003d\"EnglishUnitedStates\"\u003e 8C01 .NYV 74?) Awuo \u003c/formatting\u003e  \u003c/line\u003e  \u003cline b\u003d\"109\" baseline\u003d\"109\" l\u003d\"288\" r\u003d\"343\" style\u003d\"transform: translate(55px, 29px); position: absolute;\" t\u003d\"103\"\u003e \u003cformatting lang\u003d\"EnglishUnitedStates\"\u003e Mm FL53176 \u003c/formatting\u003e  \u003c/line\u003e  \u003c/par\u003e  \u003cpar linespacing\u003d\"600\"\u003e \u003cline b\u003d\"141\" baseline\u003d\"141\" l\u003d\"269\" r\u003d\"361\" style\u003d\"transform: translate(13px, 87px); position: absolute;\" t\u003d\"135\"\u003e \u003cformatting lang\u003d\"EnglishUnitedStates\"\u003e infot*oxocut\u0026raquo;Y*pr^* * ccn \u003c/formatting\u003e  \u003c/line\u003e  \u003c/par\u003e  \u003c/text\u003e  \u003c/block\u003e  \u003cblock b\u003d\"134\" blockname\u003d\"\" blocktype\u003d\"Text\" l\u003d\"415\" r\u003d\"535\" style\u003d\"transform: translate(912px, 150px); position: absolute; width: 263.625px; height: 92.0833px;\" t\u003d\"83\"\u003e \u003cregion\u003e \u003crect b\u003d\"134\" l\u003d\"415\" r\u003d\"535\" t\u003d\"83\"\u003e\u003c/rect\u003e  \u003c/region\u003e  \u003ctext\u003e \u003cpar leftindent\u003d\"2900\" linespacing\u003d\"1600\"\u003e \u003cline b\u003d\"102\" baseline\u003d\"102\" l\u003d\"444\" r\u003d\"530\" style\u003d\"transform: translate(64px, 5px); position: absolute;\" t\u003d\"86\"\u003e \u003cformatting lang\u003d\"EnglishUnitedStates\"\u003e Invoice \u003c/formatting\u003e  \u003c/line\u003e  \u003c/par\u003e  \u003cpar linespacing\u003d\"1000\"\u003e \u003cline b\u003d\"132\" baseline\u003d\"132\" l\u003d\"419\" r\u003d\"517\" style\u003d\"transform: translate(9px, 70px); position: absolute;\" t\u003d\"122\"\u003e \u003cformatting lang\u003d\"EnglishUnitedStates\"\u003e Invoice No \u003cinvoice_number appendorder\u003d\"2\" class\u003d\"extraction-tag\" confidence\u003d\"1/1\" data-original-title\u003d\"Invoice number\" data-toggle\u003d\"tooltip\" data-value\u003d\"2345\" fold-name\u003d\"fold3\" score\u003d\"0.7575369081247953\" style\u003d\"background-color: rgb(0, 83, 98);  color: rgb(255, 255, 255);   border: 2px solid rgb(125, 157, 1); \" tagorder\u003d\"1\"\u003e2345\u003c/invoice_number\u003e \u003c/formatting\u003e  \u003c/line\u003e  \u003c/par\u003e  \u003c/text\u003e  \u003c/block\u003e  \u003cregion xmlns\u003d\"http://ocr.crowdcomputingsystems.com/xml/schema-v1.xml\"\u003e \u003crect b\u003d\"273\" l\u003d\"51\" r\u003d\"535\" t\u003d\"151\"\u003e\u003c/rect\u003e  \u003c/region\u003e \u003ctable b\u003d\"273\" blockname\u003d\"\" blocktype\u003d\"Table\" l\u003d\"51\" r\u003d\"535\" style\u003d\"transform: translate(112px, 273px); position: absolute; user-select: auto;\" t\u003d\"151\" xmlns\u003d\"\"\u003e \u003ctbody\u003e\u003ctr\u003e \u003ctd bottomborder\u003d\"White\" h\u003d\"23\" leftborder\u003d\"White\" rightborder\u003d\"White\" w\u003d\"69\"\u003e \u003ctext xmlns\u003d\"http://ocr.crowdcomputingsystems.com/xml/schema-v1.xml\"\u003e \u003cpar linespacing\u003d\"700\"\u003e \u003cline b\u003d\"166\" baseline\u003d\"166\" l\u003d\"52\" r\u003d\"99\" t\u003d\"159\"\u003e \u003cformatting lang\u003d\"EnglishUnitedStates\"\u003e INVOICE TO: \u003c/formatting\u003e  \u003c/line\u003e  \u003c/par\u003e  \u003c/text\u003e  \u003c/td\u003e   \u003ctd bottomborder\u003d\"White\" h\u003d\"23\" leftborder\u003d\"White\" w\u003d\"191\"\u003e \u003ctext xmlns\u003d\"http://ocr.crowdcomputingsystems.com/xml/schema-v1.xml\"\u003e \u003cpar leftindent\u003d\"2300\" linespacing\u003d\"-1\"\u003e\u003c/par\u003e  \u003c/text\u003e  \u003c/td\u003e   \u003ctd bottomborder\u003d\"White\" h\u003d\"23\" rightborder\u003d\"White\" w\u003d\"105\"\u003e \u003ctext xmlns\u003d\"http://ocr.crowdcomputingsystems.com/xml/schema-v1.xml\"\u003e \u003cpar leftindent\u003d\"1100\" linespacing\u003d\"600\"\u003e \u003cline b\u003d\"165\" baseline\u003d\"165\" l\u003d\"322\" r\u003d\"391\" t\u003d\"159\"\u003e \u003cformatting lang\u003d\"EnglishUnitedStates\"\u003e INVOICE OETA!L$: \u003c/formatting\u003e  \u003c/line\u003e  \u003c/par\u003e  \u003c/text\u003e  \u003c/td\u003e   \u003ctd bottomborder\u003d\"White\" h\u003d\"23\" leftborder\u003d\"White\" rightborder\u003d\"White\" w\u003d\"71\"\u003e \u003ctext xmlns\u003d\"http://ocr.crowdcomputingsystems.com/xml/schema-v1.xml\"\u003e \u003cpar leftindent\u003d\"2500\" linespacing\u003d\"-1\"\u003e\u003c/par\u003e  \u003c/text\u003e  \u003c/td\u003e   \u003ctd bottomborder\u003d\"White\" h\u003d\"23\" leftborder\u003d\"White\" rightborder\u003d\"White\" w\u003d\"48\"\u003e \u003ctext xmlns\u003d\"http://ocr.crowdcomputingsystems.com/xml/schema-v1.xml\"\u003e \u003cpar linespacing\u003d\"-1\"\u003e\u003c/par\u003e  \u003c/text\u003e  \u003c/td\u003e   \u003c/tr\u003e \n \u003ctr\u003e \u003ctd bottomborder\u003d\"White\" h\u003d\"19\" leftborder\u003d\"White\" rightborder\u003d\"White\" topborder\u003d\"White\" w\u003d\"69\"\u003e \u003ctext xmlns\u003d\"http://ocr.crowdcomputingsystems.com/xml/schema-v1.xml\"\u003e \u003cpar linespacing\u003d\"-1\"\u003e\u003c/par\u003e  \u003c/text\u003e  \u003c/td\u003e   \u003ctd bottomborder\u003d\"White\" h\u003d\"19\" leftborder\u003d\"White\" topborder\u003d\"White\" w\u003d\"191\"\u003e \u003ctext xmlns\u003d\"http://ocr.crowdcomputingsystems.com/xml/schema-v1.xml\"\u003e \u003cpar leftindent\u003d\"2300\" linespacing\u003d\"700\"\u003e \u003cline b\u003d\"187\" baseline\u003d\"187\" l\u003d\"143\" r\u003d\"228\" t\u003d\"180\"\u003e \u003cformatting lang\u003d\"EnglishUnitedStates\"\u003e Executive Printers \u003c/formatting\u003e  \u003c/line\u003e  \u003c/par\u003e  \u003c/text\u003e  \u003c/td\u003e   \u003ctd bottomborder\u003d\"White\" h\u003d\"19\" rightborder\u003d\"White\" topborder\u003d\"White\" w\u003d\"105\"\u003e \u003ctext xmlns\u003d\"http://ocr.crowdcomputingsystems.com/xml/schema-v1.xml\"\u003e \u003cpar leftindent\u003d\"2000\" linespacing\u003d\"600\"\u003e \u003cline b\u003d\"186\" baseline\u003d\"186\" l\u003d\"330\" r\u003d\"380\" t\u003d\"180\"\u003e \u003cformatting lang\u003d\"EnglishUnitedStates\"\u003e PO NUMBER \u003c/formatting\u003e  \u003c/line\u003e  \u003c/par\u003e  \u003c/text\u003e  \u003c/td\u003e   \u003ctd bottomborder\u003d\"White\" h\u003d\"19\" leftborder\u003d\"White\" rightborder\u003d\"White\" topborder\u003d\"White\" w\u003d\"71\"\u003e \u003ctext xmlns\u003d\"http://ocr.crowdcomputingsystems.com/xml/schema-v1.xml\"\u003e \u003cpar leftindent\u003d\"2500\" linespacing\u003d\"-1\"\u003e\u003c/par\u003e  \u003c/text\u003e  \u003c/td\u003e   \u003ctd bottomborder\u003d\"White\" h\u003d\"19\" leftborder\u003d\"White\" rightborder\u003d\"White\" topborder\u003d\"White\" w\u003d\"48\"\u003e \u003ctext xmlns\u003d\"http://ocr.crowdcomputingsystems.com/xml/schema-v1.xml\"\u003e \u003cpar linespacing\u003d\"-1\"\u003e\u003c/par\u003e  \u003c/text\u003e  \u003c/td\u003e   \u003c/tr\u003e \n \u003ctr\u003e \u003ctd h\u003d\"24\" leftborder\u003d\"White\" rightborder\u003d\"White\" topborder\u003d\"White\" w\u003d\"69\"\u003e \u003ctext xmlns\u003d\"http://ocr.crowdcomputingsystems.com/xml/schema-v1.xml\"\u003e \u003cpar linespacing\u003d\"-1\"\u003e\u003c/par\u003e  \u003c/text\u003e  \u003c/td\u003e   \u003ctd h\u003d\"24\" leftborder\u003d\"White\" topborder\u003d\"White\" w\u003d\"191\"\u003e \u003ctext xmlns\u003d\"http://ocr.crowdcomputingsystems.com/xml/schema-v1.xml\"\u003e \u003cpar leftindent\u003d\"3300\" linespacing\u003d\"600\"\u003e \u003cline b\u003d\"207\" baseline\u003d\"207\" l\u003d\"153\" r\u003d\"216\" t\u003d\"201\"\u003e \u003cformatting lang\u003d\"EnglishUnitedStates\"\u003e #\u0026raquo;1 NW 74th Avd \u003c/formatting\u003e  \u003c/line\u003e  \u003c/par\u003e  \u003c/text\u003e  \u003c/td\u003e   \u003ctd bottomborder\u003d\"White\" h\u003d\"24\" rightborder\u003d\"White\" topborder\u003d\"White\" w\u003d\"105\"\u003e \u003ctext xmlns\u003d\"http://ocr.crowdcomputingsystems.com/xml/schema-v1.xml\"\u003e \u003cpar leftindent\u003d\"2000\" linespacing\u003d\"600\"\u003e \u003cline b\u003d\"204\" baseline\u003d\"204\" l\u003d\"331\" r\u003d\"387\" t\u003d\"198\"\u003e \u003cformatting lang\u003d\"EnglishUnitedStates\"\u003e INVOICE OATE: \u003c/formatting\u003e  \u003c/line\u003e  \u003c/par\u003e  \u003c/text\u003e  \u003c/td\u003e   \u003ctd bottomborder\u003d\"White\" h\u003d\"24\" leftborder\u003d\"White\" rightborder\u003d\"White\" topborder\u003d\"White\" w\u003d\"71\"\u003e \u003ctext xmlns\u003d\"http://ocr.crowdcomputingsystems.com/xml/schema-v1.xml\"\u003e \u003cpar leftindent\u003d\"2500\" linespacing\u003d\"-1\"\u003e\u003c/par\u003e  \u003c/text\u003e  \u003c/td\u003e   \u003ctd bottomborder\u003d\"White\" h\u003d\"24\" leftborder\u003d\"White\" rightborder\u003d\"White\" topborder\u003d\"White\" w\u003d\"48\"\u003e \u003ctext xmlns\u003d\"http://ocr.crowdcomputingsystems.com/xml/schema-v1.xml\"\u003e \u003cpar align\u003d\"Right\" linespacing\u003d\"600\"\u003e \u003cline b\u003d\"204\" baseline\u003d\"204\" l\u003d\"503\" r\u003d\"532\" t\u003d\"198\"\u003e \u003cformatting lang\u003d\"EnglishUnitedStates\"\u003e \u003cinvoice_date appendorder\u003d\"3\" class\u003d\"extraction-tag\" confidence\u003d\"1/1\" data-original-title\u003d\"Invoice date\" data-toggle\u003d\"tooltip\" data-value\u003d\"06/1571\" fold-name\u003d\"fold5\" score\u003d\"0.6677766778335917\" style\u003d\"background-color: rgb(17, 18, 43);  color: rgb(255, 255, 255);   border: 2px solid rgb(125, 157, 1); \" tagorder\u003d\"2\"\u003e06/1571\u003c/invoice_date\u003e$ \u003c/formatting\u003e  \u003c/line\u003e  \u003c/par\u003e  \u003c/text\u003e  \u003c/td\u003e   \u003c/tr\u003e \n \u003ctr\u003e \u003ctd colspan\u003d\"2\" h\u003d\"20\" leftborder\u003d\"White\" w\u003d\"260\"\u003e \u003ctext xmlns\u003d\"http://ocr.crowdcomputingsystems.com/xml/schema-v1.xml\"\u003e \u003cpar leftindent\u003d\"11100\" linespacing\u003d\"-1\"\u003e\u003c/par\u003e  \u003c/text\u003e  \u003c/td\u003e   \u003ctd h\u003d\"20\" rightborder\u003d\"White\" topborder\u003d\"White\" w\u003d\"105\"\u003e \u003ctext xmlns\u003d\"http://ocr.crowdcomputingsystems.com/xml/schema-v1.xml\"\u003e \u003cpar leftindent\u003d\"2000\" linespacing\u003d\"600\"\u003e \u003cline b\u003d\"222\" baseline\u003d\"222\" l\u003d\"330\" r\u003d\"382\" t\u003d\"216\"\u003e \u003cformatting lang\u003d\"EnglishUnitedStates\"\u003e ACCOUNT N*: \u003c/formatting\u003e  \u003c/line\u003e  \u003c/par\u003e  \u003c/text\u003e  \u003c/td\u003e   \u003ctd h\u003d\"20\" leftborder\u003d\"White\" rightborder\u003d\"White\" topborder\u003d\"White\" w\u003d\"71\"\u003e \u003ctext xmlns\u003d\"http://ocr.crowdcomputingsystems.com/xml/schema-v1.xml\"\u003e \u003cpar leftindent\u003d\"2500\" linespacing\u003d\"-1\"\u003e\u003c/par\u003e  \u003c/text\u003e  \u003c/td\u003e   \u003ctd h\u003d\"20\" leftborder\u003d\"White\" rightborder\u003d\"White\" topborder\u003d\"White\" w\u003d\"48\"\u003e \u003ctext xmlns\u003d\"http://ocr.crowdcomputingsystems.com/xml/schema-v1.xml\"\u003e \u003cpar leftindent\u003d\"1500\" linespacing\u003d\"700\"\u003e \u003cline b\u003d\"223\" baseline\u003d\"223\" l\u003d\"500\" r\u003d\"532\" t\u003d\"216\"\u003e \u003cformatting lang\u003d\"EnglishUnitedStates\"\u003e $\u0026pound;02346 \u003c/formatting\u003e  \u003c/line\u003e  \u003c/par\u003e  \u003c/text\u003e  \u003c/td\u003e   \u003c/tr\u003e \n \u003ctr\u003e \u003ctd colspan\u003d\"2\" h\u003d\"36\" leftborder\u003d\"White\" rightborder\u003d\"White\" w\u003d\"260\"\u003e \u003ctext xmlns\u003d\"http://ocr.crowdcomputingsystems.com/xml/schema-v1.xml\"\u003e \u003cpar align\u003d\"Center\" linespacing\u003d\"600\" rightindent\u003d\"700\"\u003e \u003cline b\u003d\"251\" baseline\u003d\"250\" l\u003d\"162\" r\u003d\"207\" t\u003d\"244\"\u003e \u003cformatting lang\u003d\"EnglishUnitedStates\"\u003e 306-4314331 \u003c/formatting\u003e  \u003c/line\u003e  \u003c/par\u003e  \u003c/text\u003e  \u003c/td\u003e   \u003ctd bottomborder\u003d\"White\" h\u003d\"36\" leftborder\u003d\"White\" rightborder\u003d\"White\" w\u003d\"105\"\u003e \u003ctext xmlns\u003d\"http://ocr.crowdcomputingsystems.com/xml/schema-v1.xml\"\u003e \u003cpar leftindent\u003d\"2000\" linespacing\u003d\"600\"\u003e \u003cline b\u003d\"258\" baseline\u003d\"257\" l\u003d\"331\" r\u003d\"376\" t\u003d\"251\"\u003e \u003cformatting lang\u003d\"EnglishUnitedStates\"\u003e TOTAL 0U\u0026pound;: \u003c/formatting\u003e  \u003c/line\u003e  \u003c/par\u003e  \u003c/text\u003e  \u003c/td\u003e   \u003ctd bottomborder\u003d\"White\" h\u003d\"36\" leftborder\u003d\"White\" rightborder\u003d\"White\" w\u003d\"71\"\u003e \u003ctext xmlns\u003d\"http://ocr.crowdcomputingsystems.com/xml/schema-v1.xml\"\u003e \u003cpar align\u003d\"Right\" linespacing\u003d\"800\" rightindent\u003d\"1400\"\u003e \u003cline b\u003d\"259\" baseline\u003d\"258\" l\u003d\"441\" r\u003d\"473\" t\u003d\"250\"\u003e \u003cformatting lang\u003d\"EnglishUnitedStates\"\u003e $\u003ctotal_amount appendorder\u003d\"4\" class\u003d\"extraction-tag\" confidence\u003d\"1/1\" data-original-title\u003d\"Total amount\" data-toggle\u003d\"tooltip\" data-value\u003d\"1,543\" fold-name\u003d\"fold4\" score\u003d\"0.7989149499909557\" style\u003d\"background-color: rgb(27, 182, 226);  color: rgb(0, 0, 0);   border: 2px solid rgb(125, 157, 1); \" tagorder\u003d\"3\"\u003e1,543\u003c/total_amount\u003e \u003c/formatting\u003e  \u003c/line\u003e  \u003c/par\u003e  \u003c/text\u003e  \u003c/td\u003e   \u003ctd bottomborder\u003d\"White\" h\u003d\"36\" leftborder\u003d\"White\" rightborder\u003d\"White\" w\u003d\"48\"\u003e \u003ctext xmlns\u003d\"http://ocr.crowdcomputingsystems.com/xml/schema-v1.xml\"\u003e \u003cpar linespacing\u003d\"3600\"\u003e \u003cline b\u003d\"273\" baseline\u003d\"273\" l\u003d\"488\" r\u003d\"535\" t\u003d\"237\"\u003e \u003cformatting lang\u003d\"EnglishUnitedStates\"\u003e zi \u003c/formatting\u003e  \u003c/line\u003e  \u003c/par\u003e  \u003c/text\u003e  \u003c/td\u003e   \u003c/tr\u003e \n \u003c/tbody\u003e\u003c/table\u003e\n \u003cblock b\u003d\"311\" blockname\u003d\"\" blocktype\u003d\"Text\" class\u003d\"hidden\" l\u003d\"46\" r\u003d\"548\" style\u003d\"transform: translate(101px, 489px); position: absolute; width: 1102.83px; height: 72.2222px;\" t\u003d\"271\"\u003e \u003cregion\u003e \u003crect b\u003d\"273\" l\u003d\"535\" r\u003d\"548\" t\u003d\"271\"\u003e\u003c/rect\u003e  \u003crect b\u003d\"285\" l\u003d\"51\" r\u003d\"548\" t\u003d\"273\"\u003e\u003c/rect\u003e  \u003crect b\u003d\"311\" l\u003d\"46\" r\u003d\"548\" t\u003d\"285\"\u003e\u003c/rect\u003e  \u003c/region\u003e  \u003ctext\u003e \u003cpar align\u003d\"Justified\" linespacing\u003d\"600\"\u003e \u003cline b\u003d\"286\" baseline\u003d\"286\" l\u003d\"52\" r\u003d\"502\" style\u003d\"transform: translate(13px, 16px); position: absolute;\" t\u003d\"280\"\u003e \u003cformatting lang\u003d\"EnglishUnitedStates\"\u003e ITEM DESCRIPTION CVANTITY UNIT PRICE TOTAL \u003c/formatting\u003e  \u003c/line\u003e  \u003c/par\u003e  \u003cpar align\u003d\"Justified\" leftindent\u003d\"24500\" linespacing\u003d\"900\"\u003e \u003cline b\u003d\"296\" baseline\u003d\"296\" l\u003d\"291\" r\u003d\"529\" style\u003d\"transform: translate(538px, 29px); position: absolute;\" t\u003d\"287\"\u003e \u003cformatting lang\u003d\"EnglishUnitedStates\"\u003e \\* %(\u0026bull;\u0027** . i. *^. ..... .i.^. .. ...MI..\u0026gt;./\u0026gt; . \u0026bull;.. \u003c/formatting\u003e  \u003c/line\u003e  \u003c/par\u003e  \u003c/text\u003e  \u003ctext\u003e \u003cpar leftindent\u003d\"1600\" linespacing\u003d\"1200\"\u003e \u003cline b\u003d\"311\" baseline\u003d\"311\" l\u003d\"52\" r\u003d\"91\" style\u003d\"transform: translate(13px, 51px); position: absolute;\" t\u003d\"299\"\u003e \u003cformatting lang\u003d\"EnglishUnitedStates\"\u003e O n\u0026laquo;mi \u003c/formatting\u003e  \u003c/line\u003e  \u003c/par\u003e  \u003c/text\u003e  \u003c/block\u003e  \u003cblock b\u003d\"328\" blockname\u003d\"\" blocktype\u003d\"Text\" l\u003d\"71\" r\u003d\"106\" style\u003d\"transform: translate(156px, 578px); position: absolute; width: 76.8906px; height: 14.4444px;\" t\u003d\"320\"\u003e \u003cregion\u003e \u003crect b\u003d\"328\" l\u003d\"71\" r\u003d\"106\" t\u003d\"320\"\u003e\u003c/rect\u003e  \u003c/region\u003e  \u003ctext\u003e \u003cpar linespacing\u003d\"500\"\u003e \u003cline b\u003d\"326\" baseline\u003d\"325\" l\u003d\"72\" r\u003d\"104\" style\u003d\"transform: translate(2px, 0px); position: absolute;\" t\u003d\"320\"\u003e \u003cformatting lang\u003d\"EnglishUnitedStates\"\u003e D*Kr\u0026laquo;4\u0026laquo;t \u003c/formatting\u003e  \u003c/line\u003e  \u003c/par\u003e  \u003c/text\u003e  \u003c/block\u003e  \u003cblock b\u003d\"328\" blockname\u003d\"\" blocktype\u003d\"Text\" l\u003d\"328\" r\u003d\"359\" style\u003d\"transform: translate(721px, 574px); position: absolute; width: 68.1031px; height: 18.0556px;\" t\u003d\"318\"\u003e \u003cregion\u003e \u003crect b\u003d\"328\" l\u003d\"328\" r\u003d\"359\" t\u003d\"318\"\u003e\u003c/rect\u003e  \u003c/region\u003e  \u003ctext\u003e \u003cpar linespacing\u003d\"700\"\u003e \u003cline b\u003d\"326\" baseline\u003d\"325\" l\u003d\"329\" r\u003d\"357\" style\u003d\"transform: translate(2px, 0px); position: absolute;\" t\u003d\"318\"\u003e \u003cformatting lang\u003d\"EnglishUnitedStates\"\u003e OuanSty \u003c/formatting\u003e  \u003c/line\u003e  \u003c/par\u003e  \u003c/text\u003e  \u003c/block\u003e  \u003cblock b\u003d\"327\" blockname\u003d\"\" blocktype\u003d\"Text\" l\u003d\"404\" r\u003d\"439\" style\u003d\"transform: translate(888px, 574px); position: absolute; width: 76.8906px; height: 16.25px;\" t\u003d\"318\"\u003e \u003cregion\u003e \u003crect b\u003d\"327\" l\u003d\"404\" r\u003d\"439\" t\u003d\"318\"\u003e\u003c/rect\u003e  \u003c/region\u003e  \u003ctext\u003e \u003cpar linespacing\u003d\"600\"\u003e \u003cline b\u003d\"325\" baseline\u003d\"325\" l\u003d\"405\" r\u003d\"437\" style\u003d\"transform: translate(2px, 2px); position: absolute;\" t\u003d\"319\"\u003e \u003cformatting lang\u003d\"EnglishUnitedStates\"\u003e W\u0026raquo;iPr4\u0026laquo; \u003c/formatting\u003e  \u003c/line\u003e  \u003c/par\u003e  \u003c/text\u003e  \u003c/block\u003e  \u003cblock b\u003d\"146\" blockname\u003d\"\" blocktype\u003d\"SeparatorsBox\" class\u003d\"hidden\" l\u003d\"52\" r\u003d\"231\" style\u003d\"transform: translate(114px, 152px); position: absolute;\" t\u003d\"84\"\u003e \u003cregion\u003e \u003crect b\u003d\"87\" l\u003d\"52\" r\u003d\"231\" t\u003d\"84\"\u003e\u003c/rect\u003e  \u003crect b\u003d\"143\" l\u003d\"52\" r\u003d\"231\" t\u003d\"87\"\u003e\u003c/rect\u003e  \u003crect b\u003d\"146\" l\u003d\"52\" r\u003d\"231\" t\u003d\"143\"\u003e\u003c/rect\u003e  \u003c/region\u003e  \u003cseparatorsbox\u003e \u003cseparator thickness\u003d\"3\" type\u003d\"Black\"\u003e \u003cstart x\u003d\"52\" y\u003d\"85\"\u003e\u003c/start\u003e \u003cend x\u003d\"231\" y\u003d\"85\"\u003e\u003c/end\u003e \u003c/separator\u003e \u003cseparator thickness\u003d\"3\" type\u003d\"Black\"\u003e \u003cstart x\u003d\"52\" y\u003d\"144\"\u003e\u003c/start\u003e \u003cend x\u003d\"231\" y\u003d\"144\"\u003e\u003c/end\u003e \u003c/separator\u003e \u003cseparator thickness\u003d\"3\" type\u003d\"Black\"\u003e \u003cstart x\u003d\"53\" y\u003d\"84\"\u003e\u003c/start\u003e \u003cend x\u003d\"53\" y\u003d\"146\"\u003e\u003c/end\u003e \u003c/separator\u003e \u003cseparator thickness\u003d\"4\" type\u003d\"Black\"\u003e \u003cstart x\u003d\"229\" y\u003d\"84\"\u003e\u003c/start\u003e \u003cend x\u003d\"229\" y\u003d\"146\"\u003e\u003c/end\u003e \u003c/separator\u003e \u003c/separatorsbox\u003e \u003c/block\u003e  \u003cblock b\u003d\"33\" blockname\u003d\"\" blocktype\u003d\"Separator\" l\u003d\"36\" r\u003d\"548\" style\u003d\"transform: translate(79px, 54px); position: absolute;\" t\u003d\"30\"\u003e \u003cregion\u003e \u003crect b\u003d\"33\" l\u003d\"36\" r\u003d\"548\" t\u003d\"30\"\u003e\u003c/rect\u003e  \u003c/region\u003e  \u003cseparator thickness\u003d\"3\" type\u003d\"Black\"\u003e \u003cstart x\u003d\"36\" y\u003d\"31\"\u003e\u003c/start\u003e \u003cend x\u003d\"548\" y\u003d\"31\"\u003e\u003c/end\u003e \u003c/separator\u003e \u003c/block\u003e  \u003cblock b\u003d\"75\" blockname\u003d\"\" blocktype\u003d\"Separator\" l\u003d\"239\" r\u003d\"531\" style\u003d\"transform: translate(525px, 126px); position: absolute;\" t\u003d\"70\"\u003e \u003cregion\u003e \u003crect b\u003d\"75\" l\u003d\"239\" r\u003d\"531\" t\u003d\"70\"\u003e\u003c/rect\u003e  \u003c/region\u003e  \u003cseparator thickness\u003d\"5\" type\u003d\"Black\"\u003e \u003cstart x\u003d\"239\" y\u003d\"72\"\u003e\u003c/start\u003e \u003cend x\u003d\"531\" y\u003d\"72\"\u003e\u003c/end\u003e \u003c/separator\u003e \u003c/block\u003e  \u003cblock b\u003d\"154\" blockname\u003d\"\" blocktype\u003d\"Separator\" l\u003d\"52\" r\u003d\"531\" style\u003d\"transform: translate(114px, 273px); position: absolute;\" t\u003d\"151\"\u003e \u003cregion\u003e \u003crect b\u003d\"154\" l\u003d\"52\" r\u003d\"531\" t\u003d\"151\"\u003e\u003c/rect\u003e  \u003c/region\u003e  \u003cseparator thickness\u003d\"3\" type\u003d\"Black\"\u003e \u003cstart x\u003d\"52\" y\u003d\"152\"\u003e\u003c/start\u003e \u003cend x\u003d\"531\" y\u003d\"152\"\u003e\u003c/end\u003e \u003c/separator\u003e \u003c/block\u003e  \u003cblock b\u003d\"238\" blockname\u003d\"\" blocktype\u003d\"Separator\" class\u003d\"hidden\" l\u003d\"312\" r\u003d\"531\" style\u003d\"transform: translate(685px, 426px); position: absolute;\" t\u003d\"236\"\u003e \u003cregion\u003e \u003crect b\u003d\"238\" l\u003d\"312\" r\u003d\"531\" t\u003d\"236\"\u003e\u003c/rect\u003e  \u003c/region\u003e  \u003cseparator thickness\u003d\"2\" type\u003d\"Black\"\u003e \u003cstart x\u003d\"312\" y\u003d\"237\"\u003e\u003c/start\u003e \u003cend x\u003d\"531\" y\u003d\"237\"\u003e\u003c/end\u003e \u003c/separator\u003e \u003c/block\u003e  \u003cblock b\u003d\"271\" blockname\u003d\"\" blocktype\u003d\"Separator\" l\u003d\"53\" r\u003d\"310\" style\u003d\"transform: translate(116px, 484px); position: absolute;\" t\u003d\"268\"\u003e \u003cregion\u003e \u003crect b\u003d\"271\" l\u003d\"53\" r\u003d\"310\" t\u003d\"268\"\u003e\u003c/rect\u003e  \u003c/region\u003e  \u003cseparator thickness\u003d\"3\" type\u003d\"Black\"\u003e \u003cstart x\u003d\"53\" y\u003d\"269\"\u003e\u003c/start\u003e \u003cend x\u003d\"310\" y\u003d\"269\"\u003e\u003c/end\u003e \u003c/separator\u003e \u003c/block\u003e  \u003cblock b\u003d\"239\" blockname\u003d\"\" blocktype\u003d\"Separator\" l\u003d\"309\" r\u003d\"313\" style\u003d\"transform: translate(679px, 273px); position: absolute;\" t\u003d\"151\"\u003e \u003cregion\u003e \u003crect b\u003d\"159\" l\u003d\"309\" r\u003d\"313\" t\u003d\"151\"\u003e\u003c/rect\u003e  \u003crect b\u003d\"236\" l\u003d\"309\" r\u003d\"312\" t\u003d\"159\"\u003e\u003c/rect\u003e  \u003crect b\u003d\"237\" l\u003d\"309\" r\u003d\"313\" t\u003d\"236\"\u003e\u003c/rect\u003e  \u003crect b\u003d\"239\" l\u003d\"310\" r\u003d\"313\" t\u003d\"237\"\u003e\u003c/rect\u003e  \u003c/region\u003e  \u003cseparator thickness\u003d\"3\" type\u003d\"Black\"\u003e \u003cstart x\u003d\"311\" y\u003d\"151\"\u003e\u003c/start\u003e \u003cend x\u003d\"311\" y\u003d\"239\"\u003e\u003c/end\u003e \u003c/separator\u003e \u003c/block\u003e  \u003cblock b\u003d\"340\" blockname\u003d\"\" blocktype\u003d\"Separator\" l\u003d\"545\" r\u003d\"548\" style\u003d\"transform: translate(1197px, 54px); position: absolute;\" t\u003d\"30\"\u003e \u003cregion\u003e \u003crect b\u003d\"340\" l\u003d\"545\" r\u003d\"548\" t\u003d\"30\"\u003e\u003c/rect\u003e  \u003c/region\u003e  \u003cseparator thickness\u003d\"3\" type\u003d\"Black\"\u003e \u003cstart x\u003d\"546\" y\u003d\"30\"\u003e\u003c/start\u003e \u003cend x\u003d\"546\" y\u003d\"340\"\u003e\u003c/end\u003e \u003c/separator\u003e \u003c/block\u003e  \u003cblock b\u003d\"340\" blockname\u003d\"\" blocktype\u003d\"Separator\" l\u003d\"578\" r\u003d\"585\" style\u003d\"transform: translate(1270px, 381px); position: absolute;\" t\u003d\"211\"\u003e \u003cregion\u003e \u003crect b\u003d\"219\" l\u003d\"580\" r\u003d\"585\" t\u003d\"211\"\u003e\u003c/rect\u003e  \u003crect b\u003d\"340\" l\u003d\"578\" r\u003d\"584\" t\u003d\"219\"\u003e\u003c/rect\u003e  \u003c/region\u003e  \u003cseparator thickness\u003d\"6\" type\u003d\"Black\"\u003e \u003cstart x\u003d\"581\" y\u003d\"211\"\u003e\u003c/start\u003e \u003cend x\u003d\"581\" y\u003d\"340\"\u003e\u003c/end\u003e \u003c/separator\u003e \u003c/block\u003e  \u003cblock b\u003d\"217\" blockname\u003d\"\" blocktype\u003d\"Separator\" l\u003d\"64\" r\u003d\"280\" style\u003d\"transform: translate(141px, 388px); position: absolute;\" t\u003d\"215\"\u003e \u003cregion\u003e \u003crect b\u003d\"217\" l\u003d\"64\" r\u003d\"280\" t\u003d\"215\"\u003e\u003c/rect\u003e  \u003c/region\u003e  \u003cseparator thickness\u003d\"2\" type\u003d\"Dotted\"\u003e \u003cstart x\u003d\"64\" y\u003d\"216\"\u003e\u003c/start\u003e \u003cend x\u003d\"280\" y\u003d\"216\"\u003e\u003c/end\u003e \u003c/separator\u003e \u003c/block\u003e  \u003cblock b\u003d\"238\" blockname\u003d\"\" blocktype\u003d\"Separator\" l\u003d\"64\" r\u003d\"312\" style\u003d\"transform: translate(141px, 426px); position: absolute;\" t\u003d\"236\"\u003e \u003cregion\u003e \u003crect b\u003d\"238\" l\u003d\"64\" r\u003d\"312\" t\u003d\"236\"\u003e\u003c/rect\u003e  \u003c/region\u003e  \u003cseparator thickness\u003d\"1\" type\u003d\"Dotted\"\u003e \u003cstart x\u003d\"64\" y\u003d\"237\"\u003e\u003c/start\u003e \u003cend x\u003d\"312\" y\u003d\"237\"\u003e\u003c/end\u003e \u003c/separator\u003e \u003c/block\u003e  \u003cblock b\u003d\"293\" blockname\u003d\"\" blocktype\u003d\"Separator\" l\u003d\"130\" r\u003d\"198\" style\u003d\"transform: translate(286px, 527px); position: absolute;\" t\u003d\"292\"\u003e \u003cregion\u003e \u003crect b\u003d\"293\" l\u003d\"130\" r\u003d\"198\" t\u003d\"292\"\u003e\u003c/rect\u003e  \u003c/region\u003e  \u003cseparator thickness\u003d\"1\" type\u003d\"Dotted\"\u003e \u003cstart x\u003d\"130\" y\u003d\"292\"\u003e\u003c/start\u003e \u003cend x\u003d\"198\" y\u003d\"292\"\u003e\u003c/end\u003e \u003c/separator\u003e \u003c/block\u003e  \u003cblock b\u003d\"269\" blockname\u003d\"\" blocktype\u003d\"Text\" class\u003d\"hidden\" l\u003d\"311\" r\u003d\"530\" style\u003d\"transform: translate(683px, 433px); position: absolute; width: 481.116px; height: 52.3611px;\" t\u003d\"240\"\u003e \u003cregion\u003e \u003crect b\u003d\"269\" l\u003d\"311\" r\u003d\"530\" t\u003d\"240\"\u003e\u003c/rect\u003e  \u003c/region\u003e  \u003ctext\u003e \u003cpar leftindent\u003d\"1600\" linespacing\u003d\"-1\"\u003e\u003c/par\u003e  \u003c/text\u003e  \u003c/block\u003e  \u003cblock b\u003d\"146\" blockname\u003d\"\" blocktype\u003d\"Text\" l\u003d\"52\" r\u003d\"231\" style\u003d\"transform: translate(114px, 152px); position: absolute; width: 393.241px; height: 111.944px;\" t\u003d\"84\"\u003e \u003cregion\u003e \u003crect b\u003d\"146\" l\u003d\"52\" r\u003d\"231\" t\u003d\"84\"\u003e\u003c/rect\u003e  \u003c/region\u003e  \u003ctext\u003e \u003cpar leftindent\u003d\"4100\" linespacing\u003d\"1300\"\u003e \u003cline b\u003d\"102\" baseline\u003d\"102\" l\u003d\"93\" r\u003d\"135\" style\u003d\"transform: translate(90px, 9px); position: absolute;\" t\u003d\"89\"\u003e \u003cformatting lang\u003d\"EnglishUnitedStates\"\u003e YOUR \u003c/formatting\u003e  \u003c/line\u003e  \u003c/par\u003e  \u003cpar align\u003d\"Center\" leftindent\u003d\"500\" linespacing\u003d\"1700\"\u003e \u003cline b\u003d\"121\" baseline\u003d\"121\" l\u003d\"110\" r\u003d\"168\" style\u003d\"transform: translate(127px, 36px); position: absolute;\" t\u003d\"104\"\u003e \u003cformatting lang\u003d\"EnglishUnitedStates\"\u003e LOGO \u003c/formatting\u003e  \u003c/line\u003e  \u003c/par\u003e  \u003cpar leftindent\u003d\"9100\" linespacing\u003d\"1200\"\u003e \u003cline b\u003d\"136\" baseline\u003d\"136\" l\u003d\"143\" r\u003d\"180\" style\u003d\"transform: translate(200px, 72px); position: absolute;\" t\u003d\"124\"\u003e \u003cformatting lang\u003d\"EnglishUnitedStates\"\u003e HERE \u003c/formatting\u003e  \u003c/line\u003e  \u003c/par\u003e  \u003c/text\u003e  \u003c/block\u003e  \u003c/page\u003e               \u003c/document\u003e","tags":[{"begin":209,"end":213,"text":"2345","tag":"invoice_number","fieldType":"TEXT","score":0.7575369081247953,"estimatedAccuracy":0.0},{"begin":499,"end":506,"text":"06/1571","tag":"invoice_date","fieldType":"DATE","score":0.6677766778335917,"estimatedAccuracy":0.0},{"begin":658,"end":663,"text":"1,543","tag":"total_amount","fieldType":"NUMBER","score":0.7989149499909557,"estimatedAccuracy":0.0}],"group":"invoice_date|invoice_number|total_amount","limeExplanation":{},"liblinearFeatureImportance":{}}