{"finalScore":0.6469977733818105,"metaInfo":{"model":{"coreVersion":"10.3.0.39"}},"sumScore":1.9409933201454315,"tagsCounter":3.0,"taggedText":"\u003chtml\u003e\u003chead\u003e\u003c/head\u003e\u003cbody\u003e\u003cdocument languages\u003d\"\" producer\u003d\"Workfusion\" schemalocation\u003d\"http://ocr.crowdcomputingsystems.com/xml/schema-v1.xml\" version\u003d\"1.0\" xmlns\u003d\"http://ocr.crowdcomputingsystems.com/xml/schema-v1.xml\" xsi\u003d\"http://www.w3.org/2001/XMLSchema-instance\"\u003e \u003clink href\u003d\"https://s3.amazonaws.com/workfusion-resources/ocr/ocr-xml-viewer-0.3-scale-to-width.css\" rel\u003d\"stylesheet\" type\u003d\"text/css\"\u003e\u003c/link\u003e \u003cstyle\u003e\u003c/style\u003e\u003cpage data-pages\u003d\"1\" h\u003d\"725\" resolution\u003d\"96\" style\u003d\"height: 899px;\" w\u003d\"560\"\u003e \u003cblock b\u003d\"71\" blockname\u003d\"\" blocktype\u003d\"Text\" l\u003d\"112\" r\u003d\"224\" style\u003d\"transform: translate(277px, 49px); position: absolute; width: 277px; height: 47.3958px;\" t\u003d\"36\"\u003e \u003cregion\u003e \u003crect b\u003d\"71\" l\u003d\"112\" r\u003d\"224\" t\u003d\"36\"\u003e\u003c/rect\u003e  \u003c/region\u003e  \u003ctext\u003e \u003cpar align\u003d\"Justified\" leftindent\u003d\"5600\" linespacing\u003d\"825\"\u003e \u003cline b\u003d\"47\" baseline\u003d\"45\" l\u003d\"114\" r\u003d\"221\" style\u003d\"transform: translate(5px, 1px); position: absolute;\" t\u003d\"37\"\u003e \u003cformatting lang\u003d\"EnglishUnitedStates\"\u003e \u003csupplier_name appendorder\u003d\"4\" class\u003d\"extraction-tag\" confidence\u003d\"1/1\" data-original-title\u003d\"Supplier name\" data-toggle\u003d\"tooltip\" data-value\u003d\"Public Ubraryol Science\" fold-name\u003d\"fold2\" score\u003d\"0.611115395545171\" style\u003d\"background-color: rgb(88, 50, 166);  color: rgb(255, 255, 255);   border: 2px solid rgb(125, 157, 1); \" tagorder\u003d\"2\"\u003ePublic Ubraryol Science\u003c/supplier_name\u003e \u003c/formatting\u003e  \u003c/line\u003e  \u003c/par\u003e  \u003cpar align\u003d\"Justified\" leftindent\u003d\"5600\" linespacing\u003d\"825\"\u003e \u003cline b\u003d\"58\" baseline\u003d\"56\" l\u003d\"114\" r\u003d\"209\" style\u003d\"transform: translate(5px, 18px); position: absolute;\" t\u003d\"49\"\u003e \u003cformatting lang\u003d\"EnglishUnitedStates\"\u003e 1160 Bitfcry SJ. 9jile ICO \u003c/formatting\u003e  \u003c/line\u003e  \u003cline b\u003d\"68\" baseline\u003d\"67\" l\u003d\"113\" r\u003d\"208\" style\u003d\"transform: translate(2px, 33px); position: absolute;\" t\u003d\"60\"\u003e \u003cformatting lang\u003d\"EnglishUnitedStates\"\u003e San Ranc\u0026laquo;o.CA win \u003c/formatting\u003e  \u003c/line\u003e  \u003c/par\u003e  \u003c/text\u003e  \u003c/block\u003e  \u003cblock b\u003d\"103\" blockname\u003d\"\" blocktype\u003d\"Text\" l\u003d\"51\" r\u003d\"97\" style\u003d\"transform: translate(126px, 112px); position: absolute; width: 113.768px; height: 27.0833px;\" t\u003d\"83\"\u003e \u003cregion\u003e \u003crect b\u003d\"103\" l\u003d\"51\" r\u003d\"97\" t\u003d\"83\"\u003e\u003c/rect\u003e  \u003c/region\u003e  \u003ctext\u003e \u003cpar linespacing\u003d\"1130\"\u003e \u003cline b\u003d\"101\" baseline\u003d\"100\" l\u003d\"53\" r\u003d\"94\" style\u003d\"transform: translate(5px, 3px); position: absolute;\" t\u003d\"85\"\u003e \u003cformatting lang\u003d\"EnglishUnitedStates\"\u003e PLoS \u003c/formatting\u003e  \u003c/line\u003e  \u003c/par\u003e  \u003c/text\u003e  \u003c/block\u003e  \u003cblock b\u003d\"104\" blockname\u003d\"\" blocktype\u003d\"Text\" l\u003d\"112\" r\u003d\"233\" style\u003d\"transform: translate(277px, 125px); position: absolute; width: 299.259px; height: 16.25px;\" t\u003d\"92\"\u003e \u003cregion\u003e \u003crect b\u003d\"104\" l\u003d\"112\" r\u003d\"233\" t\u003d\"92\"\u003e\u003c/rect\u003e  \u003c/region\u003e  \u003ctext\u003e \u003cpar linespacing\u003d\"530\"\u003e \u003cline b\u003d\"101\" baseline\u003d\"100\" l\u003d\"113\" r\u003d\"230\" style\u003d\"transform: translate(2px, 1px); position: absolute;\" t\u003d\"93\"\u003e \u003cformatting lang\u003d\"EnglishUnitedStates\"\u003e TIN 68-W93365 Ta\u0026laquo; Exemped \u003c/formatting\u003e  \u003c/line\u003e  \u003c/par\u003e  \u003c/text\u003e  \u003c/block\u003e  \u003cblock b\u003d\"93\" blockname\u003d\"\" blocktype\u003d\"Text\" l\u003d\"424\" r\u003d\"537\" style\u003d\"transform: translate(1049px, 61px); position: absolute; width: 279.473px; height: 65px;\" t\u003d\"45\"\u003e \u003cregion\u003e \u003crect b\u003d\"93\" l\u003d\"424\" r\u003d\"537\" t\u003d\"45\"\u003e\u003c/rect\u003e  \u003c/region\u003e  \u003ctext\u003e \u003cpar align\u003d\"Right\" linespacing\u003d\"900\"\u003e \u003cline b\u003d\"58\" baseline\u003d\"58\" l\u003d\"484\" r\u003d\"534\" style\u003d\"transform: translate(148px, 1px); position: absolute;\" t\u003d\"46\"\u003e \u003cformatting lang\u003d\"EnglishUnitedStates\"\u003e Invoice \u003c/formatting\u003e  \u003c/line\u003e  \u003c/par\u003e  \u003cpar align\u003d\"Right\" linespacing\u003d\"825\"\u003e \u003cline b\u003d\"69\" baseline\u003d\"67\" l\u003d\"426\" r\u003d\"533\" style\u003d\"transform: translate(5px, 20px); position: absolute;\" t\u003d\"60\"\u003e \u003cformatting lang\u003d\"EnglishUnitedStates\"\u003e Email aurcr@biingoposag \u003c/formatting\u003e  \u003c/line\u003e  \u003cline b\u003d\"79\" baseline\u003d\"78\" l\u003d\"451\" r\u003d\"533\" style\u003d\"transform: translate(67px, 35px); position: absolute;\" t\u003d\"71\"\u003e \u003cformatting lang\u003d\"EnglishUnitedStates\"\u003e Ptcne (415)568-4502 \u003c/formatting\u003e  \u003c/line\u003e  \u003cline b\u003d\"90\" baseline\u003d\"89\" l\u003d\"433\" r\u003d\"533\" style\u003d\"transform: translate(22px, 50px); position: absolute;\" t\u003d\"82\"\u003e \u003cformatting lang\u003d\"EnglishUnitedStates\"\u003e secure Fax (415)568-3159 \u003c/formatting\u003e  \u003c/line\u003e  \u003c/par\u003e  \u003c/text\u003e  \u003c/block\u003e  \u003cblock b\u003d\"203\" blockname\u003d\"\" blocktype\u003d\"Text\" l\u003d\"39\" r\u003d\"148\" style\u003d\"transform: translate(96px, 184px); position: absolute; width: 269.58px; height: 90.7292px;\" t\u003d\"136\"\u003e \u003cregion\u003e \u003crect b\u003d\"203\" l\u003d\"39\" r\u003d\"148\" t\u003d\"136\"\u003e\u003c/rect\u003e  \u003c/region\u003e  \u003ctext\u003e \u003cpar align\u003d\"Justified\" linespacing\u003d\"825\"\u003e \u003cline b\u003d\"146\" baseline\u003d\"144\" l\u003d\"40\" r\u003d\"147\" style\u003d\"transform: translate(2px, 1px); position: absolute;\" t\u003d\"137\"\u003e \u003cformatting lang\u003d\"EnglishUnitedStates\"\u003e Bit To_ \u003c/formatting\u003e  \u003c/line\u003e  \u003c/par\u003e  \u003cpar linespacing\u003d\"825\"\u003e \u003cline b\u003d\"156\" baseline\u003d\"155\" l\u003d\"43\" r\u003d\"130\" style\u003d\"transform: translate(10px, 16px); position: absolute;\" t\u003d\"148\"\u003e \u003cformatting lang\u003d\"EnglishUnitedStates\"\u003e MAR2JLLO. TIMOTHY \u003c/formatting\u003e  \u003c/line\u003e  \u003cline b\u003d\"168\" baseline\u003d\"166\" l\u003d\"44\" r\u003d\"117\" style\u003d\"transform: translate(12px, 31px); position: absolute;\" t\u003d\"159\"\u003e \u003cformatting lang\u003d\"EnglishUnitedStates\"\u003e Sick yard Bans rc \u003c/formatting\u003e  \u003c/line\u003e  \u003cline b\u003d\"179\" baseline\u003d\"177\" l\u003d\"44\" r\u003d\"132\" style\u003d\"transform: translate(12px, 46px); position: absolute;\" t\u003d\"170\"\u003e \u003cformatting lang\u003d\"EnglishUnitedStates\"\u003e Bciogyand engneetng \u003c/formatting\u003e  \u003c/line\u003e  \u003cline b\u003d\"188\" baseline\u003d\"188\" l\u003d\"43\" r\u003d\"136\" style\u003d\"transform: translate(10px, 61px); position: absolute;\" t\u003d\"181\"\u003e \u003cformatting lang\u003d\"EnglishUnitedStates\"\u003e 4045 Hincner Gxit east \u003c/formatting\u003e  \u003c/line\u003e  \u003cline b\u003d\"200\" baseline\u003d\"199\" l\u003d\"44\" r\u003d\"145\" style\u003d\"transform: translate(12px, 76px); position: absolute;\" t\u003d\"192\"\u003e \u003cformatting lang\u003d\"EnglishUnitedStates\"\u003e V*sl Bcori1eld. M 48323 \u003c/formatting\u003e  \u003c/line\u003e  \u003c/par\u003e  \u003c/text\u003e  \u003c/block\u003e  \u003cregion xmlns\u003d\"http://ocr.crowdcomputingsystems.com/xml/schema-v1.xml\"\u003e \u003crect b\u003d\"180\" l\u003d\"335\" r\u003d\"535\" t\u003d\"135\"\u003e\u003c/rect\u003e  \u003c/region\u003e \u003ctable b\u003d\"180\" blockname\u003d\"\" blocktype\u003d\"Table\" l\u003d\"335\" r\u003d\"535\" style\u003d\"transform: translate(829px, 183px); position: absolute; user-select: auto;\" t\u003d\"135\" xmlns\u003d\"\"\u003e \u003ctbody\u003e\u003ctr\u003e \u003ctd h\u003d\"11\" w\u003d\"78\"\u003e \u003ctext xmlns\u003d\"http://ocr.crowdcomputingsystems.com/xml/schema-v1.xml\"\u003e \u003cpar align\u003d\"Center\" linespacing\u003d\"450\"\u003e \u003cline b\u003d\"143\" baseline\u003d\"143\" l\u003d\"366\" r\u003d\"382\" t\u003d\"137\"\u003e \u003cformatting lang\u003d\"EnglishUnitedStates\"\u003e Date \u003c/formatting\u003e  \u003c/line\u003e  \u003c/par\u003e  \u003c/text\u003e  \u003c/td\u003e   \u003ctd bottomborder\u003d\"White\" h\u003d\"11\" topborder\u003d\"White\" w\u003d\"24\"\u003e \u003ctext xmlns\u003d\"http://ocr.crowdcomputingsystems.com/xml/schema-v1.xml\"\u003e \u003cpar linespacing\u003d\"-1\"\u003e\u003c/par\u003e  \u003c/text\u003e  \u003c/td\u003e   \u003ctd h\u003d\"11\" w\u003d\"98\"\u003e \u003ctext xmlns\u003d\"http://ocr.crowdcomputingsystems.com/xml/schema-v1.xml\"\u003e \u003cpar align\u003d\"Center\" leftindent\u003d\"200\" linespacing\u003d\"530\"\u003e \u003cline b\u003d\"144\" baseline\u003d\"144\" l\u003d\"470\" r\u003d\"499\" t\u003d\"137\"\u003e \u003cformatting lang\u003d\"EnglishUnitedStates\"\u003e \u003cinvoice_date appendorder\u003d\"14\" class\u003d\"extraction-tag\" confidence\u003d\"1/1\" data-original-title\u003d\"Invoice date\" data-toggle\u003d\"tooltip\" data-value\u003d\"12Q0/11\" fold-name\u003d\"fold5\" score\u003d\"0.5431388796144508\" style\u003d\"background-color: rgb(17, 18, 43);  color: rgb(255, 255, 255);   border: 2px solid rgb(125, 157, 1); \" tagorder\u003d\"7\"\u003e12Q0/11\u003c/invoice_date\u003e \u003c/formatting\u003e  \u003c/line\u003e  \u003c/par\u003e  \u003c/text\u003e  \u003c/td\u003e   \u003c/tr\u003e \n \u003ctr\u003e \u003ctd h\u003d\"11\" w\u003d\"78\"\u003e \u003ctext xmlns\u003d\"http://ocr.crowdcomputingsystems.com/xml/schema-v1.xml\"\u003e \u003cpar align\u003d\"Center\" linespacing\u003d\"450\"\u003e \u003cline b\u003d\"154\" baseline\u003d\"154\" l\u003d\"357\" r\u003d\"392\" t\u003d\"148\"\u003e \u003cformatting lang\u003d\"EnglishUnitedStates\"\u003e Invoice * \u003c/formatting\u003e  \u003c/line\u003e  \u003c/par\u003e  \u003c/text\u003e  \u003c/td\u003e   \u003ctd bottomborder\u003d\"White\" h\u003d\"11\" topborder\u003d\"White\" w\u003d\"24\"\u003e \u003ctext xmlns\u003d\"http://ocr.crowdcomputingsystems.com/xml/schema-v1.xml\"\u003e \u003cpar linespacing\u003d\"-1\"\u003e\u003c/par\u003e  \u003c/text\u003e  \u003c/td\u003e   \u003ctd h\u003d\"11\" w\u003d\"98\"\u003e \u003ctext xmlns\u003d\"http://ocr.crowdcomputingsystems.com/xml/schema-v1.xml\"\u003e \u003cpar align\u003d\"Center\" leftindent\u003d\"200\" linespacing\u003d\"450\"\u003e \u003cline b\u003d\"155\" baseline\u003d\"154\" l\u003d\"465\" r\u003d\"505\" t\u003d\"148\"\u003e \u003cformatting lang\u003d\"EnglishUnitedStates\"\u003e \u003cinvoice_number appendorder\u003d\"15\" class\u003d\"extraction-tag\" confidence\u003d\"1/1\" data-original-title\u003d\"Invoice number\" data-toggle\u003d\"tooltip\" data-value\u003d\"PAK6717\" fold-name\u003d\"fold5\" score\u003d\"0.7867390449858096\" style\u003d\"background-color: rgb(0, 83, 98);  color: rgb(255, 255, 255);   border: 2px solid rgb(125, 157, 1); \" tagorder\u003d\"8\"\u003ePAK6717\u003c/invoice_number\u003e \u003c/formatting\u003e  \u003c/line\u003e  \u003c/par\u003e  \u003c/text\u003e  \u003c/td\u003e   \u003c/tr\u003e \n \u003ctr\u003e \u003ctd h\u003d\"11\" w\u003d\"78\"\u003e \u003ctext xmlns\u003d\"http://ocr.crowdcomputingsystems.com/xml/schema-v1.xml\"\u003e \u003cpar linespacing\u003d\"450\"\u003e \u003cline b\u003d\"167\" baseline\u003d\"165\" l\u003d\"344\" r\u003d\"404\" t\u003d\"159\"\u003e \u003cformatting lang\u003d\"EnglishUnitedStates\"\u003e Payment Tams \u003c/formatting\u003e  \u003c/line\u003e  \u003c/par\u003e  \u003c/text\u003e  \u003c/td\u003e   \u003ctd bottomborder\u003d\"White\" h\u003d\"11\" topborder\u003d\"White\" w\u003d\"24\"\u003e \u003ctext xmlns\u003d\"http://ocr.crowdcomputingsystems.com/xml/schema-v1.xml\"\u003e \u003cpar linespacing\u003d\"-1\"\u003e\u003c/par\u003e  \u003c/text\u003e  \u003c/td\u003e   \u003ctd h\u003d\"11\" w\u003d\"98\"\u003e \u003ctext xmlns\u003d\"http://ocr.crowdcomputingsystems.com/xml/schema-v1.xml\"\u003e \u003cpar align\u003d\"Center\" leftindent\u003d\"200\" linespacing\u003d\"530\"\u003e \u003cline b\u003d\"167\" baseline\u003d\"166\" l\u003d\"457\" r\u003d\"513\" t\u003d\"159\"\u003e \u003cformatting lang\u003d\"EnglishUnitedStates\"\u003e Cue cn Recap \u003c/formatting\u003e  \u003c/line\u003e  \u003c/par\u003e  \u003c/text\u003e  \u003c/td\u003e   \u003c/tr\u003e \n \u003ctr\u003e \u003ctd h\u003d\"12\" w\u003d\"78\"\u003e \u003ctext xmlns\u003d\"http://ocr.crowdcomputingsystems.com/xml/schema-v1.xml\"\u003e \u003cpar align\u003d\"Center\" linespacing\u003d\"450\"\u003e \u003cline b\u003d\"176\" baseline\u003d\"176\" l\u003d\"365\" r\u003d\"383\" t\u003d\"170\"\u003e \u003cformatting lang\u003d\"EnglishUnitedStates\"\u003e P0 4 \u003c/formatting\u003e  \u003c/line\u003e  \u003c/par\u003e  \u003c/text\u003e  \u003c/td\u003e   \u003ctd bottomborder\u003d\"White\" h\u003d\"12\" topborder\u003d\"White\" w\u003d\"24\"\u003e \u003ctext xmlns\u003d\"http://ocr.crowdcomputingsystems.com/xml/schema-v1.xml\"\u003e \u003cpar linespacing\u003d\"-1\"\u003e\u003c/par\u003e  \u003c/text\u003e  \u003c/td\u003e   \u003ctd h\u003d\"12\" w\u003d\"98\"\u003e \u003ctext xmlns\u003d\"http://ocr.crowdcomputingsystems.com/xml/schema-v1.xml\"\u003e \u003cpar leftindent\u003d\"1500\" linespacing\u003d\"-1\"\u003e\u003c/par\u003e  \u003c/text\u003e  \u003c/td\u003e   \u003c/tr\u003e \n \u003c/tbody\u003e\u003c/table\u003e\n \u003cregion xmlns\u003d\"http://ocr.crowdcomputingsystems.com/xml/schema-v1.xml\"\u003e \u003crect b\u003d\"301\" l\u003d\"39\" r\u003d\"535\" t\u003d\"245\"\u003e\u003c/rect\u003e  \u003c/region\u003e \u003ctable b\u003d\"301\" blockname\u003d\"\" blocktype\u003d\"Table\" l\u003d\"39\" r\u003d\"535\" style\u003d\"transform: translate(96px, 332px); position: absolute; user-select: auto;\" t\u003d\"245\" xmlns\u003d\"\"\u003e \u003ctbody\u003e\u003ctr\u003e \u003ctd h\u003d\"11\" w\u003d\"106\"\u003e \u003ctext xmlns\u003d\"http://ocr.crowdcomputingsystems.com/xml/schema-v1.xml\"\u003e \u003cpar align\u003d\"Center\" leftindent\u003d\"100\" linespacing\u003d\"450\"\u003e \u003cline b\u003d\"253\" baseline\u003d\"253\" l\u003d\"63\" r\u003d\"120\" t\u003d\"247\"\u003e \u003cformatting lang\u003d\"EnglishUnitedStates\"\u003e Article Uinta \u003c/formatting\u003e  \u003c/line\u003e  \u003c/par\u003e  \u003c/text\u003e  \u003c/td\u003e   \u003ctd h\u003d\"11\" w\u003d\"284\"\u003e \u003ctext xmlns\u003d\"http://ocr.crowdcomputingsystems.com/xml/schema-v1.xml\"\u003e \u003cpar align\u003d\"Center\" leftindent\u003d\"100\" linespacing\u003d\"450\"\u003e \u003cline b\u003d\"255\" baseline\u003d\"253\" l\u003d\"250\" r\u003d\"323\" t\u003d\"247\"\u003e \u003cformatting lang\u003d\"EnglishUnitedStates\"\u003e Title ol Manuscript \u003c/formatting\u003e  \u003c/line\u003e  \u003c/par\u003e  \u003c/text\u003e  \u003c/td\u003e   \u003ctd h\u003d\"11\" w\u003d\"106\"\u003e \u003ctext xmlns\u003d\"http://ocr.crowdcomputingsystems.com/xml/schema-v1.xml\"\u003e \u003cpar align\u003d\"Justified\" leftindent\u003d\"1900\" linespacing\u003d\"450\"\u003e \u003cline b\u003d\"253\" baseline\u003d\"253\" l\u003d\"454\" r\u003d\"508\" t\u003d\"247\"\u003e \u003cformatting lang\u003d\"EnglishUnitedStates\"\u003e Jc\u0026laquo;jin;l Dane \u003c/formatting\u003e  \u003c/line\u003e  \u003c/par\u003e  \u003c/text\u003e  \u003c/td\u003e   \u003c/tr\u003e \n \u003ctr\u003e \u003ctd h\u003d\"22\" w\u003d\"106\"\u003e \u003ctext xmlns\u003d\"http://ocr.crowdcomputingsystems.com/xml/schema-v1.xml\"\u003e \u003cpar align\u003d\"Center\" leftindent\u003d\"100\" linespacing\u003d\"530\"\u003e \u003cline b\u003d\"264\" baseline\u003d\"264\" l\u003d\"57\" r\u003d\"126\" t\u003d\"257\"\u003e \u003cformatting lang\u003d\"EnglishUnitedStates\"\u003e PONE-D-11-11332 \u003c/formatting\u003e  \u003c/line\u003e  \u003c/par\u003e  \u003c/text\u003e  \u003c/td\u003e   \u003ctd h\u003d\"22\" w\u003d\"284\"\u003e \u003ctext xmlns\u003d\"http://ocr.crowdcomputingsystems.com/xml/schema-v1.xml\"\u003e \u003cpar align\u003d\"Center\" leftindent\u003d\"100\" linespacing\u003d\"675\"\u003e \u003cline b\u003d\"267\" baseline\u003d\"265\" l\u003d\"148\" r\u003d\"423\" t\u003d\"258\"\u003e \u003cformatting lang\u003d\"EnglishUnitedStates\"\u003e The SpkaEOx A Low Cost Opsi-SCurce Boflropiler lc\u0026raquo; increisirg Pubic \u003c/formatting\u003e  \u003c/line\u003e  \u003cline b\u003d\"276\" baseline\u003d\"274\" l\u003d\"238\" r\u003d\"335\" t\u003d\"267\"\u003e \u003cformatting lang\u003d\"EnglishUnitedStates\"\u003e Partiopatcn in Neuoscien \u003c/formatting\u003e  \u003c/line\u003e  \u003c/par\u003e  \u003c/text\u003e  \u003c/td\u003e   \u003ctd h\u003d\"22\" w\u003d\"106\"\u003e \u003ctext xmlns\u003d\"http://ocr.crowdcomputingsystems.com/xml/schema-v1.xml\"\u003e \u003cpar linespacing\u003d\"-1\"\u003e\u003c/par\u003e  \u003c/text\u003e  \u003c/td\u003e   \u003c/tr\u003e \n \u003ctr\u003e \u003ctd h\u003d\"11\" w\u003d\"106\"\u003e \u003ctext xmlns\u003d\"http://ocr.crowdcomputingsystems.com/xml/schema-v1.xml\"\u003e \u003cpar align\u003d\"Center\" leftindent\u003d\"100\" linespacing\u003d\"530\"\u003e \u003cline b\u003d\"287\" baseline\u003d\"286\" l\u003d\"55\" r\u003d\"128\" t\u003d\"279\"\u003e \u003cformatting lang\u003d\"EnglishUnitedStates\"\u003e Purpose ot Invoice \u003c/formatting\u003e  \u003c/line\u003e  \u003c/par\u003e  \u003c/text\u003e  \u003c/td\u003e   \u003ctd h\u003d\"11\" rightborder\u003d\"White\" w\u003d\"284\"\u003e \u003ctext xmlns\u003d\"http://ocr.crowdcomputingsystems.com/xml/schema-v1.xml\"\u003e \u003cpar align\u003d\"Right\" linespacing\u003d\"530\"\u003e \u003cline b\u003d\"286\" baseline\u003d\"286\" l\u003d\"248\" r\u003d\"429\" t\u003d\"279\"\u003e \u003cformatting lang\u003d\"EnglishUnitedStates\"\u003e Publication lee lex Hie move releraiced a Bell \u003c/formatting\u003e  \u003c/line\u003e  \u003c/par\u003e  \u003c/text\u003e  \u003c/td\u003e   \u003ctd h\u003d\"11\" leftborder\u003d\"White\" w\u003d\"106\"\u003e \u003ctext xmlns\u003d\"http://ocr.crowdcomputingsystems.com/xml/schema-v1.xml\"\u003e \u003cpar linespacing\u003d\"530\"\u003e \u003cline b\u003d\"286\" baseline\u003d\"287\" l\u003d\"430\" r\u003d\"432\" t\u003d\"280\"\u003e \u003cformatting lang\u003d\"EnglishUnitedStates\"\u003e 1 \u003c/formatting\u003e  \u003c/line\u003e  \u003c/par\u003e  \u003c/text\u003e  \u003c/td\u003e   \u003c/tr\u003e \n \u003ctr\u003e \u003ctd h\u003d\"12\" w\u003d\"106\"\u003e \u003ctext xmlns\u003d\"http://ocr.crowdcomputingsystems.com/xml/schema-v1.xml\"\u003e \u003cpar leftindent\u003d\"800\" linespacing\u003d\"530\"\u003e \u003cline b\u003d\"297\" baseline\u003d\"297\" l\u003d\"50\" r\u003d\"133\" t\u003d\"290\"\u003e \u003cformatting lang\u003d\"EnglishUnitedStates\"\u003e Total PubUcaton Fee \u003c/formatting\u003e  \u003c/line\u003e  \u003c/par\u003e  \u003c/text\u003e  \u003c/td\u003e   \u003ctd h\u003d\"12\" rightborder\u003d\"White\" w\u003d\"284\"\u003e \u003ctext xmlns\u003d\"http://ocr.crowdcomputingsystems.com/xml/schema-v1.xml\"\u003e \u003cpar align\u003d\"Justified\" leftindent\u003d\"3800\" linespacing\u003d\"530\"\u003e \u003cline b\u003d\"299\" baseline\u003d\"297\" l\u003d\"195\" r\u003d\"388\" t\u003d\"290\"\u003e \u003cformatting lang\u003d\"EnglishUnitedStates\"\u003e 1.35000 USD ǀ Balance Due \u003c/formatting\u003e  \u003c/line\u003e  \u003c/par\u003e  \u003c/text\u003e  \u003c/td\u003e   \u003ctd h\u003d\"12\" leftborder\u003d\"White\" w\u003d\"106\"\u003e \u003ctext xmlns\u003d\"http://ocr.crowdcomputingsystems.com/xml/schema-v1.xml\"\u003e \u003cpar align\u003d\"Justified\" leftindent\u003d\"1900\" linespacing\u003d\"530\"\u003e \u003cline b\u003d\"298\" baseline\u003d\"297\" l\u003d\"454\" r\u003d\"529\" t\u003d\"290\"\u003e \u003cformatting lang\u003d\"EnglishUnitedStates\"\u003e 1.35000 USD \u003c/formatting\u003e  \u003c/line\u003e  \u003c/par\u003e  \u003c/text\u003e  \u003c/td\u003e   \u003c/tr\u003e \n \u003c/tbody\u003e\u003c/table\u003e\n \u003cblock b\u003d\"346\" blockname\u003d\"\" blocktype\u003d\"Text\" l\u003d\"79\" r\u003d\"492\" style\u003d\"transform: translate(195px, 435px); position: absolute; width: 1021.44px; height: 33.8542px;\" t\u003d\"321\"\u003e \u003cregion\u003e \u003crect b\u003d\"333\" l\u003d\"160\" r\u003d\"492\" t\u003d\"321\"\u003e\u003c/rect\u003e  \u003crect b\u003d\"346\" l\u003d\"79\" r\u003d\"492\" t\u003d\"333\"\u003e\u003c/rect\u003e  \u003c/region\u003e  \u003ctext\u003e \u003cpar align\u003d\"Center\" leftindent\u003d\"100\" linespacing\u003d\"825\"\u003e \u003cline b\u003d\"332\" baseline\u003d\"330\" l\u003d\"162\" r\u003d\"408\" style\u003d\"transform: translate(205px, 3px); position: absolute;\" t\u003d\"323\"\u003e \u003cformatting lang\u003d\"EnglishUnitedStates\"\u003e The puWicaiion charge is a flat fee per artide puthshed \u003c/formatting\u003e  \u003c/line\u003e  \u003cline b\u003d\"343\" baseline\u003d\"341\" l\u003d\"82\" r\u003d\"487\" style\u003d\"transform: translate(7px, 16px); position: absolute;\" t\u003d\"333\"\u003e \u003cformatting lang\u003d\"EnglishUnitedStates\"\u003e The amcont indudes the cost cf peer remew, journal p\u0026laquo;xiiction. colme hosting \u0026amp; archiving \u003c/formatting\u003e  \u003c/line\u003e  \u003c/par\u003e  \u003c/text\u003e  \u003c/block\u003e  \u003cblock b\u003d\"356\" blockname\u003d\"\" blocktype\u003d\"Text\" l\u003d\"48\" r\u003d\"137\" style\u003d\"transform: translate(119px, 464px); position: absolute; width: 220.116px; height: 17.6042px;\" t\u003d\"343\"\u003e \u003cregion\u003e \u003crect b\u003d\"356\" l\u003d\"48\" r\u003d\"137\" t\u003d\"343\"\u003e\u003c/rect\u003e  \u003c/region\u003e  \u003ctext\u003e \u003cpar linespacing\u003d\"600\"\u003e \u003cline b\u003d\"354\" baseline\u003d\"352\" l\u003d\"52\" r\u003d\"132\" style\u003d\"transform: translate(10px, 1px); position: absolute;\" t\u003d\"344\"\u003e \u003cformatting lang\u003d\"EnglishUnitedStates\"\u003e Payment Methods \u003c/formatting\u003e  \u003c/line\u003e  \u003c/par\u003e  \u003c/text\u003e  \u003c/block\u003e  \u003cblock b\u003d\"400\" blockname\u003d\"\" blocktype\u003d\"Text\" l\u003d\"48\" r\u003d\"90\" style\u003d\"transform: translate(119px, 525px); position: absolute; width: 103.875px; height: 16.25px;\" t\u003d\"388\"\u003e \u003cregion\u003e \u003crect b\u003d\"400\" l\u003d\"48\" r\u003d\"90\" t\u003d\"388\"\u003e\u003c/rect\u003e  \u003c/region\u003e  \u003ctext\u003e \u003cpar linespacing\u003d\"530\"\u003e \u003cline b\u003d\"398\" baseline\u003d\"396\" l\u003d\"52\" r\u003d\"85\" style\u003d\"transform: translate(10px, 1px); position: absolute;\" t\u003d\"389\"\u003e \u003cformatting lang\u003d\"EnglishUnitedStates\"\u003e By Check \u003c/formatting\u003e  \u003c/line\u003e  \u003c/par\u003e  \u003c/text\u003e  \u003c/block\u003e  \u003cblock b\u003d\"423\" blockname\u003d\"\" blocktype\u003d\"Text\" l\u003d\"113\" r\u003d\"481\" style\u003d\"transform: translate(279px, 481px); position: absolute; width: 910.143px; height: 92.0833px;\" t\u003d\"355\"\u003e \u003cregion\u003e \u003crect b\u003d\"367\" l\u003d\"161\" r\u003d\"481\" t\u003d\"355\"\u003e\u003c/rect\u003e  \u003crect b\u003d\"423\" l\u003d\"113\" r\u003d\"481\" t\u003d\"367\"\u003e\u003c/rect\u003e  \u003c/region\u003e  \u003ctext\u003e \u003cpar align\u003d\"Right\" leftindent\u003d\"5600\" linespacing\u003d\"825\" rightindent\u003d\"7300\"\u003e \u003cline b\u003d\"365\" baseline\u003d\"363\" l\u003d\"191\" r\u003d\"382\" style\u003d\"transform: translate(193px, 1px); position: absolute;\" t\u003d\"356\"\u003e \u003cformatting lang\u003d\"EnglishUnitedStates\"\u003e Ptease include re imoce numEer with all paymenB \u003c/formatting\u003e  \u003c/line\u003e  \u003cline b\u003d\"374\" baseline\u003d\"374\" l\u003d\"187\" r\u003d\"385\" style\u003d\"transform: translate(183px, 16px); position: absolute;\" t\u003d\"367\"\u003e \u003cformatting lang\u003d\"EnglishUnitedStates\"\u003e Oieck must te n U S Mars S Oa*n on a U S tar* \u003c/formatting\u003e  \u003c/line\u003e  \u003c/par\u003e  \u003cpar leftindent\u003d\"5900\" linespacing\u003d\"825\"\u003e \u003cline b\u003d\"387\" baseline\u003d\"385\" l\u003d\"192\" r\u003d\"380\" style\u003d\"transform: translate(195px, 31px); position: absolute;\" t\u003d\"378\"\u003e \u003cformatting lang\u003d\"EnglishUnitedStates\"\u003e Fcr EFT or ACH pease use 121000358 (U S cniy) \u003c/formatting\u003e  \u003c/line\u003e  \u003c/par\u003e  \u003cpar linespacing\u003d\"530\"\u003e \u003cline b\u003d\"409\" baseline\u003d\"407\" l\u003d\"116\" r\u003d\"306\" style\u003d\"transform: translate(7px, 61px); position: absolute;\" t\u003d\"400\"\u003e \u003cformatting lang\u003d\"EnglishUnitedStates\"\u003e M*e Payabe to PLoScr Putlc UDay d Stience \u003c/formatting\u003e  \u003c/line\u003e  \u003c/par\u003e  \u003cpar linespacing\u003d\"530\"\u003e \u003cline b\u003d\"420\" baseline\u003d\"418\" l\u003d\"119\" r\u003d\"476\" style\u003d\"transform: translate(15px, 76px); position: absolute;\" t\u003d\"411\"\u003e \u003cformatting lang\u003d\"EnglishUnitedStates\"\u003e Nfeiing Adctess Puac Ubaryol aierce 1160 Bir.ay St Bale 100, S*i Fraicisco. CA 94111 \u003c/formatting\u003e  \u003c/line\u003e  \u003c/par\u003e  \u003c/text\u003e  \u003c/block\u003e  \u003cblock b\u003d\"432\" blockname\u003d\"\" blocktype\u003d\"Text\" l\u003d\"48\" r\u003d\"86\" style\u003d\"transform: translate(119px, 571px); position: absolute; width: 93.9821px; height: 13.5417px;\" t\u003d\"422\"\u003e \u003cregion\u003e \u003crect b\u003d\"432\" l\u003d\"48\" r\u003d\"86\" t\u003d\"422\"\u003e\u003c/rect\u003e  \u003c/region\u003e  \u003ctext\u003e \u003cpar linespacing\u003d\"530\"\u003e \u003cline b\u003d\"430\" baseline\u003d\"429\" l\u003d\"52\" r\u003d\"80\" style\u003d\"transform: translate(10px, 0px); position: absolute;\" t\u003d\"422\"\u003e \u003cformatting lang\u003d\"EnglishUnitedStates\"\u003e By wire \u003c/formatting\u003e  \u003c/line\u003e  \u003c/par\u003e  \u003c/text\u003e  \u003c/block\u003e  \u003cblock b\u003d\"441\" blockname\u003d\"\" blocktype\u003d\"Text\" l\u003d\"95\" r\u003d\"154\" style\u003d\"transform: translate(235px, 586px); position: absolute; width: 145.92px; height: 10.8333px;\" t\u003d\"433\"\u003e \u003cregion\u003e \u003crect b\u003d\"441\" l\u003d\"95\" r\u003d\"154\" t\u003d\"433\"\u003e\u003c/rect\u003e  \u003c/region\u003e  \u003ctext\u003e \u003cpar linespacing\u003d\"450\"\u003e \u003cline b\u003d\"439\" baseline\u003d\"439\" l\u003d\"98\" r\u003d\"149\" style\u003d\"transform: translate(7px, 0px); position: absolute;\" t\u003d\"433\"\u003e \u003cformatting lang\u003d\"EnglishUnitedStates\"\u003e tame ol Bml; \u003c/formatting\u003e  \u003c/line\u003e  \u003c/par\u003e  \u003c/text\u003e  \u003c/block\u003e  \u003cblock b\u003d\"454\" blockname\u003d\"\" blocktype\u003d\"Text\" l\u003d\"180\" r\u003d\"404\" style\u003d\"transform: translate(445px, 586px); position: absolute; width: 554px; height: 28.4375px;\" t\u003d\"433\"\u003e \u003cregion\u003e \u003crect b\u003d\"454\" l\u003d\"180\" r\u003d\"404\" t\u003d\"433\"\u003e\u003c/rect\u003e  \u003c/region\u003e  \u003ctext\u003e \u003cpar linespacing\u003d\"530\"\u003e \u003cline b\u003d\"440\" baseline\u003d\"440\" l\u003d\"184\" r\u003d\"244\" style\u003d\"transform: translate(10px, 0px); position: absolute;\" t\u003d\"433\"\u003e \u003cformatting lang\u003d\"EnglishUnitedStates\"\u003e Bint ol America \u003c/formatting\u003e  \u003c/line\u003e  \u003c/par\u003e  \u003cpar linespacing\u003d\"530\"\u003e \u003cline b\u003d\"452\" baseline\u003d\"450\" l\u003d\"183\" r\u003d\"399\" style\u003d\"transform: translate(7px, 14px); position: absolute;\" t\u003d\"443\"\u003e \u003cformatting lang\u003d\"EnglishUnitedStates\"\u003e 2179 ButtiXk A*mu0. B)f\u0026raquo;.0ey. CA 947CH UM0d S\u0026raquo;*)S \u003c/formatting\u003e  \u003c/line\u003e  \u003c/par\u003e  \u003c/text\u003e  \u003c/block\u003e  \u003cblock b\u003d\"496\" blockname\u003d\"\" blocktype\u003d\"Text\" l\u003d\"179\" r\u003d\"280\" style\u003d\"transform: translate(443px, 628px); position: absolute; width: 249.795px; height: 43.3333px;\" t\u003d\"464\"\u003e \u003cregion\u003e \u003crect b\u003d\"496\" l\u003d\"179\" r\u003d\"280\" t\u003d\"464\"\u003e\u003c/rect\u003e  \u003c/region\u003e  \u003ctext\u003e \u003cpar linespacing\u003d\"825\"\u003e \u003cline b\u003d\"474\" baseline\u003d\"473\" l\u003d\"183\" r\u003d\"275\" style\u003d\"transform: translate(10px, 3px); position: absolute;\" t\u003d\"466\"\u003e \u003cformatting lang\u003d\"EnglishUnitedStates\"\u003e Puac UCraryol Stierce \u003c/formatting\u003e  \u003c/line\u003e  \u003c/par\u003e  \u003cpar linespacing\u003d\"825\"\u003e \u003cline b\u003d\"484\" baseline\u003d\"483\" l\u003d\"183\" r\u003d\"229\" style\u003d\"transform: translate(10px, 18px); position: absolute;\" t\u003d\"477\"\u003e \u003cformatting lang\u003d\"EnglishUnitedStates\"\u003e 0175171692 \u003c/formatting\u003e  \u003c/line\u003e  \u003c/par\u003e  \u003cpar linespacing\u003d\"825\"\u003e \u003cline b\u003d\"494\" baseline\u003d\"494\" l\u003d\"183\" r\u003d\"227\" style\u003d\"transform: translate(10px, 33px); position: absolute;\" t\u003d\"488\"\u003e \u003cformatting lang\u003d\"EnglishUnitedStates\"\u003e BOFAUS3N \u003c/formatting\u003e  \u003c/line\u003e  \u003c/par\u003e  \u003c/text\u003e  \u003c/block\u003e  \u003cblock b\u003d\"553\" blockname\u003d\"\" blocktype\u003d\"Text\" l\u003d\"48\" r\u003d\"111\" style\u003d\"transform: translate(119px, 731px); position: absolute; width: 155.813px; height: 17.6042px;\" t\u003d\"540\"\u003e \u003cregion\u003e \u003crect b\u003d\"553\" l\u003d\"48\" r\u003d\"111\" t\u003d\"540\"\u003e\u003c/rect\u003e  \u003c/region\u003e  \u003ctext\u003e \u003cpar linespacing\u003d\"450\"\u003e \u003cline b\u003d\"551\" baseline\u003d\"549\" l\u003d\"52\" r\u003d\"106\" style\u003d\"transform: translate(10px, 4px); position: absolute;\" t\u003d\"543\"\u003e \u003cformatting lang\u003d\"EnglishUnitedStates\"\u003e ByOedtCard \u003c/formatting\u003e  \u003c/line\u003e  \u003c/par\u003e  \u003c/text\u003e  \u003c/block\u003e  \u003cblock b\u003d\"542\" blockname\u003d\"\" blocktype\u003d\"Text\" class\u003d\"hidden\" l\u003d\"95\" r\u003d\"477\" style\u003d\"transform: translate(235px, 631px); position: absolute; width: 944.768px; height: 102.917px;\" t\u003d\"466\"\u003e \u003cregion\u003e \u003crect b\u003d\"509\" l\u003d\"95\" r\u003d\"162\" t\u003d\"466\"\u003e\u003c/rect\u003e  \u003crect b\u003d\"531\" l\u003d\"95\" r\u003d\"477\" t\u003d\"509\"\u003e\u003c/rect\u003e  \u003crect b\u003d\"542\" l\u003d\"121\" r\u003d\"477\" t\u003d\"531\"\u003e\u003c/rect\u003e  \u003c/region\u003e  \u003ctext\u003e \u003cpar leftindent\u003d\"4400\" linespacing\u003d\"825\"\u003e \u003cline b\u003d\"475\" baseline\u003d\"472\" l\u003d\"98\" r\u003d\"140\" style\u003d\"transform: translate(7px, 0px); position: absolute;\" t\u003d\"466\"\u003e \u003cformatting lang\u003d\"EnglishUnitedStates\"\u003e Eteielciay \u003c/formatting\u003e  \u003c/line\u003e  \u003cline b\u003d\"484\" baseline\u003d\"483\" l\u003d\"98\" r\u003d\"157\" style\u003d\"transform: translate(7px, 15px); position: absolute;\" t\u003d\"477\"\u003e \u003cformatting lang\u003d\"EnglishUnitedStates\"\u003e B*ik Aecamt e \u003c/formatting\u003e  \u003c/line\u003e  \u003cline b\u003d\"495\" baseline\u003d\"494\" l\u003d\"98\" r\u003d\"143\" style\u003d\"transform: translate(7px, 30px); position: absolute;\" t\u003d\"488\"\u003e \u003cformatting lang\u003d\"EnglishUnitedStates\"\u003e SWIFT cocte \u003c/formatting\u003e  \u003c/line\u003e  \u003cline b\u003d\"507\" baseline\u003d\"505\" l\u003d\"98\" r\u003d\"153\" style\u003d\"transform: translate(7px, 45px); position: absolute;\" t\u003d\"499\"\u003e \u003cformatting lang\u003d\"EnglishUnitedStates\"\u003e WBeRoulrq# \u003c/formatting\u003e  \u003c/line\u003e  \u003c/par\u003e  \u003cpar leftindent\u003d\"4400\" linespacing\u003d\"825\" rightindent\u003d\"4700\" startindent\u003d\"300\"\u003e \u003cline b\u003d\"519\" baseline\u003d\"517\" l\u003d\"101\" r\u003d\"472\" style\u003d\"transform: translate(15px, 58px); position: absolute;\" t\u003d\"509\"\u003e \u003cformatting lang\u003d\"EnglishUnitedStates\"\u003e For wire payments please transfer the amount indicated above in U.S. Dollars \u003c/formatting\u003e  \u003c/line\u003e  \u003cline b\u003d\"530\" baseline\u003d\"528\" l\u003d\"183\" r\u003d\"390\" style\u003d\"transform: translate(218px, 73px); position: absolute;\" t\u003d\"520\"\u003e \u003cformatting lang\u003d\"EnglishUnitedStates\"\u003e \u0026amp; include any applicable tvire transfer fccs. \u003c/formatting\u003e  \u003c/line\u003e  \u003c/par\u003e  \u003cpar linespacing\u003d\"825\"\u003e \u003cline b\u003d\"542\" baseline\u003d\"539\" l\u003d\"124\" r\u003d\"449\" style\u003d\"transform: translate(72px, 88px); position: absolute;\" t\u003d\"531\"\u003e \u003cformatting lang\u003d\"EnglishUnitedStates\"\u003e Please ensure that the invoice number is quoted on the wire advice. \u003c/formatting\u003e  \u003c/line\u003e  \u003c/par\u003e  \u003c/text\u003e  \u003c/block\u003e  \u003cblock b\u003d\"619\" blockname\u003d\"\" blocktype\u003d\"Text\" l\u003d\"110\" r\u003d\"465\" style\u003d\"transform: translate(272px, 764px); position: absolute; width: 877.991px; height: 74.4792px;\" t\u003d\"564\"\u003e \u003cregion\u003e \u003crect b\u003d\"619\" l\u003d\"110\" r\u003d\"465\" t\u003d\"564\"\u003e\u003c/rect\u003e  \u003c/region\u003e  \u003ctext\u003e \u003cpar align\u003d\"Center\" leftindent\u003d\"100\" linespacing\u003d\"450\"\u003e \u003cline b\u003d\"574\" baseline\u003d\"571\" l\u003d\"113\" r\u003d\"460\" style\u003d\"transform: translate(7px, 1px); position: absolute;\" t\u003d\"565\"\u003e \u003cformatting lang\u003d\"EnglishUnitedStates\"\u003e Please click on re secure Ink telow and il wll take ycu \u0026raquo; our PLoS payment aid FACs page \u003c/formatting\u003e  \u003c/line\u003e  \u003c/par\u003e  \u003cpar align\u003d\"Center\" leftindent\u003d\"100\" linespacing\u003d\"680\"\u003e \u003cline b\u003d\"597\" baseline\u003d\"595\" l\u003d\"144\" r\u003d\"432\" style\u003d\"transform: translate(84px, 30px); position: absolute;\" t\u003d\"586\"\u003e \u003cformatting lang\u003d\"EnglishUnitedStates\"\u003e httpyAvww.plos.orq/publish/pricing-policy/poy-invoico/ \u003c/formatting\u003e  \u003c/line\u003e  \u003c/par\u003e  \u003cpar align\u003d\"Center\" leftindent\u003d\"100\" linespacing\u003d\"450\"\u003e \u003cline b\u003d\"617\" baseline\u003d\"615\" l\u003d\"153\" r\u003d\"416\" style\u003d\"transform: translate(106px, 61px); position: absolute;\" t\u003d\"609\"\u003e \u003cformatting lang\u003d\"EnglishUnitedStates\"\u003e litre Ink \u0026lt;Xe\u0026gt; rot \u0026raquo;ort. pease copy aid paste it nto ycur webbowsa \u003c/formatting\u003e  \u003c/line\u003e  \u003c/par\u003e  \u003c/text\u003e  \u003c/block\u003e  \u003cblock b\u003d\"664\" blockname\u003d\"\" blocktype\u003d\"Text\" l\u003d\"94\" r\u003d\"479\" style\u003d\"transform: translate(232px, 850px); position: absolute; width: 952.188px; height: 48.75px;\" t\u003d\"628\"\u003e \u003cregion\u003e \u003crect b\u003d\"664\" l\u003d\"94\" r\u003d\"479\" t\u003d\"628\"\u003e\u003c/rect\u003e  \u003c/region\u003e  \u003ctext\u003e \u003cpar align\u003d\"Justified\" leftindent\u003d\"4400\" linespacing\u003d\"825\"\u003e \u003cline b\u003d\"638\" baseline\u003d\"637\" l\u003d\"97\" r\u003d\"474\" style\u003d\"transform: translate(7px, 0px); position: absolute;\" t\u003d\"628\"\u003e \u003cformatting lang\u003d\"EnglishUnitedStates\"\u003e ASANOMPRORT Rt.bN.fc isU^D fOBjRTrtROLP CPENACCE^MOTCN \u003c/formatting\u003e  \u003c/line\u003e  \u003c/par\u003e  \u003cpar leftindent\u003d\"4100\" linespacing\u003d\"825\" startindent\u003d\"600\"\u003e \u003cline b\u003d\"649\" baseline\u003d\"648\" l\u003d\"102\" r\u003d\"470\" style\u003d\"transform: translate(20px, 18px); position: absolute;\" t\u003d\"641\"\u003e \u003cformatting lang\u003d\"EnglishUnitedStates\"\u003e IF PAYING BY CFEDIT CAFO. WE KIN0LY REQUEST THAT YOU INCLU0E AN ADCITIONALS25 \u003c/formatting\u003e  \u003c/line\u003e  \u003cline b\u003d\"662\" baseline\u003d\"659\" l\u003d\"94\" r\u003d\"478\" style\u003d\"transform: translate(0px, 33px); position: absolute;\" t\u003d\"652\"\u003e \u003cformatting lang\u003d\"EnglishUnitedStates\"\u003e _TO HELP DEFRAY CUR BANK CHARGES (OPTlONAL)_ \u003c/formatting\u003e  \u003c/line\u003e  \u003c/par\u003e  \u003c/text\u003e  \u003c/block\u003e  \u003cblock b\u003d\"663\" blockname\u003d\"\" blocktype\u003d\"SeparatorsBox\" class\u003d\"hidden\" l\u003d\"39\" r\u003d\"535\" style\u003d\"transform: translate(96px, 436px); position: absolute;\" t\u003d\"322\"\u003e \u003cregion\u003e \u003crect b\u003d\"324\" l\u003d\"39\" r\u003d\"535\" t\u003d\"322\"\u003e\u003c/rect\u003e  \u003crect b\u003d\"661\" l\u003d\"39\" r\u003d\"535\" t\u003d\"324\"\u003e\u003c/rect\u003e  \u003crect b\u003d\"663\" l\u003d\"39\" r\u003d\"535\" t\u003d\"661\"\u003e\u003c/rect\u003e  \u003c/region\u003e  \u003cseparatorsbox\u003e \u003cseparator thickness\u003d\"2\" type\u003d\"Black\"\u003e \u003cstart x\u003d\"40\" y\u003d\"323\"\u003e\u003c/start\u003e \u003cend x\u003d\"535\" y\u003d\"323\"\u003e\u003c/end\u003e \u003c/separator\u003e \u003cseparator thickness\u003d\"2\" type\u003d\"Black\"\u003e \u003cstart x\u003d\"39\" y\u003d\"662\"\u003e\u003c/start\u003e \u003cend x\u003d\"535\" y\u003d\"662\"\u003e\u003c/end\u003e \u003c/separator\u003e \u003cseparator thickness\u003d\"2\" type\u003d\"Black\"\u003e \u003cstart x\u003d\"40\" y\u003d\"322\"\u003e\u003c/start\u003e \u003cend x\u003d\"40\" y\u003d\"663\"\u003e\u003c/end\u003e \u003c/separator\u003e \u003cseparator thickness\u003d\"2\" type\u003d\"Black\"\u003e \u003cstart x\u003d\"534\" y\u003d\"322\"\u003e\u003c/start\u003e \u003cend x\u003d\"534\" y\u003d\"663\"\u003e\u003c/end\u003e \u003c/separator\u003e \u003c/separatorsbox\u003e \u003c/block\u003e  \u003cblock b\u003d\"180\" blockname\u003d\"\" blocktype\u003d\"SeparatorsBox\" class\u003d\"hidden\" l\u003d\"436\" r\u003d\"535\" style\u003d\"transform: translate(1078px, 183px); position: absolute;\" t\u003d\"135\"\u003e \u003cregion\u003e \u003crect b\u003d\"136\" l\u003d\"436\" r\u003d\"535\" t\u003d\"135\"\u003e\u003c/rect\u003e  \u003crect b\u003d\"179\" l\u003d\"436\" r\u003d\"535\" t\u003d\"136\"\u003e\u003c/rect\u003e  \u003crect b\u003d\"180\" l\u003d\"436\" r\u003d\"535\" t\u003d\"179\"\u003e\u003c/rect\u003e  \u003c/region\u003e  \u003cseparatorsbox\u003e \u003cseparator thickness\u003d\"1\" type\u003d\"Black\"\u003e \u003cstart x\u003d\"436\" y\u003d\"135\"\u003e\u003c/start\u003e \u003cend x\u003d\"535\" y\u003d\"135\"\u003e\u003c/end\u003e \u003c/separator\u003e \u003cseparator thickness\u003d\"1\" type\u003d\"Black\"\u003e \u003cstart x\u003d\"436\" y\u003d\"179\"\u003e\u003c/start\u003e \u003cend x\u003d\"535\" y\u003d\"179\"\u003e\u003c/end\u003e \u003c/separator\u003e \u003cseparator thickness\u003d\"2\" type\u003d\"Black\"\u003e \u003cstart x\u003d\"437\" y\u003d\"135\"\u003e\u003c/start\u003e \u003cend x\u003d\"437\" y\u003d\"180\"\u003e\u003c/end\u003e \u003c/separator\u003e \u003cseparator thickness\u003d\"2\" type\u003d\"Black\"\u003e \u003cstart x\u003d\"534\" y\u003d\"135\"\u003e\u003c/start\u003e \u003cend x\u003d\"534\" y\u003d\"180\"\u003e\u003c/end\u003e \u003c/separator\u003e \u003c/separatorsbox\u003e \u003c/block\u003e  \u003cblock b\u003d\"136\" blockname\u003d\"\" blocktype\u003d\"Separator\" l\u003d\"335\" r\u003d\"414\" style\u003d\"transform: translate(829px, 183px); position: absolute;\" t\u003d\"135\"\u003e \u003cregion\u003e \u003crect b\u003d\"136\" l\u003d\"335\" r\u003d\"414\" t\u003d\"135\"\u003e\u003c/rect\u003e  \u003c/region\u003e  \u003cseparator thickness\u003d\"1\" type\u003d\"Black\"\u003e \u003cstart x\u003d\"335\" y\u003d\"135\"\u003e\u003c/start\u003e \u003cend x\u003d\"414\" y\u003d\"135\"\u003e\u003c/end\u003e \u003c/separator\u003e \u003c/block\u003e  \u003cblock b\u003d\"147\" blockname\u003d\"\" blocktype\u003d\"Separator\" l\u003d\"39\" r\u003d\"293\" style\u003d\"transform: translate(96px, 198px); position: absolute;\" t\u003d\"146\"\u003e \u003cregion\u003e \u003crect b\u003d\"147\" l\u003d\"39\" r\u003d\"293\" t\u003d\"146\"\u003e\u003c/rect\u003e  \u003c/region\u003e  \u003cseparator thickness\u003d\"1\" type\u003d\"Black\"\u003e \u003cstart x\u003d\"39\" y\u003d\"146\"\u003e\u003c/start\u003e \u003cend x\u003d\"293\" y\u003d\"146\"\u003e\u003c/end\u003e \u003c/separator\u003e \u003c/block\u003e  \u003cblock b\u003d\"147\" blockname\u003d\"\" blocktype\u003d\"Separator\" l\u003d\"335\" r\u003d\"414\" style\u003d\"transform: translate(829px, 198px); position: absolute;\" t\u003d\"146\"\u003e \u003cregion\u003e \u003crect b\u003d\"147\" l\u003d\"335\" r\u003d\"414\" t\u003d\"146\"\u003e\u003c/rect\u003e  \u003c/region\u003e  \u003cseparator thickness\u003d\"1\" type\u003d\"Black\"\u003e \u003cstart x\u003d\"335\" y\u003d\"146\"\u003e\u003c/start\u003e \u003cend x\u003d\"414\" y\u003d\"146\"\u003e\u003c/end\u003e \u003c/separator\u003e \u003c/block\u003e  \u003cblock b\u003d\"147\" blockname\u003d\"\" blocktype\u003d\"Separator\" l\u003d\"436\" r\u003d\"535\" style\u003d\"transform: translate(1078px, 198px); position: absolute;\" t\u003d\"146\"\u003e \u003cregion\u003e \u003crect b\u003d\"147\" l\u003d\"436\" r\u003d\"535\" t\u003d\"146\"\u003e\u003c/rect\u003e  \u003c/region\u003e  \u003cseparator thickness\u003d\"1\" type\u003d\"Black\"\u003e \u003cstart x\u003d\"436\" y\u003d\"146\"\u003e\u003c/start\u003e \u003cend x\u003d\"535\" y\u003d\"146\"\u003e\u003c/end\u003e \u003c/separator\u003e \u003c/block\u003e  \u003cblock b\u003d\"158\" blockname\u003d\"\" blocktype\u003d\"Separator\" l\u003d\"335\" r\u003d\"414\" style\u003d\"transform: translate(829px, 213px); position: absolute;\" t\u003d\"157\"\u003e \u003cregion\u003e \u003crect b\u003d\"158\" l\u003d\"335\" r\u003d\"414\" t\u003d\"157\"\u003e\u003c/rect\u003e  \u003c/region\u003e  \u003cseparator thickness\u003d\"1\" type\u003d\"Black\"\u003e \u003cstart x\u003d\"335\" y\u003d\"157\"\u003e\u003c/start\u003e \u003cend x\u003d\"414\" y\u003d\"157\"\u003e\u003c/end\u003e \u003c/separator\u003e \u003c/block\u003e  \u003cblock b\u003d\"158\" blockname\u003d\"\" blocktype\u003d\"Separator\" l\u003d\"436\" r\u003d\"535\" style\u003d\"transform: translate(1078px, 213px); position: absolute;\" t\u003d\"157\"\u003e \u003cregion\u003e \u003crect b\u003d\"158\" l\u003d\"436\" r\u003d\"535\" t\u003d\"157\"\u003e\u003c/rect\u003e  \u003c/region\u003e  \u003cseparator thickness\u003d\"1\" type\u003d\"Black\"\u003e \u003cstart x\u003d\"436\" y\u003d\"157\"\u003e\u003c/start\u003e \u003cend x\u003d\"535\" y\u003d\"157\"\u003e\u003c/end\u003e \u003c/separator\u003e \u003c/block\u003e  \u003cblock b\u003d\"169\" blockname\u003d\"\" blocktype\u003d\"Separator\" l\u003d\"335\" r\u003d\"414\" style\u003d\"transform: translate(829px, 228px); position: absolute;\" t\u003d\"168\"\u003e \u003cregion\u003e \u003crect b\u003d\"169\" l\u003d\"335\" r\u003d\"414\" t\u003d\"168\"\u003e\u003c/rect\u003e  \u003c/region\u003e  \u003cseparator thickness\u003d\"1\" type\u003d\"Black\"\u003e \u003cstart x\u003d\"335\" y\u003d\"168\"\u003e\u003c/start\u003e \u003cend x\u003d\"414\" y\u003d\"168\"\u003e\u003c/end\u003e \u003c/separator\u003e \u003c/block\u003e  \u003cblock b\u003d\"169\" blockname\u003d\"\" blocktype\u003d\"Separator\" l\u003d\"436\" r\u003d\"535\" style\u003d\"transform: translate(1078px, 228px); position: absolute;\" t\u003d\"168\"\u003e \u003cregion\u003e \u003crect b\u003d\"169\" l\u003d\"436\" r\u003d\"535\" t\u003d\"168\"\u003e\u003c/rect\u003e  \u003c/region\u003e  \u003cseparator thickness\u003d\"1\" type\u003d\"Black\"\u003e \u003cstart x\u003d\"436\" y\u003d\"168\"\u003e\u003c/start\u003e \u003cend x\u003d\"535\" y\u003d\"168\"\u003e\u003c/end\u003e \u003c/separator\u003e \u003c/block\u003e  \u003cblock b\u003d\"180\" blockname\u003d\"\" blocktype\u003d\"Separator\" l\u003d\"335\" r\u003d\"414\" style\u003d\"transform: translate(829px, 242px); position: absolute;\" t\u003d\"179\"\u003e \u003cregion\u003e \u003crect b\u003d\"180\" l\u003d\"335\" r\u003d\"414\" t\u003d\"179\"\u003e\u003c/rect\u003e  \u003c/region\u003e  \u003cseparator thickness\u003d\"1\" type\u003d\"Black\"\u003e \u003cstart x\u003d\"335\" y\u003d\"179\"\u003e\u003c/start\u003e \u003cend x\u003d\"414\" y\u003d\"179\"\u003e\u003c/end\u003e \u003c/separator\u003e \u003c/block\u003e  \u003cblock b\u003d\"235\" blockname\u003d\"\" blocktype\u003d\"Separator\" l\u003d\"39\" r\u003d\"293\" style\u003d\"transform: translate(96px, 317px); position: absolute;\" t\u003d\"234\"\u003e \u003cregion\u003e \u003crect b\u003d\"235\" l\u003d\"39\" r\u003d\"293\" t\u003d\"234\"\u003e\u003c/rect\u003e  \u003c/region\u003e  \u003cseparator thickness\u003d\"1\" type\u003d\"Black\"\u003e \u003cstart x\u003d\"39\" y\u003d\"234\"\u003e\u003c/start\u003e \u003cend x\u003d\"293\" y\u003d\"234\"\u003e\u003c/end\u003e \u003c/separator\u003e \u003c/block\u003e  \u003cblock b\u003d\"246\" blockname\u003d\"\" blocktype\u003d\"Separator\" l\u003d\"40\" r\u003d\"535\" style\u003d\"transform: translate(99px, 332px); position: absolute;\" t\u003d\"245\"\u003e \u003cregion\u003e \u003crect b\u003d\"246\" l\u003d\"40\" r\u003d\"535\" t\u003d\"245\"\u003e\u003c/rect\u003e  \u003c/region\u003e  \u003cseparator thickness\u003d\"1\" type\u003d\"Black\"\u003e \u003cstart x\u003d\"40\" y\u003d\"245\"\u003e\u003c/start\u003e \u003cend x\u003d\"535\" y\u003d\"245\"\u003e\u003c/end\u003e \u003c/separator\u003e \u003c/block\u003e  \u003cblock b\u003d\"257\" blockname\u003d\"\" blocktype\u003d\"Separator\" l\u003d\"39\" r\u003d\"535\" style\u003d\"transform: translate(96px, 347px); position: absolute;\" t\u003d\"256\"\u003e \u003cregion\u003e \u003crect b\u003d\"257\" l\u003d\"39\" r\u003d\"535\" t\u003d\"256\"\u003e\u003c/rect\u003e  \u003c/region\u003e  \u003cseparator thickness\u003d\"1\" type\u003d\"Black\"\u003e \u003cstart x\u003d\"39\" y\u003d\"256\"\u003e\u003c/start\u003e \u003cend x\u003d\"535\" y\u003d\"256\"\u003e\u003c/end\u003e \u003c/separator\u003e \u003c/block\u003e  \u003cblock b\u003d\"279\" blockname\u003d\"\" blocktype\u003d\"Separator\" l\u003d\"39\" r\u003d\"535\" style\u003d\"transform: translate(96px, 376px); position: absolute;\" t\u003d\"278\"\u003e \u003cregion\u003e \u003crect b\u003d\"279\" l\u003d\"39\" r\u003d\"535\" t\u003d\"278\"\u003e\u003c/rect\u003e  \u003c/region\u003e  \u003cseparator thickness\u003d\"1\" type\u003d\"Black\"\u003e \u003cstart x\u003d\"39\" y\u003d\"278\"\u003e\u003c/start\u003e \u003cend x\u003d\"535\" y\u003d\"278\"\u003e\u003c/end\u003e \u003c/separator\u003e \u003c/block\u003e  \u003cblock b\u003d\"290\" blockname\u003d\"\" blocktype\u003d\"Separator\" l\u003d\"39\" r\u003d\"535\" style\u003d\"transform: translate(96px, 391px); position: absolute;\" t\u003d\"289\"\u003e \u003cregion\u003e \u003crect b\u003d\"290\" l\u003d\"39\" r\u003d\"535\" t\u003d\"289\"\u003e\u003c/rect\u003e  \u003c/region\u003e  \u003cseparator thickness\u003d\"1\" type\u003d\"Black\"\u003e \u003cstart x\u003d\"39\" y\u003d\"289\"\u003e\u003c/start\u003e \u003cend x\u003d\"535\" y\u003d\"289\"\u003e\u003c/end\u003e \u003c/separator\u003e \u003c/block\u003e  \u003cblock b\u003d\"301\" blockname\u003d\"\" blocktype\u003d\"Separator\" l\u003d\"40\" r\u003d\"535\" style\u003d\"transform: translate(99px, 406px); position: absolute;\" t\u003d\"300\"\u003e \u003cregion\u003e \u003crect b\u003d\"301\" l\u003d\"40\" r\u003d\"535\" t\u003d\"300\"\u003e\u003c/rect\u003e  \u003c/region\u003e  \u003cseparator thickness\u003d\"1\" type\u003d\"Black\"\u003e \u003cstart x\u003d\"40\" y\u003d\"300\"\u003e\u003c/start\u003e \u003cend x\u003d\"535\" y\u003d\"300\"\u003e\u003c/end\u003e \u003c/separator\u003e \u003c/block\u003e  \u003cblock b\u003d\"346\" blockname\u003d\"\" blocktype\u003d\"Separator\" class\u003d\"hidden\" l\u003d\"39\" r\u003d\"535\" style\u003d\"transform: translate(96px, 464px); position: absolute;\" t\u003d\"343\"\u003e \u003cregion\u003e \u003crect b\u003d\"344\" l\u003d\"400\" r\u003d\"535\" t\u003d\"343\"\u003e\u003c/rect\u003e  \u003crect b\u003d\"345\" l\u003d\"39\" r\u003d\"535\" t\u003d\"344\"\u003e\u003c/rect\u003e  \u003crect b\u003d\"346\" l\u003d\"39\" r\u003d\"400\" t\u003d\"345\"\u003e\u003c/rect\u003e  \u003c/region\u003e  \u003cseparator thickness\u003d\"2\" type\u003d\"Black\"\u003e \u003cstart x\u003d\"39\" y\u003d\"344\"\u003e\u003c/start\u003e \u003cend x\u003d\"535\" y\u003d\"344\"\u003e\u003c/end\u003e \u003c/separator\u003e \u003c/block\u003e  \u003cblock b\u003d\"422\" blockname\u003d\"\" blocktype\u003d\"Separator\" class\u003d\"hidden\" l\u003d\"39\" r\u003d\"535\" style\u003d\"transform: translate(96px, 567px); position: absolute;\" t\u003d\"419\"\u003e \u003cregion\u003e \u003crect b\u003d\"422\" l\u003d\"39\" r\u003d\"535\" t\u003d\"419\"\u003e\u003c/rect\u003e  \u003c/region\u003e  \u003cseparator thickness\u003d\"3\" type\u003d\"Black\"\u003e \u003cstart x\u003d\"39\" y\u003d\"420\"\u003e\u003c/start\u003e \u003cend x\u003d\"535\" y\u003d\"420\"\u003e\u003c/end\u003e \u003c/separator\u003e \u003c/block\u003e  \u003cblock b\u003d\"544\" blockname\u003d\"\" blocktype\u003d\"Separator\" class\u003d\"hidden\" l\u003d\"39\" r\u003d\"535\" style\u003d\"transform: translate(96px, 733px); position: absolute;\" t\u003d\"541\"\u003e \u003cregion\u003e \u003crect b\u003d\"544\" l\u003d\"39\" r\u003d\"535\" t\u003d\"541\"\u003e\u003c/rect\u003e  \u003c/region\u003e  \u003cseparator thickness\u003d\"3\" type\u003d\"Black\"\u003e \u003cstart x\u003d\"39\" y\u003d\"542\"\u003e\u003c/start\u003e \u003cend x\u003d\"535\" y\u003d\"542\"\u003e\u003c/end\u003e \u003c/separator\u003e \u003c/block\u003e  \u003cblock b\u003d\"634\" blockname\u003d\"\" blocktype\u003d\"Separator\" class\u003d\"hidden\" l\u003d\"39\" r\u003d\"184\" style\u003d\"transform: translate(96px, 852px); position: absolute;\" t\u003d\"629\"\u003e \u003cregion\u003e \u003crect b\u003d\"632\" l\u003d\"39\" r\u003d\"184\" t\u003d\"629\"\u003e\u003c/rect\u003e  \u003crect b\u003d\"633\" l\u003d\"123\" r\u003d\"184\" t\u003d\"632\"\u003e\u003c/rect\u003e  \u003crect b\u003d\"634\" l\u003d\"123\" r\u003d\"159\" t\u003d\"633\"\u003e\u003c/rect\u003e  \u003c/region\u003e  \u003cseparator thickness\u003d\"3\" type\u003d\"Black\"\u003e \u003cstart x\u003d\"39\" y\u003d\"631\"\u003e\u003c/start\u003e \u003cend x\u003d\"184\" y\u003d\"631\"\u003e\u003c/end\u003e \u003c/separator\u003e \u003c/block\u003e  \u003cblock b\u003d\"635\" blockname\u003d\"\" blocktype\u003d\"Separator\" class\u003d\"hidden\" l\u003d\"202\" r\u003d\"535\" style\u003d\"transform: translate(500px, 852px); position: absolute;\" t\u003d\"629\"\u003e \u003cregion\u003e \u003crect b\u003d\"631\" l\u003d\"202\" r\u003d\"535\" t\u003d\"629\"\u003e\u003c/rect\u003e  \u003crect b\u003d\"632\" l\u003d\"202\" r\u003d\"529\" t\u003d\"631\"\u003e\u003c/rect\u003e  \u003crect b\u003d\"633\" l\u003d\"285\" r\u003d\"529\" t\u003d\"632\"\u003e\u003c/rect\u003e  \u003crect b\u003d\"634\" l\u003d\"417\" r\u003d\"454\" t\u003d\"633\"\u003e\u003c/rect\u003e  \u003crect b\u003d\"635\" l\u003d\"431\" r\u003d\"454\" t\u003d\"634\"\u003e\u003c/rect\u003e  \u003c/region\u003e  \u003cseparator thickness\u003d\"3\" type\u003d\"Black\"\u003e \u003cstart x\u003d\"202\" y\u003d\"632\"\u003e\u003c/start\u003e \u003cend x\u003d\"535\" y\u003d\"632\"\u003e\u003c/end\u003e \u003c/separator\u003e \u003c/block\u003e  \u003cblock b\u003d\"235\" blockname\u003d\"\" blocktype\u003d\"Separator\" l\u003d\"39\" r\u003d\"41\" style\u003d\"transform: translate(96px, 198px); position: absolute;\" t\u003d\"146\"\u003e \u003cregion\u003e \u003crect b\u003d\"235\" l\u003d\"39\" r\u003d\"41\" t\u003d\"146\"\u003e\u003c/rect\u003e  \u003c/region\u003e  \u003cseparator thickness\u003d\"2\" type\u003d\"Black\"\u003e \u003cstart x\u003d\"40\" y\u003d\"146\"\u003e\u003c/start\u003e \u003cend x\u003d\"40\" y\u003d\"235\"\u003e\u003c/end\u003e \u003c/separator\u003e \u003c/block\u003e  \u003cblock b\u003d\"301\" blockname\u003d\"\" blocktype\u003d\"Separator\" l\u003d\"39\" r\u003d\"41\" style\u003d\"transform: translate(96px, 332px); position: absolute;\" t\u003d\"245\"\u003e \u003cregion\u003e \u003crect b\u003d\"301\" l\u003d\"39\" r\u003d\"41\" t\u003d\"245\"\u003e\u003c/rect\u003e  \u003c/region\u003e  \u003cseparator thickness\u003d\"2\" type\u003d\"Black\"\u003e \u003cstart x\u003d\"40\" y\u003d\"245\"\u003e\u003c/start\u003e \u003cend x\u003d\"40\" y\u003d\"301\"\u003e\u003c/end\u003e \u003c/separator\u003e \u003c/block\u003e  \u003cblock b\u003d\"301\" blockname\u003d\"\" blocktype\u003d\"Separator\" l\u003d\"144\" r\u003d\"146\" style\u003d\"transform: translate(356px, 332px); position: absolute;\" t\u003d\"245\"\u003e \u003cregion\u003e \u003crect b\u003d\"301\" l\u003d\"144\" r\u003d\"146\" t\u003d\"245\"\u003e\u003c/rect\u003e  \u003c/region\u003e  \u003cseparator thickness\u003d\"2\" type\u003d\"Black\"\u003e \u003cstart x\u003d\"145\" y\u003d\"245\"\u003e\u003c/start\u003e \u003cend x\u003d\"145\" y\u003d\"301\"\u003e\u003c/end\u003e \u003c/separator\u003e \u003c/block\u003e  \u003cblock b\u003d\"235\" blockname\u003d\"\" blocktype\u003d\"Separator\" l\u003d\"292\" r\u003d\"294\" style\u003d\"transform: translate(722px, 198px); position: absolute;\" t\u003d\"146\"\u003e \u003cregion\u003e \u003crect b\u003d\"235\" l\u003d\"292\" r\u003d\"294\" t\u003d\"146\"\u003e\u003c/rect\u003e  \u003c/region\u003e  \u003cseparator thickness\u003d\"2\" type\u003d\"Black\"\u003e \u003cstart x\u003d\"293\" y\u003d\"146\"\u003e\u003c/start\u003e \u003cend x\u003d\"293\" y\u003d\"235\"\u003e\u003c/end\u003e \u003c/separator\u003e \u003c/block\u003e  \u003cblock b\u003d\"180\" blockname\u003d\"\" blocktype\u003d\"Separator\" l\u003d\"335\" r\u003d\"337\" style\u003d\"transform: translate(829px, 183px); position: absolute;\" t\u003d\"135\"\u003e \u003cregion\u003e \u003crect b\u003d\"180\" l\u003d\"335\" r\u003d\"337\" t\u003d\"135\"\u003e\u003c/rect\u003e  \u003c/region\u003e  \u003cseparator thickness\u003d\"2\" type\u003d\"Black\"\u003e \u003cstart x\u003d\"336\" y\u003d\"135\"\u003e\u003c/start\u003e \u003cend x\u003d\"336\" y\u003d\"180\"\u003e\u003c/end\u003e \u003c/separator\u003e \u003c/block\u003e  \u003cblock b\u003d\"180\" blockname\u003d\"\" blocktype\u003d\"Separator\" l\u003d\"413\" r\u003d\"414\" style\u003d\"transform: translate(1021px, 183px); position: absolute;\" t\u003d\"135\"\u003e \u003cregion\u003e \u003crect b\u003d\"180\" l\u003d\"413\" r\u003d\"414\" t\u003d\"135\"\u003e\u003c/rect\u003e  \u003c/region\u003e  \u003cseparator thickness\u003d\"1\" type\u003d\"Black\"\u003e \u003cstart x\u003d\"413\" y\u003d\"135\"\u003e\u003c/start\u003e \u003cend x\u003d\"413\" y\u003d\"180\"\u003e\u003c/end\u003e \u003c/separator\u003e \u003c/block\u003e  \u003cblock b\u003d\"279\" blockname\u003d\"\" blocktype\u003d\"Separator\" l\u003d\"428\" r\u003d\"430\" style\u003d\"transform: translate(1059px, 332px); position: absolute;\" t\u003d\"245\"\u003e \u003cregion\u003e \u003crect b\u003d\"279\" l\u003d\"428\" r\u003d\"430\" t\u003d\"245\"\u003e\u003c/rect\u003e  \u003c/region\u003e  \u003cseparator thickness\u003d\"2\" type\u003d\"Black\"\u003e \u003cstart x\u003d\"429\" y\u003d\"245\"\u003e\u003c/start\u003e \u003cend x\u003d\"429\" y\u003d\"279\"\u003e\u003c/end\u003e \u003c/separator\u003e \u003c/block\u003e  \u003cblock b\u003d\"301\" blockname\u003d\"\" blocktype\u003d\"Separator\" l\u003d\"533\" r\u003d\"535\" style\u003d\"transform: translate(1318px, 332px); position: absolute;\" t\u003d\"245\"\u003e \u003cregion\u003e \u003crect b\u003d\"301\" l\u003d\"533\" r\u003d\"535\" t\u003d\"245\"\u003e\u003c/rect\u003e  \u003c/region\u003e  \u003cseparator thickness\u003d\"2\" type\u003d\"Black\"\u003e \u003cstart x\u003d\"534\" y\u003d\"245\"\u003e\u003c/start\u003e \u003cend x\u003d\"534\" y\u003d\"301\"\u003e\u003c/end\u003e \u003c/separator\u003e \u003c/block\u003e  \u003c/page\u003e   \u003c/document\u003e\u003c/body\u003e\u003c/html\u003e","tags":[{"begin":13,"end":36,"text":"Public Ubraryol Science","tag":"supplier_name","fieldType":"COMPANY_NAME","score":0.611115395545171,"estimatedAccuracy":0.0},{"begin":501,"end":508,"text":"12Q0/11","tag":"invoice_date","fieldType":"DATE","score":0.5431388796144508,"estimatedAccuracy":0.0},{"begin":564,"end":571,"text":"PAK6717","tag":"invoice_number","fieldType":"TEXT","score":0.7867390449858096,"estimatedAccuracy":0.0}],"group":"invoice_date|invoice_number|supplier_name","limeExplanation":{},"liblinearFeatureImportance":{}}