{"finalScore":0.7344158199106836,"metaInfo":{"model":{"coreVersion":"10.3.0.39"}},"sumScore":1.4688316398213672,"tagsCounter":2.0,"taggedText":"\u003chtml\u003e\u003chead\u003e\u003cscript src\u003d\"https://ajax.googleapis.com/ajax/libs/jquery/2.2.0/jquery.min.js\"\u003e\u003c/script\u003e\u003c/head\u003e\u003cbody\u003e\u003cdocument languages\u003d\"\" producer\u003d\"Workfusion\" schemalocation\u003d\"http://ocr.crowdcomputingsystems.com/xml/schema-v1.xml\" version\u003d\"1.0\" xmlns\u003d\"http://ocr.crowdcomputingsystems.com/xml/schema-v1.xml\" xsi\u003d\"http://www.w3.org/2001/XMLSchema-instance\"\u003e \u003clink href\u003d\"https://s3.amazonaws.com/workfusion-resources/ocr/ocr-xml-viewer-0.3-scale-to-width.css\" rel\u003d\"stylesheet\" type\u003d\"text/css\"\u003e\u003c/link\u003e \u003cstyle\u003e\u003c/style\u003e\u003cpage data-pages\u003d\"1\" h\u003d\"738\" resolution\u003d\"96\" style\u003d\"height: 989px;\" w\u003d\"550\"\u003e \u003cregion xmlns\u003d\"http://ocr.crowdcomputingsystems.com/xml/schema-v1.xml\"\u003e \u003crect b\u003d\"274\" l\u003d\"19\" r\u003d\"526\" t\u003d\"9\"\u003e\u003c/rect\u003e  \u003c/region\u003e \u003ctable b\u003d\"274\" blockname\u003d\"\" blocktype\u003d\"Table\" l\u003d\"19\" r\u003d\"526\" style\u003d\"transform: translate(26px, 12px); position: absolute; user-select: auto;\" t\u003d\"9\" xmlns\u003d\"\"\u003e \u003ctbody\u003e\u003ctr\u003e \u003ctd h\u003d\"16\" leftborder\u003d\"White\" topborder\u003d\"White\" w\u003d\"253\"\u003e \u003ctext xmlns\u003d\"http://ocr.crowdcomputingsystems.com/xml/schema-v1.xml\"\u003e \u003cpar align\u003d\"Right\" linespacing\u003d\"680\"\u003e \u003cline b\u003d\"20\" baseline\u003d\"20\" l\u003d\"245\" r\u003d\"272\" t\u003d\"11\"\u003e \u003cformatting lang\u003d\"EnglishUnitedStates\"\u003e INVC \u003c/formatting\u003e  \u003c/line\u003e  \u003c/par\u003e  \u003c/text\u003e  \u003c/td\u003e   \u003ctd colspan\u003d\"2\" h\u003d\"16\" rightborder\u003d\"White\" topborder\u003d\"White\" w\u003d\"254\"\u003e \u003ctext xmlns\u003d\"http://ocr.crowdcomputingsystems.com/xml/schema-v1.xml\"\u003e \u003cpar linespacing\u003d\"680\"\u003e \u003cline b\u003d\"20\" baseline\u003d\"20\" l\u003d\"274\" r\u003d\"294\" t\u003d\"11\"\u003e \u003cformatting lang\u003d\"EnglishUnitedStates\"\u003e ICE \u003c/formatting\u003e  \u003c/line\u003e  \u003c/par\u003e  \u003c/text\u003e  \u003c/td\u003e   \u003c/tr\u003e \n \u003ctr\u003e \u003ctd h\u003d\"78\" rowspan\u003d\"3\" w\u003d\"253\"\u003e \u003ctext xmlns\u003d\"http://ocr.crowdcomputingsystems.com/xml/schema-v1.xml\"\u003e \u003cpar linespacing\u003d\"600\"\u003e \u003cline b\u003d\"39\" baseline\u003d\"37\" l\u003d\"22\" r\u003d\"90\" t\u003d\"29\"\u003e \u003cformatting lang\u003d\"EnglishUnitedStates\"\u003e \u003csupplier_name appendorder\u003d\"8\" class\u003d\"extraction-tag\" confidence\u003d\"1/1\" data-original-title\u003d\"Supplier name\" data-toggle\u003d\"tooltip\" data-value\u003d\"ABC Company\" fold-name\u003d\"fold4\" score\u003d\"0.8045407777708344\" style\u003d\"background-color: rgb(88, 50, 166);  color: rgb(255, 255, 255);   border: 2px solid rgb(125, 157, 1); \" tagorder\u003d\"3\"\u003eABC Company\u003c/supplier_name\u003e \u003c/formatting\u003e  \u003c/line\u003e  \u003c/par\u003e  \u003c/text\u003e  \u003c/td\u003e   \u003ctd h\u003d\"25\" w\u003d\"126\"\u003e \u003ctext xmlns\u003d\"http://ocr.crowdcomputingsystems.com/xml/schema-v1.xml\"\u003e \u003cpar align\u003d\"Justified\" linespacing\u003d\"600\"\u003e \u003cline b\u003d\"36\" baseline\u003d\"34\" l\u003d\"276\" r\u003d\"393\" t\u003d\"26\"\u003e \u003cformatting lang\u003d\"EnglishUnitedStates\"\u003e Invoice No. e-Sugam No \u003c/formatting\u003e  \u003c/line\u003e  \u003c/par\u003e  \u003cpar align\u003d\"Justified\" linespacing\u003d\"600\"\u003e \u003cline b\u003d\"47\" baseline\u003d\"47\" l\u003d\"276\" r\u003d\"280\" t\u003d\"39\"\u003e \u003cformatting lang\u003d\"EnglishUnitedStates\"\u003e 28926 \u003c/formatting\u003e  \u003c/line\u003e  \u003c/par\u003e  \u003c/text\u003e  \u003c/td\u003e   \u003ctd h\u003d\"25\" w\u003d\"128\"\u003e \u003ctext xmlns\u003d\"http://ocr.crowdcomputingsystems.com/xml/schema-v1.xml\"\u003e \u003cpar linespacing\u003d\"600\"\u003e \u003cline b\u003d\"34\" baseline\u003d\"34\" l\u003d\"401\" r\u003d\"425\" t\u003d\"26\"\u003e \u003cformatting lang\u003d\"EnglishUnitedStates\"\u003e Dated \u003c/formatting\u003e  \u003c/line\u003e  \u003c/par\u003e  \u003cpar linespacing\u003d\"680\"\u003e \u003cline b\u003d\"47\" baseline\u003d\"48\" l\u003d\"401\" r\u003d\"449\" t\u003d\"39\"\u003e \u003cformatting lang\u003d\"EnglishUnitedStates\"\u003e \u003cinvoice_date appendorder\u003d\"5\" class\u003d\"extraction-tag\" confidence\u003d\"1/1\" data-original-title\u003d\"Invoice date\" data-toggle\u003d\"tooltip\" data-value\u003d\"7-Oct-2012\" fold-name\u003d\"fold5\" score\u003d\"0.6642908620505329\" style\u003d\"background-color: rgb(17, 18, 43);  color: rgb(255, 255, 255);   border: 2px solid rgb(125, 157, 1); \" tagorder\u003d\"2\"\u003e7-Oct-2012\u003c/invoice_date\u003e \u003c/formatting\u003e  \u003c/line\u003e  \u003c/par\u003e  \u003c/text\u003e  \u003c/td\u003e   \u003c/tr\u003e \n \u003ctr\u003e \u003ctd h\u003d\"24\" w\u003d\"126\"\u003e \u003ctext xmlns\u003d\"http://ocr.crowdcomputingsystems.com/xml/schema-v1.xml\"\u003e \u003cpar align\u003d\"Justified\" linespacing\u003d\"600\"\u003e \u003cline b\u003d\"60\" baseline\u003d\"59\" l\u003d\"276\" r\u003d\"330\" t\u003d\"51\"\u003e \u003cformatting lang\u003d\"EnglishUnitedStates\"\u003e Delivery Note \u003c/formatting\u003e  \u003c/line\u003e  \u003c/par\u003e  \u003cpar align\u003d\"Justified\" linespacing\u003d\"530\"\u003e \u003cline b\u003d\"72\" baseline\u003d\"72\" l\u003d\"276\" r\u003d\"321\" t\u003d\"65\"\u003e \u003cformatting lang\u003d\"EnglishUnitedStates\"\u003e DN001212 \u003c/formatting\u003e  \u003c/line\u003e  \u003c/par\u003e  \u003c/text\u003e  \u003c/td\u003e   \u003ctd h\u003d\"24\" w\u003d\"128\"\u003e \u003ctext xmlns\u003d\"http://ocr.crowdcomputingsystems.com/xml/schema-v1.xml\"\u003e \u003cpar linespacing\u003d\"530\"\u003e \u003cline b\u003d\"60\" baseline\u003d\"59\" l\u003d\"401\" r\u003d\"502\" t\u003d\"52\"\u003e \u003cformatting lang\u003d\"EnglishUnitedStates\"\u003e Mode/Terms of Payment \u003c/formatting\u003e  \u003c/line\u003e  \u003c/par\u003e  \u003cpar linespacing\u003d\"530\"\u003e \u003cline b\u003d\"74\" baseline\u003d\"72\" l\u003d\"401\" r\u003d\"436\" t\u003d\"65\"\u003e \u003cformatting lang\u003d\"EnglishUnitedStates\"\u003e 30 days \u003c/formatting\u003e  \u003c/line\u003e  \u003c/par\u003e  \u003c/text\u003e  \u003c/td\u003e   \u003c/tr\u003e \n \u003ctr\u003e \u003ctd h\u003d\"29\" w\u003d\"126\"\u003e \u003ctext xmlns\u003d\"http://ocr.crowdcomputingsystems.com/xml/schema-v1.xml\"\u003e \u003cpar align\u003d\"Justified\" linespacing\u003d\"530\"\u003e \u003cline b\u003d\"85\" baseline\u003d\"84\" l\u003d\"276\" r\u003d\"334\" t\u003d\"77\"\u003e \u003cformatting lang\u003d\"EnglishUnitedStates\"\u003e Suppliers Rer \u003c/formatting\u003e  \u003c/line\u003e  \u003c/par\u003e  \u003cpar align\u003d\"Justified\" linespacing\u003d\"600\"\u003e \u003cline b\u003d\"98\" baseline\u003d\"98\" l\u003d\"277\" r\u003d\"309\" t\u003d\"90\"\u003e \u003cformatting lang\u003d\"EnglishUnitedStates\"\u003e S00234 \u003c/formatting\u003e  \u003c/line\u003e  \u003c/par\u003e  \u003c/text\u003e  \u003c/td\u003e   \u003ctd h\u003d\"29\" w\u003d\"128\"\u003e \u003ctext xmlns\u003d\"http://ocr.crowdcomputingsystems.com/xml/schema-v1.xml\"\u003e \u003cpar linespacing\u003d\"530\"\u003e \u003cline b\u003d\"85\" baseline\u003d\"84\" l\u003d\"401\" r\u003d\"481\" t\u003d\"77\"\u003e \u003cformatting lang\u003d\"EnglishUnitedStates\"\u003e Other Reference(s) \u003c/formatting\u003e  \u003c/line\u003e  \u003c/par\u003e  \u003c/text\u003e  \u003c/td\u003e   \u003c/tr\u003e \n \u003ctr\u003e \u003ctd h\u003d\"84\" rowspan\u003d\"4\" w\u003d\"253\"\u003e \u003ctext xmlns\u003d\"http://ocr.crowdcomputingsystems.com/xml/schema-v1.xml\"\u003e \u003cpar linespacing\u003d\"530\"\u003e \u003cline b\u003d\"117\" baseline\u003d\"115\" l\u003d\"22\" r\u003d\"67\" t\u003d\"108\"\u003e \u003cformatting lang\u003d\"EnglishUnitedStates\"\u003e Consignee \u003c/formatting\u003e  \u003c/line\u003e  \u003c/par\u003e  \u003cpar linespacing\u003d\"825\"\u003e \u003cline b\u003d\"131\" baseline\u003d\"129\" l\u003d\"22\" r\u003d\"101\" t\u003d\"121\"\u003e \u003cformatting lang\u003d\"EnglishUnitedStates\"\u003e Dwdies Traders \u003c/formatting\u003e  \u003c/line\u003e  \u003c/par\u003e  \u003cpar linespacing\u003d\"825\"\u003e \u003cline b\u003d\"141\" baseline\u003d\"141\" l\u003d\"22\" r\u003d\"83\" t\u003d\"132\"\u003e \u003cformatting lang\u003d\"EnglishUnitedStates\"\u003e 65. 17 C Mam \u003c/formatting\u003e  \u003c/line\u003e  \u003c/par\u003e  \u003cpar linespacing\u003d\"825\"\u003e \u003cline b\u003d\"154\" baseline\u003d\"152\" l\u003d\"22\" r\u003d\"79\" t\u003d\"144\"\u003e \u003cformatting lang\u003d\"EnglishUnitedStates\"\u003e Koramangala \u003c/formatting\u003e  \u003c/line\u003e  \u003c/par\u003e  \u003cpar linespacing\u003d\"825\"\u003e \u003cline b\u003d\"166\" baseline\u003d\"163\" l\u003d\"22\" r\u003d\"65\" t\u003d\"155\"\u003e \u003cformatting lang\u003d\"EnglishUnitedStates\"\u003e Bangalore \u003c/formatting\u003e  \u003c/line\u003e  \u003c/par\u003e  \u003c/text\u003e  \u003c/td\u003e   \u003ctd h\u003d\"22\" w\u003d\"126\"\u003e \u003ctext xmlns\u003d\"http://ocr.crowdcomputingsystems.com/xml/schema-v1.xml\"\u003e \u003cpar linespacing\u003d\"1050\"\u003e \u003cline b\u003d\"111\" baseline\u003d\"109\" l\u003d\"276\" r\u003d\"348\" t\u003d\"102\"\u003e \u003cformatting lang\u003d\"EnglishUnitedStates\"\u003e Buyers Order No. \u003c/formatting\u003e  \u003c/line\u003e  \u003cline b\u003d\"123\" baseline\u003d\"123\" l\u003d\"276\" r\u003d\"330\" t\u003d\"115\"\u003e \u003cformatting lang\u003d\"EnglishUnitedStates\"\u003e sale/009787 \u003c/formatting\u003e  \u003c/line\u003e  \u003c/par\u003e  \u003c/text\u003e  \u003c/td\u003e   \u003ctd h\u003d\"22\" w\u003d\"128\"\u003e \u003ctext xmlns\u003d\"http://ocr.crowdcomputingsystems.com/xml/schema-v1.xml\"\u003e \u003cpar linespacing\u003d\"530\"\u003e \u003cline b\u003d\"109\" baseline\u003d\"109\" l\u003d\"401\" r\u003d\"425\" t\u003d\"102\"\u003e \u003cformatting lang\u003d\"EnglishUnitedStates\"\u003e Dated \u003c/formatting\u003e  \u003c/line\u003e  \u003c/par\u003e  \u003cpar linespacing\u003d\"600\"\u003e \u003cline b\u003d\"123\" baseline\u003d\"123\" l\u003d\"401\" r\u003d\"449\" t\u003d\"115\"\u003e \u003cformatting lang\u003d\"EnglishUnitedStates\"\u003e 7 Oct-2012 \u003c/formatting\u003e  \u003c/line\u003e  \u003c/par\u003e  \u003c/text\u003e  \u003c/td\u003e   \u003c/tr\u003e \n \u003ctr\u003e \u003ctd h\u003d\"25\" w\u003d\"126\"\u003e \u003ctext xmlns\u003d\"http://ocr.crowdcomputingsystems.com/xml/schema-v1.xml\"\u003e \u003cpar align\u003d\"Justified\" linespacing\u003d\"450\"\u003e \u003cline b\u003d\"135\" baseline\u003d\"133\" l\u003d\"276\" r\u003d\"369\" t\u003d\"127\"\u003e \u003cformatting lang\u003d\"EnglishUnitedStates\"\u003e Despatch Oocument No \u003c/formatting\u003e  \u003c/line\u003e  \u003c/par\u003e  \u003cpar align\u003d\"Justified\" linespacing\u003d\"600\"\u003e \u003cline b\u003d\"148\" baseline\u003d\"148\" l\u003d\"276\" r\u003d\"323\" t\u003d\"140\"\u003e \u003cformatting lang\u003d\"EnglishUnitedStates\"\u003e 136417247 \u003c/formatting\u003e  \u003c/line\u003e  \u003c/par\u003e  \u003c/text\u003e  \u003c/td\u003e   \u003ctd h\u003d\"25\" w\u003d\"128\"\u003e \u003ctext xmlns\u003d\"http://ocr.crowdcomputingsystems.com/xml/schema-v1.xml\"\u003e \u003cpar linespacing\u003d\"530\"\u003e \u003cline b\u003d\"134\" baseline\u003d\"134\" l\u003d\"401\" r\u003d\"425\" t\u003d\"127\"\u003e \u003cformatting lang\u003d\"EnglishUnitedStates\"\u003e Dated \u003c/formatting\u003e  \u003c/line\u003e  \u003c/par\u003e  \u003cpar linespacing\u003d\"600\"\u003e \u003cline b\u003d\"148\" baseline\u003d\"148\" l\u003d\"401\" r\u003d\"449\" t\u003d\"140\"\u003e \u003cformatting lang\u003d\"EnglishUnitedStates\"\u003e 5 Oct-2012 \u003c/formatting\u003e  \u003c/line\u003e  \u003c/par\u003e  \u003c/text\u003e  \u003c/td\u003e   \u003c/tr\u003e \n \u003ctr\u003e \u003ctd h\u003d\"25\" w\u003d\"126\"\u003e \u003ctext xmlns\u003d\"http://ocr.crowdcomputingsystems.com/xml/schema-v1.xml\"\u003e \u003cpar align\u003d\"Justified\" linespacing\u003d\"530\"\u003e \u003cline b\u003d\"160\" baseline\u003d\"159\" l\u003d\"276\" r\u003d\"354\" t\u003d\"152\"\u003e \u003cformatting lang\u003d\"EnglishUnitedStates\"\u003e Despatched through \u003c/formatting\u003e  \u003c/line\u003e  \u003c/par\u003e  \u003cpar align\u003d\"Justified\" linespacing\u003d\"680\"\u003e \u003cline b\u003d\"174\" baseline\u003d\"174\" l\u003d\"276\" r\u003d\"300\" t\u003d\"165\"\u003e \u003cformatting lang\u003d\"EnglishUnitedStates\"\u003e Lorry \u003c/formatting\u003e  \u003c/line\u003e  \u003c/par\u003e  \u003c/text\u003e  \u003c/td\u003e   \u003ctd h\u003d\"25\" w\u003d\"128\"\u003e \u003ctext xmlns\u003d\"http://ocr.crowdcomputingsystems.com/xml/schema-v1.xml\"\u003e \u003cpar linespacing\u003d\"530\"\u003e \u003cline b\u003d\"160\" baseline\u003d\"159\" l\u003d\"401\" r\u003d\"448\" t\u003d\"152\"\u003e \u003cformatting lang\u003d\"EnglishUnitedStates\"\u003e Destination \u003c/formatting\u003e  \u003c/line\u003e  \u003c/par\u003e  \u003cpar linespacing\u003d\"600\"\u003e \u003cline b\u003d\"174\" baseline\u003d\"173\" l\u003d\"401\" r\u003d\"460\" t\u003d\"165\"\u003e \u003cformatting lang\u003d\"EnglishUnitedStates\"\u003e Raiaii Haqar \u003c/formatting\u003e  \u003c/line\u003e  \u003c/par\u003e  \u003c/text\u003e  \u003c/td\u003e   \u003c/tr\u003e \n \u003ctr\u003e \u003ctd bottomborder\u003d\"White\" h\u003d\"12\" rightborder\u003d\"White\" w\u003d\"126\"\u003e \u003ctext xmlns\u003d\"http://ocr.crowdcomputingsystems.com/xml/schema-v1.xml\"\u003e \u003cpar align\u003d\"Justified\" linespacing\u003d\"530\"\u003e \u003cline b\u003d\"187\" baseline\u003d\"187\" l\u003d\"276\" r\u003d\"348\" t\u003d\"180\"\u003e \u003cformatting lang\u003d\"EnglishUnitedStates\"\u003e Torm? ril DMIunn \u003c/formatting\u003e  \u003c/line\u003e  \u003c/par\u003e  \u003c/text\u003e  \u003c/td\u003e   \u003ctd bottomborder\u003d\"White\" h\u003d\"12\" leftborder\u003d\"White\" w\u003d\"128\"\u003e \u003ctext xmlns\u003d\"http://ocr.crowdcomputingsystems.com/xml/schema-v1.xml\"\u003e \u003cpar linespacing\u003d\"-1\"\u003e\u003c/par\u003e  \u003c/text\u003e  \u003c/td\u003e   \u003c/tr\u003e \n \u003ctr\u003e \u003ctd h\u003d\"87\" w\u003d\"253\"\u003e \u003ctext xmlns\u003d\"http://ocr.crowdcomputingsystems.com/xml/schema-v1.xml\"\u003e \u003cpar linespacing\u003d\"530\"\u003e \u003cline b\u003d\"198\" baseline\u003d\"196\" l\u003d\"22\" r\u003d\"149\" t\u003d\"189\"\u003e \u003cformatting lang\u003d\"EnglishUnitedStates\"\u003e Buyer (if other man consignee) \u003c/formatting\u003e  \u003c/line\u003e  \u003c/par\u003e  \u003cpar linespacing\u003d\"825\"\u003e \u003cline b\u003d\"212\" baseline\u003d\"210\" l\u003d\"22\" r\u003d\"101\" t\u003d\"202\"\u003e \u003cformatting lang\u003d\"EnglishUnitedStates\"\u003e Dwdies Traders \u003c/formatting\u003e  \u003c/line\u003e  \u003c/par\u003e  \u003cpar linespacing\u003d\"825\"\u003e \u003cline b\u003d\"222\" baseline\u003d\"222\" l\u003d\"22\" r\u003d\"83\" t\u003d\"213\"\u003e \u003cformatting lang\u003d\"EnglishUnitedStates\"\u003e 56. 17 C Main \u003c/formatting\u003e  \u003c/line\u003e  \u003c/par\u003e  \u003cpar linespacing\u003d\"825\"\u003e \u003cline b\u003d\"235\" baseline\u003d\"233\" l\u003d\"22\" r\u003d\"79\" t\u003d\"225\"\u003e \u003cformatting lang\u003d\"EnglishUnitedStates\"\u003e Koramangala \u003c/formatting\u003e  \u003c/line\u003e  \u003c/par\u003e  \u003cpar linespacing\u003d\"825\"\u003e \u003cline b\u003d\"247\" baseline\u003d\"244\" l\u003d\"22\" r\u003d\"65\" t\u003d\"236\"\u003e \u003cformatting lang\u003d\"EnglishUnitedStates\"\u003e Bangalore \u003c/formatting\u003e  \u003c/line\u003e  \u003c/par\u003e  \u003c/text\u003e  \u003c/td\u003e   \u003ctd colspan\u003d\"2\" h\u003d\"87\" topborder\u003d\"White\" w\u003d\"254\"\u003e \u003ctext xmlns\u003d\"http://ocr.crowdcomputingsystems.com/xml/schema-v1.xml\"\u003e \u003cpar linespacing\u003d\"600\"\u003e \u003cline b\u003d\"202\" baseline\u003d\"202\" l\u003d\"276\" r\u003d\"327\" t\u003d\"194\"\u003e \u003cformatting lang\u003d\"EnglishUnitedStates\"\u003e Immediate \u003c/formatting\u003e  \u003c/line\u003e  \u003c/par\u003e  \u003c/text\u003e  \u003c/td\u003e   \u003c/tr\u003e \n \u003c/tbody\u003e\u003c/table\u003e\n \u003cblock b\u003d\"285\" blockname\u003d\"\" blocktype\u003d\"Text\" l\u003d\"132\" r\u003d\"228\" style\u003d\"transform: translate(181px, 371px); position: absolute; width: 131.782px; height: 14.8958px;\" t\u003d\"274\"\u003e \u003cregion\u003e \u003crect b\u003d\"285\" l\u003d\"132\" r\u003d\"228\" t\u003d\"274\"\u003e\u003c/rect\u003e  \u003c/region\u003e  \u003ctext\u003e \u003cpar linespacing\u003d\"600\"\u003e \u003cline b\u003d\"283\" baseline\u003d\"282\" l\u003d\"135\" r\u003d\"223\" style\u003d\"transform: translate(4px, 0px); position: absolute;\" t\u003d\"274\"\u003e \u003cformatting lang\u003d\"EnglishUnitedStates\"\u003e Description ol Goods \u003c/formatting\u003e  \u003c/line\u003e  \u003c/par\u003e  \u003c/text\u003e  \u003c/block\u003e  \u003cblock b\u003d\"285\" blockname\u003d\"\" blocktype\u003d\"Text\" l\u003d\"335\" r\u003d\"375\" style\u003d\"transform: translate(460px, 371px); position: absolute; width: 54.9091px; height: 14.8958px;\" t\u003d\"274\"\u003e \u003cregion\u003e \u003crect b\u003d\"285\" l\u003d\"335\" r\u003d\"375\" t\u003d\"274\"\u003e\u003c/rect\u003e  \u003c/region\u003e  \u003ctext\u003e \u003cpar linespacing\u003d\"600\"\u003e \u003cline b\u003d\"283\" baseline\u003d\"282\" l\u003d\"338\" r\u003d\"372\" style\u003d\"transform: translate(4px, 0px); position: absolute;\" t\u003d\"274\"\u003e \u003cformatting lang\u003d\"EnglishUnitedStates\"\u003e Quantity \u003c/formatting\u003e  \u003c/line\u003e  \u003c/par\u003e  \u003c/text\u003e  \u003c/block\u003e  \u003cblock b\u003d\"284\" blockname\u003d\"\" blocktype\u003d\"Text\" l\u003d\"392\" r\u003d\"419\" style\u003d\"transform: translate(538px, 371px); position: absolute; width: 37.0636px; height: 13.5417px;\" t\u003d\"274\"\u003e \u003cregion\u003e \u003crect b\u003d\"284\" l\u003d\"392\" r\u003d\"419\" t\u003d\"274\"\u003e\u003c/rect\u003e  \u003c/region\u003e  \u003ctext\u003e \u003cpar linespacing\u003d\"600\"\u003e \u003cline b\u003d\"282\" baseline\u003d\"282\" l\u003d\"396\" r\u003d\"414\" style\u003d\"transform: translate(5px, 0px); position: absolute;\" t\u003d\"274\"\u003e \u003cformatting lang\u003d\"EnglishUnitedStates\"\u003e Rate \u003c/formatting\u003e  \u003c/line\u003e  \u003c/par\u003e  \u003c/text\u003e  \u003c/block\u003e  \u003cblock b\u003d\"285\" blockname\u003d\"\" blocktype\u003d\"Text\" l\u003d\"434\" r\u003d\"450\" style\u003d\"transform: translate(596px, 374px); position: absolute; width: 21.9636px; height: 12.1875px;\" t\u003d\"276\"\u003e \u003cregion\u003e \u003crect b\u003d\"285\" l\u003d\"434\" r\u003d\"450\" t\u003d\"276\"\u003e\u003c/rect\u003e  \u003c/region\u003e  \u003ctext\u003e \u003cpar linespacing\u003d\"450\"\u003e \u003cline b\u003d\"283\" baseline\u003d\"282\" l\u003d\"435\" r\u003d\"448\" style\u003d\"transform: translate(1px, 0px); position: absolute;\" t\u003d\"276\"\u003e \u003cformatting lang\u003d\"EnglishUnitedStates\"\u003e per \u003c/formatting\u003e  \u003c/line\u003e  \u003c/par\u003e  \u003c/text\u003e  \u003c/block\u003e  \u003cblock b\u003d\"284\" blockname\u003d\"\" blocktype\u003d\"Text\" l\u003d\"468\" r\u003d\"508\" style\u003d\"transform: translate(642px, 372px); position: absolute; width: 54.9091px; height: 12.1875px;\" t\u003d\"275\"\u003e \u003cregion\u003e \u003crect b\u003d\"284\" l\u003d\"468\" r\u003d\"508\" t\u003d\"275\"\u003e\u003c/rect\u003e  \u003c/region\u003e  \u003ctext\u003e \u003cpar linespacing\u003d\"530\"\u003e \u003cline b\u003d\"282\" baseline\u003d\"282\" l\u003d\"472\" r\u003d\"504\" style\u003d\"transform: translate(5px, 0px); position: absolute;\" t\u003d\"275\"\u003e \u003cformatting lang\u003d\"EnglishUnitedStates\"\u003e Amount \u003c/formatting\u003e  \u003c/line\u003e  \u003c/par\u003e  \u003c/text\u003e  \u003c/block\u003e  \u003cblock b\u003d\"316\" blockname\u003d\"\" blocktype\u003d\"Text\" l\u003d\"35\" r\u003d\"74\" style\u003d\"transform: translate(48px, 412px); position: absolute; width: 53.5364px; height: 16.25px;\" t\u003d\"304\"\u003e \u003cregion\u003e \u003crect b\u003d\"316\" l\u003d\"35\" r\u003d\"74\" t\u003d\"304\"\u003e\u003c/rect\u003e  \u003c/region\u003e  \u003ctext\u003e \u003cpar linespacing\u003d\"600\"\u003e \u003cline b\u003d\"314\" baseline\u003d\"314\" l\u003d\"35\" r\u003d\"69\" style\u003d\"transform: translate(0px, 3px); position: absolute;\" t\u003d\"306\"\u003ePencils\u003c/line\u003e  \u003c/par\u003e  \u003c/text\u003e  \u003c/block\u003e  \u003cblock b\u003d\"328\" blockname\u003d\"\" blocktype\u003d\"Text\" l\u003d\"333\" r\u003d\"380\" style\u003d\"transform: translate(457px, 413px); position: absolute; width: 64.5182px; height: 31.1458px;\" t\u003d\"305\"\u003e \u003cregion\u003e \u003crect b\u003d\"328\" l\u003d\"333\" r\u003d\"380\" t\u003d\"305\"\u003e\u003c/rect\u003e  \u003c/region\u003e  \u003ctext\u003e \u003cpar linespacing\u003d\"600\"\u003e \u003cline b\u003d\"315\" baseline\u003d\"314\" l\u003d\"335\" r\u003d\"378\" style\u003d\"transform: translate(3px, 1px); position: absolute;\" t\u003d\"306\"\u003e1.500 nos\u003c/line\u003e  \u003c/par\u003e  \u003cpar leftindent\u003d\"800\" linespacing\u003d\"530\"\u003e \u003cline b\u003d\"327\" baseline\u003d\"325\" l\u003d\"344\" r\u003d\"378\" style\u003d\"transform: translate(15px, 18px); position: absolute;\" t\u003d\"318\"\u003e \u003cformatting lang\u003d\"EnglishUnitedStates\"\u003e (15 tx\u0026raquo;) \u003c/formatting\u003e  \u003c/line\u003e  \u003c/par\u003e  \u003c/text\u003e  \u003c/block\u003e  \u003cblock b\u003d\"315\" blockname\u003d\"\" blocktype\u003d\"Text\" l\u003d\"407\" r\u003d\"430\" style\u003d\"transform: translate(559px, 412px); position: absolute; width: 31.5727px; height: 14.8958px;\" t\u003d\"304\"\u003e \u003cregion\u003e \u003crect b\u003d\"315\" l\u003d\"407\" r\u003d\"430\" t\u003d\"304\"\u003e\u003c/rect\u003e  \u003c/region\u003e  \u003ctext\u003e \u003cpar linespacing\u003d\"530\"\u003e \u003cline b\u003d\"313\" baseline\u003d\"313\" l\u003d\"411\" r\u003d\"428\" style\u003d\"transform: translate(5px, 3px); position: absolute;\" t\u003d\"306\"\u003e3.00\u003c/line\u003e  \u003c/par\u003e  \u003c/text\u003e  \u003c/block\u003e  \u003cblock b\u003d\"315\" blockname\u003d\"\" blocktype\u003d\"Text\" l\u003d\"433\" r\u003d\"451\" style\u003d\"transform: translate(594px, 416px); position: absolute; width: 24.7091px; height: 10.8333px;\" t\u003d\"307\"\u003e \u003cregion\u003e \u003crect b\u003d\"315\" l\u003d\"433\" r\u003d\"451\" t\u003d\"307\"\u003e\u003c/rect\u003e  \u003c/region\u003e  \u003ctext\u003e \u003cpar linespacing\u003d\"450\"\u003e \u003cline b\u003d\"313\" baseline\u003d\"313\" l\u003d\"434\" r\u003d\"449\" style\u003d\"transform: translate(1px, 0px); position: absolute;\" t\u003d\"307\"\u003e \u003cformatting lang\u003d\"EnglishUnitedStates\"\u003e nos \u003c/formatting\u003e  \u003c/line\u003e  \u003c/par\u003e  \u003c/text\u003e  \u003c/block\u003e  \u003cblock b\u003d\"368\" blockname\u003d\"\" blocktype\u003d\"Text\" l\u003d\"241\" r\u003d\"330\" style\u003d\"transform: translate(331px, 479px); position: absolute; width: 122.173px; height: 18.9583px;\" t\u003d\"354\"\u003e \u003cregion\u003e \u003crect b\u003d\"368\" l\u003d\"241\" r\u003d\"330\" t\u003d\"354\"\u003e\u003c/rect\u003e  \u003c/region\u003e  \u003ctext\u003e \u003cpar linespacing\u003d\"600\"\u003e \u003cline b\u003d\"366\" baseline\u003d\"363\" l\u003d\"244\" r\u003d\"328\" style\u003d\"transform: translate(4px, 1px); position: absolute;\" t\u003d\"355\"\u003e \u003cformatting lang\u003d\"EnglishUnitedStates\"\u003e Output VAT@4% \u003c/formatting\u003e  \u003c/line\u003e  \u003c/par\u003e  \u003c/text\u003e  \u003c/block\u003e  \u003cblock b\u003d\"317\" blockname\u003d\"\" blocktype\u003d\"Text\" l\u003d\"481\" r\u003d\"524\" style\u003d\"transform: translate(660px, 412px); position: absolute; width: 59.0273px; height: 17.6042px;\" t\u003d\"304\"\u003e \u003cregion\u003e \u003crect b\u003d\"317\" l\u003d\"481\" r\u003d\"524\" t\u003d\"304\"\u003e\u003c/rect\u003e  \u003c/region\u003e  \u003ctext\u003e \u003cpar linespacing\u003d\"600\"\u003e \u003cline b\u003d\"314\" baseline\u003d\"314\" l\u003d\"485\" r\u003d\"522\" style\u003d\"transform: translate(5px, 3px); position: absolute;\" t\u003d\"306\"\u003e \u003cformatting lang\u003d\"EnglishUnitedStates\"\u003e 4.500.00 \u003c/formatting\u003e  \u003c/line\u003e  \u003c/par\u003e  \u003c/text\u003e  \u003c/block\u003e  \u003cblock b\u003d\"365\" blockname\u003d\"\" blocktype\u003d\"Text\" l\u003d\"490\" r\u003d\"524\" style\u003d\"transform: translate(673px, 479px); position: absolute; width: 46.6727px; height: 14.8958px;\" t\u003d\"354\"\u003e \u003cregion\u003e \u003crect b\u003d\"365\" l\u003d\"490\" r\u003d\"524\" t\u003d\"354\"\u003e\u003c/rect\u003e  \u003c/region\u003e  \u003ctext\u003e \u003cpar linespacing\u003d\"600\"\u003e \u003cline b\u003d\"363\" baseline\u003d\"363\" l\u003d\"493\" r\u003d\"522\" style\u003d\"transform: translate(4px, 1px); position: absolute;\" t\u003d\"355\"\u003e \u003cformatting lang\u003d\"EnglishUnitedStates\"\u003e 180.00 \u003c/formatting\u003e  \u003c/line\u003e  \u003c/par\u003e  \u003c/text\u003e  \u003c/block\u003e  \u003cblock b\u003d\"491\" blockname\u003d\"\" blocktype\u003d\"Text\" l\u003d\"461\" r\u003d\"527\" style\u003d\"transform: translate(633px, 642px); position: absolute; width: 90.6px; height: 23.0208px;\" t\u003d\"474\"\u003e \u003cregion\u003e \u003crect b\u003d\"491\" l\u003d\"461\" r\u003d\"527\" t\u003d\"474\"\u003e\u003c/rect\u003e  \u003c/region\u003e  \u003ctext\u003e \u003cpar linespacing\u003d\"750\"\u003e \u003cline b\u003d\"489\" baseline\u003d\"487\" l\u003d\"464\" r\u003d\"523\" style\u003d\"transform: translate(4px, 4px); position: absolute;\" t\u003d\"477\"\u003e \u003cformatting lang\u003d\"EnglishUnitedStates\"\u003e ? 4,680.00 \u003c/formatting\u003e  \u003c/line\u003e  \u003c/par\u003e  \u003c/text\u003e  \u003c/block\u003e  \u003cblock b\u003d\"489\" blockname\u003d\"\" blocktype\u003d\"Text\" l\u003d\"307\" r\u003d\"380\" style\u003d\"transform: translate(421px, 646px); position: absolute; width: 100.209px; height: 16.25px;\" t\u003d\"477\"\u003e \u003cregion\u003e \u003crect b\u003d\"489\" l\u003d\"307\" r\u003d\"380\" t\u003d\"477\"\u003e\u003c/rect\u003e  \u003c/region\u003e  \u003ctext\u003e \u003cpar linespacing\u003d\"600\"\u003e \u003cline b\u003d\"486\" baseline\u003d\"485\" l\u003d\"308\" r\u003d\"378\" style\u003d\"transform: translate(1px, 0px); position: absolute;\" t\u003d\"477\"\u003e \u003cformatting lang\u003d\"EnglishUnitedStates\"\u003e Total 1,500 nos \u003c/formatting\u003e  \u003c/line\u003e  \u003c/par\u003e  \u003c/text\u003e  \u003c/block\u003e  \u003cblock b\u003d\"518\" blockname\u003d\"\" blocktype\u003d\"Text\" l\u003d\"21\" r\u003d\"211\" style\u003d\"transform: translate(29px, 669px); position: absolute; width: 260.818px; height: 32.5px;\" t\u003d\"494\"\u003e \u003cregion\u003e \u003crect b\u003d\"518\" l\u003d\"21\" r\u003d\"211\" t\u003d\"494\"\u003e\u003c/rect\u003e  \u003c/region\u003e  \u003ctext\u003e \u003cpar linespacing\u003d\"530\"\u003e \u003cline b\u003d\"502\" baseline\u003d\"501\" l\u003d\"22\" r\u003d\"143\" style\u003d\"transform: translate(1px, 0px); position: absolute;\" t\u003d\"494\"\u003e \u003cformatting lang\u003d\"EnglishUnitedStates\"\u003e Amount Chargeable $n words) \u003c/formatting\u003e  \u003c/line\u003e  \u003c/par\u003e  \u003cpar linespacing\u003d\"530\"\u003e \u003cline b\u003d\"516\" baseline\u003d\"514\" l\u003d\"22\" r\u003d\"206\" style\u003d\"transform: translate(1px, 18px); position: absolute;\" t\u003d\"507\"\u003e \u003cformatting lang\u003d\"EnglishUnitedStates\"\u003e INR Four Thousand Six Hundred Eighty Only \u003c/formatting\u003e  \u003c/line\u003e  \u003c/par\u003e  \u003c/text\u003e  \u003c/block\u003e  \u003cblock b\u003d\"503\" blockname\u003d\"\" blocktype\u003d\"Text\" l\u003d\"488\" r\u003d\"524\" style\u003d\"transform: translate(670px, 669px); position: absolute; width: 49.4182px; height: 12.1875px;\" t\u003d\"494\"\u003e \u003cregion\u003e \u003crect b\u003d\"503\" l\u003d\"488\" r\u003d\"524\" t\u003d\"494\"\u003e\u003c/rect\u003e  \u003c/region\u003e  \u003ctext\u003e \u003cpar linespacing\u003d\"530\"\u003e \u003cline b\u003d\"501\" baseline\u003d\"501\" l\u003d\"491\" r\u003d\"522\" style\u003d\"transform: translate(4px, 0px); position: absolute;\" t\u003d\"494\"\u003e \u003cformatting lang\u003d\"EnglishUnitedStates\"\u003e \u0026pound; 40\u0026pound; \u003c/formatting\u003e  \u003c/line\u003e  \u003c/par\u003e  \u003c/text\u003e  \u003c/block\u003e  \u003cblock b\u003d\"652\" blockname\u003d\"\" blocktype\u003d\"Text\" l\u003d\"271\" r\u003d\"448\" style\u003d\"transform: translate(372px, 826px); position: absolute; width: 242.973px; height: 56.875px;\" t\u003d\"610\"\u003e \u003cregion\u003e \u003crect b\u003d\"652\" l\u003d\"271\" r\u003d\"448\" t\u003d\"610\"\u003e\u003c/rect\u003e  \u003c/region\u003e  \u003ctext\u003e \u003cpar linespacing\u003d\"750\"\u003e \u003cline b\u003d\"618\" baseline\u003d\"618\" l\u003d\"274\" r\u003d\"392\" style\u003d\"transform: translate(4px, 0px); position: absolute;\" t\u003d\"610\"\u003e \u003cformatting lang\u003d\"EnglishUnitedStates\"\u003e Please find our Bank Oetails \u003c/formatting\u003e  \u003c/line\u003e  \u003cline b\u003d\"628\" baseline\u003d\"628\" l\u003d\"274\" r\u003d\"443\" style\u003d\"transform: translate(4px, 15px); position: absolute;\" t\u003d\"621\"\u003e \u003cformatting lang\u003d\"EnglishUnitedStates\"\u003e Bank Name : SSStre Bank of India \u003c/formatting\u003e  \u003c/line\u003e  \u003c/par\u003e  \u003cpar align\u003d\"Justified\" linespacing\u003d\"750\"\u003e \u003cline b\u003d\"639\" baseline\u003d\"639\" l\u003d\"274\" r\u003d\"437\" style\u003d\"transform: translate(4px, 30px); position: absolute;\" t\u003d\"632\"\u003e \u003cformatting lang\u003d\"EnglishUnitedStates\"\u003e A/CNO. : 12300000561999 \u003c/formatting\u003e  \u003c/line\u003e  \u003c/par\u003e  \u003cpar align\u003d\"Justified\" linespacing\u003d\"750\"\u003e \u003cline b\u003d\"650\" baseline\u003d\"650\" l\u003d\"274\" r\u003d\"413\" style\u003d\"transform: translate(4px, 43px); position: absolute;\" t\u003d\"642\"\u003e \u003cformatting lang\u003d\"EnglishUnitedStates\"\u003e Branch 4 IFS Code Btm 4 4578 \u003c/formatting\u003e  \u003c/line\u003e  \u003c/par\u003e  \u003c/text\u003e  \u003c/block\u003e  \u003cblock b\u003d\"694\" blockname\u003d\"\" blocktype\u003d\"Text\" l\u003d\"21\" r\u003d\"261\" style\u003d\"transform: translate(29px, 887px); position: absolute; width: 329.455px; height: 52.8125px;\" t\u003d\"655\"\u003e \u003cregion\u003e \u003crect b\u003d\"694\" l\u003d\"21\" r\u003d\"261\" t\u003d\"655\"\u003e\u003c/rect\u003e  \u003c/region\u003e  \u003ctext\u003e \u003cpar linespacing\u003d\"750\"\u003e \u003cline b\u003d\"662\" baseline\u003d\"662\" l\u003d\"22\" r\u003d\"67\" style\u003d\"transform: translate(1px, 0px); position: absolute;\" t\u003d\"655\"\u003e \u003cformatting lang\u003d\"EnglishUnitedStates\"\u003e Declaration \u003c/formatting\u003e  \u003c/line\u003e  \u003c/par\u003e  \u003cpar linespacing\u003d\"750\"\u003e \u003cline b\u003d\"672\" baseline\u003d\"672\" l\u003d\"22\" r\u003d\"256\" style\u003d\"transform: translate(1px, 14px); position: absolute;\" t\u003d\"665\"\u003e \u003cformatting lang\u003d\"EnglishUnitedStates\"\u003e we declare mat mis invoice snows me actual pnce ortne \u003c/formatting\u003e  \u003c/line\u003e  \u003cline b\u003d\"683\" baseline\u003d\"682\" l\u003d\"22\" r\u003d\"239\" style\u003d\"transform: translate(1px, 27px); position: absolute;\" t\u003d\"675\"\u003e \u003cformatting lang\u003d\"EnglishUnitedStates\"\u003e ooods desoiDeo ana mat all particulars are true ana \u003c/formatting\u003e  \u003c/line\u003e  \u003cline b\u003d\"692\" baseline\u003d\"692\" l\u003d\"22\" r\u003d\"51\" style\u003d\"transform: translate(1px, 41px); position: absolute;\" t\u003d\"685\"\u003e \u003cformatting lang\u003d\"EnglishUnitedStates\"\u003e correct \u003c/formatting\u003e  \u003c/line\u003e  \u003c/par\u003e  \u003c/text\u003e  \u003c/block\u003e  \u003cblock b\u003d\"666\" blockname\u003d\"\" blocktype\u003d\"Text\" l\u003d\"448\" r\u003d\"524\" style\u003d\"transform: translate(615px, 888px); position: absolute; width: 104.327px; height: 13.5417px;\" t\u003d\"656\"\u003e \u003cregion\u003e \u003crect b\u003d\"666\" l\u003d\"448\" r\u003d\"524\" t\u003d\"656\"\u003e\u003c/rect\u003e  \u003c/region\u003e  \u003ctext\u003e \u003cpar linespacing\u003d\"450\"\u003e \u003cline b\u003d\"664\" baseline\u003d\"662\" l\u003d\"451\" r\u003d\"522\" style\u003d\"transform: translate(4px, 0px); position: absolute;\" t\u003d\"656\"\u003e \u003cformatting lang\u003d\"EnglishUnitedStates\"\u003e for ABC Company \u003c/formatting\u003e  \u003c/line\u003e  \u003c/par\u003e  \u003c/text\u003e  \u003c/block\u003e  \u003cblock b\u003d\"698\" blockname\u003d\"\" blocktype\u003d\"Text\" l\u003d\"438\" r\u003d\"524\" style\u003d\"transform: translate(601px, 928px); position: absolute; width: 118.055px; height: 17.6042px;\" t\u003d\"685\"\u003e \u003cregion\u003e \u003crect b\u003d\"698\" l\u003d\"438\" r\u003d\"524\" t\u003d\"685\"\u003e\u003c/rect\u003e  \u003c/region\u003e  \u003ctext\u003e \u003cpar linespacing\u003d\"450\"\u003e \u003cline b\u003d\"695\" baseline\u003d\"693\" l\u003d\"441\" r\u003d\"522\" style\u003d\"transform: translate(4px, 3px); position: absolute;\" t\u003d\"687\"\u003e \u003cformatting lang\u003d\"EnglishUnitedStates\"\u003e Authonsea Signatory \u003c/formatting\u003e  \u003c/line\u003e  \u003c/par\u003e  \u003c/text\u003e  \u003c/block\u003e  \u003cblock b\u003d\"730\" blockname\u003d\"\" blocktype\u003d\"Text\" l\u003d\"178\" r\u003d\"362\" style\u003d\"transform: translate(244px, 948px); position: absolute; width: 252.582px; height: 40.625px;\" t\u003d\"700\"\u003e \u003cregion\u003e \u003crect b\u003d\"730\" l\u003d\"178\" r\u003d\"362\" t\u003d\"700\"\u003e\u003c/rect\u003e  \u003c/region\u003e  \u003ctext\u003e \u003cpar align\u003d\"Center\" linespacing\u003d\"1350\"\u003e \u003cline b\u003d\"709\" baseline\u003d\"708\" l\u003d\"180\" r\u003d\"360\" style\u003d\"transform: translate(3px, 1px); position: absolute;\" t\u003d\"701\"\u003e \u003cformatting lang\u003d\"EnglishUnitedStates\"\u003e SUBJECT TO BANGALORE JURISDICTION \u003c/formatting\u003e  \u003c/line\u003e  \u003cline b\u003d\"727\" baseline\u003d\"726\" l\u003d\"191\" r\u003d\"349\" style\u003d\"transform: translate(18px, 24px); position: absolute;\" t\u003d\"718\"\u003e \u003cformatting lang\u003d\"EnglishUnitedStates\"\u003e This is a Computer Generated invoice \u003c/formatting\u003e  \u003c/line\u003e  \u003c/par\u003e  \u003c/text\u003e  \u003c/block\u003e  \u003cblock b\u003d\"738\" blockname\u003d\"\" blocktype\u003d\"SeparatorsBox\" class\u003d\"hidden\" l\u003d\"0\" r\u003d\"550\" style\u003d\"transform: translate(0px, 0px); position: absolute;\" t\u003d\"0\"\u003e \u003cregion\u003e \u003crect b\u003d\"1\" l\u003d\"0\" r\u003d\"550\" t\u003d\"0\"\u003e\u003c/rect\u003e  \u003crect b\u003d\"737\" l\u003d\"0\" r\u003d\"550\" t\u003d\"1\"\u003e\u003c/rect\u003e  \u003crect b\u003d\"738\" l\u003d\"0\" r\u003d\"550\" t\u003d\"737\"\u003e\u003c/rect\u003e  \u003c/region\u003e  \u003cseparatorsbox\u003e \u003cseparator thickness\u003d\"1\" type\u003d\"Black\"\u003e \u003cstart x\u003d\"0\" y\u003d\"0\"\u003e\u003c/start\u003e \u003cend x\u003d\"550\" y\u003d\"0\"\u003e\u003c/end\u003e \u003c/separator\u003e \u003cseparator thickness\u003d\"1\" type\u003d\"Black\"\u003e \u003cstart x\u003d\"0\" y\u003d\"737\"\u003e\u003c/start\u003e \u003cend x\u003d\"550\" y\u003d\"737\"\u003e\u003c/end\u003e \u003c/separator\u003e \u003cseparator thickness\u003d\"1\" type\u003d\"Black\"\u003e \u003cstart x\u003d\"0\" y\u003d\"0\"\u003e\u003c/start\u003e \u003cend x\u003d\"0\" y\u003d\"738\"\u003e\u003c/end\u003e \u003c/separator\u003e \u003cseparator thickness\u003d\"1\" type\u003d\"Black\"\u003e \u003cstart x\u003d\"549\" y\u003d\"0\"\u003e\u003c/start\u003e \u003cend x\u003d\"549\" y\u003d\"738\"\u003e\u003c/end\u003e \u003c/separator\u003e \u003c/separatorsbox\u003e \u003c/block\u003e  \u003cblock b\u003d\"26\" blockname\u003d\"\" blocktype\u003d\"Separator\" l\u003d\"19\" r\u003d\"526\" style\u003d\"transform: translate(26px, 33px); position: absolute;\" t\u003d\"24\"\u003e \u003cregion\u003e \u003crect b\u003d\"26\" l\u003d\"19\" r\u003d\"526\" t\u003d\"24\"\u003e\u003c/rect\u003e  \u003c/region\u003e  \u003cseparator thickness\u003d\"2\" type\u003d\"Black\"\u003e \u003cstart x\u003d\"19\" y\u003d\"25\"\u003e\u003c/start\u003e \u003cend x\u003d\"526\" y\u003d\"25\"\u003e\u003c/end\u003e \u003c/separator\u003e \u003c/block\u003e  \u003cblock b\u003d\"51\" blockname\u003d\"\" blocktype\u003d\"Separator\" l\u003d\"272\" r\u003d\"523\" style\u003d\"transform: translate(373px, 66px); position: absolute;\" t\u003d\"49\"\u003e \u003cregion\u003e \u003crect b\u003d\"51\" l\u003d\"272\" r\u003d\"523\" t\u003d\"49\"\u003e\u003c/rect\u003e  \u003c/region\u003e  \u003cseparator thickness\u003d\"2\" type\u003d\"Black\"\u003e \u003cstart x\u003d\"272\" y\u003d\"50\"\u003e\u003c/start\u003e \u003cend x\u003d\"523\" y\u003d\"50\"\u003e\u003c/end\u003e \u003c/separator\u003e \u003c/block\u003e  \u003cblock b\u003d\"76\" blockname\u003d\"\" blocktype\u003d\"Separator\" class\u003d\"hidden\" l\u003d\"272\" r\u003d\"523\" style\u003d\"transform: translate(373px, 99px); position: absolute;\" t\u003d\"73\"\u003e \u003cregion\u003e \u003crect b\u003d\"76\" l\u003d\"272\" r\u003d\"523\" t\u003d\"73\"\u003e\u003c/rect\u003e  \u003c/region\u003e  \u003cseparator thickness\u003d\"3\" type\u003d\"Black\"\u003e \u003cstart x\u003d\"272\" y\u003d\"74\"\u003e\u003c/start\u003e \u003cend x\u003d\"523\" y\u003d\"74\"\u003e\u003c/end\u003e \u003c/separator\u003e \u003c/block\u003e  \u003cblock b\u003d\"101\" blockname\u003d\"\" blocktype\u003d\"Separator\" l\u003d\"272\" r\u003d\"523\" style\u003d\"transform: translate(373px, 135px); position: absolute;\" t\u003d\"100\"\u003e \u003cregion\u003e \u003crect b\u003d\"101\" l\u003d\"272\" r\u003d\"523\" t\u003d\"100\"\u003e\u003c/rect\u003e  \u003c/region\u003e  \u003cseparator thickness\u003d\"1\" type\u003d\"Black\"\u003e \u003cstart x\u003d\"272\" y\u003d\"100\"\u003e\u003c/start\u003e \u003cend x\u003d\"523\" y\u003d\"100\"\u003e\u003c/end\u003e \u003c/separator\u003e \u003c/block\u003e  \u003cblock b\u003d\"107\" blockname\u003d\"\" blocktype\u003d\"Separator\" l\u003d\"19\" r\u003d\"273\" style\u003d\"transform: translate(26px, 144px); position: absolute;\" t\u003d\"106\"\u003e \u003cregion\u003e \u003crect b\u003d\"107\" l\u003d\"19\" r\u003d\"273\" t\u003d\"106\"\u003e\u003c/rect\u003e  \u003c/region\u003e  \u003cseparator thickness\u003d\"1\" type\u003d\"Black\"\u003e \u003cstart x\u003d\"19\" y\u003d\"106\"\u003e\u003c/start\u003e \u003cend x\u003d\"273\" y\u003d\"106\"\u003e\u003c/end\u003e \u003c/separator\u003e \u003c/block\u003e  \u003cblock b\u003d\"126\" blockname\u003d\"\" blocktype\u003d\"Separator\" l\u003d\"272\" r\u003d\"523\" style\u003d\"transform: translate(373px, 169px); position: absolute;\" t\u003d\"125\"\u003e \u003cregion\u003e \u003crect b\u003d\"126\" l\u003d\"272\" r\u003d\"523\" t\u003d\"125\"\u003e\u003c/rect\u003e  \u003c/region\u003e  \u003cseparator thickness\u003d\"1\" type\u003d\"Black\"\u003e \u003cstart x\u003d\"272\" y\u003d\"125\"\u003e\u003c/start\u003e \u003cend x\u003d\"523\" y\u003d\"125\"\u003e\u003c/end\u003e \u003c/separator\u003e \u003c/block\u003e  \u003cblock b\u003d\"151\" blockname\u003d\"\" blocktype\u003d\"Separator\" l\u003d\"272\" r\u003d\"523\" style\u003d\"transform: translate(373px, 203px); position: absolute;\" t\u003d\"150\"\u003e \u003cregion\u003e \u003crect b\u003d\"151\" l\u003d\"272\" r\u003d\"523\" t\u003d\"150\"\u003e\u003c/rect\u003e  \u003c/region\u003e  \u003cseparator thickness\u003d\"1\" type\u003d\"Black\"\u003e \u003cstart x\u003d\"272\" y\u003d\"150\"\u003e\u003c/start\u003e \u003cend x\u003d\"523\" y\u003d\"150\"\u003e\u003c/end\u003e \u003c/separator\u003e \u003c/block\u003e  \u003cblock b\u003d\"177\" blockname\u003d\"\" blocktype\u003d\"Separator\" l\u003d\"272\" r\u003d\"523\" style\u003d\"transform: translate(373px, 236px); position: absolute;\" t\u003d\"174\"\u003e \u003cregion\u003e \u003crect b\u003d\"177\" l\u003d\"272\" r\u003d\"523\" t\u003d\"174\"\u003e\u003c/rect\u003e  \u003c/region\u003e  \u003cseparator thickness\u003d\"3\" type\u003d\"Black\"\u003e \u003cstart x\u003d\"272\" y\u003d\"175\"\u003e\u003c/start\u003e \u003cend x\u003d\"523\" y\u003d\"175\"\u003e\u003c/end\u003e \u003c/separator\u003e \u003c/block\u003e  \u003cblock b\u003d\"188\" blockname\u003d\"\" blocktype\u003d\"Separator\" l\u003d\"19\" r\u003d\"273\" style\u003d\"transform: translate(26px, 253px); position: absolute;\" t\u003d\"187\"\u003e \u003cregion\u003e \u003crect b\u003d\"188\" l\u003d\"19\" r\u003d\"273\" t\u003d\"187\"\u003e\u003c/rect\u003e  \u003c/region\u003e  \u003cseparator thickness\u003d\"1\" type\u003d\"Black\"\u003e \u003cstart x\u003d\"19\" y\u003d\"187\"\u003e\u003c/start\u003e \u003cend x\u003d\"273\" y\u003d\"187\"\u003e\u003c/end\u003e \u003c/separator\u003e \u003c/block\u003e  \u003cblock b\u003d\"274\" blockname\u003d\"\" blocktype\u003d\"Separator\" l\u003d\"19\" r\u003d\"526\" style\u003d\"transform: translate(26px, 366px); position: absolute;\" t\u003d\"270\"\u003e \u003cregion\u003e \u003crect b\u003d\"274\" l\u003d\"19\" r\u003d\"526\" t\u003d\"270\"\u003e\u003c/rect\u003e  \u003c/region\u003e  \u003cseparator thickness\u003d\"4\" type\u003d\"Black\"\u003e \u003cstart x\u003d\"19\" y\u003d\"272\"\u003e\u003c/start\u003e \u003cend x\u003d\"526\" y\u003d\"272\"\u003e\u003c/end\u003e \u003c/separator\u003e \u003c/block\u003e  \u003cblock b\u003d\"299\" blockname\u003d\"\" blocktype\u003d\"Separator\" l\u003d\"19\" r\u003d\"526\" style\u003d\"transform: translate(26px, 402px); position: absolute;\" t\u003d\"297\"\u003e \u003cregion\u003e \u003crect b\u003d\"299\" l\u003d\"19\" r\u003d\"526\" t\u003d\"297\"\u003e\u003c/rect\u003e  \u003c/region\u003e  \u003cseparator thickness\u003d\"2\" type\u003d\"Black\"\u003e \u003cstart x\u003d\"19\" y\u003d\"298\"\u003e\u003c/start\u003e \u003cend x\u003d\"526\" y\u003d\"298\"\u003e\u003c/end\u003e \u003c/separator\u003e \u003c/block\u003e  \u003cblock b\u003d\"477\" blockname\u003d\"\" blocktype\u003d\"Separator\" l\u003d\"19\" r\u003d\"526\" style\u003d\"transform: translate(26px, 643px); position: absolute;\" t\u003d\"475\"\u003e \u003cregion\u003e \u003crect b\u003d\"477\" l\u003d\"19\" r\u003d\"526\" t\u003d\"475\"\u003e\u003c/rect\u003e  \u003c/region\u003e  \u003cseparator thickness\u003d\"2\" type\u003d\"Black\"\u003e \u003cstart x\u003d\"19\" y\u003d\"476\"\u003e\u003c/start\u003e \u003cend x\u003d\"526\" y\u003d\"476\"\u003e\u003c/end\u003e \u003c/separator\u003e \u003c/block\u003e  \u003cblock b\u003d\"493\" blockname\u003d\"\" blocktype\u003d\"Separator\" l\u003d\"19\" r\u003d\"526\" style\u003d\"transform: translate(26px, 665px); position: absolute;\" t\u003d\"491\"\u003e \u003cregion\u003e \u003crect b\u003d\"493\" l\u003d\"19\" r\u003d\"526\" t\u003d\"491\"\u003e\u003c/rect\u003e  \u003c/region\u003e  \u003cseparator thickness\u003d\"2\" type\u003d\"Black\"\u003e \u003cstart x\u003d\"19\" y\u003d\"492\"\u003e\u003c/start\u003e \u003cend x\u003d\"526\" y\u003d\"492\"\u003e\u003c/end\u003e \u003c/separator\u003e \u003c/block\u003e  \u003cblock b\u003d\"655\" blockname\u003d\"\" blocktype\u003d\"Separator\" l\u003d\"272\" r\u003d\"526\" style\u003d\"transform: translate(373px, 886px); position: absolute;\" t\u003d\"654\"\u003e \u003cregion\u003e \u003crect b\u003d\"655\" l\u003d\"272\" r\u003d\"526\" t\u003d\"654\"\u003e\u003c/rect\u003e  \u003c/region\u003e  \u003cseparator thickness\u003d\"1\" type\u003d\"Black\"\u003e \u003cstart x\u003d\"272\" y\u003d\"654\"\u003e\u003c/start\u003e \u003cend x\u003d\"526\" y\u003d\"654\"\u003e\u003c/end\u003e \u003c/separator\u003e \u003c/block\u003e  \u003cblock b\u003d\"697\" blockname\u003d\"\" blocktype\u003d\"Separator\" l\u003d\"19\" r\u003d\"526\" style\u003d\"transform: translate(26px, 941px); position: absolute;\" t\u003d\"695\"\u003e \u003cregion\u003e \u003crect b\u003d\"697\" l\u003d\"19\" r\u003d\"526\" t\u003d\"695\"\u003e\u003c/rect\u003e  \u003c/region\u003e  \u003cseparator thickness\u003d\"2\" type\u003d\"Black\"\u003e \u003cstart x\u003d\"19\" y\u003d\"696\"\u003e\u003c/start\u003e \u003cend x\u003d\"526\" y\u003d\"696\"\u003e\u003c/end\u003e \u003c/separator\u003e \u003c/block\u003e  \u003cblock b\u003d\"697\" blockname\u003d\"\" blocktype\u003d\"Separator\" l\u003d\"19\" r\u003d\"21\" style\u003d\"transform: translate(26px, 33px); position: absolute;\" t\u003d\"24\"\u003e \u003cregion\u003e \u003crect b\u003d\"697\" l\u003d\"19\" r\u003d\"21\" t\u003d\"24\"\u003e\u003c/rect\u003e  \u003c/region\u003e  \u003cseparator thickness\u003d\"2\" type\u003d\"Black\"\u003e \u003cstart x\u003d\"20\" y\u003d\"24\"\u003e\u003c/start\u003e \u003cend x\u003d\"20\" y\u003d\"697\"\u003e\u003c/end\u003e \u003c/separator\u003e \u003c/block\u003e  \u003cblock b\u003d\"493\" blockname\u003d\"\" blocktype\u003d\"Separator\" l\u003d\"32\" r\u003d\"33\" style\u003d\"transform: translate(44px, 371px); position: absolute;\" t\u003d\"274\"\u003e \u003cregion\u003e \u003crect b\u003d\"493\" l\u003d\"32\" r\u003d\"33\" t\u003d\"274\"\u003e\u003c/rect\u003e  \u003c/region\u003e  \u003cseparator thickness\u003d\"1\" type\u003d\"Black\"\u003e \u003cstart x\u003d\"32\" y\u003d\"274\"\u003e\u003c/start\u003e \u003cend x\u003d\"32\" y\u003d\"493\"\u003e\u003c/end\u003e \u003c/separator\u003e \u003c/block\u003e  \u003cblock b\u003d\"270\" blockname\u003d\"\" blocktype\u003d\"Separator\" class\u003d\"hidden\" l\u003d\"271\" r\u003d\"273\" style\u003d\"transform: translate(372px, 15px); position: absolute;\" t\u003d\"11\"\u003e \u003cregion\u003e \u003crect b\u003d\"270\" l\u003d\"271\" r\u003d\"273\" t\u003d\"11\"\u003e\u003c/rect\u003e  \u003c/region\u003e  \u003cseparator thickness\u003d\"2\" type\u003d\"Black\"\u003e \u003cstart x\u003d\"272\" y\u003d\"11\"\u003e\u003c/start\u003e \u003cend x\u003d\"272\" y\u003d\"270\"\u003e\u003c/end\u003e \u003c/separator\u003e \u003c/block\u003e  \u003cblock b\u003d\"697\" blockname\u003d\"\" blocktype\u003d\"Separator\" l\u003d\"272\" r\u003d\"273\" style\u003d\"transform: translate(373px, 886px); position: absolute;\" t\u003d\"654\"\u003e \u003cregion\u003e \u003crect b\u003d\"697\" l\u003d\"272\" r\u003d\"273\" t\u003d\"654\"\u003e\u003c/rect\u003e  \u003c/region\u003e  \u003cseparator thickness\u003d\"1\" type\u003d\"Black\"\u003e \u003cstart x\u003d\"272\" y\u003d\"654\"\u003e\u003c/start\u003e \u003cend x\u003d\"272\" y\u003d\"697\"\u003e\u003c/end\u003e \u003c/separator\u003e \u003c/block\u003e  \u003cblock b\u003d\"493\" blockname\u003d\"\" blocktype\u003d\"Separator\" class\u003d\"hidden\" l\u003d\"330\" r\u003d\"331\" style\u003d\"transform: translate(453px, 371px); position: absolute;\" t\u003d\"274\"\u003e \u003cregion\u003e \u003crect b\u003d\"493\" l\u003d\"330\" r\u003d\"331\" t\u003d\"274\"\u003e\u003c/rect\u003e  \u003c/region\u003e  \u003cseparator thickness\u003d\"1\" type\u003d\"Black\"\u003e \u003cstart x\u003d\"330\" y\u003d\"274\"\u003e\u003c/start\u003e \u003cend x\u003d\"330\" y\u003d\"493\"\u003e\u003c/end\u003e \u003c/separator\u003e \u003c/block\u003e  \u003cblock b\u003d\"493\" blockname\u003d\"\" blocktype\u003d\"Separator\" l\u003d\"379\" r\u003d\"383\" style\u003d\"transform: translate(520px, 366px); position: absolute;\" t\u003d\"270\"\u003e \u003cregion\u003e \u003crect b\u003d\"286\" l\u003d\"379\" r\u003d\"383\" t\u003d\"270\"\u003e\u003c/rect\u003e  \u003crect b\u003d\"493\" l\u003d\"380\" r\u003d\"382\" t\u003d\"286\"\u003e\u003c/rect\u003e  \u003c/region\u003e  \u003cseparator thickness\u003d\"3\" type\u003d\"Black\"\u003e \u003cstart x\u003d\"381\" y\u003d\"270\"\u003e\u003c/start\u003e \u003cend x\u003d\"381\" y\u003d\"493\"\u003e\u003c/end\u003e \u003c/separator\u003e \u003c/block\u003e  \u003cblock b\u003d\"179\" blockname\u003d\"\" blocktype\u003d\"Separator\" l\u003d\"398\" r\u003d\"399\" style\u003d\"transform: translate(546px, 33px); position: absolute;\" t\u003d\"24\"\u003e \u003cregion\u003e \u003crect b\u003d\"179\" l\u003d\"398\" r\u003d\"399\" t\u003d\"24\"\u003e\u003c/rect\u003e  \u003c/region\u003e  \u003cseparator thickness\u003d\"1\" type\u003d\"Black\"\u003e \u003cstart x\u003d\"398\" y\u003d\"24\"\u003e\u003c/start\u003e \u003cend x\u003d\"398\" y\u003d\"179\"\u003e\u003c/end\u003e \u003c/separator\u003e \u003c/block\u003e  \u003cblock b\u003d\"493\" blockname\u003d\"\" blocktype\u003d\"Separator\" l\u003d\"431\" r\u003d\"432\" style\u003d\"transform: translate(592px, 371px); position: absolute;\" t\u003d\"274\"\u003e \u003cregion\u003e \u003crect b\u003d\"493\" l\u003d\"431\" r\u003d\"432\" t\u003d\"274\"\u003e\u003c/rect\u003e  \u003c/region\u003e  \u003cseparator thickness\u003d\"1\" type\u003d\"Black\"\u003e \u003cstart x\u003d\"431\" y\u003d\"274\"\u003e\u003c/start\u003e \u003cend x\u003d\"431\" y\u003d\"493\"\u003e\u003c/end\u003e \u003c/separator\u003e \u003c/block\u003e  \u003cblock b\u003d\"493\" blockname\u003d\"\" blocktype\u003d\"Separator\" l\u003d\"450\" r\u003d\"454\" style\u003d\"transform: translate(618px, 366px); position: absolute;\" t\u003d\"270\"\u003e \u003cregion\u003e \u003crect b\u003d\"286\" l\u003d\"450\" r\u003d\"454\" t\u003d\"270\"\u003e\u003c/rect\u003e  \u003crect b\u003d\"493\" l\u003d\"451\" r\u003d\"453\" t\u003d\"286\"\u003e\u003c/rect\u003e  \u003c/region\u003e  \u003cseparator thickness\u003d\"3\" type\u003d\"Black\"\u003e \u003cstart x\u003d\"452\" y\u003d\"270\"\u003e\u003c/start\u003e \u003cend x\u003d\"452\" y\u003d\"493\"\u003e\u003c/end\u003e \u003c/separator\u003e \u003c/block\u003e  \u003cblock b\u003d\"697\" blockname\u003d\"\" blocktype\u003d\"Separator\" l\u003d\"524\" r\u003d\"526\" style\u003d\"transform: translate(719px, 33px); position: absolute;\" t\u003d\"24\"\u003e \u003cregion\u003e \u003crect b\u003d\"697\" l\u003d\"524\" r\u003d\"526\" t\u003d\"24\"\u003e\u003c/rect\u003e  \u003c/region\u003e  \u003cseparator thickness\u003d\"2\" type\u003d\"Black\"\u003e \u003cstart x\u003d\"525\" y\u003d\"24\"\u003e\u003c/start\u003e \u003cend x\u003d\"525\" y\u003d\"697\"\u003e\u003c/end\u003e \u003c/separator\u003e \u003c/block\u003e  \u003c/page\u003e         \u003c/document\u003e\u003c/body\u003e\u003c/html\u003e","tags":[{"begin":59,"end":70,"text":"ABC Company","tag":"supplier_name","fieldType":"COMPANY_NAME","score":0.8045407777708344,"estimatedAccuracy":0.0},{"begin":156,"end":166,"text":"7-Oct-2012","tag":"invoice_date","fieldType":"DATE","score":0.6642908620505329,"estimatedAccuracy":0.0}],"group":"invoice_date|supplier_name","limeExplanation":{},"liblinearFeatureImportance":{}}