{"finalScore":0.7359991978349397,"metaInfo":{"model":{"coreVersion":"10.3.0.39"}},"sumScore":3.6799959891746985,"tagsCounter":5.0,"taggedText":"\u003chtml\u003e\u003chead\u003e\u003cscript src\u003d\"https://ajax.googleapis.com/ajax/libs/jquery/2.2.0/jquery.min.js\"\u003e\u003c/script\u003e\u003c/head\u003e\u003cbody\u003e\u003cdocument languages\u003d\"\" producer\u003d\"Workfusion\" schemalocation\u003d\"http://ocr.crowdcomputingsystems.com/xml/schema-v1.xml\" version\u003d\"1.0\" xmlns\u003d\"http://ocr.crowdcomputingsystems.com/xml/schema-v1.xml\" xsi\u003d\"http://www.w3.org/2001/XMLSchema-instance\"\u003e \u003clink href\u003d\"https://s3.amazonaws.com/workfusion-resources/ocr/ocr-xml-viewer-0.3-scale-to-width.css\" rel\u003d\"stylesheet\" type\u003d\"text/css\"\u003e\u003c/link\u003e \u003cstyle\u003e\u003c/style\u003e\u003cpage data-pages\u003d\"1\" h\u003d\"917\" resolution\u003d\"96\" style\u003d\"height: 1239px;\" w\u003d\"742\"\u003e \u003cblock b\u003d\"52\" blockname\u003d\"\" blocktype\u003d\"Text\" l\u003d\"23\" r\u003d\"167\" style\u003d\"transform: translate(43px, 49px); position: absolute; width: 268.787px; height: 21.6667px;\" t\u003d\"36\"\u003e \u003cregion\u003e \u003crect b\u003d\"52\" l\u003d\"23\" r\u003d\"167\" t\u003d\"36\"\u003e\u003c/rect\u003e  \u003c/region\u003e  \u003ctext\u003e \u003cpar linespacing\u003d\"900\"\u003e \u003cline b\u003d\"50\" baseline\u003d\"49\" l\u003d\"24\" r\u003d\"164\" style\u003d\"transform: translate(2px, 1px); position: absolute;\" t\u003d\"37\"\u003e \u003cformatting lang\u003d\"EnglishUnitedStates\"\u003e \u003csupplier_name appendorder\u003d\"3\" class\u003d\"extraction-tag\" confidence\u003d\"1/1\" data-original-title\u003d\"Supplier name\" data-toggle\u003d\"tooltip\" data-value\u003d\"BJSW Construction\" fold-name\u003d\"fold1\" score\u003d\"0.8119317859281956\" style\u003d\"background-color: rgb(88, 50, 166);  color: rgb(255, 255, 255);   border: 2px solid rgb(125, 157, 1); \" tagorder\u003d\"1\"\u003eBJSW Construction\u003c/supplier_name\u003e \u003c/formatting\u003e  \u003c/line\u003e  \u003c/par\u003e  \u003c/text\u003e  \u003c/block\u003e  \u003cblock b\u003d\"54\" blockname\u003d\"\" blocktype\u003d\"Text\" l\u003d\"610\" r\u003d\"732\" style\u003d\"transform: translate(1139px, 39px); position: absolute; width: 227.722px; height: 33.8542px;\" t\u003d\"29\"\u003e \u003cregion\u003e \u003crect b\u003d\"54\" l\u003d\"610\" r\u003d\"732\" t\u003d\"29\"\u003e\u003c/rect\u003e  \u003c/region\u003e  \u003ctext\u003e \u003cpar align\u003d\"Right\" linespacing\u003d\"1500\" rightindent\u003d\"800\"\u003e \u003cline b\u003d\"51\" baseline\u003d\"51\" l\u003d\"611\" r\u003d\"729\" style\u003d\"transform: translate(2px, 3px); position: absolute;\" t\u003d\"31\"\u003e \u003cformatting lang\u003d\"EnglishUnitedStates\"\u003e INVOICE \u003c/formatting\u003e  \u003c/line\u003e  \u003c/par\u003e  \u003c/text\u003e  \u003c/block\u003e  \u003cblock b\u003d\"131\" blockname\u003d\"\" blocktype\u003d\"Text\" l\u003d\"23\" r\u003d\"732\" style\u003d\"transform: translate(43px, 96px); position: absolute; width: 1323.4px; height: 81.25px;\" t\u003d\"71\"\u003e \u003cregion\u003e \u003crect b\u003d\"131\" l\u003d\"23\" r\u003d\"732\" t\u003d\"71\"\u003e\u003c/rect\u003e  \u003c/region\u003e  \u003ctext\u003e \u003cpar leftindent\u003d\"700\" linespacing\u003d\"1125\" rightindent\u003d\"45700\"\u003e \u003cline b\u003d\"81\" baseline\u003d\"81\" l\u003d\"24\" r\u003d\"109\" style\u003d\"transform: translate(2px, 1px); position: absolute;\" t\u003d\"72\"\u003e \u003cformatting lang\u003d\"EnglishUnitedStates\"\u003e 555 Smith St NA \u003c/formatting\u003e  \u003c/line\u003e  \u003cline b\u003d\"98\" baseline\u003d\"96\" l\u003d\"25\" r\u003d\"130\" style\u003d\"transform: translate(4px, 22px); position: absolute;\" t\u003d\"87\"\u003e \u003cformatting lang\u003d\"EnglishUnitedStates\"\u003e Kelowna, BC V1P1A1 \u003c/formatting\u003e  \u003c/line\u003e  \u003c/par\u003e  \u003cpar align\u003d\"Justified\" leftindent\u003d\"700\" linespacing\u003d\"1125\"\u003e \u003cline b\u003d\"113\" baseline\u003d\"112\" l\u003d\"25\" r\u003d\"729\" style\u003d\"transform: translate(4px, 42px); position: absolute;\" t\u003d\"102\"\u003e \u003cformatting lang\u003d\"EnglishUnitedStates\"\u003e Phone 509-669-500 Fax 509-669-501 INVOICE #\u003cinvoice_number appendorder\u003d\"14\" class\u003d\"extraction-tag\" confidence\u003d\"1/1\" data-original-title\u003d\"Invoice number\" data-toggle\u003d\"tooltip\" data-value\u003d\"00235\" fold-name\u003d\"fold2\" score\u003d\"0.7892541286895959\" style\u003d\"background-color: rgb(0, 83, 98);  color: rgb(255, 255, 255);   border: 2px solid rgb(125, 157, 1); \" tagorder\u003d\"10\"\u003e00235\u003c/invoice_number\u003e \u003c/formatting\u003e  \u003c/line\u003e  \u003c/par\u003e  \u003cpar align\u003d\"Right\" linespacing\u003d\"1125\" rightindent\u003d\"800\"\u003e \u003cline b\u003d\"128\" baseline\u003d\"127\" l\u003d\"600\" r\u003d\"729\" style\u003d\"transform: translate(1077px, 64px); position: absolute;\" t\u003d\"118\"\u003e \u003cformatting lang\u003d\"EnglishUnitedStates\"\u003e DATE: \u003cinvoice_date appendorder\u003d\"15\" class\u003d\"extraction-tag\" confidence\u003d\"1/1\" data-original-title\u003d\"Invoice date\" data-toggle\u003d\"tooltip\" data-value\u003d\"NOVEMBER 7, 2012\" fold-name\u003d\"fold5\" score\u003d\"0.774460213081723\" style\u003d\"background-color: rgb(17, 18, 43);  color: rgb(255, 255, 255);   border: 2px solid rgb(125, 157, 1); \" tagorder\u003d\"11\"\u003eNOVEMBER 7, 2012\u003c/invoice_date\u003e \u003c/formatting\u003e  \u003c/line\u003e  \u003c/par\u003e  \u003c/text\u003e  \u003c/block\u003e  \u003cblock b\u003d\"233\" blockname\u003d\"\" blocktype\u003d\"Text\" l\u003d\"23\" r\u003d\"116\" style\u003d\"transform: translate(43px, 198px); position: absolute; width: 173.592px; height: 117.813px;\" t\u003d\"146\"\u003e \u003cregion\u003e \u003crect b\u003d\"233\" l\u003d\"23\" r\u003d\"116\" t\u003d\"146\"\u003e\u003c/rect\u003e  \u003c/region\u003e  \u003ctext\u003e \u003cpar linespacing\u003d\"1050\"\u003e \u003cline b\u003d\"156\" baseline\u003d\"156\" l\u003d\"24\" r\u003d\"43\" style\u003d\"transform: translate(2px, 1px); position: absolute;\" t\u003d\"147\"\u003e \u003cformatting lang\u003d\"EnglishUnitedStates\"\u003e TO: \u003c/formatting\u003e  \u003c/line\u003e  \u003c/par\u003e  \u003cpar linespacing\u003d\"1050\"\u003e \u003cline b\u003d\"170\" baseline\u003d\"170\" l\u003d\"24\" r\u003d\"102\" style\u003d\"transform: translate(2px, 22px); position: absolute;\" t\u003d\"162\"\u003e \u003cformatting lang\u003d\"EnglishUnitedStates\"\u003e John McDonald \u003c/formatting\u003e  \u003c/line\u003e  \u003cline b\u003d\"185\" baseline\u003d\"185\" l\u003d\"24\" r\u003d\"90\" style\u003d\"transform: translate(2px, 41px); position: absolute;\" t\u003d\"176\"\u003e \u003cformatting lang\u003d\"EnglishUnitedStates\"\u003e Green Estate \u003c/formatting\u003e  \u003c/line\u003e  \u003cline b\u003d\"200\" baseline\u003d\"200\" l\u003d\"25\" r\u003d\"109\" style\u003d\"transform: translate(4px, 61px); position: absolute;\" t\u003d\"191\"\u003e \u003cformatting lang\u003d\"EnglishUnitedStates\"\u003e 6554 Green Ave. \u003c/formatting\u003e  \u003c/line\u003e  \u003cline b\u003d\"215\" baseline\u003d\"215\" l\u003d\"25\" r\u003d\"113\" style\u003d\"transform: translate(4px, 81px); position: absolute;\" t\u003d\"206\"\u003e \u003cformatting lang\u003d\"EnglishUnitedStates\"\u003e Vancouver 98660 \u003c/formatting\u003e  \u003c/line\u003e  \u003cline b\u003d\"230\" baseline\u003d\"230\" l\u003d\"25\" r\u003d\"96\" style\u003d\"transform: translate(4px, 102px); position: absolute;\" t\u003d\"221\"\u003e \u003cformatting lang\u003d\"EnglishUnitedStates\"\u003e 339-562-5512 \u003c/formatting\u003e  \u003c/line\u003e  \u003c/par\u003e  \u003c/text\u003e  \u003c/block\u003e  \u003cblock b\u003d\"233\" blockname\u003d\"\" blocktype\u003d\"Text\" l\u003d\"382\" r\u003d\"477\" style\u003d\"transform: translate(713px, 198px); position: absolute; width: 177.325px; height: 117.813px;\" t\u003d\"146\"\u003e \u003cregion\u003e \u003crect b\u003d\"233\" l\u003d\"382\" r\u003d\"477\" t\u003d\"146\"\u003e\u003c/rect\u003e  \u003c/region\u003e  \u003ctext\u003e \u003cpar leftindent\u003d\"20100\" linespacing\u003d\"1125\"\u003e \u003cline b\u003d\"156\" baseline\u003d\"155\" l\u003d\"385\" r\u003d\"433\" style\u003d\"transform: translate(6px, 3px); position: absolute;\" t\u003d\"148\"\u003e \u003cformatting lang\u003d\"EnglishUnitedStates\"\u003e SHIP TO: \u003c/formatting\u003e  \u003c/line\u003e  \u003c/par\u003e  \u003cpar leftindent\u003d\"20100\" linespacing\u003d\"1125\" rightindent\u003d\"20000\"\u003e \u003cline b\u003d\"170\" baseline\u003d\"170\" l\u003d\"384\" r\u003d\"462\" style\u003d\"transform: translate(4px, 22px); position: absolute;\" t\u003d\"162\"\u003e \u003cformatting lang\u003d\"EnglishUnitedStates\"\u003e John McDonald \u003c/formatting\u003e  \u003c/line\u003e  \u003cline b\u003d\"185\" baseline\u003d\"185\" l\u003d\"384\" r\u003d\"450\" style\u003d\"transform: translate(4px, 41px); position: absolute;\" t\u003d\"176\"\u003e \u003cformatting lang\u003d\"EnglishUnitedStates\"\u003e Green Estate \u003c/formatting\u003e  \u003c/line\u003e  \u003cline b\u003d\"200\" baseline\u003d\"200\" l\u003d\"384\" r\u003d\"470\" style\u003d\"transform: translate(4px, 61px); position: absolute;\" t\u003d\"191\"\u003e \u003cformatting lang\u003d\"EnglishUnitedStates\"\u003e 6554 Green Ave. \u003c/formatting\u003e  \u003c/line\u003e  \u003cline b\u003d\"215\" baseline\u003d\"215\" l\u003d\"384\" r\u003d\"474\" style\u003d\"transform: translate(4px, 81px); position: absolute;\" t\u003d\"206\"\u003e \u003cformatting lang\u003d\"EnglishUnitedStates\"\u003e Vancouver 98660 \u003c/formatting\u003e  \u003c/line\u003e  \u003cline b\u003d\"231\" baseline\u003d\"230\" l\u003d\"384\" r\u003d\"456\" style\u003d\"transform: translate(4px, 102px); position: absolute;\" t\u003d\"221\"\u003e \u003cformatting lang\u003d\"EnglishUnitedStates\"\u003e 339-562-5512 \u003c/formatting\u003e  \u003c/line\u003e  \u003c/par\u003e  \u003c/text\u003e  \u003c/block\u003e  \u003cblock b\u003d\"268\" blockname\u003d\"\" blocktype\u003d\"Text\" l\u003d\"23\" r\u003d\"257\" style\u003d\"transform: translate(43px, 347px); position: absolute; width: 436.779px; height: 16.25px;\" t\u003d\"256\"\u003e \u003cregion\u003e \u003crect b\u003d\"268\" l\u003d\"23\" r\u003d\"257\" t\u003d\"256\"\u003e\u003c/rect\u003e  \u003c/region\u003e  \u003ctext\u003e \u003cpar align\u003d\"Justified\" leftindent\u003d\"700\" linespacing\u003d\"600\"\u003e \u003cline b\u003d\"265\" baseline\u003d\"265\" l\u003d\"25\" r\u003d\"254\" style\u003d\"transform: translate(4px, 1px); position: absolute;\" t\u003d\"257\"\u003e \u003cformatting lang\u003d\"EnglishUnitedStates\"\u003e COMMENTS OR SPECIAL INSTRUCTIONS: \u003c/formatting\u003e  \u003c/line\u003e  \u003c/par\u003e  \u003c/text\u003e  \u003c/block\u003e  \u003cregion xmlns\u003d\"http://ocr.crowdcomputingsystems.com/xml/schema-v1.xml\"\u003e \u003crect b\u003d\"390\" l\u003d\"15\" r\u003d\"739\" t\u003d\"331\"\u003e\u003c/rect\u003e  \u003c/region\u003e \u003ctable b\u003d\"390\" blockname\u003d\"\" blocktype\u003d\"Table\" l\u003d\"15\" r\u003d\"739\" style\u003d\"transform: translate(28px, 448px); position: absolute;\" t\u003d\"331\" xmlns\u003d\"\"\u003e \u003ctbody\u003e\u003ctr\u003e \u003ctd h\u003d\"29\" w\u003d\"127\"\u003e \u003ctext xmlns\u003d\"http://ocr.crowdcomputingsystems.com/xml/schema-v1.xml\"\u003e \u003cpar align\u003d\"Center\" linespacing\u003d\"600\" rightindent\u003d\"100\"\u003e \u003cline b\u003d\"350\" baseline\u003d\"350\" l\u003d\"40\" r\u003d\"118\" t\u003d\"342\"\u003e \u003cformatting lang\u003d\"EnglishUnitedStates\"\u003e SALESPERSON \u003c/formatting\u003e  \u003c/line\u003e  \u003c/par\u003e  \u003cpar align\u003d\"Right\" rightindent\u003d\"1700\"\u003e \u003cline b\u003d\"352\" baseline\u003d\"351\" l\u003d\"45\" r\u003d\"119\" t\u003d\"351\"\u003e \u003cformatting lang\u003d\"EnglishUnitedStates\"\u003e \u0026mdash; \u003c/formatting\u003e  \u003c/line\u003e  \u003c/par\u003e  \u003c/text\u003e  \u003c/td\u003e   \u003ctd h\u003d\"29\" w\u003d\"155\"\u003e \u003ctext xmlns\u003d\"http://ocr.crowdcomputingsystems.com/xml/schema-v1.xml\"\u003e \u003cpar align\u003d\"Center\" leftindent\u003d\"200\" linespacing\u003d\"600\"\u003e \u003cline b\u003d\"350\" baseline\u003d\"350\" l\u003d\"181\" r\u003d\"256\" t\u003d\"342\"\u003e \u003cformatting lang\u003d\"EnglishUnitedStates\"\u003e P.O. NUMBER \u003c/formatting\u003e  \u003c/line\u003e  \u003c/par\u003e  \u003c/text\u003e  \u003c/td\u003e   \u003ctd h\u003d\"29\" w\u003d\"152\"\u003e \u003ctext xmlns\u003d\"http://ocr.crowdcomputingsystems.com/xml/schema-v1.xml\"\u003e \u003cpar align\u003d\"Center\" leftindent\u003d\"100\" linespacing\u003d\"600\"\u003e \u003cline b\u003d\"352\" baseline\u003d\"350\" l\u003d\"327\" r\u003d\"418\" t\u003d\"342\"\u003e \u003cformatting lang\u003d\"EnglishUnitedStates\"\u003e REQUISITIONER \u003c/formatting\u003e  \u003c/line\u003e  \u003c/par\u003e  \u003c/text\u003e  \u003c/td\u003e   \u003ctd h\u003d\"29\" w\u003d\"97\"\u003e \u003ctext xmlns\u003d\"http://ocr.crowdcomputingsystems.com/xml/schema-v1.xml\"\u003e \u003cpar leftindent\u003d\"800\" linespacing\u003d\"600\"\u003e \u003cline b\u003d\"350\" baseline\u003d\"350\" l\u003d\"460\" r\u003d\"534\" t\u003d\"342\"\u003e \u003cformatting lang\u003d\"EnglishUnitedStates\"\u003e SHIPPED VIA \u003c/formatting\u003e  \u003c/line\u003e  \u003c/par\u003e  \u003c/text\u003e  \u003c/td\u003e   \u003ctd h\u003d\"29\" w\u003d\"97\"\u003e \u003ctext xmlns\u003d\"http://ocr.crowdcomputingsystems.com/xml/schema-v1.xml\"\u003e \u003cpar leftindent\u003d\"900\" linespacing\u003d\"600\"\u003e \u003cline b\u003d\"351\" baseline\u003d\"350\" l\u003d\"558\" r\u003d\"630\" t\u003d\"342\"\u003e \u003cformatting lang\u003d\"EnglishUnitedStates\"\u003e F.O.B. POINT \u003c/formatting\u003e  \u003c/line\u003e  \u003c/par\u003e  \u003c/text\u003e  \u003c/td\u003e   \u003ctd h\u003d\"29\" w\u003d\"96\"\u003e \u003ctext xmlns\u003d\"http://ocr.crowdcomputingsystems.com/xml/schema-v1.xml\"\u003e \u003cpar align\u003d\"Center\" leftindent\u003d\"100\" linespacing\u003d\"600\"\u003e \u003cline b\u003d\"351\" baseline\u003d\"351\" l\u003d\"671\" r\u003d\"709\" t\u003d\"343\"\u003e \u003cformatting lang\u003d\"EnglishUnitedStates\"\u003e TERMS \u003c/formatting\u003e  \u003c/line\u003e  \u003c/par\u003e  \u003c/text\u003e  \u003c/td\u003e   \u003c/tr\u003e \n \u003ctr\u003e \u003ctd h\u003d\"30\" w\u003d\"127\"\u003e \u003ctext xmlns\u003d\"http://ocr.crowdcomputingsystems.com/xml/schema-v1.xml\"\u003e \u003cpar align\u003d\"Center\" linespacing\u003d\"680\" rightindent\u003d\"100\"\u003e \u003cline b\u003d\"376\" baseline\u003d\"376\" l\u003d\"37\" r\u003d\"121\" t\u003d\"367\"\u003e \u003cformatting lang\u003d\"EnglishUnitedStates\"\u003e Andrew Johnson \u003c/formatting\u003e  \u003c/line\u003e  \u003c/par\u003e  \u003c/text\u003e  \u003c/td\u003e   \u003ctd h\u003d\"30\" w\u003d\"155\"\u003e \u003ctext xmlns\u003d\"http://ocr.crowdcomputingsystems.com/xml/schema-v1.xml\"\u003e \u003cpar leftindent\u003d\"2900\" linespacing\u003d\"-1\"\u003e\u003c/par\u003e  \u003c/text\u003e  \u003c/td\u003e   \u003ctd h\u003d\"30\" w\u003d\"152\"\u003e \u003ctext xmlns\u003d\"http://ocr.crowdcomputingsystems.com/xml/schema-v1.xml\"\u003e \u003cpar linespacing\u003d\"450\"\u003e \u003cline b\u003d\"386\" baseline\u003d\"387\" l\u003d\"297\" r\u003d\"448\" t\u003d\"381\"\u003e \u003cformatting lang\u003d\"EnglishUnitedStates\"\u003e \u0026gt; ■ ■ \u0026mdash;■ ■ ■ - 1 \u003c/formatting\u003e  \u003c/line\u003e  \u003c/par\u003e  \u003c/text\u003e  \u003c/td\u003e   \u003ctd h\u003d\"30\" w\u003d\"97\"\u003e \u003ctext xmlns\u003d\"http://ocr.crowdcomputingsystems.com/xml/schema-v1.xml\"\u003e \u003cpar leftindent\u003d\"800\" linespacing\u003d\"-1\"\u003e\u003c/par\u003e  \u003c/text\u003e  \u003c/td\u003e   \u003ctd h\u003d\"30\" w\u003d\"97\"\u003e \u003ctext xmlns\u003d\"http://ocr.crowdcomputingsystems.com/xml/schema-v1.xml\"\u003e \u003cpar leftindent\u003d\"900\" linespacing\u003d\"-1\"\u003e\u003c/par\u003e  \u003c/text\u003e  \u003c/td\u003e   \u003ctd h\u003d\"30\" w\u003d\"96\"\u003e \u003ctext xmlns\u003d\"http://ocr.crowdcomputingsystems.com/xml/schema-v1.xml\"\u003e \u003cpar leftindent\u003d\"800\" linespacing\u003d\"680\"\u003e \u003cline b\u003d\"379\" baseline\u003d\"377\" l\u003d\"653\" r\u003d\"728\" t\u003d\"368\"\u003e \u003cformatting lang\u003d\"EnglishUnitedStates\"\u003e Due on receipt \u003c/formatting\u003e  \u003c/line\u003e  \u003c/par\u003e  \u003c/text\u003e  \u003c/td\u003e   \u003c/tr\u003e \n \u003c/tbody\u003e\u003c/table\u003e\n \u003cblock b\u003d\"438\" blockname\u003d\"\" blocktype\u003d\"Text\" l\u003d\"47\" r\u003d\"113\" style\u003d\"transform: translate(88px, 574px); position: absolute; width: 123.194px; height: 18.9583px;\" t\u003d\"424\"\u003e \u003cregion\u003e \u003crect b\u003d\"438\" l\u003d\"47\" r\u003d\"113\" t\u003d\"424\"\u003e\u003c/rect\u003e  \u003c/region\u003e  \u003ctext\u003e \u003cpar linespacing\u003d\"530\"\u003e \u003cline b\u003d\"436\" baseline\u003d\"433\" l\u003d\"51\" r\u003d\"108\" style\u003d\"transform: translate(7px, 3px); position: absolute;\" t\u003d\"426\"\u003e \u003cformatting lang\u003d\"EnglishUnitedStates\"\u003e QUANTITY \u003c/formatting\u003e  \u003c/line\u003e  \u003c/par\u003e  \u003c/text\u003e  \u003c/block\u003e  \u003cblock b\u003d\"436\" blockname\u003d\"\" blocktype\u003d\"Text\" l\u003d\"302\" r\u003d\"388\" style\u003d\"transform: translate(564px, 574px); position: absolute; width: 160.526px; height: 16.25px;\" t\u003d\"424\"\u003e \u003cregion\u003e \u003crect b\u003d\"436\" l\u003d\"302\" r\u003d\"388\" t\u003d\"424\"\u003e\u003c/rect\u003e  \u003c/region\u003e  \u003ctext\u003e \u003cpar linespacing\u003d\"530\"\u003e \u003cline b\u003d\"434\" baseline\u003d\"433\" l\u003d\"306\" r\u003d\"383\" style\u003d\"transform: translate(7px, 3px); position: absolute;\" t\u003d\"426\"\u003e \u003cformatting lang\u003d\"EnglishUnitedStates\"\u003e DESCRIPTION \u003c/formatting\u003e  \u003c/line\u003e  \u003c/par\u003e  \u003c/text\u003e  \u003c/block\u003e  \u003cblock b\u003d\"436\" blockname\u003d\"\" blocktype\u003d\"Text\" l\u003d\"559\" r\u003d\"634\" style\u003d\"transform: translate(1043px, 574px); position: absolute; width: 139.993px; height: 16.25px;\" t\u003d\"424\"\u003e \u003cregion\u003e \u003crect b\u003d\"436\" l\u003d\"559\" r\u003d\"634\" t\u003d\"424\"\u003e\u003c/rect\u003e  \u003c/region\u003e  \u003ctext\u003e \u003cpar linespacing\u003d\"600\"\u003e \u003cline b\u003d\"434\" baseline\u003d\"434\" l\u003d\"563\" r\u003d\"629\" style\u003d\"transform: translate(7px, 3px); position: absolute;\" t\u003d\"426\"\u003e \u003cformatting lang\u003d\"EnglishUnitedStates\"\u003e UNIT PRICE \u003c/formatting\u003e  \u003c/line\u003e  \u003c/par\u003e  \u003c/text\u003e  \u003c/block\u003e  \u003cblock b\u003d\"436\" blockname\u003d\"\" blocktype\u003d\"Text\" l\u003d\"670\" r\u003d\"714\" style\u003d\"transform: translate(1251px, 574px); position: absolute; width: 82.1294px; height: 16.25px;\" t\u003d\"424\"\u003e \u003cregion\u003e \u003crect b\u003d\"436\" l\u003d\"670\" r\u003d\"714\" t\u003d\"424\"\u003e\u003c/rect\u003e  \u003c/region\u003e  \u003ctext\u003e \u003cpar linespacing\u003d\"600\"\u003e \u003cline b\u003d\"434\" baseline\u003d\"434\" l\u003d\"674\" r\u003d\"709\" style\u003d\"transform: translate(7px, 3px); position: absolute;\" t\u003d\"426\"\u003e \u003cformatting lang\u003d\"EnglishUnitedStates\"\u003e TOTAL \u003c/formatting\u003e  \u003c/line\u003e  \u003c/par\u003e  \u003c/text\u003e  \u003c/block\u003e  \u003cblock b\u003d\"462\" blockname\u003d\"\" blocktype\u003d\"Text\" l\u003d\"23\" r\u003d\"48\" style\u003d\"transform: translate(43px, 608px); position: absolute; width: 46.6644px; height: 17.6042px;\" t\u003d\"449\"\u003e \u003cregion\u003e \u003crect b\u003d\"462\" l\u003d\"23\" r\u003d\"48\" t\u003d\"449\"\u003e\u003c/rect\u003e  \u003c/region\u003e  \u003ctext\u003e \u003cpar linespacing\u003d\"600\"\u003e \u003cline b\u003d\"460\" baseline\u003d\"459\" l\u003d\"25\" r\u003d\"43\" style\u003d\"transform: translate(4px, 3px); position: absolute;\" t\u003d\"451\"\u003e560\u003c/line\u003e  \u003c/par\u003e  \u003c/text\u003e  \u003c/block\u003e  \u003cblock b\u003d\"461\" blockname\u003d\"\" blocktype\u003d\"Text\" l\u003d\"153\" r\u003d\"201\" style\u003d\"transform: translate(286px, 608px); position: absolute; width: 89.5957px; height: 16.25px;\" t\u003d\"449\"\u003e \u003cregion\u003e \u003crect b\u003d\"461\" l\u003d\"153\" r\u003d\"201\" t\u003d\"449\"\u003e\u003c/rect\u003e  \u003c/region\u003e  \u003ctext\u003e \u003cpar linespacing\u003d\"600\"\u003e \u003cline b\u003d\"459\" baseline\u003d\"459\" l\u003d\"156\" r\u003d\"196\" style\u003d\"transform: translate(6px, 3px); position: absolute;\" t\u003d\"451\"\u003e2\u0026rdquo; Nails\u003c/line\u003e  \u003c/par\u003e  \u003c/text\u003e  \u003c/block\u003e  \u003cblock b\u003d\"464\" blockname\u003d\"\" blocktype\u003d\"Text\" l\u003d\"598\" r\u003d\"634\" style\u003d\"transform: translate(1116px, 607px); position: absolute; width: 67.1968px; height: 21.6667px;\" t\u003d\"448\"\u003e \u003cregion\u003e \u003crect b\u003d\"464\" l\u003d\"598\" r\u003d\"634\" t\u003d\"448\"\u003e\u003c/rect\u003e  \u003c/region\u003e  \u003ctext\u003e \u003cpar linespacing\u003d\"680\"\u003e \u003cline b\u003d\"461\" baseline\u003d\"460\" l\u003d\"601\" r\u003d\"629\" style\u003d\"transform: translate(6px, 4px); position: absolute;\" t\u003d\"451\"\u003e$0.25\u003c/line\u003e  \u003c/par\u003e  \u003c/text\u003e  \u003c/block\u003e  \u003cblock b\u003d\"464\" blockname\u003d\"\" blocktype\u003d\"Text\" l\u003d\"678\" r\u003d\"728\" style\u003d\"transform: translate(1266px, 609px); position: absolute; width: 93.3288px; height: 18.9583px;\" t\u003d\"450\"\u003e \u003cregion\u003e \u003crect b\u003d\"464\" l\u003d\"678\" r\u003d\"728\" t\u003d\"450\"\u003e\u003c/rect\u003e  \u003c/region\u003e  \u003ctext\u003e \u003cpar linespacing\u003d\"680\"\u003e \u003cline b\u003d\"461\" baseline\u003d\"460\" l\u003d\"682\" r\u003d\"723\" style\u003d\"transform: translate(7px, 1px); position: absolute;\" t\u003d\"451\"\u003e \u003cformatting lang\u003d\"EnglishUnitedStates\"\u003e $140.00 \u003c/formatting\u003e  \u003c/line\u003e  \u003c/par\u003e  \u003c/text\u003e  \u003c/block\u003e  \u003cblock b\u003d\"788\" blockname\u003d\"\" blocktype\u003d\"Text\" l\u003d\"508\" r\u003d\"634\" style\u003d\"transform: translate(948px, 947px); position: absolute; width: 235.189px; height: 120.521px;\" t\u003d\"699\"\u003e \u003cregion\u003e \u003crect b\u003d\"788\" l\u003d\"508\" r\u003d\"634\" t\u003d\"699\"\u003e\u003c/rect\u003e  \u003c/region\u003e  \u003ctext\u003e \u003cpar align\u003d\"Right\" leftindent\u003d\"37200\" linespacing\u003d\"1875\"\u003e \u003cline b\u003d\"709\" baseline\u003d\"709\" l\u003d\"577\" r\u003d\"629\" style\u003d\"transform: translate(129px, 3px); position: absolute;\" t\u003d\"701\"\u003e \u003cformatting lang\u003d\"EnglishUnitedStates\"\u003e SUBTOTAL \u003c/formatting\u003e  \u003c/line\u003e  \u003cline b\u003d\"735\" baseline\u003d\"734\" l\u003d\"584\" r\u003d\"629\" style\u003d\"transform: translate(142px, 37px); position: absolute;\" t\u003d\"726\"\u003e \u003cformatting lang\u003d\"EnglishUnitedStates\"\u003e VAT 20% \u003c/formatting\u003e  \u003c/line\u003e  \u003cline b\u003d\"760\" baseline\u003d\"760\" l\u003d\"511\" r\u003d\"629\" style\u003d\"transform: translate(6px, 72px); position: absolute;\" t\u003d\"752\"\u003e \u003cformatting lang\u003d\"EnglishUnitedStates\"\u003e SHIPPING \u0026amp; HANDLING \u003c/formatting\u003e  \u003c/line\u003e  \u003cline b\u003d\"786\" baseline\u003d\"786\" l\u003d\"572\" r\u003d\"629\" style\u003d\"transform: translate(119px, 107px); position: absolute;\" t\u003d\"778\"\u003e \u003cformatting lang\u003d\"EnglishUnitedStates\"\u003e TOTAL DUE \u003c/formatting\u003e  \u003c/line\u003e  \u003c/par\u003e  \u003c/text\u003e  \u003c/block\u003e  \u003cblock b\u003d\"739\" blockname\u003d\"\" blocktype\u003d\"Text\" l\u003d\"678\" r\u003d\"728\" style\u003d\"transform: translate(1266px, 947px); position: absolute; width: 93.3288px; height: 54.1667px;\" t\u003d\"699\"\u003e \u003cregion\u003e \u003crect b\u003d\"739\" l\u003d\"678\" r\u003d\"728\" t\u003d\"699\"\u003e\u003c/rect\u003e  \u003c/region\u003e  \u003ctext\u003e \u003cpar linespacing\u003d\"680\"\u003e \u003cline b\u003d\"711\" baseline\u003d\"709\" l\u003d\"682\" r\u003d\"723\" style\u003d\"transform: translate(7px, 1px); position: absolute;\" t\u003d\"700\"\u003e \u003cformatting lang\u003d\"EnglishUnitedStates\"\u003e $140.00 \u003c/formatting\u003e  \u003c/line\u003e  \u003c/par\u003e  \u003cpar leftindent\u003d\"800\" linespacing\u003d\"680\"\u003e \u003cline b\u003d\"736\" baseline\u003d\"735\" l\u003d\"688\" r\u003d\"723\" style\u003d\"transform: translate(19px, 37px); position: absolute;\" t\u003d\"726\"\u003e \u003cformatting lang\u003d\"EnglishUnitedStates\"\u003e $28.00 \u003c/formatting\u003e  \u003c/line\u003e  \u003c/par\u003e  \u003c/text\u003e  \u003c/block\u003e  \u003cblock b\u003d\"790\" blockname\u003d\"\" blocktype\u003d\"Text\" l\u003d\"678\" r\u003d\"728\" style\u003d\"transform: translate(1266px, 1051px); position: absolute; width: 93.3288px; height: 18.9583px;\" t\u003d\"776\"\u003e \u003cregion\u003e \u003crect b\u003d\"790\" l\u003d\"678\" r\u003d\"728\" t\u003d\"776\"\u003e\u003c/rect\u003e  \u003c/region\u003e  \u003ctext\u003e \u003cpar linespacing\u003d\"680\"\u003e \u003cline b\u003d\"788\" baseline\u003d\"786\" l\u003d\"682\" r\u003d\"723\" style\u003d\"transform: translate(7px, 1px); position: absolute;\" t\u003d\"777\"\u003e \u003cformatting lang\u003d\"EnglishUnitedStates\"\u003e $\u003ctotal_amount appendorder\u003d\"13\" class\u003d\"extraction-tag\" confidence\u003d\"1/1\" data-original-title\u003d\"Total amount\" data-toggle\u003d\"tooltip\" data-value\u003d\"168.00\" fold-name\u003d\"fold3\" score\u003d\"0.6750777840943273\" style\u003d\"background-color: rgb(27, 182, 226);  color: rgb(0, 0, 0);   border: 2px solid rgb(125, 157, 1); \" tagorder\u003d\"9\"\u003e168.00\u003c/total_amount\u003e \u003c/formatting\u003e  \u003c/line\u003e  \u003c/par\u003e  \u003c/text\u003e  \u003c/block\u003e  \u003cblock b\u003d\"915\" blockname\u003d\"\" blocktype\u003d\"Text\" l\u003d\"23\" r\u003d\"627\" style\u003d\"transform: translate(43px, 1198px); position: absolute; width: 1127.41px; height: 40.625px;\" t\u003d\"885\"\u003e \u003cregion\u003e \u003crect b\u003d\"915\" l\u003d\"23\" r\u003d\"627\" t\u003d\"885\"\u003e\u003c/rect\u003e  \u003c/region\u003e  \u003ctext\u003e \u003cpar leftindent\u003d\"800\" linespacing\u003d\"600\"\u003e \u003cline b\u003d\"897\" baseline\u003d\"895\" l\u003d\"25\" r\u003d\"216\" style\u003d\"transform: translate(4px, 3px); position: absolute;\" t\u003d\"887\"\u003e \u003cformatting lang\u003d\"EnglishUnitedStates\"\u003e Make all checks payable to TimeTrex \u003c/formatting\u003e  \u003c/line\u003e  \u003c/par\u003e  \u003cpar leftindent\u003d\"800\" linespacing\u003d\"680\"\u003e \u003cline b\u003d\"912\" baseline\u003d\"910\" l\u003d\"25\" r\u003d\"624\" style\u003d\"transform: translate(4px, 22px); position: absolute;\" t\u003d\"901\"\u003e \u003cformatting lang\u003d\"EnglishUnitedStates\"\u003e If you have any questions concerning this invoice, contact Andrew Johnson; 509-669-500, \u003cemail class\u003d\"extraction-tag\" data-value\u003d\"andrewj@timetrex.com\" fold-name\u003d\"fold3\" ml-tagorder\u003d\"15\" score\u003d\"0.6292720773808573\" tagorder\u003d\"15\"\u003eandrewj@timetrex.com\u003c/email\u003e \u003c/formatting\u003e  \u003c/line\u003e  \u003c/par\u003e  \u003c/text\u003e  \u003c/block\u003e  \u003cblock b\u003d\"335\" blockname\u003d\"\" blocktype\u003d\"Separator\" l\u003d\"18\" r\u003d\"738\" style\u003d\"transform: translate(34px, 450px); position: absolute;\" t\u003d\"332\"\u003e \u003cregion\u003e \u003crect b\u003d\"335\" l\u003d\"18\" r\u003d\"738\" t\u003d\"332\"\u003e\u003c/rect\u003e  \u003c/region\u003e  \u003cseparator thickness\u003d\"3\" type\u003d\"Black\"\u003e \u003cstart x\u003d\"18\" y\u003d\"333\"\u003e\u003c/start\u003e \u003cend x\u003d\"738\" y\u003d\"333\"\u003e\u003c/end\u003e \u003c/separator\u003e \u003c/block\u003e  \u003cblock b\u003d\"361\" blockname\u003d\"\" blocktype\u003d\"Separator\" l\u003d\"130\" r\u003d\"198\" style\u003d\"transform: translate(243px, 486px); position: absolute;\" t\u003d\"359\"\u003e \u003cregion\u003e \u003crect b\u003d\"361\" l\u003d\"130\" r\u003d\"198\" t\u003d\"359\"\u003e\u003c/rect\u003e  \u003c/region\u003e  \u003cseparator thickness\u003d\"2\" type\u003d\"Black\"\u003e \u003cstart x\u003d\"130\" y\u003d\"360\"\u003e\u003c/start\u003e \u003cend x\u003d\"198\" y\u003d\"360\"\u003e\u003c/end\u003e \u003c/separator\u003e \u003c/block\u003e  \u003cblock b\u003d\"361\" blockname\u003d\"\" blocktype\u003d\"Separator\" l\u003d\"330\" r\u003d\"738\" style\u003d\"transform: translate(616px, 488px); position: absolute;\" t\u003d\"360\"\u003e \u003cregion\u003e \u003crect b\u003d\"361\" l\u003d\"330\" r\u003d\"738\" t\u003d\"360\"\u003e\u003c/rect\u003e  \u003c/region\u003e  \u003cseparator thickness\u003d\"1\" type\u003d\"Black\"\u003e \u003cstart x\u003d\"330\" y\u003d\"360\"\u003e\u003c/start\u003e \u003cend x\u003d\"738\" y\u003d\"360\"\u003e\u003c/end\u003e \u003c/separator\u003e \u003c/block\u003e  \u003cblock b\u003d\"386\" blockname\u003d\"\" blocktype\u003d\"Separator\" class\u003d\"hidden\" l\u003d\"17\" r\u003d\"329\" style\u003d\"transform: translate(32px, 521px); position: absolute;\" t\u003d\"385\"\u003e \u003cregion\u003e \u003crect b\u003d\"386\" l\u003d\"17\" r\u003d\"329\" t\u003d\"385\"\u003e\u003c/rect\u003e  \u003c/region\u003e  \u003cseparator thickness\u003d\"1\" type\u003d\"Black\"\u003e \u003cstart x\u003d\"17\" y\u003d\"385\"\u003e\u003c/start\u003e \u003cend x\u003d\"329\" y\u003d\"385\"\u003e\u003c/end\u003e \u003c/separator\u003e \u003c/block\u003e  \u003cblock b\u003d\"387\" blockname\u003d\"\" blocktype\u003d\"Separator\" l\u003d\"496\" r\u003d\"738\" style\u003d\"transform: translate(926px, 523px); position: absolute;\" t\u003d\"386\"\u003e \u003cregion\u003e \u003crect b\u003d\"387\" l\u003d\"496\" r\u003d\"738\" t\u003d\"386\"\u003e\u003c/rect\u003e  \u003c/region\u003e  \u003cseparator thickness\u003d\"1\" type\u003d\"Black\"\u003e \u003cstart x\u003d\"496\" y\u003d\"386\"\u003e\u003c/start\u003e \u003cend x\u003d\"738\" y\u003d\"386\"\u003e\u003c/end\u003e \u003c/separator\u003e \u003c/block\u003e  \u003cblock b\u003d\"419\" blockname\u003d\"\" blocktype\u003d\"Separator\" l\u003d\"17\" r\u003d\"739\" style\u003d\"transform: translate(32px, 563px); position: absolute;\" t\u003d\"416\"\u003e \u003cregion\u003e \u003crect b\u003d\"419\" l\u003d\"17\" r\u003d\"739\" t\u003d\"416\"\u003e\u003c/rect\u003e  \u003c/region\u003e  \u003cseparator thickness\u003d\"3\" type\u003d\"Black\"\u003e \u003cstart x\u003d\"17\" y\u003d\"417\"\u003e\u003c/start\u003e \u003cend x\u003d\"739\" y\u003d\"417\"\u003e\u003c/end\u003e \u003c/separator\u003e \u003c/block\u003e  \u003cblock b\u003d\"445\" blockname\u003d\"\" blocktype\u003d\"Separator\" l\u003d\"17\" r\u003d\"739\" style\u003d\"transform: translate(32px, 600px); position: absolute;\" t\u003d\"443\"\u003e \u003cregion\u003e \u003crect b\u003d\"445\" l\u003d\"17\" r\u003d\"739\" t\u003d\"443\"\u003e\u003c/rect\u003e  \u003c/region\u003e  \u003cseparator thickness\u003d\"2\" type\u003d\"Black\"\u003e \u003cstart x\u003d\"17\" y\u003d\"444\"\u003e\u003c/start\u003e \u003cend x\u003d\"739\" y\u003d\"444\"\u003e\u003c/end\u003e \u003c/separator\u003e \u003c/block\u003e  \u003cblock b\u003d\"694\" blockname\u003d\"\" blocktype\u003d\"Separator\" l\u003d\"17\" r\u003d\"739\" style\u003d\"transform: translate(32px, 937px); position: absolute;\" t\u003d\"692\"\u003e \u003cregion\u003e \u003crect b\u003d\"694\" l\u003d\"17\" r\u003d\"739\" t\u003d\"692\"\u003e\u003c/rect\u003e  \u003c/region\u003e  \u003cseparator thickness\u003d\"2\" type\u003d\"Black\"\u003e \u003cstart x\u003d\"17\" y\u003d\"693\"\u003e\u003c/start\u003e \u003cend x\u003d\"739\" y\u003d\"693\"\u003e\u003c/end\u003e \u003c/separator\u003e \u003c/block\u003e  \u003cblock b\u003d\"771\" blockname\u003d\"\" blocktype\u003d\"Separator\" l\u003d\"645\" r\u003d\"739\" style\u003d\"transform: translate(1204px, 1041px); position: absolute;\" t\u003d\"769\"\u003e \u003cregion\u003e \u003crect b\u003d\"771\" l\u003d\"645\" r\u003d\"739\" t\u003d\"769\"\u003e\u003c/rect\u003e  \u003c/region\u003e  \u003cseparator thickness\u003d\"2\" type\u003d\"Black\"\u003e \u003cstart x\u003d\"645\" y\u003d\"770\"\u003e\u003c/start\u003e \u003cend x\u003d\"739\" y\u003d\"770\"\u003e\u003c/end\u003e \u003c/separator\u003e \u003c/block\u003e  \u003cblock b\u003d\"797\" blockname\u003d\"\" blocktype\u003d\"Separator\" l\u003d\"645\" r\u003d\"739\" style\u003d\"transform: translate(1204px, 1077px); position: absolute;\" t\u003d\"795\"\u003e \u003cregion\u003e \u003crect b\u003d\"797\" l\u003d\"645\" r\u003d\"739\" t\u003d\"795\"\u003e\u003c/rect\u003e  \u003c/region\u003e  \u003cseparator thickness\u003d\"2\" type\u003d\"Black\"\u003e \u003cstart x\u003d\"645\" y\u003d\"796\"\u003e\u003c/start\u003e \u003cend x\u003d\"739\" y\u003d\"796\"\u003e\u003c/end\u003e \u003c/separator\u003e \u003c/block\u003e  \u003cblock b\u003d\"386\" blockname\u003d\"\" blocktype\u003d\"Separator\" l\u003d\"17\" r\u003d\"18\" style\u003d\"transform: translate(32px, 483px); position: absolute;\" t\u003d\"357\"\u003e \u003cregion\u003e \u003crect b\u003d\"386\" l\u003d\"17\" r\u003d\"18\" t\u003d\"357\"\u003e\u003c/rect\u003e  \u003c/region\u003e  \u003cseparator thickness\u003d\"1\" type\u003d\"Black\"\u003e \u003cstart x\u003d\"17\" y\u003d\"357\"\u003e\u003c/start\u003e \u003cend x\u003d\"17\" y\u003d\"386\"\u003e\u003c/end\u003e \u003c/separator\u003e \u003c/block\u003e  \u003cblock b\u003d\"694\" blockname\u003d\"\" blocktype\u003d\"Separator\" l\u003d\"17\" r\u003d\"19\" style\u003d\"transform: translate(32px, 563px); position: absolute;\" t\u003d\"416\"\u003e \u003cregion\u003e \u003crect b\u003d\"694\" l\u003d\"17\" r\u003d\"19\" t\u003d\"416\"\u003e\u003c/rect\u003e  \u003c/region\u003e  \u003cseparator thickness\u003d\"2\" type\u003d\"Black\"\u003e \u003cstart x\u003d\"18\" y\u003d\"416\"\u003e\u003c/start\u003e \u003cend x\u003d\"18\" y\u003d\"694\"\u003e\u003c/end\u003e \u003c/separator\u003e \u003c/block\u003e  \u003cblock b\u003d\"694\" blockname\u003d\"\" blocktype\u003d\"Separator\" l\u003d\"140\" r\u003d\"144\" style\u003d\"transform: translate(261px, 563px); position: absolute;\" t\u003d\"416\"\u003e \u003cregion\u003e \u003crect b\u003d\"428\" l\u003d\"140\" r\u003d\"144\" t\u003d\"416\"\u003e\u003c/rect\u003e  \u003crect b\u003d\"694\" l\u003d\"141\" r\u003d\"143\" t\u003d\"428\"\u003e\u003c/rect\u003e  \u003c/region\u003e  \u003cseparator thickness\u003d\"3\" type\u003d\"Black\"\u003e \u003cstart x\u003d\"142\" y\u003d\"416\"\u003e\u003c/start\u003e \u003cend x\u003d\"142\" y\u003d\"694\"\u003e\u003c/end\u003e \u003c/separator\u003e \u003c/block\u003e  \u003cblock b\u003d\"386\" blockname\u003d\"\" blocktype\u003d\"Separator\" l\u003d\"142\" r\u003d\"143\" style\u003d\"transform: translate(265px, 454px); position: absolute;\" t\u003d\"335\"\u003e \u003cregion\u003e \u003crect b\u003d\"386\" l\u003d\"142\" r\u003d\"143\" t\u003d\"335\"\u003e\u003c/rect\u003e  \u003c/region\u003e  \u003cseparator thickness\u003d\"1\" type\u003d\"Black\"\u003e \u003cstart x\u003d\"142\" y\u003d\"335\"\u003e\u003c/start\u003e \u003cend x\u003d\"142\" y\u003d\"386\"\u003e\u003c/end\u003e \u003c/separator\u003e \u003c/block\u003e  \u003cblock b\u003d\"694\" blockname\u003d\"\" blocktype\u003d\"Separator\" l\u003d\"545\" r\u003d\"549\" style\u003d\"transform: translate(1017px, 563px); position: absolute;\" t\u003d\"416\"\u003e \u003cregion\u003e \u003crect b\u003d\"428\" l\u003d\"545\" r\u003d\"549\" t\u003d\"416\"\u003e\u003c/rect\u003e  \u003crect b\u003d\"694\" l\u003d\"546\" r\u003d\"548\" t\u003d\"428\"\u003e\u003c/rect\u003e  \u003c/region\u003e  \u003cseparator thickness\u003d\"2\" type\u003d\"Black\"\u003e \u003cstart x\u003d\"547\" y\u003d\"416\"\u003e\u003c/start\u003e \u003cend x\u003d\"547\" y\u003d\"694\"\u003e\u003c/end\u003e \u003c/separator\u003e \u003c/block\u003e  \u003cblock b\u003d\"387\" blockname\u003d\"\" blocktype\u003d\"Separator\" l\u003d\"546\" r\u003d\"547\" style\u003d\"transform: translate(1019px, 451px); position: absolute;\" t\u003d\"333\"\u003e \u003cregion\u003e \u003crect b\u003d\"387\" l\u003d\"546\" r\u003d\"547\" t\u003d\"333\"\u003e\u003c/rect\u003e  \u003c/region\u003e  \u003cseparator thickness\u003d\"1\" type\u003d\"Black\"\u003e \u003cstart x\u003d\"546\" y\u003d\"333\"\u003e\u003c/start\u003e \u003cend x\u003d\"546\" y\u003d\"387\"\u003e\u003c/end\u003e \u003c/separator\u003e \u003c/block\u003e  \u003cblock b\u003d\"387\" blockname\u003d\"\" blocktype\u003d\"Separator\" l\u003d\"642\" r\u003d\"644\" style\u003d\"transform: translate(1198px, 451px); position: absolute;\" t\u003d\"333\"\u003e \u003cregion\u003e \u003crect b\u003d\"387\" l\u003d\"642\" r\u003d\"644\" t\u003d\"333\"\u003e\u003c/rect\u003e  \u003c/region\u003e  \u003cseparator thickness\u003d\"2\" type\u003d\"Black\"\u003e \u003cstart x\u003d\"643\" y\u003d\"333\"\u003e\u003c/start\u003e \u003cend x\u003d\"643\" y\u003d\"387\"\u003e\u003c/end\u003e \u003c/separator\u003e \u003c/block\u003e  \u003cblock b\u003d\"797\" blockname\u003d\"\" blocktype\u003d\"Separator\" l\u003d\"644\" r\u003d\"646\" style\u003d\"transform: translate(1202px, 569px); position: absolute;\" t\u003d\"420\"\u003e \u003cregion\u003e \u003crect b\u003d\"797\" l\u003d\"644\" r\u003d\"646\" t\u003d\"420\"\u003e\u003c/rect\u003e  \u003c/region\u003e  \u003cseparator thickness\u003d\"2\" type\u003d\"Black\"\u003e \u003cstart x\u003d\"645\" y\u003d\"420\"\u003e\u003c/start\u003e \u003cend x\u003d\"645\" y\u003d\"797\"\u003e\u003c/end\u003e \u003c/separator\u003e \u003c/block\u003e  \u003cblock b\u003d\"797\" blockname\u003d\"\" blocktype\u003d\"Separator\" l\u003d\"736\" r\u003d\"739\" style\u003d\"transform: translate(1374px, 563px); position: absolute;\" t\u003d\"416\"\u003e \u003cregion\u003e \u003crect b\u003d\"797\" l\u003d\"736\" r\u003d\"739\" t\u003d\"416\"\u003e\u003c/rect\u003e  \u003c/region\u003e  \u003cseparator thickness\u003d\"2\" type\u003d\"Black\"\u003e \u003cstart x\u003d\"737\" y\u003d\"416\"\u003e\u003c/start\u003e \u003cend x\u003d\"737\" y\u003d\"797\"\u003e\u003c/end\u003e \u003c/separator\u003e \u003c/block\u003e  \u003cblock b\u003d\"387\" blockname\u003d\"\" blocktype\u003d\"Separator\" l\u003d\"737\" r\u003d\"739\" style\u003d\"transform: translate(1376px, 496px); position: absolute;\" t\u003d\"366\"\u003e \u003cregion\u003e \u003crect b\u003d\"387\" l\u003d\"737\" r\u003d\"739\" t\u003d\"366\"\u003e\u003c/rect\u003e  \u003c/region\u003e  \u003cseparator thickness\u003d\"2\" type\u003d\"Black\"\u003e \u003cstart x\u003d\"738\" y\u003d\"366\"\u003e\u003c/start\u003e \u003cend x\u003d\"738\" y\u003d\"387\"\u003e\u003c/end\u003e \u003c/separator\u003e \u003c/block\u003e  \u003c/page\u003e   \u003c/document\u003e\u003c/body\u003e\u003c/html\u003e","tags":[{"begin":13,"end":30,"text":"BJSW Construction","tag":"supplier_name","fieldType":"COMPANY_NAME","score":0.8119317859281956,"estimatedAccuracy":0.0},{"begin":172,"end":177,"text":"00235","tag":"invoice_number","fieldType":"TEXT","score":0.7892541286895959,"estimatedAccuracy":0.0},{"begin":193,"end":209,"text":"NOVEMBER 7, 2012","tag":"invoice_date","fieldType":"DATE","score":0.774460213081723,"estimatedAccuracy":0.0},{"begin":1200,"end":1206,"text":"168.00","tag":"total_amount","fieldType":"NUMBER","score":0.6750777840943273,"estimatedAccuracy":0.0},{"begin":1360,"end":1380,"text":"andrewj@timetrex.com","tag":"email","fieldType":"EMAIL","score":0.6292720773808573,"estimatedAccuracy":0.0}],"group":"email|invoice_date|invoice_number|supplier_name|total_amount","limeExplanation":{},"liblinearFeatureImportance":{}}