{"finalScore":0.7139117309569146,"metaInfo":{"model":{"coreVersion":"10.3.0.39"}},"sumScore":12.136499426267548,"tagsCounter":17.0,"taggedText":"\u003chtml\u003e\u003chead\u003e\u003cscript src\u003d\"https://ajax.googleapis.com/ajax/libs/jquery/2.2.0/jquery.min.js\"\u003e\u003c/script\u003e\u003c/head\u003e\u003cbody\u003e\u003cdocument languages\u003d\"\" producer\u003d\"Workfusion\" schemalocation\u003d\"http://ocr.crowdcomputingsystems.com/xml/schema-v1.xml\" version\u003d\"1.0\" xmlns\u003d\"http://ocr.crowdcomputingsystems.com/xml/schema-v1.xml\" xsi\u003d\"http://www.w3.org/2001/XMLSchema-instance\"\u003e \u003clink href\u003d\"https://s3.amazonaws.com/workfusion-resources/ocr/ocr-xml-viewer-0.3-scale-to-width.css\" rel\u003d\"stylesheet\" type\u003d\"text/css\"\u003e\u003c/link\u003e \u003cstyle\u003e\u003c/style\u003e\u003cpage data-pages\u003d\"1\" h\u003d\"1294\" resolution\u003d\"72\" style\u003d\"height: 2180px;\" w\u003d\"1046\"\u003e \u003cblock b\u003d\"120\" blockname\u003d\"\" blocktype\u003d\"Text\" l\u003d\"139\" r\u003d\"190\" style\u003d\"transform: translate(187px, 188px); position: absolute; width: 68.5526px; height: 28.8889px;\" t\u003d\"104\"\u003e \u003cregion\u003e \u003crect b\u003d\"120\" l\u003d\"139\" r\u003d\"190\" t\u003d\"104\"\u003e\u003c/rect\u003e  \u003c/region\u003e  \u003ctext\u003e \u003cpar linespacing\u003d\"1100\"\u003e \u003cline b\u003d\"118\" baseline\u003d\"115\" l\u003d\"139\" r\u003d\"188\" style\u003d\"transform: translate(0px, 0px); position: absolute;\" t\u003d\"104\"\u003e \u003cformatting lang\u003d\"EnglishUnitedStates\"\u003e Unpaid \u003c/formatting\u003e  \u003c/line\u003e  \u003c/par\u003e  \u003c/text\u003e  \u003c/block\u003e  \u003cblock b\u003d\"138\" blockname\u003d\"\" blocktype\u003d\"Text\" l\u003d\"244\" r\u003d\"260\" style\u003d\"transform: translate(328px, 153px); position: absolute; width: 21.5067px; height: 95.6944px;\" t\u003d\"85\"\u003e \u003cregion\u003e \u003crect b\u003d\"138\" l\u003d\"244\" r\u003d\"260\" t\u003d\"85\"\u003e\u003c/rect\u003e  \u003c/region\u003e  \u003ctext\u003e \u003cpar linespacing\u003d\"2000\"\u003e \u003cline b\u003d\"105\" baseline\u003d\"106\" l\u003d\"244\" r\u003d\"258\" style\u003d\"transform: translate(0px, 2px); position: absolute;\" t\u003d\"86\"\u003e \u003cformatting lang\u003d\"EnglishUnitedStates\"\u003e r \u003c/formatting\u003e  \u003c/line\u003e  \u003c/par\u003e  \u003cpar linespacing\u003d\"1900\"\u003e \u003cline b\u003d\"136\" baseline\u003d\"137\" l\u003d\"244\" r\u003d\"257\" style\u003d\"transform: translate(0px, 60px); position: absolute;\" t\u003d\"118\"\u003e \u003cformatting lang\u003d\"EnglishUnitedStates\"\u003e k \u003c/formatting\u003e  \u003c/line\u003e  \u003c/par\u003e  \u003c/text\u003e  \u003c/block\u003e  \u003cblock b\u003d\"394\" blockname\u003d\"\" blocktype\u003d\"Text\" l\u003d\"128\" r\u003d\"351\" style\u003d\"transform: translate(172px, 395px); position: absolute; width: 299.75px; height: 315.972px;\" t\u003d\"219\"\u003e \u003cregion\u003e \u003crect b\u003d\"394\" l\u003d\"128\" r\u003d\"351\" t\u003d\"219\"\u003e\u003c/rect\u003e  \u003c/region\u003e  \u003ctext\u003e \u003cpar linespacing\u003d\"1400\"\u003e \u003cline b\u003d\"233\" baseline\u003d\"233\" l\u003d\"130\" r\u003d\"204\" style\u003d\"transform: translate(3px, 0px); position: absolute;\" t\u003d\"219\"\u003e \u003cformatting lang\u003d\"EnglishUnitedStates\"\u003e Invoice \u003cinvoice_number appendorder\u003d\"3\" class\u003d\"extraction-tag\" confidence\u003d\"1/1\" data-original-title\u003d\"Invoice number\" data-toggle\u003d\"tooltip\" data-value\u003d\"938346\" fold-name\u003d\"fold1\" score\u003d\"0.6567402636765751\" style\u003d\"background-color: rgb(0, 83, 98);  color: rgb(255, 255, 255);   border: 2px solid rgb(125, 157, 1); \" tagorder\u003d\"1\"\u003e938346\u003c/invoice_number\u003e \u003c/formatting\u003e  \u003c/line\u003e  \u003c/par\u003e  \u003cpar linespacing\u003d\"1000\"\u003e \u003cline b\u003d\"251\" baseline\u003d\"251\" l\u003d\"129\" r\u003d\"291\" style\u003d\"transform: translate(1px, 40px); position: absolute;\" t\u003d\"241\"\u003e \u003cformatting lang\u003d\"EnglishUnitedStates\"\u003e Date of Invoice \u003cinvoice_date appendorder\u003d\"4\" class\u003d\"extraction-tag\" confidence\u003d\"1/1\" data-original-title\u003d\"Invoice date\" data-toggle\u003d\"tooltip\" data-value\u003d\"28/08/2013\" fold-name\u003d\"fold3\" score\u003d\"0.8076844749448285\" style\u003d\"background-color: rgb(17, 18, 43);  color: rgb(255, 255, 255);   border: 2px solid rgb(125, 157, 1); \" tagorder\u003d\"2\"\u003e28/08/2013\u003c/invoice_date\u003e \u003c/formatting\u003e  \u003c/line\u003e  \u003c/par\u003e  \u003cpar linespacing\u003d\"1100\"\u003e \u003cline b\u003d\"305\" baseline\u003d\"305\" l\u003d\"129\" r\u003d\"167\" style\u003d\"transform: translate(1px, 135px); position: absolute;\" t\u003d\"294\"\u003e \u003cformatting lang\u003d\"EnglishUnitedStates\"\u003e From: \u003c/formatting\u003e  \u003c/line\u003e  \u003c/par\u003e  \u003c/text\u003e  \u003c/block\u003e  \u003cblock b\u003d\"156\" blockname\u003d\"\" blocktype\u003d\"Text\" l\u003d\"654\" r\u003d\"910\" style\u003d\"transform: translate(879px, 193px); position: absolute; width: 344.107px; height: 88.4722px;\" t\u003d\"107\"\u003e \u003cregion\u003e \u003crect b\u003d\"156\" l\u003d\"654\" r\u003d\"910\" t\u003d\"107\"\u003e\u003c/rect\u003e  \u003c/region\u003e  \u003ctext\u003e \u003cpar leftindent\u003d\"2000\" linespacing\u003d\"2400\"\u003e \u003cline b\u003d\"131\" baseline\u003d\"131\" l\u003d\"674\" r\u003d\"894\" style\u003d\"transform: translate(27px, 0px); position: absolute;\" t\u003d\"107\"\u003e \u003cformatting lang\u003d\"EnglishUnitedStates\"\u003e \u0026copy; a e \u003c/formatting\u003e  \u003c/line\u003e  \u003c/par\u003e  \u003cpar linespacing\u003d\"1000\"\u003e \u003cline b\u003d\"154\" baseline\u003d\"152\" l\u003d\"655\" r\u003d\"908\" style\u003d\"transform: translate(1px, 63px); position: absolute;\" t\u003d\"142\"\u003e \u003cformatting lang\u003d\"EnglishUnitedStates\"\u003e Print Invoice Download Pay Now! \u003c/formatting\u003e  \u003c/line\u003e  \u003c/par\u003e  \u003c/text\u003e  \u003c/block\u003e  \u003cblock b\u003d\"442\" blockname\u003d\"\" blocktype\u003d\"Text\" l\u003d\"518\" r\u003d\"737\" style\u003d\"transform: translate(696px, 531px); position: absolute; width: 294.373px; height: 267.222px;\" t\u003d\"294\"\u003e \u003cregion\u003e \u003crect b\u003d\"442\" l\u003d\"518\" r\u003d\"737\" t\u003d\"294\"\u003e\u003c/rect\u003e  \u003c/region\u003e  \u003ctext\u003e \u003cpar align\u003d\"Justified\" linespacing\u003d\"1100\"\u003e \u003cline b\u003d\"305\" baseline\u003d\"305\" l\u003d\"518\" r\u003d\"539\" style\u003d\"transform: translate(0px, 0px); position: absolute;\" t\u003d\"294\"\u003e \u003cformatting lang\u003d\"EnglishUnitedStates\"\u003e To: \u003c/formatting\u003e  \u003c/line\u003e  \u003c/par\u003e  \u003cpar linespacing\u003d\"1900\"\u003e \u003cline b\u003d\"339\" baseline\u003d\"339\" l\u003d\"520\" r\u003d\"733\" style\u003d\"transform: translate(3px, 47px); position: absolute;\" t\u003d\"320\"\u003e \u003cformatting lang\u003d\"EnglishUnitedStates\"\u003e \u003csupplier_name class\u003d\"extraction-tag\" data-value\u003d\"Future Software Ltd\" fold-name\u003d\"fold1\" ml-tagorder\u003d\"9334112\" score\u003d\"0.6952762341339636\" tagorder\u003d\"9334112\"\u003eFuture Software Ltd\u003c/supplier_name\u003e \u003c/formatting\u003e  \u003c/line\u003e  \u003c/par\u003e  \u003cpar linespacing\u003d\"2400\" rightindent\u003d\"12800\"\u003e \u003cline b\u003d\"365\" baseline\u003d\"365\" l\u003d\"519\" r\u003d\"578\" style\u003d\"transform: translate(1px, 108px); position: absolute;\" t\u003d\"354\"\u003e \u003cformatting lang\u003d\"EnglishUnitedStates\"\u003e John Doe \u003c/formatting\u003e  \u003c/line\u003e  \u003cline b\u003d\"389\" baseline\u003d\"389\" l\u003d\"519\" r\u003d\"609\" style\u003d\"transform: translate(1px, 152px); position: absolute;\" t\u003d\"378\"\u003e \u003cformatting lang\u003d\"EnglishUnitedStates\"\u003e Oxford Street \u003c/formatting\u003e  \u003c/line\u003e  \u003c/par\u003e  \u003cpar align\u003d\"Justified\" linespacing\u003d\"2400\"\u003e \u003cline b\u003d\"416\" baseline\u003d\"413\" l\u003d\"520\" r\u003d\"735\" style\u003d\"transform: translate(3px, 195px); position: absolute;\" t\u003d\"402\"\u003e \u003cformatting lang\u003d\"EnglishUnitedStates\"\u003e London City of London NSSXC34 \u003c/formatting\u003e  \u003c/line\u003e  \u003cline b\u003d\"440\" baseline\u003d\"437\" l\u003d\"519\" r\u003d\"624\" style\u003d\"transform: translate(1px, 238px); position: absolute;\" t\u003d\"426\"\u003e \u003cformatting lang\u003d\"EnglishUnitedStates\"\u003e United Kingdom \u003c/formatting\u003e  \u003c/line\u003e  \u003c/par\u003e  \u003c/text\u003e  \u003c/block\u003e  \u003cregion xmlns\u003d\"http://ocr.crowdcomputingsystems.com/xml/schema-v1.xml\"\u003e \u003crect b\u003d\"1019\" l\u003d\"127\" r\u003d\"873\" t\u003d\"483\"\u003e\u003c/rect\u003e  \u003c/region\u003e \u003ctable b\u003d\"1019\" blockname\u003d\"\" blocktype\u003d\"Table\" l\u003d\"127\" r\u003d\"873\" style\u003d\"transform: translate(171px, 872px); position: absolute; user-select: auto;\" t\u003d\"483\" xmlns\u003d\"\"\u003e \u003ctbody\u003e\u003ctr\u003e \u003ctd bottomborder\u003d\"White\" h\u003d\"84\" leftborder\u003d\"White\" rightborder\u003d\"White\" topborder\u003d\"White\" w\u003d\"250\"\u003e \u003ctext xmlns\u003d\"http://ocr.crowdcomputingsystems.com/xml/schema-v1.xml\"\u003e \u003cpar linespacing\u003d\"800\"\u003e \u003cline b\u003d\"529\" baseline\u003d\"529\" l\u003d\"129\" r\u003d\"208\" t\u003d\"521\"\u003e \u003cformatting lang\u003d\"EnglishUnitedStates\"\u003e DESCRIPTION \u003c/formatting\u003e  \u003c/line\u003e  \u003c/par\u003e  \u003c/text\u003e  \u003c/td\u003e   \u003ctd bottomborder\u003d\"White\" h\u003d\"84\" leftborder\u003d\"White\" rightborder\u003d\"White\" topborder\u003d\"White\" w\u003d\"190\"\u003e \u003ctext xmlns\u003d\"http://ocr.crowdcomputingsystems.com/xml/schema-v1.xml\"\u003e \u003cpar align\u003d\"Right\" linespacing\u003d\"800\" rightindent\u003d\"4200\"\u003e \u003cline b\u003d\"529\" baseline\u003d\"529\" l\u003d\"461\" r\u003d\"522\" t\u003d\"521\"\u003e \u003cformatting lang\u003d\"EnglishUnitedStates\"\u003e UNIT COST \u003c/formatting\u003e  \u003c/line\u003e  \u003c/par\u003e  \u003c/text\u003e  \u003c/td\u003e   \u003ctd bottomborder\u003d\"White\" h\u003d\"84\" leftborder\u003d\"White\" rightborder\u003d\"White\" topborder\u003d\"White\" w\u003d\"125\"\u003e \u003ctext xmlns\u003d\"http://ocr.crowdcomputingsystems.com/xml/schema-v1.xml\"\u003e \u003cpar leftindent\u003d\"3500\" linespacing\u003d\"800\"\u003e \u003cline b\u003d\"531\" baseline\u003d\"529\" l\u003d\"602\" r\u003d\"627\" t\u003d\"521\"\u003e \u003cformatting lang\u003d\"EnglishUnitedStates\"\u003e QTY \u003c/formatting\u003e  \u003c/line\u003e  \u003c/par\u003e  \u003c/text\u003e  \u003c/td\u003e   \u003ctd bottomborder\u003d\"White\" h\u003d\"84\" leftborder\u003d\"White\" rightborder\u003d\"White\" topborder\u003d\"White\" w\u003d\"181\"\u003e \u003ctext xmlns\u003d\"http://ocr.crowdcomputingsystems.com/xml/schema-v1.xml\"\u003e \u003cpar align\u003d\"Right\" linespacing\u003d\"800\"\u003e \u003cline b\u003d\"529\" baseline\u003d\"529\" l\u003d\"837\" r\u003d\"871\" t\u003d\"521\"\u003e \u003cformatting lang\u003d\"EnglishUnitedStates\"\u003e PRICE \u003c/formatting\u003e  \u003c/line\u003e  \u003c/par\u003e  \u003c/text\u003e  \u003c/td\u003e   \u003c/tr\u003e \n \u003ctr\u003e \u003ctd bottomborder\u003d\"White\" h\u003d\"45\" leftborder\u003d\"White\" rightborder\u003d\"White\" topborder\u003d\"White\" w\u003d\"250\"\u003e \u003ctext xmlns\u003d\"http://ocr.crowdcomputingsystems.com/xml/schema-v1.xml\"\u003e \u003cpar linespacing\u003d\"1000\"\u003e \u003cline b\u003d\"596\" baseline\u003d\"594\" l\u003d\"130\" r\u003d\"217\" t\u003d\"584\"\u003e\u003cproduct appendorder\u003d\"5\" class\u003d\"extraction-tag\" confidence\u003d\"1/1\" data-original-title\u003d\"construction_type\" data-toggle\u003d\"tooltip\" data-value\u003d\"Shared Hosting\" fold-name\u003d\"fold5\" injection\u003d\"true\" referencedatausedininjection\u003d\"manual\" score\u003d\"0.7840640688390026\" style\u003d\"background-color: rgb(78, 135, 105);  color: rgb(0, 0, 0);   border: 2px solid rgb(125, 157, 1); \" tagorder\u003d\"8901649\"\u003eShared Hosting\u003c/product\u003e\u003c/line\u003e  \u003c/par\u003e  \u003c/text\u003e  \u003c/td\u003e   \u003ctd bottomborder\u003d\"White\" h\u003d\"45\" leftborder\u003d\"White\" rightborder\u003d\"White\" topborder\u003d\"White\" w\u003d\"190\"\u003e \u003ctext xmlns\u003d\"http://ocr.crowdcomputingsystems.com/xml/schema-v1.xml\"\u003e \u003cpar leftindent\u003d\"7700\" linespacing\u003d\"1000\"\u003e \u003cline b\u003d\"595\" baseline\u003d\"594\" l\u003d\"456\" r\u003d\"526\" t\u003d\"584\"\u003e$19.95 USD\u003c/line\u003e  \u003c/par\u003e  \u003c/text\u003e  \u003c/td\u003e   \u003ctd bottomborder\u003d\"White\" h\u003d\"45\" leftborder\u003d\"White\" rightborder\u003d\"White\" topborder\u003d\"White\" w\u003d\"125\"\u003e \u003ctext xmlns\u003d\"http://ocr.crowdcomputingsystems.com/xml/schema-v1.xml\"\u003e \u003cpar leftindent\u003d\"4400\" linespacing\u003d\"1100\"\u003e \u003cline b\u003d\"594\" baseline\u003d\"595\" l\u003d\"612\" r\u003d\"617\" t\u003d\"584\"\u003e\u003cquantity appendorder\u003d\"5\" class\u003d\"extraction-tag\" confidence\u003d\"1/1\" data-original-title\u003d\"construction_type\" data-toggle\u003d\"tooltip\" data-value\u003d\"1\" fold-name\u003d\"fold3\" injection\u003d\"true\" referencedatausedininjection\u003d\"manual\" score\u003d\"0.849406779876398\" style\u003d\"background-color: rgb(11, 47, 140);  color: rgb(255, 255, 255);   border: 2px solid rgb(125, 157, 1); \" tagorder\u003d\"6190743\"\u003e1\u003c/quantity\u003e\u003c/line\u003e  \u003c/par\u003e  \u003c/text\u003e  \u003c/td\u003e   \u003ctd bottomborder\u003d\"White\" h\u003d\"45\" leftborder\u003d\"White\" rightborder\u003d\"White\" topborder\u003d\"White\" w\u003d\"181\"\u003e \u003ctext xmlns\u003d\"http://ocr.crowdcomputingsystems.com/xml/schema-v1.xml\"\u003e \u003cpar align\u003d\"Right\" linespacing\u003d\"1000\"\u003e \u003cline b\u003d\"595\" baseline\u003d\"594\" l\u003d\"800\" r\u003d\"870\" t\u003d\"584\"\u003e \u003cformatting lang\u003d\"EnglishUnitedStates\"\u003e $19.95 USD \u003c/formatting\u003e  \u003c/line\u003e  \u003c/par\u003e  \u003c/text\u003e  \u003c/td\u003e   \u003c/tr\u003e \n \u003ctr\u003e \u003ctd bottomborder\u003d\"White\" h\u003d\"45\" leftborder\u003d\"White\" rightborder\u003d\"White\" topborder\u003d\"White\" w\u003d\"250\"\u003e \u003ctext xmlns\u003d\"http://ocr.crowdcomputingsystems.com/xml/schema-v1.xml\"\u003e \u003cpar linespacing\u003d\"1000\"\u003e \u003cline b\u003d\"639\" baseline\u003d\"639\" l\u003d\"130\" r\u003d\"248\" t\u003d\"629\"\u003e\u003cproduct appendorder\u003d\"5\" class\u003d\"extraction-tag\" confidence\u003d\"1/1\" data-original-title\u003d\"construction_type\" data-toggle\u003d\"tooltip\" data-value\u003d\"2GB Dedicated RAM\" fold-name\u003d\"fold5\" injection\u003d\"true\" referencedatausedininjection\u003d\"manual\" score\u003d\"0.7863834125586329\" style\u003d\"background-color: rgb(78, 135, 105);  color: rgb(0, 0, 0);   border: 2px solid rgb(125, 157, 1); \" tagorder\u003d\"9334110\"\u003e2GB Dedicated RAM\u003c/product\u003e\u003c/line\u003e  \u003c/par\u003e  \u003c/text\u003e  \u003c/td\u003e   \u003ctd bottomborder\u003d\"White\" h\u003d\"45\" leftborder\u003d\"White\" rightborder\u003d\"White\" topborder\u003d\"White\" w\u003d\"190\"\u003e \u003ctext xmlns\u003d\"http://ocr.crowdcomputingsystems.com/xml/schema-v1.xml\"\u003e \u003cpar align\u003d\"Right\" linespacing\u003d\"1000\" rightindent\u003d\"4200\"\u003e \u003cline b\u003d\"640\" baseline\u003d\"639\" l\u003d\"456\" r\u003d\"526\" t\u003d\"629\"\u003e$75.00 USD\u003c/line\u003e  \u003c/par\u003e  \u003c/text\u003e  \u003c/td\u003e   \u003ctd bottomborder\u003d\"White\" h\u003d\"45\" leftborder\u003d\"White\" rightborder\u003d\"White\" topborder\u003d\"White\" w\u003d\"125\"\u003e \u003ctext xmlns\u003d\"http://ocr.crowdcomputingsystems.com/xml/schema-v1.xml\"\u003e \u003cpar leftindent\u003d\"4400\" linespacing\u003d\"1000\"\u003e \u003cline b\u003d\"639\" baseline\u003d\"639\" l\u003d\"611\" r\u003d\"618\" t\u003d\"629\"\u003e\u003cquantity appendorder\u003d\"5\" class\u003d\"extraction-tag\" confidence\u003d\"1/1\" data-original-title\u003d\"construction_type\" data-toggle\u003d\"tooltip\" data-value\u003d\"4\" fold-name\u003d\"fold3\" injection\u003d\"true\" referencedatausedininjection\u003d\"manual\" score\u003d\"0.8073608106017001\" style\u003d\"background-color: rgb(11, 47, 140);  color: rgb(255, 255, 255);   border: 2px solid rgb(125, 157, 1); \" tagorder\u003d\"231099\"\u003e4\u003c/quantity\u003e\u003c/line\u003e  \u003c/par\u003e  \u003c/text\u003e  \u003c/td\u003e   \u003ctd bottomborder\u003d\"White\" h\u003d\"45\" leftborder\u003d\"White\" rightborder\u003d\"White\" topborder\u003d\"White\" w\u003d\"181\"\u003e \u003ctext xmlns\u003d\"http://ocr.crowdcomputingsystems.com/xml/schema-v1.xml\"\u003e \u003cpar align\u003d\"Right\" linespacing\u003d\"1000\"\u003e \u003cline b\u003d\"640\" baseline\u003d\"639\" l\u003d\"792\" r\u003d\"870\" t\u003d\"629\"\u003e \u003cformatting lang\u003d\"EnglishUnitedStates\"\u003e $\u003cprice class\u003d\"extraction-tag\" data-value\u003d\"300.00\" fold-name\u003d\"fold4\" ml-tagorder\u003d\"9334117\" score\u003d\"0.4357590966084415\" tagorder\u003d\"9334117\"\u003e300.00\u003c/price\u003e USD \u003c/formatting\u003e  \u003c/line\u003e  \u003c/par\u003e  \u003c/text\u003e  \u003c/td\u003e   \u003c/tr\u003e \n \u003ctr\u003e \u003ctd bottomborder\u003d\"White\" h\u003d\"45\" leftborder\u003d\"White\" rightborder\u003d\"White\" topborder\u003d\"White\" w\u003d\"250\"\u003e \u003ctext xmlns\u003d\"http://ocr.crowdcomputingsystems.com/xml/schema-v1.xml\"\u003e \u003cpar linespacing\u003d\"1000\"\u003e \u003cline b\u003d\"686\" baseline\u003d\"684\" l\u003d\"130\" r\u003d\"302\" t\u003d\"674\"\u003e\u003cproduct appendorder\u003d\"5\" class\u003d\"extraction-tag\" confidence\u003d\"1/1\" data-original-title\u003d\"construction_type\" data-toggle\u003d\"tooltip\" data-value\u003d\"500 GB Dedicated Disk Space\" fold-name\u003d\"fold5\" injection\u003d\"true\" referencedatausedininjection\u003d\"manual\" score\u003d\"0.6892125527835733\" style\u003d\"background-color: rgb(78, 135, 105);  color: rgb(0, 0, 0);   border: 2px solid rgb(125, 157, 1); \" tagorder\u003d\"682523\"\u003e500 GB Dedicated Disk Space\u003c/product\u003e\u003c/line\u003e  \u003c/par\u003e  \u003c/text\u003e  \u003c/td\u003e   \u003ctd bottomborder\u003d\"White\" h\u003d\"45\" leftborder\u003d\"White\" rightborder\u003d\"White\" topborder\u003d\"White\" w\u003d\"190\"\u003e \u003ctext xmlns\u003d\"http://ocr.crowdcomputingsystems.com/xml/schema-v1.xml\"\u003e \u003cpar align\u003d\"Right\" linespacing\u003d\"1000\" rightindent\u003d\"4200\"\u003e \u003cline b\u003d\"685\" baseline\u003d\"684\" l\u003d\"456\" r\u003d\"526\" t\u003d\"674\"\u003e$54.00 USD\u003c/line\u003e  \u003c/par\u003e  \u003c/text\u003e  \u003c/td\u003e   \u003ctd bottomborder\u003d\"White\" h\u003d\"45\" leftborder\u003d\"White\" rightborder\u003d\"White\" topborder\u003d\"White\" w\u003d\"125\"\u003e \u003ctext xmlns\u003d\"http://ocr.crowdcomputingsystems.com/xml/schema-v1.xml\"\u003e \u003cpar leftindent\u003d\"4400\" linespacing\u003d\"1000\"\u003e \u003cline b\u003d\"684\" baseline\u003d\"684\" l\u003d\"611\" r\u003d\"617\" t\u003d\"674\"\u003e\u003cquantity appendorder\u003d\"5\" class\u003d\"extraction-tag\" confidence\u003d\"1/1\" data-original-title\u003d\"construction_type\" data-toggle\u003d\"tooltip\" data-value\u003d\"2\" fold-name\u003d\"fold3\" injection\u003d\"true\" referencedatausedininjection\u003d\"manual\" score\u003d\"0.7959749003520542\" style\u003d\"background-color: rgb(11, 47, 140);  color: rgb(255, 255, 255);   border: 2px solid rgb(125, 157, 1); \" tagorder\u003d\"3273381\"\u003e2\u003c/quantity\u003e\u003c/line\u003e  \u003c/par\u003e  \u003c/text\u003e  \u003c/td\u003e   \u003ctd bottomborder\u003d\"White\" h\u003d\"45\" leftborder\u003d\"White\" rightborder\u003d\"White\" topborder\u003d\"White\" w\u003d\"181\"\u003e \u003ctext xmlns\u003d\"http://ocr.crowdcomputingsystems.com/xml/schema-v1.xml\"\u003e \u003cpar align\u003d\"Right\" linespacing\u003d\"1000\"\u003e \u003cline b\u003d\"685\" baseline\u003d\"684\" l\u003d\"792\" r\u003d\"870\" t\u003d\"674\"\u003e \u003cformatting lang\u003d\"EnglishUnitedStates\"\u003e $\u003cprice class\u003d\"extraction-tag\" data-value\u003d\"108.00\" fold-name\u003d\"fold4\" ml-tagorder\u003d\"9334120\" score\u003d\"0.43172318458991826\" tagorder\u003d\"9334120\"\u003e108.00\u003c/price\u003e USD \u003c/formatting\u003e  \u003c/line\u003e  \u003c/par\u003e  \u003c/text\u003e  \u003c/td\u003e   \u003c/tr\u003e \n \u003ctr\u003e \u003ctd bottomborder\u003d\"White\" h\u003d\"45\" leftborder\u003d\"White\" rightborder\u003d\"White\" topborder\u003d\"White\" w\u003d\"250\"\u003e \u003ctext xmlns\u003d\"http://ocr.crowdcomputingsystems.com/xml/schema-v1.xml\"\u003e \u003cpar linespacing\u003d\"1000\"\u003e \u003cline b\u003d\"729\" baseline\u003d\"729\" l\u003d\"130\" r\u003d\"252\" t\u003d\"719\"\u003e\u003cproduct appendorder\u003d\"5\" class\u003d\"extraction-tag\" confidence\u003d\"1/1\" data-original-title\u003d\"construction_type\" data-toggle\u003d\"tooltip\" data-value\u003d\"Control Panel module\" fold-name\u003d\"fold5\" injection\u003d\"true\" referencedatausedininjection\u003d\"manual\" score\u003d\"0.7045650868507524\" style\u003d\"background-color: rgb(78, 135, 105);  color: rgb(0, 0, 0);   border: 2px solid rgb(125, 157, 1); \" tagorder\u003d\"6862360\"\u003eControl Panel module\u003c/product\u003e\u003c/line\u003e  \u003c/par\u003e  \u003c/text\u003e  \u003c/td\u003e   \u003ctd bottomborder\u003d\"White\" h\u003d\"45\" leftborder\u003d\"White\" rightborder\u003d\"White\" topborder\u003d\"White\" w\u003d\"190\"\u003e \u003ctext xmlns\u003d\"http://ocr.crowdcomputingsystems.com/xml/schema-v1.xml\"\u003e \u003cpar leftindent\u003d\"7700\" linespacing\u003d\"1000\"\u003e \u003cline b\u003d\"730\" baseline\u003d\"729\" l\u003d\"452\" r\u003d\"530\" t\u003d\"719\"\u003e$499.00 USD\u003c/line\u003e  \u003c/par\u003e  \u003c/text\u003e  \u003c/td\u003e   \u003ctd bottomborder\u003d\"White\" h\u003d\"45\" leftborder\u003d\"White\" rightborder\u003d\"White\" topborder\u003d\"White\" w\u003d\"125\"\u003e \u003ctext xmlns\u003d\"http://ocr.crowdcomputingsystems.com/xml/schema-v1.xml\"\u003e \u003cpar leftindent\u003d\"4400\" linespacing\u003d\"1000\"\u003e \u003cline b\u003d\"729\" baseline\u003d\"729\" l\u003d\"611\" r\u003d\"617\" t\u003d\"719\"\u003e\u003cquantity appendorder\u003d\"5\" class\u003d\"extraction-tag\" confidence\u003d\"1/1\" data-original-title\u003d\"construction_type\" data-toggle\u003d\"tooltip\" data-value\u003d\"5\" fold-name\u003d\"fold3\" injection\u003d\"true\" referencedatausedininjection\u003d\"manual\" score\u003d\"0.7301066493747783\" style\u003d\"background-color: rgb(11, 47, 140);  color: rgb(255, 255, 255);   border: 2px solid rgb(125, 157, 1); \" tagorder\u003d\"8685847\"\u003e5\u003c/quantity\u003e\u003c/line\u003e  \u003c/par\u003e  \u003c/text\u003e  \u003c/td\u003e   \u003ctd bottomborder\u003d\"White\" h\u003d\"45\" leftborder\u003d\"White\" rightborder\u003d\"White\" topborder\u003d\"White\" w\u003d\"181\"\u003e \u003ctext xmlns\u003d\"http://ocr.crowdcomputingsystems.com/xml/schema-v1.xml\"\u003e \u003cpar align\u003d\"Right\" linespacing\u003d\"1000\"\u003e \u003cline b\u003d\"730\" baseline\u003d\"729\" l\u003d\"781\" r\u003d\"870\" t\u003d\"719\"\u003e \u003cformatting lang\u003d\"EnglishUnitedStates\"\u003e $2,495.00 USD \u003c/formatting\u003e  \u003c/line\u003e  \u003c/par\u003e  \u003c/text\u003e  \u003c/td\u003e   \u003c/tr\u003e \n \u003ctr\u003e \u003ctd bottomborder\u003d\"White\" h\u003d\"68\" leftborder\u003d\"White\" rightborder\u003d\"White\" topborder\u003d\"White\" w\u003d\"250\"\u003e \u003ctext xmlns\u003d\"http://ocr.crowdcomputingsystems.com/xml/schema-v1.xml\"\u003e \u003cpar linespacing\u003d\"1000\"\u003e \u003cline b\u003d\"776\" baseline\u003d\"774\" l\u003d\"130\" r\u003d\"274\" t\u003d\"764\"\u003e\u003cproduct appendorder\u003d\"5\" class\u003d\"extraction-tag\" confidence\u003d\"1/1\" data-original-title\u003d\"construction_type\" data-toggle\u003d\"tooltip\" data-value\u003d\"Cloud Slider - Order Page\" fold-name\u003d\"fold5\" injection\u003d\"true\" referencedatausedininjection\u003d\"manual\" score\u003d\"0.7296870992516917\" style\u003d\"background-color: rgb(78, 135, 105);  color: rgb(0, 0, 0);   border: 2px solid rgb(125, 157, 1); \" tagorder\u003d\"1343766\"\u003eCloud Slider - Order Page\u003c/product\u003e\u003c/line\u003e  \u003c/par\u003e  \u003c/text\u003e  \u003c/td\u003e   \u003ctd bottomborder\u003d\"White\" h\u003d\"68\" leftborder\u003d\"White\" rightborder\u003d\"White\" topborder\u003d\"White\" w\u003d\"190\"\u003e \u003ctext xmlns\u003d\"http://ocr.crowdcomputingsystems.com/xml/schema-v1.xml\"\u003e \u003cpar leftindent\u003d\"7700\" linespacing\u003d\"1000\"\u003e \u003cline b\u003d\"775\" baseline\u003d\"774\" l\u003d\"452\" r\u003d\"530\" t\u003d\"764\"\u003e$199.90 USD\u003c/line\u003e  \u003c/par\u003e  \u003c/text\u003e  \u003c/td\u003e   \u003ctd bottomborder\u003d\"White\" h\u003d\"68\" leftborder\u003d\"White\" rightborder\u003d\"White\" topborder\u003d\"White\" w\u003d\"125\"\u003e \u003ctext xmlns\u003d\"http://ocr.crowdcomputingsystems.com/xml/schema-v1.xml\"\u003e \u003cpar leftindent\u003d\"4400\" linespacing\u003d\"1000\"\u003e \u003cline b\u003d\"774\" baseline\u003d\"774\" l\u003d\"611\" r\u003d\"617\" t\u003d\"764\"\u003e\u003cquantity appendorder\u003d\"5\" class\u003d\"extraction-tag\" confidence\u003d\"1/1\" data-original-title\u003d\"construction_type\" data-toggle\u003d\"tooltip\" data-value\u003d\"2\" fold-name\u003d\"fold3\" injection\u003d\"true\" referencedatausedininjection\u003d\"manual\" score\u003d\"0.8737081692859133\" style\u003d\"background-color: rgb(11, 47, 140);  color: rgb(255, 255, 255);   border: 2px solid rgb(125, 157, 1); \" tagorder\u003d\"5458714\"\u003e2\u003c/quantity\u003e\u003c/line\u003e  \u003c/par\u003e  \u003c/text\u003e  \u003c/td\u003e   \u003ctd bottomborder\u003d\"White\" h\u003d\"68\" leftborder\u003d\"White\" rightborder\u003d\"White\" topborder\u003d\"White\" w\u003d\"181\"\u003e \u003ctext xmlns\u003d\"http://ocr.crowdcomputingsystems.com/xml/schema-v1.xml\"\u003e \u003cpar align\u003d\"Right\" linespacing\u003d\"1000\"\u003e \u003cline b\u003d\"775\" baseline\u003d\"774\" l\u003d\"792\" r\u003d\"870\" t\u003d\"764\"\u003e \u003cformatting lang\u003d\"EnglishUnitedStates\"\u003e $\u003cprice class\u003d\"extraction-tag\" data-value\u003d\"399.80\" fold-name\u003d\"fold4\" ml-tagorder\u003d\"9334125\" score\u003d\"0.4743059316106152\" tagorder\u003d\"9334125\"\u003e399.80\u003c/price\u003e USD \u003c/formatting\u003e  \u003c/line\u003e  \u003c/par\u003e  \u003c/text\u003e  \u003c/td\u003e   \u003c/tr\u003e \n \u003ctr\u003e \u003ctd bottomborder\u003d\"White\" h\u003d\"66\" leftborder\u003d\"White\" rightborder\u003d\"White\" topborder\u003d\"White\" w\u003d\"250\"\u003e \u003ctext xmlns\u003d\"http://ocr.crowdcomputingsystems.com/xml/schema-v1.xml\"\u003e \u003cpar linespacing\u003d\"-1\"\u003e\u003c/par\u003e  \u003c/text\u003e  \u003c/td\u003e   \u003ctd bottomborder\u003d\"White\" colspan\u003d\"2\" h\u003d\"66\" leftborder\u003d\"White\" rightborder\u003d\"White\" topborder\u003d\"White\" w\u003d\"315\"\u003e \u003ctext xmlns\u003d\"http://ocr.crowdcomputingsystems.com/xml/schema-v1.xml\"\u003e \u003cpar leftindent\u003d\"18000\" linespacing\u003d\"1100\"\u003e \u003cline b\u003d\"867\" baseline\u003d\"866\" l\u003d\"557\" r\u003d\"615\" t\u003d\"855\"\u003e \u003cformatting lang\u003d\"EnglishUnitedStates\"\u003e Subtotal \u003c/formatting\u003e  \u003c/line\u003e  \u003c/par\u003e  \u003c/text\u003e  \u003c/td\u003e   \u003ctd bottomborder\u003d\"White\" h\u003d\"66\" leftborder\u003d\"White\" rightborder\u003d\"White\" topborder\u003d\"White\" w\u003d\"181\"\u003e \u003ctext xmlns\u003d\"http://ocr.crowdcomputingsystems.com/xml/schema-v1.xml\"\u003e \u003cpar align\u003d\"Right\" linespacing\u003d\"1100\"\u003e \u003cline b\u003d\"868\" baseline\u003d\"866\" l\u003d\"770\" r\u003d\"871\" t\u003d\"855\"\u003e \u003cformatting lang\u003d\"EnglishUnitedStates\"\u003e $3,322.75 USD \u003c/formatting\u003e  \u003c/line\u003e  \u003c/par\u003e  \u003c/text\u003e  \u003c/td\u003e   \u003c/tr\u003e \n \u003ctr\u003e \u003ctd bottomborder\u003d\"White\" h\u003d\"42\" leftborder\u003d\"White\" rightborder\u003d\"White\" topborder\u003d\"White\" w\u003d\"250\"\u003e \u003ctext xmlns\u003d\"http://ocr.crowdcomputingsystems.com/xml/schema-v1.xml\"\u003e \u003cpar linespacing\u003d\"-1\"\u003e\u003c/par\u003e  \u003c/text\u003e  \u003c/td\u003e   \u003ctd bottomborder\u003d\"White\" colspan\u003d\"2\" h\u003d\"42\" leftborder\u003d\"White\" rightborder\u003d\"White\" topborder\u003d\"White\" w\u003d\"315\"\u003e \u003ctext xmlns\u003d\"http://ocr.crowdcomputingsystems.com/xml/schema-v1.xml\"\u003e \u003cpar leftindent\u003d\"18000\" linespacing\u003d\"1200\"\u003e \u003cline b\u003d\"909\" baseline\u003d\"907\" l\u003d\"556\" r\u003d\"648\" t\u003d\"895\"\u003e \u003cformatting lang\u003d\"EnglishUnitedStates\"\u003e Tax (20.00%): \u003c/formatting\u003e  \u003c/line\u003e  \u003c/par\u003e  \u003c/text\u003e  \u003c/td\u003e   \u003ctd bottomborder\u003d\"White\" h\u003d\"42\" leftborder\u003d\"White\" rightborder\u003d\"White\" topborder\u003d\"White\" w\u003d\"181\"\u003e \u003ctext xmlns\u003d\"http://ocr.crowdcomputingsystems.com/xml/schema-v1.xml\"\u003e \u003cpar align\u003d\"Right\" linespacing\u003d\"1100\"\u003e \u003cline b\u003d\"909\" baseline\u003d\"907\" l\u003d\"800\" r\u003d\"871\" t\u003d\"896\"\u003e \u003cformatting lang\u003d\"EnglishUnitedStates\"\u003e $0.00 USD \u003c/formatting\u003e  \u003c/line\u003e  \u003c/par\u003e  \u003c/text\u003e  \u003c/td\u003e   \u003c/tr\u003e \n \u003ctr\u003e \u003ctd bottomborder\u003d\"White\" h\u003d\"52\" leftborder\u003d\"White\" rightborder\u003d\"White\" topborder\u003d\"White\" w\u003d\"250\"\u003e \u003ctext xmlns\u003d\"http://ocr.crowdcomputingsystems.com/xml/schema-v1.xml\"\u003e \u003cpar linespacing\u003d\"-1\"\u003e\u003c/par\u003e  \u003c/text\u003e  \u003c/td\u003e   \u003ctd bottomborder\u003d\"White\" colspan\u003d\"2\" h\u003d\"52\" leftborder\u003d\"White\" rightborder\u003d\"White\" topborder\u003d\"White\" w\u003d\"315\"\u003e \u003ctext xmlns\u003d\"http://ocr.crowdcomputingsystems.com/xml/schema-v1.xml\"\u003e \u003cpar leftindent\u003d\"18000\" linespacing\u003d\"1200\"\u003e \u003cline b\u003d\"950\" baseline\u003d\"948\" l\u003d\"556\" r\u003d\"648\" t\u003d\"936\"\u003e \u003cformatting lang\u003d\"EnglishUnitedStates\"\u003e Tax (11.00%): \u003c/formatting\u003e  \u003c/line\u003e  \u003c/par\u003e  \u003c/text\u003e  \u003c/td\u003e   \u003ctd bottomborder\u003d\"White\" h\u003d\"52\" leftborder\u003d\"White\" rightborder\u003d\"White\" topborder\u003d\"White\" w\u003d\"181\"\u003e \u003ctext xmlns\u003d\"http://ocr.crowdcomputingsystems.com/xml/schema-v1.xml\"\u003e \u003cpar align\u003d\"Right\" linespacing\u003d\"1100\"\u003e \u003cline b\u003d\"950\" baseline\u003d\"948\" l\u003d\"770\" r\u003d\"871\" t\u003d\"937\"\u003e \u003cformatting lang\u003d\"EnglishUnitedStates\"\u003e $3,322.75 USD \u003c/formatting\u003e  \u003c/line\u003e  \u003c/par\u003e  \u003c/text\u003e  \u003c/td\u003e   \u003c/tr\u003e \n \u003ctr\u003e \u003ctd bottomborder\u003d\"White\" h\u003d\"44\" leftborder\u003d\"White\" rightborder\u003d\"White\" topborder\u003d\"White\" w\u003d\"250\"\u003e \u003ctext xmlns\u003d\"http://ocr.crowdcomputingsystems.com/xml/schema-v1.xml\"\u003e \u003cpar linespacing\u003d\"-1\"\u003e\u003c/par\u003e  \u003c/text\u003e  \u003c/td\u003e   \u003ctd bottomborder\u003d\"White\" colspan\u003d\"2\" h\u003d\"44\" leftborder\u003d\"White\" rightborder\u003d\"White\" topborder\u003d\"White\" w\u003d\"315\"\u003e \u003ctext xmlns\u003d\"http://ocr.crowdcomputingsystems.com/xml/schema-v1.xml\"\u003e \u003cpar leftindent\u003d\"18000\" linespacing\u003d\"1600\"\u003e \u003cline b\u003d\"1015\" baseline\u003d\"1015\" l\u003d\"557\" r\u003d\"603\" t\u003d\"999\"\u003e \u003cformatting lang\u003d\"EnglishUnitedStates\"\u003e Total \u003c/formatting\u003e  \u003c/line\u003e  \u003c/par\u003e  \u003c/text\u003e  \u003c/td\u003e   \u003ctd bottomborder\u003d\"White\" h\u003d\"44\" leftborder\u003d\"White\" rightborder\u003d\"White\" topborder\u003d\"White\" w\u003d\"181\"\u003e \u003ctext xmlns\u003d\"http://ocr.crowdcomputingsystems.com/xml/schema-v1.xml\"\u003e \u003cpar align\u003d\"Right\" linespacing\u003d\"1800\"\u003e \u003cline b\u003d\"1017\" baseline\u003d\"1014\" l\u003d\"735\" r\u003d\"870\" t\u003d\"996\"\u003e \u003cformatting lang\u003d\"EnglishUnitedStates\"\u003e $\u003ctotal_amount appendorder\u003d\"5\" class\u003d\"extraction-tag\" confidence\u003d\"1/1\" data-original-title\u003d\"Total amount\" data-toggle\u003d\"tooltip\" data-value\u003d\"2,872.75\" fold-name\u003d\"fold2\" score\u003d\"0.8845407109287073\" style\u003d\"background-color: rgb(27, 182, 226);  color: rgb(0, 0, 0);   border: 2px solid rgb(125, 157, 1); \" tagorder\u003d\"3\"\u003e2,872.75\u003c/total_amount\u003e USD \u003c/formatting\u003e  \u003c/line\u003e  \u003c/par\u003e  \u003c/text\u003e  \u003c/td\u003e   \u003c/tr\u003e \n \u003c/tbody\u003e\u003c/table\u003e\n \u003cblock b\u003d\"1163\" blockname\u003d\"\" blocktype\u003d\"Text\" l\u003d\"128\" r\u003d\"263\" style\u003d\"transform: translate(172px, 2017px); position: absolute; width: 181.463px; height: 83.0556px;\" t\u003d\"1117\"\u003e \u003cregion\u003e \u003crect b\u003d\"1163\" l\u003d\"128\" r\u003d\"263\" t\u003d\"1117\"\u003e\u003c/rect\u003e  \u003c/region\u003e  \u003ctext\u003e \u003cpar leftindent\u003d\"12800\" linespacing\u003d\"3200\" rightindent\u003d\"63400\"\u003e \u003cline b\u003d\"1127\" baseline\u003d\"1127\" l\u003d\"128\" r\u003d\"224\" style\u003d\"transform: translate(0px, 0px); position: absolute;\" t\u003d\"1117\"\u003e \u003cformatting lang\u003d\"EnglishUnitedStates\"\u003e Additional notes \u003c/formatting\u003e  \u003c/line\u003e  \u003cline b\u003d\"1161\" baseline\u003d\"1159\" l\u003d\"129\" r\u003d\"262\" style\u003d\"transform: translate(1px, 58px); position: absolute;\" t\u003d\"1149\"\u003e \u003cformatting lang\u003d\"EnglishUnitedStates\"\u003e Enter your notes here... \u003c/formatting\u003e  \u003c/line\u003e  \u003c/par\u003e  \u003c/text\u003e  \u003c/block\u003e  \u003cblock b\u003d\"1207\" blockname\u003d\"\" blocktype\u003d\"Text\" l\u003d\"790\" r\u003d\"896\" style\u003d\"transform: translate(1062px, 2158px); position: absolute; width: 142.482px; height: 21.6667px;\" t\u003d\"1195\"\u003e \u003cregion\u003e \u003crect b\u003d\"1207\" l\u003d\"790\" r\u003d\"896\" t\u003d\"1195\"\u003e\u003c/rect\u003e  \u003c/region\u003e  \u003ctext\u003e \u003cpar align\u003d\"Right\" linespacing\u003d\"1000\"\u003e \u003cline b\u003d\"1205\" baseline\u003d\"1205\" l\u003d\"790\" r\u003d\"895\" style\u003d\"transform: translate(0px, 0px); position: absolute;\" t\u003d\"1195\"\u003e \u003cformatting lang\u003d\"EnglishUnitedStates\"\u003e Enter footer text... \u003c/formatting\u003e  \u003c/line\u003e  \u003c/par\u003e  \u003c/text\u003e  \u003c/block\u003e  \u003cblock b\u003d\"1254\" blockname\u003d\"\" blocktype\u003d\"Separator\" l\u003d\"640\" r\u003d\"768\" style\u003d\"transform: translate(860px, 2262px); position: absolute;\" t\u003d\"1253\"\u003e \u003cregion\u003e \u003crect b\u003d\"1254\" l\u003d\"640\" r\u003d\"768\" t\u003d\"1253\"\u003e\u003c/rect\u003e  \u003c/region\u003e  \u003cseparator thickness\u003d\"1\" type\u003d\"Black\"\u003e \u003cstart x\u003d\"640\" y\u003d\"1253\"\u003e\u003c/start\u003e \u003cend x\u003d\"768\" y\u003d\"1253\"\u003e\u003c/end\u003e \u003c/separator\u003e \u003c/block\u003e  \u003cblock b\u003d\"1260\" blockname\u003d\"\" blocktype\u003d\"Separator\" l\u003d\"256\" r\u003d\"768\" style\u003d\"transform: translate(344px, 2273px); position: absolute;\" t\u003d\"1259\"\u003e \u003cregion\u003e \u003crect b\u003d\"1260\" l\u003d\"256\" r\u003d\"768\" t\u003d\"1259\"\u003e\u003c/rect\u003e  \u003c/region\u003e  \u003cseparator thickness\u003d\"1\" type\u003d\"Black\"\u003e \u003cstart x\u003d\"256\" y\u003d\"1259\"\u003e\u003c/start\u003e \u003cend x\u003d\"768\" y\u003d\"1259\"\u003e\u003c/end\u003e \u003c/separator\u003e \u003c/block\u003e  \u003cblock b\u003d\"66\" blockname\u003d\"\" blocktype\u003d\"Text\" l\u003d\"467\" r\u003d\"583\" style\u003d\"transform: translate(628px, 2px); position: absolute; width: 155.924px; height: 117.361px;\" t\u003d\"1\"\u003e \u003cregion\u003e \u003crect b\u003d\"66\" l\u003d\"467\" r\u003d\"583\" t\u003d\"1\"\u003e\u003c/rect\u003e  \u003c/region\u003e  \u003ctext\u003e \u003cpar linespacing\u003d\"-1\"\u003e\u003c/par\u003e  \u003c/text\u003e  \u003c/block\u003e  \u003cblock b\u003d\"567\" blockname\u003d\"\" blocktype\u003d\"Text\" class\u003d\"hidden\" l\u003d\"1\" r\u003d\"886\" style\u003d\"transform: translate(1px, 876px); position: absolute; width: 1189.59px; height: 148.056px;\" t\u003d\"485\"\u003e \u003cregion\u003e \u003crect b\u003d\"567\" l\u003d\"1\" r\u003d\"886\" t\u003d\"485\"\u003e\u003c/rect\u003e  \u003c/region\u003e  \u003ctext\u003e \u003cpar leftindent\u003d\"12800\" linespacing\u003d\"-1\"\u003e\u003c/par\u003e  \u003c/text\u003e  \u003c/block\u003e  \u003c/page\u003e               \u003c/document\u003e\u003c/body\u003e\u003c/html\u003e","tags":[{"begin":81,"end":87,"text":"938346","tag":"invoice_number","fieldType":"TEXT","score":0.6567402636765751,"estimatedAccuracy":0.0},{"begin":113,"end":123,"text":"28/08/2013","tag":"invoice_date","fieldType":"DATE","score":0.8076844749448285,"estimatedAccuracy":0.0},{"begin":239,"end":258,"text":"Future Software Ltd","tag":"supplier_name","fieldType":"COMPANY_NAME","score":0.6952762341339636,"estimatedAccuracy":0.0},{"begin":476,"end":490,"text":"Shared Hosting","tag":"product","fieldType":"TEXT","score":0.7840640688390026,"estimatedAccuracy":0.0},{"begin":524,"end":525,"text":"1","tag":"quantity","fieldType":"NUMBER","score":0.849406779876398,"estimatedAccuracy":0.0},{"begin":568,"end":585,"text":"2GB Dedicated RAM","tag":"product","fieldType":"TEXT","score":0.7863834125586329,"estimatedAccuracy":0.0},{"begin":619,"end":620,"text":"4","tag":"quantity","fieldType":"NUMBER","score":0.8073608106017001,"estimatedAccuracy":0.0},{"begin":635,"end":641,"text":"300.00","tag":"price","fieldType":"NUMBER","score":0.4357590966084415,"estimatedAccuracy":0.0},{"begin":664,"end":691,"text":"500 GB Dedicated Disk Space","tag":"product","fieldType":"TEXT","score":0.6892125527835733,"estimatedAccuracy":0.0},{"begin":725,"end":726,"text":"2","tag":"quantity","fieldType":"NUMBER","score":0.7959749003520542,"estimatedAccuracy":0.0},{"begin":741,"end":747,"text":"108.00","tag":"price","fieldType":"NUMBER","score":0.43172318458991826,"estimatedAccuracy":0.0},{"begin":770,"end":790,"text":"Control Panel module","tag":"product","fieldType":"TEXT","score":0.7045650868507524,"estimatedAccuracy":0.0},{"begin":825,"end":826,"text":"5","tag":"quantity","fieldType":"NUMBER","score":0.7301066493747783,"estimatedAccuracy":0.0},{"begin":872,"end":897,"text":"Cloud Slider - Order Page","tag":"product","fieldType":"TEXT","score":0.7296870992516917,"estimatedAccuracy":0.0},{"begin":932,"end":933,"text":"2","tag":"quantity","fieldType":"NUMBER","score":0.8737081692859133,"estimatedAccuracy":0.0},{"begin":948,"end":954,"text":"399.80","tag":"price","fieldType":"NUMBER","score":0.4743059316106152,"estimatedAccuracy":0.0},{"begin":1221,"end":1229,"text":"2,872.75","tag":"total_amount","fieldType":"NUMBER","score":0.8845407109287073,"estimatedAccuracy":0.0}],"group":"invoice_date|invoice_number|price|product|quantity|supplier_name|total_amount","limeExplanation":{},"liblinearFeatureImportance":{}}