{"finalScore":0.0,"metaInfo":{"model":{"coreVersion":"10.3.0.39"}},"sumScore":0.0,"tagsCounter":0.0,"taggedText":"\u003cdocument languages\u003d\"\" producer\u003d\"Workfusion\" schemalocation\u003d\"http://ocr.crowdcomputingsystems.com/xml/schema-v1.xml\" version\u003d\"1.0\" xmlns\u003d\"http://ocr.crowdcomputingsystems.com/xml/schema-v1.xml\" xsi\u003d\"http://www.w3.org/2001/XMLSchema-instance\"\u003e \u003clink href\u003d\"https://s3.amazonaws.com/workfusion-resources/ocr/ocr-xml-viewer-0.3-scale-to-width.css\" rel\u003d\"stylesheet\" type\u003d\"text/css\"\u003e\u003c/link\u003e \u003cstyle\u003e\u003c/style\u003e\u003cpage data-pages\u003d\"1\" h\u003d\"787\" resolution\u003d\"90\" style\u003d\"height: 1137px;\" w\u003d\"988\"\u003e \u003cblock b\u003d\"30\" blockname\u003d\"\" blocktype\u003d\"Text\" l\u003d\"458\" r\u003d\"533\" style\u003d\"transform: translate(652px, 22px); position: absolute; width: 106.731px; height: 21.6667px;\" t\u003d\"15\"\u003e \u003cregion\u003e \u003crect b\u003d\"30\" l\u003d\"458\" r\u003d\"533\" t\u003d\"15\"\u003e\u003c/rect\u003e  \u003c/region\u003e  \u003ctext\u003e \u003cpar leftindent\u003d\"24500\" linespacing\u003d\"960\"\u003e \u003cline b\u003d\"28\" baseline\u003d\"28\" l\u003d\"459\" r\u003d\"531\" style\u003d\"transform: translate(1px, 1px); position: absolute;\" t\u003d\"16\"\u003e \u003cformatting lang\u003d\"EnglishUnitedStates\"\u003e INVOICE \u003c/formatting\u003e  \u003c/line\u003e  \u003c/par\u003e  \u003c/text\u003e  \u003c/block\u003e  \u003cblock b\u003d\"123\" blockname\u003d\"\" blocktype\u003d\"Text\" l\u003d\"0\" r\u003d\"136\" style\u003d\"transform: translate(0px, 77px); position: absolute; width: 193.538px; height: 101.111px;\" t\u003d\"53\"\u003e \u003cregion\u003e \u003crect b\u003d\"123\" l\u003d\"0\" r\u003d\"136\" t\u003d\"53\"\u003e\u003c/rect\u003e  \u003c/region\u003e  \u003ctext\u003e \u003cpar align\u003d\"Justified\"\u003e \u003cline b\u003d\"121\" baseline\u003d\"118\" l\u003d\"69\" r\u003d\"135\" style\u003d\"transform: translate(98px, 0px); position: absolute;\" t\u003d\"53\"\u003e \u003cformatting lang\u003d\"EnglishUnitedStates\"\u003e 4 \u003c/formatting\u003e  \u003c/line\u003e  \u003c/par\u003e  \u003c/text\u003e  \u003c/block\u003e  \u003cblock b\u003d\"151\" blockname\u003d\"\" blocktype\u003d\"Text\" l\u003d\"168\" r\u003d\"668\" style\u003d\"transform: translate(239px, 117px); position: absolute; width: 711.538px; height: 101.111px;\" t\u003d\"81\"\u003e \u003cregion\u003e \u003crect b\u003d\"151\" l\u003d\"168\" r\u003d\"668\" t\u003d\"81\"\u003e\u003c/rect\u003e  \u003c/region\u003e  \u003ctext\u003e \u003cpar align\u003d\"Right\" linespacing\u003d\"1200\"\u003e \u003cline b\u003d\"97\" baseline\u003d\"96\" l\u003d\"169\" r\u003d\"666\" style\u003d\"transform: translate(1px, 0px); position: absolute;\" t\u003d\"81\"\u003e \u003cformatting lang\u003d\"EnglishUnitedStates\"\u003e NOER Notru COMPONENTS LTD \u003c/formatting\u003e  \u003c/line\u003e  \u003c/par\u003e  \u003cpar align\u003d\"Justified\" leftindent\u003d\"1100\" linespacing\u003d\"800\"\u003e \u003cline b\u003d\"126\" baseline\u003d\"124\" l\u003d\"169\" r\u003d\"527\" style\u003d\"transform: translate(1px, 48px); position: absolute;\" t\u003d\"114\"\u003e \u003cformatting lang\u003d\"EnglishUnitedStates\"\u003e GREENLAND MILLS. BRADFORD-ON-AVON. WILTSHIRE \u003c/formatting\u003e  \u003c/line\u003e  \u003c/par\u003e  \u003cpar align\u003d\"Justified\" leftindent\u003d\"1100\" linespacing\u003d\"720\"\u003e \u003cline b\u003d\"149\" baseline\u003d\"146\" l\u003d\"169\" r\u003d\"389\" style\u003d\"transform: translate(1px, 81px); position: absolute;\" t\u003d\"137\"\u003e \u003cformatting lang\u003d\"EnglishUnitedStates\"\u003e Telephone : BRADFORD-ON-AVON 2971/2 \u003c/formatting\u003e  \u003c/line\u003e  \u003c/par\u003e  \u003c/text\u003e  \u003c/block\u003e  \u003cblock b\u003d\"140\" blockname\u003d\"\" blocktype\u003d\"Text\" l\u003d\"779\" r\u003d\"974\" style\u003d\"transform: translate(1109px, 75px); position: absolute; width: 277.5px; height: 127.111px;\" t\u003d\"52\"\u003e \u003cregion\u003e \u003crect b\u003d\"140\" l\u003d\"779\" r\u003d\"974\" t\u003d\"52\"\u003e\u003c/rect\u003e  \u003c/region\u003e  \u003ctext\u003e \u003cpar leftindent\u003d\"3400\" linespacing\u003d\"1760\"\u003e \u003cline b\u003d\"75\" baseline\u003d\"74\" l\u003d\"822\" r\u003d\"972\" style\u003d\"transform: translate(61px, 0px); position: absolute;\" t\u003d\"52\"\u003e \u003cformatting lang\u003d\"EnglishUnitedStates\"\u003e N- 1157 C \u003c/formatting\u003e  \u003c/line\u003e  \u003c/par\u003e  \u003cpar linespacing\u003d\"1040\"\u003e \u003cline b\u003d\"99\" baseline\u003d\"99\" l\u003d\"779\" r\u003d\"810\" style\u003d\"transform: translate(0px, 49px); position: absolute;\" t\u003d\"86\"\u003e \u003cformatting lang\u003d\"EnglishUnitedStates\"\u003e \u0026lt; \u0026lt;r \u003c/formatting\u003e  \u003c/line\u003e  \u003c/par\u003e  \u003cpar leftindent\u003d\"4800\" linespacing\u003d\"320\"\u003e \u003cline b\u003d\"107\" baseline\u003d\"106\" l\u003d\"839\" r\u003d\"852\" style\u003d\"transform: translate(85px, 72px); position: absolute;\" t\u003d\"102\"\u003e \u003cformatting lang\u003d\"EnglishUnitedStates\"\u003e + 0 \u003c/formatting\u003e  \u003c/line\u003e  \u003c/par\u003e  \u003cpar leftindent\u003d\"1800\" linespacing\u003d\"1680\"\u003e \u003cline b\u003d\"138\" baseline\u003d\"136\" l\u003d\"802\" r\u003d\"912\" style\u003d\"transform: translate(33px, 91px); position: absolute;\" t\u003d\"115\"\u003e \u003cformatting lang\u003d\"EnglishUnitedStates\"\u003e \u0026rsquo; Dat\u0026lt;Wo.l.67o \u003c/formatting\u003e  \u003c/line\u003e  \u003c/par\u003e  \u003c/text\u003e  \u003c/block\u003e  \u003cblock b\u003d\"181\" blockname\u003d\"\" blocktype\u003d\"Text\" l\u003d\"168\" r\u003d\"258\" style\u003d\"transform: translate(239px, 240px); position: absolute; width: 128.077px; height: 21.6667px;\" t\u003d\"166\"\u003e \u003cregion\u003e \u003crect b\u003d\"181\" l\u003d\"168\" r\u003d\"258\" t\u003d\"166\"\u003e\u003c/rect\u003e  \u003c/region\u003e  \u003ctext\u003e \u003cpar align\u003d\"Justified\" leftindent\u003d\"1100\" linespacing\u003d\"880\"\u003e \u003cline b\u003d\"180\" baseline\u003d\"178\" l\u003d\"169\" r\u003d\"256\" style\u003d\"transform: translate(1px, 1px); position: absolute;\" t\u003d\"167\"\u003e \u003cformatting lang\u003d\"EnglishUnitedStates\"\u003e To: 3. ^0X, \u003c/formatting\u003e  \u003c/line\u003e  \u003c/par\u003e  \u003c/text\u003e  \u003c/block\u003e  \u003cblock b\u003d\"550\" blockname\u003d\"\" blocktype\u003d\"Text\" l\u003d\"0\" r\u003d\"2\" style\u003d\"transform: translate(0px, 784px); position: absolute; width: 2.84615px; height: 10.1111px;\" t\u003d\"543\"\u003e \u003cregion\u003e \u003crect b\u003d\"550\" l\u003d\"0\" r\u003d\"2\" t\u003d\"543\"\u003e\u003c/rect\u003e  \u003c/region\u003e  \u003ctext\u003e \u003cpar linespacing\u003d\"-1\"\u003e\u003c/par\u003e  \u003c/text\u003e  \u003c/block\u003e  \u003cblock b\u003d\"787\" blockname\u003d\"\" blocktype\u003d\"Text\" l\u003d\"0\" r\u003d\"64\" style\u003d\"transform: translate(0px, 1033px); position: absolute; width: 91.0769px; height: 104px;\" t\u003d\"715\"\u003e \u003cregion\u003e \u003crect b\u003d\"787\" l\u003d\"0\" r\u003d\"64\" t\u003d\"715\"\u003e\u003c/rect\u003e  \u003c/region\u003e  \u003ctext\u003e \u003cpar align\u003d\"Justified\"\u003e \u003cline b\u003d\"787\" baseline\u003d\"784\" l\u003d\"1\" r\u003d\"63\" style\u003d\"transform: translate(1px, 9px); position: absolute;\" t\u003d\"721\"\u003e \u003cformatting lang\u003d\"EnglishUnitedStates\"\u003e V \u003c/formatting\u003e  \u003c/line\u003e  \u003c/par\u003e  \u003c/text\u003e  \u003c/block\u003e  \u003cblock b\u003d\"282\" blockname\u003d\"\" blocktype\u003d\"Separator\" l\u003d\"153\" r\u003d\"988\" style\u003d\"transform: translate(218px, 399px); position: absolute;\" t\u003d\"276\"\u003e \u003cregion\u003e \u003crect b\u003d\"277\" l\u003d\"887\" r\u003d\"988\" t\u003d\"276\"\u003e\u003c/rect\u003e  \u003crect b\u003d\"278\" l\u003d\"736\" r\u003d\"988\" t\u003d\"277\"\u003e\u003c/rect\u003e  \u003crect b\u003d\"280\" l\u003d\"153\" r\u003d\"988\" t\u003d\"278\"\u003e\u003c/rect\u003e  \u003crect b\u003d\"281\" l\u003d\"153\" r\u003d\"736\" t\u003d\"280\"\u003e\u003c/rect\u003e  \u003crect b\u003d\"282\" l\u003d\"153\" r\u003d\"263\" t\u003d\"281\"\u003e\u003c/rect\u003e  \u003c/region\u003e  \u003cseparator thickness\u003d\"3\" type\u003d\"Black\"\u003e \u003cstart x\u003d\"153\" y\u003d\"279\"\u003e\u003c/start\u003e \u003cend x\u003d\"988\" y\u003d\"279\"\u003e\u003c/end\u003e \u003c/separator\u003e \u003c/block\u003e  \u003cblock b\u003d\"476\" blockname\u003d\"\" blocktype\u003d\"Separator\" l\u003d\"755\" r\u003d\"874\" style\u003d\"transform: translate(1074px, 680px); position: absolute;\" t\u003d\"471\"\u003e \u003cregion\u003e \u003crect b\u003d\"472\" l\u003d\"871\" r\u003d\"873\" t\u003d\"471\"\u003e\u003c/rect\u003e  \u003crect b\u003d\"474\" l\u003d\"755\" r\u003d\"874\" t\u003d\"472\"\u003e\u003c/rect\u003e  \u003crect b\u003d\"475\" l\u003d\"755\" r\u003d\"873\" t\u003d\"474\"\u003e\u003c/rect\u003e  \u003crect b\u003d\"476\" l\u003d\"871\" r\u003d\"873\" t\u003d\"475\"\u003e\u003c/rect\u003e  \u003c/region\u003e  \u003cseparator thickness\u003d\"3\" type\u003d\"Black\"\u003e \u003cstart x\u003d\"755\" y\u003d\"473\"\u003e\u003c/start\u003e \u003cend x\u003d\"874\" y\u003d\"473\"\u003e\u003c/end\u003e \u003c/separator\u003e \u003c/block\u003e  \u003cblock b\u003d\"521\" blockname\u003d\"\" blocktype\u003d\"Separator\" l\u003d\"871\" r\u003d\"955\" style\u003d\"transform: translate(1240px, 742px); position: absolute;\" t\u003d\"514\"\u003e \u003cregion\u003e \u003crect b\u003d\"515\" l\u003d\"871\" r\u003d\"879\" t\u003d\"514\"\u003e\u003c/rect\u003e  \u003crect b\u003d\"516\" l\u003d\"871\" r\u003d\"947\" t\u003d\"515\"\u003e\u003c/rect\u003e  \u003crect b\u003d\"520\" l\u003d\"871\" r\u003d\"955\" t\u003d\"516\"\u003e\u003c/rect\u003e  \u003crect b\u003d\"521\" l\u003d\"871\" r\u003d\"955\" t\u003d\"520\"\u003e\u003c/rect\u003e  \u003c/region\u003e  \u003cseparator thickness\u003d\"5\" type\u003d\"Black\"\u003e \u003cstart x\u003d\"871\" y\u003d\"517\"\u003e\u003c/start\u003e \u003cend x\u003d\"955\" y\u003d\"517\"\u003e\u003c/end\u003e \u003c/separator\u003e \u003c/block\u003e  \u003cblock b\u003d\"787\" blockname\u003d\"\" blocktype\u003d\"Separator\" class\u003d\"hidden\" l\u003d\"153\" r\u003d\"156\" style\u003d\"transform: translate(218px, 402px); position: absolute;\" t\u003d\"278\"\u003e \u003cregion\u003e \u003crect b\u003d\"787\" l\u003d\"153\" r\u003d\"156\" t\u003d\"278\"\u003e\u003c/rect\u003e  \u003c/region\u003e  \u003cseparator thickness\u003d\"3\" type\u003d\"Black\"\u003e \u003cstart x\u003d\"154\" y\u003d\"278\"\u003e\u003c/start\u003e \u003cend x\u003d\"154\" y\u003d\"787\"\u003e\u003c/end\u003e \u003c/separator\u003e \u003c/block\u003e  \u003cblock b\u003d\"787\" blockname\u003d\"\" blocktype\u003d\"Separator\" class\u003d\"hidden\" l\u003d\"254\" r\u003d\"256\" style\u003d\"transform: translate(361px, 406px); position: absolute;\" t\u003d\"281\"\u003e \u003cregion\u003e \u003crect b\u003d\"787\" l\u003d\"254\" r\u003d\"256\" t\u003d\"281\"\u003e\u003c/rect\u003e  \u003c/region\u003e  \u003cseparator thickness\u003d\"2\" type\u003d\"Black\"\u003e \u003cstart x\u003d\"255\" y\u003d\"281\"\u003e\u003c/start\u003e \u003cend x\u003d\"255\" y\u003d\"787\"\u003e\u003c/end\u003e \u003c/separator\u003e \u003c/block\u003e  \u003cblock b\u003d\"590\" blockname\u003d\"\" blocktype\u003d\"Separator\" class\u003d\"hidden\" l\u003d\"752\" r\u003d\"756\" style\u003d\"transform: translate(1070px, 404px); position: absolute;\" t\u003d\"280\"\u003e \u003cregion\u003e \u003crect b\u003d\"472\" l\u003d\"753\" r\u003d\"755\" t\u003d\"280\"\u003e\u003c/rect\u003e  \u003crect b\u003d\"566\" l\u003d\"753\" r\u003d\"756\" t\u003d\"472\"\u003e\u003c/rect\u003e  \u003crect b\u003d\"570\" l\u003d\"752\" r\u003d\"756\" t\u003d\"566\"\u003e\u003c/rect\u003e  \u003crect b\u003d\"579\" l\u003d\"753\" r\u003d\"755\" t\u003d\"570\"\u003e\u003c/rect\u003e  \u003crect b\u003d\"584\" l\u003d\"752\" r\u003d\"756\" t\u003d\"579\"\u003e\u003c/rect\u003e  \u003crect b\u003d\"590\" l\u003d\"753\" r\u003d\"755\" t\u003d\"584\"\u003e\u003c/rect\u003e  \u003c/region\u003e  \u003cseparator thickness\u003d\"2\" type\u003d\"Black\"\u003e \u003cstart x\u003d\"754\" y\u003d\"280\"\u003e\u003c/start\u003e \u003cend x\u003d\"754\" y\u003d\"590\"\u003e\u003c/end\u003e \u003c/separator\u003e \u003c/block\u003e  \u003cblock b\u003d\"787\" blockname\u003d\"\" blocktype\u003d\"Separator\" l\u003d\"752\" r\u003d\"756\" style\u003d\"transform: translate(1070px, 862px); position: absolute;\" t\u003d\"597\"\u003e \u003cregion\u003e \u003crect b\u003d\"653\" l\u003d\"753\" r\u003d\"756\" t\u003d\"597\"\u003e\u003c/rect\u003e  \u003crect b\u003d\"659\" l\u003d\"752\" r\u003d\"755\" t\u003d\"653\"\u003e\u003c/rect\u003e  \u003crect b\u003d\"666\" l\u003d\"753\" r\u003d\"755\" t\u003d\"659\"\u003e\u003c/rect\u003e  \u003crect b\u003d\"672\" l\u003d\"752\" r\u003d\"755\" t\u003d\"666\"\u003e\u003c/rect\u003e  \u003crect b\u003d\"787\" l\u003d\"753\" r\u003d\"755\" t\u003d\"672\"\u003e\u003c/rect\u003e  \u003c/region\u003e  \u003cseparator thickness\u003d\"2\" type\u003d\"Black\"\u003e \u003cstart x\u003d\"754\" y\u003d\"597\"\u003e\u003c/start\u003e \u003cend x\u003d\"754\" y\u003d\"787\"\u003e\u003c/end\u003e \u003c/separator\u003e \u003c/block\u003e  \u003cblock b\u003d\"612\" blockname\u003d\"\" blocktype\u003d\"Separator\" class\u003d\"hidden\" l\u003d\"868\" r\u003d\"874\" style\u003d\"transform: translate(1235px, 682px); position: absolute;\" t\u003d\"472\"\u003e \u003cregion\u003e \u003crect b\u003d\"482\" l\u003d\"870\" r\u003d\"874\" t\u003d\"472\"\u003e\u003c/rect\u003e  \u003crect b\u003d\"575\" l\u003d\"871\" r\u003d\"874\" t\u003d\"482\"\u003e\u003c/rect\u003e  \u003crect b\u003d\"579\" l\u003d\"870\" r\u003d\"874\" t\u003d\"575\"\u003e\u003c/rect\u003e  \u003crect b\u003d\"589\" l\u003d\"871\" r\u003d\"873\" t\u003d\"579\"\u003e\u003c/rect\u003e  \u003crect b\u003d\"590\" l\u003d\"869\" r\u003d\"873\" t\u003d\"589\"\u003e\u003c/rect\u003e  \u003crect b\u003d\"608\" l\u003d\"869\" r\u003d\"874\" t\u003d\"590\"\u003e\u003c/rect\u003e  \u003crect b\u003d\"611\" l\u003d\"868\" r\u003d\"874\" t\u003d\"608\"\u003e\u003c/rect\u003e  \u003crect b\u003d\"612\" l\u003d\"871\" r\u003d\"874\" t\u003d\"611\"\u003e\u003c/rect\u003e  \u003c/region\u003e  \u003cseparator thickness\u003d\"3\" type\u003d\"Black\"\u003e \u003cstart x\u003d\"871\" y\u003d\"472\"\u003e\u003c/start\u003e \u003cend x\u003d\"871\" y\u003d\"612\"\u003e\u003c/end\u003e \u003c/separator\u003e \u003c/block\u003e  \u003cblock b\u003d\"472\" blockname\u003d\"\" blocktype\u003d\"Separator\" l\u003d\"871\" r\u003d\"873\" style\u003d\"transform: translate(1240px, 404px); position: absolute;\" t\u003d\"280\"\u003e \u003cregion\u003e \u003crect b\u003d\"472\" l\u003d\"871\" r\u003d\"873\" t\u003d\"280\"\u003e\u003c/rect\u003e  \u003c/region\u003e  \u003cseparator thickness\u003d\"2\" type\u003d\"Black\"\u003e \u003cstart x\u003d\"872\" y\u003d\"280\"\u003e\u003c/start\u003e \u003cend x\u003d\"872\" y\u003d\"472\"\u003e\u003c/end\u003e \u003c/separator\u003e \u003c/block\u003e  \u003cblock b\u003d\"787\" blockname\u003d\"\" blocktype\u003d\"Separator\" l\u003d\"871\" r\u003d\"873\" style\u003d\"transform: translate(1240px, 1028px); position: absolute;\" t\u003d\"712\"\u003e \u003cregion\u003e \u003crect b\u003d\"787\" l\u003d\"871\" r\u003d\"873\" t\u003d\"712\"\u003e\u003c/rect\u003e  \u003c/region\u003e  \u003cseparator thickness\u003d\"2\" type\u003d\"Black\"\u003e \u003cstart x\u003d\"872\" y\u003d\"712\"\u003e\u003c/start\u003e \u003cend x\u003d\"872\" y\u003d\"787\"\u003e\u003c/end\u003e \u003c/separator\u003e \u003c/block\u003e  \u003cblock b\u003d\"787\" blockname\u003d\"\" blocktype\u003d\"Text\" l\u003d\"153\" r\u003d\"988\" style\u003d\"transform: translate(218px, 377px); position: absolute; width: 1188.27px; height: 759.778px;\" t\u003d\"261\"\u003e \u003cregion\u003e \u003crect b\u003d\"787\" l\u003d\"153\" r\u003d\"988\" t\u003d\"261\"\u003e\u003c/rect\u003e  \u003c/region\u003e  \u003ctext\u003e \u003cpar align\u003d\"Justified\" linespacing\u003d\"1120\"\u003e \u003cline b\u003d\"280\" baseline\u003d\"290\" l\u003d\"155\" r\u003d\"987\" style\u003d\"transform: translate(3px, 22px); position: absolute;\" t\u003d\"276\"\u003e \u003cformatting lang\u003d\"EnglishUnitedStates\"\u003e ---- \u003c/formatting\u003e  \u003c/line\u003e  \u003c/par\u003e  \u003cpar leftindent\u003d\"13000\" linespacing\u003d\"880\"\u003e \u003cline b\u003d\"340\" baseline\u003d\"337\" l\u003d\"315\" r\u003d\"431\" style\u003d\"transform: translate(231px, 94px); position: absolute;\" t\u003d\"326\"\u003e \u003cformatting lang\u003d\"EnglishUnitedStates\"\u003e To supplyingi- \u003c/formatting\u003e  \u003c/line\u003e  \u003c/par\u003e  \u003cpar leftindent\u003d\"10300\" linespacing\u003d\"1280\" rightindent\u003d\"34600\"\u003e \u003cline b\u003d\"373\" baseline\u003d\"370\" l\u003d\"282\" r\u003d\"555\" style\u003d\"transform: translate(184px, 137px); position: absolute;\" t\u003d\"356\"\u003e \u003cformatting lang\u003d\"EnglishUnitedStates\"\u003e One Mini-Juarcos bodjr/chassis unit \u003c/formatting\u003e  \u003c/line\u003e  \u003cline b\u003d\"390\" baseline\u003d\"387\" l\u003d\"283\" r\u003d\"348\" style\u003d\"transform: translate(185px, 166px); position: absolute;\" t\u003d\"376\"\u003e \u003cformatting lang\u003d\"EnglishUnitedStates\"\u003e Stage II \u003c/formatting\u003e  \u003c/line\u003e  \u003cline b\u003d\"404\" baseline\u003d\"404\" l\u003d\"283\" r\u003d\"398\" style\u003d\"transform: translate(185px, 191px); position: absolute;\" t\u003d\"393\"\u003e \u003cformatting lang\u003d\"EnglishUnitedStates\"\u003e Colour i White \u003c/formatting\u003e  \u003c/line\u003e  \u003c/par\u003e  \u003cpar align\u003d\"Justified\" leftindent\u003d\"10300\" linespacing\u003d\"1280\"\u003e \u003cline b\u003d\"422\" baseline\u003d\"420\" l\u003d\"283\" r\u003d\"853\" style\u003d\"transform: translate(185px, 214px); position: absolute;\" t\u003d\"409\"\u003e \u003cformatting lang\u003d\"EnglishUnitedStates\"\u003e Chassis No. 7003 \u0026pound;220. 0. 0. \u003c/formatting\u003e  \u003c/line\u003e  \u003c/par\u003e  \u003cpar align\u003d\"Justified\" leftindent\u003d\"10300\" linespacing\u003d\"1120\"\u003e \u003cline b\u003d\"456\" baseline\u003d\"454\" l\u003d\"282\" r\u003d\"854\" style\u003d\"transform: translate(184px, 259px); position: absolute;\" t\u003d\"440\"\u003e \u003cformatting lang\u003d\"EnglishUnitedStates\"\u003e Less IC^j trade discount 22. 0. 0. \u003c/formatting\u003e  \u003c/line\u003e  \u003c/par\u003e  \u003cpar align\u003d\"Right\" linespacing\u003d\"880\" rightindent\u003d\"1400\"\u003e \u003cline b\u003d\"506\" baseline\u003d\"504\" l\u003d\"880\" r\u003d\"970\" style\u003d\"transform: translate(1035px, 335px); position: absolute;\" t\u003d\"493\"\u003e \u003cformatting lang\u003d\"EnglishUnitedStates\"\u003e \u0026pound;198. 0. 0. \u003c/formatting\u003e  \u003c/line\u003e  \u003c/par\u003e  \u003cpar leftindent\u003d\"10300\" linespacing\u003d\"1280\" rightindent\u003d\"18100\"\u003e \u003cline b\u003d\"540\" baseline\u003d\"537\" l\u003d\"282\" r\u003d\"697\" style\u003d\"transform: translate(184px, 377px); position: absolute;\" t\u003d\"522\"\u003e \u003cformatting lang\u003d\"EnglishUnitedStates\"\u003e As stated this body/chassis unit will be ready for \u003c/formatting\u003e  \u003c/line\u003e  \u003cline b\u003d\"556\" baseline\u003d\"553\" l\u003d\"283\" r\u003d\"705\" style\u003d\"transform: translate(185px, 407px); position: absolute;\" t\u003d\"543\"\u003e \u003cformatting lang\u003d\"EnglishUnitedStates\"\u003e collection on Saturday 28th January. Balance to \u003c/formatting\u003e  \u003c/line\u003e  \u003cline b\u003d\"578\" baseline\u003d\"570\" l\u003d\"282\" r\u003d\"762\" style\u003d\"transform: translate(184px, 425px); position: absolute;\" t\u003d\"555\"\u003e \u003cformatting lang\u003d\"EnglishUnitedStates\"\u003e be paid on/before collection. Please contact p\u0026mdash; -- \u003c/formatting\u003e  \u003c/line\u003e  \u003c/par\u003e  \u003cpar align\u003d\"Justified\" leftindent\u003d\"10300\" linespacing\u003d\"1280\"\u003e \u003cline b\u003d\"591\" baseline\u003d\"587\" l\u003d\"281\" r\u003d\"929\" style\u003d\"transform: translate(182px, 455px); position: absolute;\" t\u003d\"576\"\u003e \u003cformatting lang\u003d\"EnglishUnitedStates\"\u003e Mr. Pease two days prior to collection. \u0026bull; pv\u0026mdash;\u0026bull;7 \u003c/formatting\u003e  \u003c/line\u003e  \u003c/par\u003e  \u003cpar leftindent\u003d\"47000\" linespacing\u003d\"2320\"\u003e \u003cline b\u003d\"614\" baseline\u003d\"613\" l\u003d\"741\" r\u003d\"927\" style\u003d\"transform: translate(837px, 467px); position: absolute;\" t\u003d\"584\"\u003e \u003cformatting lang\u003d\"EnglishUnitedStates\"\u003e NcCEfVETD / \u003c/formatting\u003e  \u003c/line\u003e  \u003c/par\u003e  \u003cpar align\u003d\"Right\" linespacing\u003d\"2720\" rightindent\u003d\"4900\"\u003e \u003cline b\u003d\"636\" baseline\u003d\"636\" l\u003d\"776\" r\u003d\"926\" style\u003d\"transform: translate(887px, 493px); position: absolute;\" t\u003d\"602\"\u003e \u003cformatting lang\u003d\"EnglishUnitedStates\"\u003e 27JANl96r / \u003c/formatting\u003e  \u003c/line\u003e  \u003c/par\u003e  \u003cpar align\u003d\"Right\" linespacing\u003d\"2400\"\u003e \u003cline b\u003d\"687\" baseline\u003d\"666\" l\u003d\"757\" r\u003d\"988\" style\u003d\"transform: translate(860px, 542px); position: absolute;\" t\u003d\"636\"\u003e \u003cformatting lang\u003d\"EnglishUnitedStates\"\u003e ?TH THAfsjtcgJ A \u003c/formatting\u003e  \u003c/line\u003e  \u003c/par\u003e  \u003cpar align\u003d\"Right\" linespacing\u003d\"3600\"\u003e \u003cline b\u003d\"731\" baseline\u003d\"713\" l\u003d\"867\" r\u003d\"988\" style\u003d\"transform: translate(1016px, 588px); position: absolute;\" t\u003d\"668\"\u003e \u003cformatting lang\u003d\"EnglishUnitedStates\"\u003e .[jpy81 \u003c/formatting\u003e  \u003c/line\u003e  \u003c/par\u003e  \u003cpar align\u003d\"Justified\" leftindent\u003d\"1100\" linespacing\u003d\"1440\"\u003e \u003cline b\u003d\"753\" baseline\u003d\"753\" l\u003d\"162\" r\u003d\"987\" style\u003d\"transform: translate(13px, 685px); position: absolute;\" t\u003d\"735\"\u003e \u003cformatting lang\u003d\"EnglishUnitedStates\"\u003e E. \u0026amp; O. E. / JA \u003c/formatting\u003e  \u003c/line\u003e  \u003c/par\u003e  \u003cpar align\u003d\"Justified\" leftindent\u003d\"1100\" linespacing\u003d\"1520\"\u003e \u003cline b\u003d\"774\" baseline\u003d\"788\" l\u003d\"164\" r\u003d\"185\" style\u003d\"transform: translate(16px, 734px); position: absolute;\" t\u003d\"769\"\u003e \u003cformatting lang\u003d\"EnglishUnitedStates\"\u003e \u0026ldquo; \u003c/formatting\u003e  \u003c/line\u003e  \u003c/par\u003e  \u003c/text\u003e  \u003c/block\u003e  \u003c/page\u003e       \u003c/document\u003e","tags":[],"group":"","limeExplanation":{},"liblinearFeatureImportance":{}}