{"finalScore":0.7660001757509507,"metaInfo":{"model":{"coreVersion":"10.3.0.39"}},"sumScore":4.596001054505704,"tagsCounter":6.0,"taggedText":"\u003chtml\u003e\u003chead\u003e\u003cscript src\u003d\"https://ajax.googleapis.com/ajax/libs/jquery/2.2.0/jquery.min.js\"\u003e\u003c/script\u003e\u003c/head\u003e\u003cbody\u003e\u003cdocument languages\u003d\"\" producer\u003d\"Workfusion\" schemalocation\u003d\"http://ocr.crowdcomputingsystems.com/xml/schema-v1.xml\" version\u003d\"1.0\" xmlns\u003d\"http://ocr.crowdcomputingsystems.com/xml/schema-v1.xml\" xsi\u003d\"http://www.w3.org/2001/XMLSchema-instance\"\u003e \u003clink href\u003d\"https://s3.amazonaws.com/workfusion-resources/ocr/ocr-xml-viewer-0.3-scale-to-width.css\" rel\u003d\"stylesheet\" type\u003d\"text/css\"\u003e\u003c/link\u003e \u003cstyle\u003e\u003c/style\u003e\u003cpage data-pages\u003d\"1\" h\u003d\"674\" resolution\u003d\"96\" style\u003d\"height: 811px;\" w\u003d\"585\"\u003e \u003cblock b\u003d\"106\" blockname\u003d\"\" blocktype\u003d\"Text\" l\u003d\"84\" r\u003d\"231\" style\u003d\"transform: translate(202px, 91px); position: absolute; width: 353.303px; height: 52.8125px;\" t\u003d\"67\"\u003e \u003cregion\u003e \u003crect b\u003d\"106\" l\u003d\"84\" r\u003d\"231\" t\u003d\"67\"\u003e\u003c/rect\u003e  \u003c/region\u003e  \u003ctext\u003e \u003cpar dropcapcharscount\u003d\"1\" leftindent\u003d\"2700\" linespacing\u003d\"825\" startindent\u003d\"-2700\"\u003e \u003cline b\u003d\"102\" baseline\u003d\"80\" l\u003d\"85\" r\u003d\"228\" style\u003d\"transform: translate(2px, 3px); position: absolute;\" t\u003d\"69\"\u003e \u003cformatting lang\u003d\"EnglishUnitedStates\"\u003e □ \u003csupplier_name appendorder\u003d\"2\" class\u003d\"extraction-tag\" confidence\u003d\"1/1\" data-original-title\u003d\"Supplier name\" data-toggle\u003d\"tooltip\" data-value\u003d\"Happy Day Department\" fold-name\u003d\"fold3\" score\u003d\"0.7478746628911052\" style\u003d\"background-color: rgb(88, 50, 166);  color: rgb(255, 255, 255);   border: 2px solid rgb(125, 157, 1); \" tagorder\u003d\"1\"\u003eHappy Day Department\u003c/supplier_name\u003e \u003c/formatting\u003e  \u003c/line\u003e  \u003cline b\u003d\"91\" baseline\u003d\"91\" l\u003d\"119\" r\u003d\"222\" style\u003d\"transform: translate(84px, 23px); position: absolute;\" t\u003d\"84\"\u003e \u003cformatting lang\u003d\"EnglishUnitedStates\"\u003e 45000 Pleasant Street \u003c/formatting\u003e  \u003c/line\u003e  \u003cline b\u003d\"103\" baseline\u003d\"102\" l\u003d\"120\" r\u003d\"209\" style\u003d\"transform: translate(87px, 37px); position: absolute;\" t\u003d\"94\"\u003e \u003cformatting lang\u003d\"EnglishUnitedStates\"\u003e Concord, NH 03301 \u003c/formatting\u003e  \u003c/line\u003e  \u003c/par\u003e  \u003c/text\u003e  \u003c/block\u003e  \u003cblock b\u003d\"261\" blockname\u003d\"\" blocktype\u003d\"Text\" l\u003d\"94\" r\u003d\"221\" style\u003d\"transform: translate(226px, 190px); position: absolute; width: 305.234px; height: 163.854px;\" t\u003d\"140\"\u003e \u003cregion\u003e \u003crect b\u003d\"261\" l\u003d\"94\" r\u003d\"221\" t\u003d\"140\"\u003e\u003c/rect\u003e  \u003c/region\u003e  \u003ctext\u003e \u003cpar linespacing\u003d\"900\"\u003e \u003cline b\u003d\"153\" baseline\u003d\"153\" l\u003d\"95\" r\u003d\"145\" style\u003d\"transform: translate(2px, 1px); position: absolute;\" t\u003d\"141\"\u003e \u003cformatting lang\u003d\"EnglishUnitedStates\"\u003e Invoice \u003c/formatting\u003e  \u003c/line\u003e  \u003c/par\u003e  \u003cpar linespacing\u003d\"300\"\u003e \u003cline b\u003d\"163\" baseline\u003d\"163\" l\u003d\"98\" r\u003d\"115\" style\u003d\"transform: translate(10px, 26px); position: absolute;\" t\u003d\"159\"\u003e \u003cformatting lang\u003d\"EnglishUnitedStates\"\u003e \u0026raquo;au \u003c/formatting\u003e  \u003c/line\u003e  \u003c/par\u003e  \u003cpar linespacing\u003d\"975\"\u003e \u003cline b\u003d\"181\" baseline\u003d\"181\" l\u003d\"99\" r\u003d\"218\" style\u003d\"transform: translate(12px, 43px); position: absolute;\" t\u003d\"172\"\u003e \u003cformatting lang\u003d\"EnglishUnitedStates\"\u003e Desk and Chair School \u003c/formatting\u003e  \u003c/line\u003e  \u003cline b\u003d\"194\" baseline\u003d\"194\" l\u003d\"99\" r\u003d\"136\" style\u003d\"transform: translate(12px, 61px); position: absolute;\" t\u003d\"185\"\u003e \u003cformatting lang\u003d\"EnglishUnitedStates\"\u003e District \u003c/formatting\u003e  \u003c/line\u003e  \u003c/par\u003e  \u003cpar linespacing\u003d\"1875\"\u003e \u003cline b\u003d\"209\" baseline\u003d\"207\" l\u003d\"99\" r\u003d\"192\" style\u003d\"transform: translate(12px, 79px); position: absolute;\" t\u003d\"198\"\u003e \u003cformatting lang\u003d\"EnglishUnitedStates\"\u003e 12345 Pencil Way \u003c/formatting\u003e  \u003c/line\u003e  \u003cline b\u003d\"235\" baseline\u003d\"235\" l\u003d\"98\" r\u003d\"195\" style\u003d\"transform: translate(10px, 118px); position: absolute;\" t\u003d\"227\"\u003e \u003cformatting lang\u003d\"EnglishUnitedStates\"\u003e NAME: John Doe \u003c/formatting\u003e  \u003c/line\u003e  \u003c/par\u003e  \u003cpar linespacing\u003d\"1875\"\u003e \u003cline b\u003d\"258\" baseline\u003d\"258\" l\u003d\"98\" r\u003d\"199\" style\u003d\"transform: translate(10px, 150px); position: absolute;\" t\u003d\"251\"\u003e \u003cformatting lang\u003d\"EnglishUnitedStates\"\u003e SASID* 1234567899 \u003c/formatting\u003e  \u003c/line\u003e  \u003c/par\u003e  \u003c/text\u003e  \u003c/block\u003e  \u003cblock b\u003d\"198\" blockname\u003d\"\" blocktype\u003d\"Text\" l\u003d\"283\" r\u003d\"500\" style\u003d\"transform: translate(680px, 91px); position: absolute; width: 521.542px; height: 177.396px;\" t\u003d\"67\"\u003e \u003cregion\u003e \u003crect b\u003d\"198\" l\u003d\"283\" r\u003d\"500\" t\u003d\"67\"\u003e\u003c/rect\u003e  \u003c/region\u003e  \u003ctext\u003e \u003cpar align\u003d\"Right\" linespacing\u003d\"2480\"\u003e \u003cline b\u003d\"102\" baseline\u003d\"102\" l\u003d\"491\" r\u003d\"498\" style\u003d\"transform: translate(500px, 3px); position: absolute;\" t\u003d\"69\"\u003e \u003cformatting lang\u003d\"EnglishUnitedStates\"\u003e ] \u003c/formatting\u003e  \u003c/line\u003e  \u003c/par\u003e  \u003cpar leftindent\u003d\"5200\" linespacing\u003d\"750\" rightindent\u003d\"3900\"\u003e \u003cline b\u003d\"120\" baseline\u003d\"120\" l\u003d\"364\" r\u003d\"437\" style\u003d\"transform: translate(195px, 65px); position: absolute;\" t\u003d\"115\"\u003e \u003cformatting lang\u003d\"EnglishUnitedStates\"\u003e P*one: 781-891-1109 \u003c/formatting\u003e  \u003c/line\u003e  \u003cline b\u003d\"130\" baseline\u003d\"130\" l\u003d\"364\" r\u003d\"427\" style\u003d\"transform: translate(195px, 79px); position: absolute;\" t\u003d\"125\"\u003e \u003cformatting lang\u003d\"EnglishUnitedStates\"\u003e Fax: 890-213-3121 \u003c/formatting\u003e  \u003c/line\u003e  \u003cline b\u003d\"141\" baseline\u003d\"141\" l\u003d\"364\" r\u003d\"388\" style\u003d\"transform: translate(195px, 91px); position: absolute;\" t\u003d\"134\"\u003e \u003cformatting lang\u003d\"EnglishUnitedStates\"\u003e E-mafc \u003c/formatting\u003e  \u003c/line\u003e  \u003c/par\u003e  \u003cpar leftindent\u003d\"5200\" linespacing\u003d\"750\"\u003e \u003cline b\u003d\"153\" baseline\u003d\"151\" l\u003d\"364\" r\u003d\"448\" style\u003d\"transform: translate(195px, 107px); position: absolute;\" t\u003d\"146\"\u003e \u003cformatting lang\u003d\"EnglishUnitedStates\"\u003e someone\u0026lt;3example com \u003c/formatting\u003e  \u003c/line\u003e  \u003c/par\u003e  \u003cpar align\u003d\"Justified\" linespacing\u003d\"975\"\u003e \u003cline b\u003d\"181\" baseline\u003d\"181\" l\u003d\"285\" r\u003d\"389\" style\u003d\"transform: translate(5px, 142px); position: absolute;\" t\u003d\"172\"\u003e \u003cformatting lang\u003d\"EnglishUnitedStates\"\u003e Invoice #: \u003cinvoice_number appendorder\u003d\"8\" class\u003d\"extraction-tag\" confidence\u003d\"1/1\" data-original-title\u003d\"Invoice number\" data-toggle\u003d\"tooltip\" data-value\u003d\"21000\" fold-name\u003d\"fold1\" score\u003d\"0.6940243267993833\" style\u003d\"background-color: rgb(0, 83, 98);  color: rgb(255, 255, 255);   border: 2px solid rgb(125, 157, 1); \" tagorder\u003d\"6\"\u003e21000\u003c/invoice_number\u003e \u003c/formatting\u003e  \u003c/line\u003e  \u003c/par\u003e  \u003cpar align\u003d\"Justified\" linespacing\u003d\"975\"\u003e \u003cline b\u003d\"195\" baseline\u003d\"194\" l\u003d\"285\" r\u003d\"431\" style\u003d\"transform: translate(5px, 160px); position: absolute;\" t\u003d\"185\"\u003e \u003cformatting lang\u003d\"EnglishUnitedStates\"\u003e Invoice Dates \u003cinvoice_date appendorder\u003d\"9\" class\u003d\"extraction-tag\" confidence\u003d\"1/1\" data-original-title\u003d\"Invoice date\" data-toggle\u003d\"tooltip\" data-value\u003d\"12/31/2011\" fold-name\u003d\"fold4\" score\u003d\"0.6065676656408844\" style\u003d\"background-color: rgb(17, 18, 43);  color: rgb(255, 255, 255);   border: 2px solid rgb(125, 157, 1); \" tagorder\u003d\"7\"\u003e12/31/2011\u003c/invoice_date\u003e \u003c/formatting\u003e  \u003c/line\u003e  \u003c/par\u003e  \u003c/text\u003e  \u003c/block\u003e  \u003cregion xmlns\u003d\"http://ocr.crowdcomputingsystems.com/xml/schema-v1.xml\"\u003e \u003crect b\u003d\"587\" l\u003d\"90\" r\u003d\"494\" t\u003d\"281\"\u003e\u003c/rect\u003e  \u003c/region\u003e \u003ctable b\u003d\"587\" blockname\u003d\"\" blocktype\u003d\"Table\" l\u003d\"90\" r\u003d\"494\" style\u003d\"transform: translate(216px, 381px); position: absolute; user-select: auto;\" t\u003d\"281\" xmlns\u003d\"\"\u003e \u003ctbody\u003e\u003ctr\u003e \u003ctd bottomborder\u003d\"White\" h\u003d\"14\" w\u003d\"71\"\u003e \u003ctext xmlns\u003d\"http://ocr.crowdcomputingsystems.com/xml/schema-v1.xml\"\u003e \u003cpar linespacing\u003d\"530\"\u003e \u003cline b\u003d\"293\" baseline\u003d\"292\" l\u003d\"93\" r\u003d\"154\" t\u003d\"285\"\u003e \u003cformatting lang\u003d\"EnglishUnitedStates\"\u003e Beain Service \u003c/formatting\u003e  \u003c/line\u003e  \u003c/par\u003e  \u003c/text\u003e  \u003c/td\u003e   \u003ctd bottomborder\u003d\"White\" h\u003d\"14\" w\u003d\"59\"\u003e \u003ctext xmlns\u003d\"http://ocr.crowdcomputingsystems.com/xml/schema-v1.xml\"\u003e \u003cpar linespacing\u003d\"600\"\u003e \u003cline b\u003d\"292\" baseline\u003d\"292\" l\u003d\"163\" r\u003d\"216\" t\u003d\"284\"\u003e \u003cformatting lang\u003d\"EnglishUnitedStates\"\u003e End Service \u003c/formatting\u003e  \u003c/line\u003e  \u003c/par\u003e  \u003c/text\u003e  \u003c/td\u003e   \u003ctd bottomborder\u003d\"White\" h\u003d\"14\" w\u003d\"78\"\u003e \u003ctext xmlns\u003d\"http://ocr.crowdcomputingsystems.com/xml/schema-v1.xml\"\u003e \u003cpar align\u003d\"Justified\" linespacing\u003d\"530\"\u003e \u003cline b\u003d\"294\" baseline\u003d\"292\" l\u003d\"223\" r\u003d\"273\" t\u003d\"285\"\u003e \u003cformatting lang\u003d\"EnglishUnitedStates\"\u003e Description \u003c/formatting\u003e  \u003c/line\u003e  \u003c/par\u003e  \u003c/text\u003e  \u003c/td\u003e   \u003ctd bottomborder\u003d\"White\" h\u003d\"14\" w\u003d\"71\"\u003e \u003ctext xmlns\u003d\"http://ocr.crowdcomputingsystems.com/xml/schema-v1.xml\"\u003e \u003cpar linespacing\u003d\"600\"\u003e \u003cline b\u003d\"293\" baseline\u003d\"292\" l\u003d\"301\" r\u003d\"361\" t\u003d\"284\"\u003e \u003cformatting lang\u003d\"EnglishUnitedStates\"\u003e Ouantitv/UNI \u003c/formatting\u003e  \u003c/line\u003e  \u003c/par\u003e  \u003c/text\u003e  \u003c/td\u003e   \u003ctd bottomborder\u003d\"White\" h\u003d\"14\" w\u003d\"76\"\u003e \u003ctext xmlns\u003d\"http://ocr.crowdcomputingsystems.com/xml/schema-v1.xml\"\u003e \u003cpar linespacing\u003d\"530\"\u003e \u003cline b\u003d\"292\" baseline\u003d\"292\" l\u003d\"371\" r\u003d\"414\" t\u003d\"285\"\u003e \u003cformatting lang\u003d\"EnglishUnitedStates\"\u003e Unit Price \u003c/formatting\u003e  \u003c/line\u003e  \u003c/par\u003e  \u003c/text\u003e  \u003c/td\u003e   \u003ctd bottomborder\u003d\"White\" h\u003d\"14\" w\u003d\"49\"\u003e \u003ctext xmlns\u003d\"http://ocr.crowdcomputingsystems.com/xml/schema-v1.xml\"\u003e \u003cpar linespacing\u003d\"600\"\u003e \u003cline b\u003d\"292\" baseline\u003d\"292\" l\u003d\"447\" r\u003d\"469\" t\u003d\"284\"\u003e \u003cformatting lang\u003d\"EnglishUnitedStates\"\u003e Total \u003c/formatting\u003e  \u003c/line\u003e  \u003c/par\u003e  \u003c/text\u003e  \u003c/td\u003e   \u003c/tr\u003e \n \u003ctr\u003e \u003ctd bottomborder\u003d\"White\" h\u003d\"31\" topborder\u003d\"White\" w\u003d\"71\"\u003e \u003ctext xmlns\u003d\"http://ocr.crowdcomputingsystems.com/xml/schema-v1.xml\"\u003e \u003cpar linespacing\u003d\"530\"\u003e \u003cline b\u003d\"303\" baseline\u003d\"303\" l\u003d\"93\" r\u003d\"113\" t\u003d\"296\"\u003e \u003cformatting lang\u003d\"EnglishUnitedStates\"\u003e Date \u003c/formatting\u003e  \u003c/line\u003e  \u003c/par\u003e  \u003c/text\u003e  \u003c/td\u003e   \u003ctd bottomborder\u003d\"White\" h\u003d\"31\" topborder\u003d\"White\" w\u003d\"59\"\u003e \u003ctext xmlns\u003d\"http://ocr.crowdcomputingsystems.com/xml/schema-v1.xml\"\u003e \u003cpar linespacing\u003d\"530\"\u003e \u003cline b\u003d\"303\" baseline\u003d\"303\" l\u003d\"163\" r\u003d\"184\" t\u003d\"296\"\u003e \u003cformatting lang\u003d\"EnglishUnitedStates\"\u003e Date \u003c/formatting\u003e  \u003c/line\u003e  \u003c/par\u003e  \u003c/text\u003e  \u003c/td\u003e   \u003ctd bottomborder\u003d\"White\" h\u003d\"31\" topborder\u003d\"White\" w\u003d\"78\"\u003e \u003ctext xmlns\u003d\"http://ocr.crowdcomputingsystems.com/xml/schema-v1.xml\"\u003e \u003cpar linespacing\u003d\"-1\"\u003e\u003c/par\u003e  \u003c/text\u003e  \u003c/td\u003e   \u003ctd bottomborder\u003d\"White\" h\u003d\"31\" topborder\u003d\"White\" w\u003d\"71\"\u003e \u003ctext xmlns\u003d\"http://ocr.crowdcomputingsystems.com/xml/schema-v1.xml\"\u003e \u003cpar linespacing\u003d\"530\"\u003e \u003cline b\u003d\"303\" baseline\u003d\"303\" l\u003d\"300\" r\u003d\"312\" t\u003d\"296\"\u003e \u003cformatting lang\u003d\"EnglishUnitedStates\"\u003e TS \u003c/formatting\u003e  \u003c/line\u003e  \u003c/par\u003e  \u003c/text\u003e  \u003c/td\u003e   \u003ctd bottomborder\u003d\"White\" h\u003d\"31\" topborder\u003d\"White\" w\u003d\"76\"\u003e \u003ctext xmlns\u003d\"http://ocr.crowdcomputingsystems.com/xml/schema-v1.xml\"\u003e \u003cpar linespacing\u003d\"-1\"\u003e\u003c/par\u003e  \u003c/text\u003e  \u003c/td\u003e   \u003ctd bottomborder\u003d\"White\" h\u003d\"31\" topborder\u003d\"White\" w\u003d\"49\"\u003e \u003ctext xmlns\u003d\"http://ocr.crowdcomputingsystems.com/xml/schema-v1.xml\"\u003e \u003cpar linespacing\u003d\"-1\"\u003e\u003c/par\u003e  \u003c/text\u003e  \u003c/td\u003e   \u003c/tr\u003e \n \u003ctr\u003e \u003ctd bottomborder\u003d\"White\" h\u003d\"47\" topborder\u003d\"White\" w\u003d\"71\"\u003e \u003ctext xmlns\u003d\"http://ocr.crowdcomputingsystems.com/xml/schema-v1.xml\"\u003e \u003cpar linespacing\u003d\"600\"\u003e \u003cline b\u003d\"356\" baseline\u003d\"355\" l\u003d\"93\" r\u003d\"146\" t\u003d\"347\"\u003e \u003cformatting lang\u003d\"EnglishUnitedStates\"\u003e 10/01/2011 \u003c/formatting\u003e  \u003c/line\u003e  \u003c/par\u003e  \u003c/text\u003e  \u003c/td\u003e   \u003ctd bottomborder\u003d\"White\" h\u003d\"47\" topborder\u003d\"White\" w\u003d\"59\"\u003e \u003ctext xmlns\u003d\"http://ocr.crowdcomputingsystems.com/xml/schema-v1.xml\"\u003e \u003cpar linespacing\u003d\"600\"\u003e \u003cline b\u003d\"356\" baseline\u003d\"355\" l\u003d\"164\" r\u003d\"217\" t\u003d\"347\"\u003e \u003cformatting lang\u003d\"EnglishUnitedStates\"\u003e 12/29/2011 \u003c/formatting\u003e  \u003c/line\u003e  \u003c/par\u003e  \u003c/text\u003e  \u003c/td\u003e   \u003ctd bottomborder\u003d\"White\" h\u003d\"47\" topborder\u003d\"White\" w\u003d\"78\"\u003e \u003ctext xmlns\u003d\"http://ocr.crowdcomputingsystems.com/xml/schema-v1.xml\"\u003e \u003cpar align\u003d\"Justified\" linespacing\u003d\"825\"\u003e \u003cline b\u003d\"355\" baseline\u003d\"355\" l\u003d\"222\" r\u003d\"293\" t\u003d\"347\"\u003eTuition for John\u003c/line\u003e  \u003cline b\u003d\"366\" baseline\u003d\"366\" l\u003d\"223\" r\u003d\"240\" t\u003d\"359\"\u003eDoe\u003c/line\u003e  \u003c/par\u003e  \u003c/text\u003e  \u003c/td\u003e   \u003ctd bottomborder\u003d\"White\" h\u003d\"47\" topborder\u003d\"White\" w\u003d\"71\"\u003e \u003ctext xmlns\u003d\"http://ocr.crowdcomputingsystems.com/xml/schema-v1.xml\"\u003e \u003cpar linespacing\u003d\"530\"\u003e \u003cline b\u003d\"355\" baseline\u003d\"355\" l\u003d\"301\" r\u003d\"321\" t\u003d\"348\"\u003e9.00\u003c/line\u003e  \u003c/par\u003e  \u003c/text\u003e  \u003c/td\u003e   \u003ctd bottomborder\u003d\"White\" h\u003d\"47\" topborder\u003d\"White\" w\u003d\"76\"\u003e \u003ctext xmlns\u003d\"http://ocr.crowdcomputingsystems.com/xml/schema-v1.xml\"\u003e \u003cpar linespacing\u003d\"530\"\u003e \u003cline b\u003d\"355\" baseline\u003d\"355\" l\u003d\"372\" r\u003d\"403\" t\u003d\"348\"\u003e\u003cprice appendorder\u003d\"5\" class\u003d\"extraction-tag\" confidence\u003d\"1/1\" data-original-title\u003d\"construction_type\" data-toggle\u003d\"tooltip\" data-value\u003d\"500.00\" fold-name\u003d\"fold5\" injection\u003d\"true\" referencedatausedininjection\u003d\"manual\" score\u003d\"0.9098395978755784\" style\u003d\"background-color: rgb(140, 250, 187);  color: rgb(0, 0, 0);   border: 2px solid rgb(125, 157, 1); \" tagorder\u003d\"416004\"\u003e500.00\u003c/price\u003e\u003c/line\u003e  \u003c/par\u003e  \u003c/text\u003e  \u003c/td\u003e   \u003ctd bottomborder\u003d\"White\" h\u003d\"47\" topborder\u003d\"White\" w\u003d\"49\"\u003e \u003ctext xmlns\u003d\"http://ocr.crowdcomputingsystems.com/xml/schema-v1.xml\"\u003e \u003cpar linespacing\u003d\"530\"\u003e \u003cline b\u003d\"356\" baseline\u003d\"355\" l\u003d\"447\" r\u003d\"488\" t\u003d\"348\"\u003e \u003cformatting lang\u003d\"EnglishUnitedStates\"\u003e 4,500.00 \u003c/formatting\u003e  \u003c/line\u003e  \u003c/par\u003e  \u003c/text\u003e  \u003c/td\u003e   \u003c/tr\u003e \n \u003ctr\u003e \u003ctd bottomborder\u003d\"White\" h\u003d\"16\" topborder\u003d\"White\" w\u003d\"71\"\u003e \u003ctext xmlns\u003d\"http://ocr.crowdcomputingsystems.com/xml/schema-v1.xml\"\u003e \u003cpar linespacing\u003d\"600\"\u003e \u003cline b\u003d\"387\" baseline\u003d\"386\" l\u003d\"93\" r\u003d\"146\" t\u003d\"378\"\u003e \u003cformatting lang\u003d\"EnglishUnitedStates\"\u003e 10/01/2011 \u003c/formatting\u003e  \u003c/line\u003e  \u003c/par\u003e  \u003c/text\u003e  \u003c/td\u003e   \u003ctd bottomborder\u003d\"White\" h\u003d\"16\" topborder\u003d\"White\" w\u003d\"59\"\u003e \u003ctext xmlns\u003d\"http://ocr.crowdcomputingsystems.com/xml/schema-v1.xml\"\u003e \u003cpar linespacing\u003d\"600\"\u003e \u003cline b\u003d\"387\" baseline\u003d\"386\" l\u003d\"164\" r\u003d\"217\" t\u003d\"378\"\u003e \u003cformatting lang\u003d\"EnglishUnitedStates\"\u003e 12/29/2011 \u003c/formatting\u003e  \u003c/line\u003e  \u003c/par\u003e  \u003c/text\u003e  \u003c/td\u003e   \u003ctd bottomborder\u003d\"White\" h\u003d\"16\" topborder\u003d\"White\" w\u003d\"78\"\u003e \u003ctext xmlns\u003d\"http://ocr.crowdcomputingsystems.com/xml/schema-v1.xml\"\u003e \u003cpar align\u003d\"Justified\" linespacing\u003d\"530\"\u003e \u003cline b\u003d\"388\" baseline\u003d\"386\" l\u003d\"223\" r\u003d\"255\" t\u003d\"379\"\u003eSpeech\u003c/line\u003e  \u003c/par\u003e  \u003c/text\u003e  \u003c/td\u003e   \u003ctd bottomborder\u003d\"White\" h\u003d\"16\" topborder\u003d\"White\" w\u003d\"71\"\u003e \u003ctext xmlns\u003d\"http://ocr.crowdcomputingsystems.com/xml/schema-v1.xml\"\u003e \u003cpar linespacing\u003d\"530\"\u003e \u003cline b\u003d\"386\" baseline\u003d\"386\" l\u003d\"301\" r\u003d\"327\" t\u003d\"379\"\u003e15.00\u003c/line\u003e  \u003c/par\u003e  \u003c/text\u003e  \u003c/td\u003e   \u003ctd bottomborder\u003d\"White\" h\u003d\"16\" topborder\u003d\"White\" w\u003d\"76\"\u003e \u003ctext xmlns\u003d\"http://ocr.crowdcomputingsystems.com/xml/schema-v1.xml\"\u003e \u003cpar linespacing\u003d\"530\"\u003e \u003cline b\u003d\"386\" baseline\u003d\"386\" l\u003d\"371\" r\u003d\"403\" t\u003d\"379\"\u003e\u003cprice appendorder\u003d\"5\" class\u003d\"extraction-tag\" confidence\u003d\"1/1\" data-original-title\u003d\"construction_type\" data-toggle\u003d\"tooltip\" data-value\u003d\"250.00\" fold-name\u003d\"fold5\" injection\u003d\"true\" referencedatausedininjection\u003d\"manual\" score\u003d\"0.9288524266720005\" style\u003d\"background-color: rgb(140, 250, 187);  color: rgb(0, 0, 0);   border: 2px solid rgb(125, 157, 1); \" tagorder\u003d\"9176490\"\u003e250.00\u003c/price\u003e\u003c/line\u003e  \u003c/par\u003e  \u003c/text\u003e  \u003c/td\u003e   \u003ctd bottomborder\u003d\"White\" h\u003d\"16\" topborder\u003d\"White\" w\u003d\"49\"\u003e \u003ctext xmlns\u003d\"http://ocr.crowdcomputingsystems.com/xml/schema-v1.xml\"\u003e \u003cpar linespacing\u003d\"530\"\u003e \u003cline b\u003d\"387\" baseline\u003d\"386\" l\u003d\"448\" r\u003d\"488\" t\u003d\"379\"\u003e \u003cformatting lang\u003d\"EnglishUnitedStates\"\u003e 3,750.00 \u003c/formatting\u003e  \u003c/line\u003e  \u003c/par\u003e  \u003c/text\u003e  \u003c/td\u003e   \u003c/tr\u003e \n \u003ctr\u003e \u003ctd bottomborder\u003d\"White\" h\u003d\"117\" topborder\u003d\"White\" w\u003d\"71\"\u003e \u003ctext xmlns\u003d\"http://ocr.crowdcomputingsystems.com/xml/schema-v1.xml\"\u003e \u003cpar linespacing\u003d\"-1\"\u003e\u003c/par\u003e  \u003c/text\u003e  \u003c/td\u003e   \u003ctd bottomborder\u003d\"White\" h\u003d\"117\" topborder\u003d\"White\" w\u003d\"59\"\u003e \u003ctext xmlns\u003d\"http://ocr.crowdcomputingsystems.com/xml/schema-v1.xml\"\u003e \u003cpar linespacing\u003d\"-1\"\u003e\u003c/par\u003e  \u003c/text\u003e  \u003c/td\u003e   \u003ctd bottomborder\u003d\"White\" h\u003d\"117\" topborder\u003d\"White\" w\u003d\"78\"\u003e \u003ctext xmlns\u003d\"http://ocr.crowdcomputingsystems.com/xml/schema-v1.xml\"\u003e \u003cpar align\u003d\"Justified\" linespacing\u003d\"600\"\u003e \u003cline b\u003d\"399\" baseline\u003d\"397\" l\u003d\"223\" r\u003d\"289\" t\u003d\"389\"\u003e \u003cformatting lang\u003d\"EnglishUnitedStates\"\u003e Pathology-Ind. \u003c/formatting\u003e  \u003c/line\u003e  \u003c/par\u003e  \u003c/text\u003e  \u003c/td\u003e   \u003ctd bottomborder\u003d\"White\" h\u003d\"117\" topborder\u003d\"White\" w\u003d\"71\"\u003e \u003ctext xmlns\u003d\"http://ocr.crowdcomputingsystems.com/xml/schema-v1.xml\"\u003e \u003cpar linespacing\u003d\"-1\"\u003e\u003c/par\u003e  \u003c/text\u003e  \u003c/td\u003e   \u003ctd bottomborder\u003d\"White\" h\u003d\"117\" topborder\u003d\"White\" w\u003d\"76\"\u003e \u003ctext xmlns\u003d\"http://ocr.crowdcomputingsystems.com/xml/schema-v1.xml\"\u003e \u003cpar linespacing\u003d\"530\"\u003e \u003cline b\u003d\"503\" baseline\u003d\"503\" l\u003d\"371\" r\u003d\"401\" t\u003d\"496\"\u003e \u003cformatting lang\u003d\"EnglishUnitedStates\"\u003e TOTAL \u003c/formatting\u003e  \u003c/line\u003e  \u003c/par\u003e  \u003c/text\u003e  \u003c/td\u003e   \u003ctd bottomborder\u003d\"White\" h\u003d\"117\" topborder\u003d\"White\" w\u003d\"49\"\u003e \u003ctext xmlns\u003d\"http://ocr.crowdcomputingsystems.com/xml/schema-v1.xml\"\u003e \u003cpar linespacing\u003d\"530\"\u003e \u003cline b\u003d\"504\" baseline\u003d\"503\" l\u003d\"448\" r\u003d\"488\" t\u003d\"496\"\u003e \u003cformatting lang\u003d\"EnglishUnitedStates\"\u003e 8,250.00 \u003c/formatting\u003e  \u003c/line\u003e  \u003c/par\u003e  \u003c/text\u003e  \u003c/td\u003e   \u003c/tr\u003e \n \u003ctr\u003e \u003ctd bottomborder\u003d\"White\" colspan\u003d\"3\" h\u003d\"13\" leftborder\u003d\"White\" rightborder\u003d\"White\" topborder\u003d\"White\" w\u003d\"208\"\u003e \u003ctext xmlns\u003d\"http://ocr.crowdcomputingsystems.com/xml/schema-v1.xml\"\u003e \u003cpar leftindent\u003d\"1500\" linespacing\u003d\"600\"\u003e \u003cline b\u003d\"518\" baseline\u003d\"516\" l\u003d\"110\" r\u003d\"271\" t\u003d\"508\"\u003e \u003cformatting lang\u003d\"EnglishUnitedStates\"\u003e *If appropriate, please indicate \u003c/formatting\u003e  \u003c/line\u003e  \u003c/par\u003e  \u003c/text\u003e  \u003c/td\u003e   \u003ctd bottomborder\u003d\"White\" h\u003d\"13\" leftborder\u003d\"White\" rightborder\u003d\"White\" topborder\u003d\"White\" w\u003d\"71\"\u003e \u003ctext xmlns\u003d\"http://ocr.crowdcomputingsystems.com/xml/schema-v1.xml\"\u003e \u003cpar linespacing\u003d\"-1\"\u003e\u003c/par\u003e  \u003c/text\u003e  \u003c/td\u003e   \u003ctd bottomborder\u003d\"White\" h\u003d\"13\" leftborder\u003d\"White\" topborder\u003d\"White\" w\u003d\"76\"\u003e \u003ctext xmlns\u003d\"http://ocr.crowdcomputingsystems.com/xml/schema-v1.xml\"\u003e \u003cpar linespacing\u003d\"530\"\u003e \u003cline b\u003d\"514\" baseline\u003d\"514\" l\u003d\"372\" r\u003d\"411\" t\u003d\"507\"\u003e \u003cformatting lang\u003d\"EnglishUnitedStates\"\u003e INVOICE \u003c/formatting\u003e  \u003c/line\u003e  \u003c/par\u003e  \u003c/text\u003e  \u003c/td\u003e   \u003ctd bottomborder\u003d\"White\" h\u003d\"13\" topborder\u003d\"White\" w\u003d\"49\"\u003e \u003ctext xmlns\u003d\"http://ocr.crowdcomputingsystems.com/xml/schema-v1.xml\"\u003e \u003cpar linespacing\u003d\"-1\"\u003e\u003c/par\u003e  \u003c/text\u003e  \u003c/td\u003e   \u003c/tr\u003e \n \u003ctr\u003e \u003ctd bottomborder\u003d\"White\" colspan\u003d\"3\" h\u003d\"14\" leftborder\u003d\"White\" rightborder\u003d\"White\" topborder\u003d\"White\" w\u003d\"208\"\u003e \u003ctext xmlns\u003d\"http://ocr.crowdcomputingsystems.com/xml/schema-v1.xml\"\u003e \u003cpar leftindent\u003d\"1500\" linespacing\u003d\"600\"\u003e \u003cline b\u003d\"529\" baseline\u003d\"527\" l\u003d\"109\" r\u003d\"224\" t\u003d\"519\"\u003e \u003cformatting lang\u003d\"EnglishUnitedStates\"\u003e \u0027lndividual\u0027 or \u0027Group\u0027. \u003c/formatting\u003e  \u003c/line\u003e  \u003c/par\u003e  \u003c/text\u003e  \u003c/td\u003e   \u003ctd bottomborder\u003d\"White\" h\u003d\"14\" leftborder\u003d\"White\" rightborder\u003d\"White\" topborder\u003d\"White\" w\u003d\"71\"\u003e \u003ctext xmlns\u003d\"http://ocr.crowdcomputingsystems.com/xml/schema-v1.xml\"\u003e \u003cpar linespacing\u003d\"-1\"\u003e\u003c/par\u003e  \u003c/text\u003e  \u003c/td\u003e   \u003ctd bottomborder\u003d\"White\" h\u003d\"14\" leftborder\u003d\"White\" topborder\u003d\"White\" w\u003d\"76\"\u003e \u003ctext xmlns\u003d\"http://ocr.crowdcomputingsystems.com/xml/schema-v1.xml\"\u003e \u003cpar linespacing\u003d\"530\"\u003e \u003cline b\u003d\"525\" baseline\u003d\"525\" l\u003d\"371\" r\u003d\"411\" t\u003d\"518\"\u003e \u003cformatting lang\u003d\"EnglishUnitedStates\"\u003e AMOUNT \u003c/formatting\u003e  \u003c/line\u003e  \u003c/par\u003e  \u003c/text\u003e  \u003c/td\u003e   \u003ctd bottomborder\u003d\"White\" h\u003d\"14\" topborder\u003d\"White\" w\u003d\"49\"\u003e \u003ctext xmlns\u003d\"http://ocr.crowdcomputingsystems.com/xml/schema-v1.xml\"\u003e \u003cpar linespacing\u003d\"-1\"\u003e\u003c/par\u003e  \u003c/text\u003e  \u003c/td\u003e   \u003c/tr\u003e \n \u003ctr\u003e \u003ctd bottomborder\u003d\"White\" h\u003d\"25\" leftborder\u003d\"White\" rightborder\u003d\"White\" topborder\u003d\"White\" w\u003d\"71\"\u003e \u003ctext xmlns\u003d\"http://ocr.crowdcomputingsystems.com/xml/schema-v1.xml\"\u003e \u003cpar linespacing\u003d\"-1\"\u003e\u003c/par\u003e  \u003c/text\u003e  \u003c/td\u003e   \u003ctd bottomborder\u003d\"White\" h\u003d\"25\" leftborder\u003d\"White\" rightborder\u003d\"White\" topborder\u003d\"White\" w\u003d\"59\"\u003e \u003ctext xmlns\u003d\"http://ocr.crowdcomputingsystems.com/xml/schema-v1.xml\"\u003e \u003cpar linespacing\u003d\"-1\"\u003e\u003c/par\u003e  \u003c/text\u003e  \u003c/td\u003e   \u003ctd bottomborder\u003d\"White\" h\u003d\"25\" leftborder\u003d\"White\" rightborder\u003d\"White\" topborder\u003d\"White\" w\u003d\"78\"\u003e \u003ctext xmlns\u003d\"http://ocr.crowdcomputingsystems.com/xml/schema-v1.xml\"\u003e \u003cpar linespacing\u003d\"-1\"\u003e\u003c/par\u003e  \u003c/text\u003e  \u003c/td\u003e   \u003ctd bottomborder\u003d\"White\" h\u003d\"25\" leftborder\u003d\"White\" rightborder\u003d\"White\" topborder\u003d\"White\" w\u003d\"71\"\u003e \u003ctext xmlns\u003d\"http://ocr.crowdcomputingsystems.com/xml/schema-v1.xml\"\u003e \u003cpar linespacing\u003d\"-1\"\u003e\u003c/par\u003e  \u003c/text\u003e  \u003c/td\u003e   \u003ctd bottomborder\u003d\"White\" h\u003d\"25\" leftborder\u003d\"White\" topborder\u003d\"White\" w\u003d\"76\"\u003e \u003ctext xmlns\u003d\"http://ocr.crowdcomputingsystems.com/xml/schema-v1.xml\"\u003e \u003cpar linespacing\u003d\"600\"\u003e \u003cline b\u003d\"547\" baseline\u003d\"545\" l\u003d\"372\" r\u003d\"443\" t\u003d\"537\"\u003e \u003cformatting lang\u003d\"EnglishUnitedStates\"\u003e Payment/Credit \u003c/formatting\u003e  \u003c/line\u003e  \u003c/par\u003e  \u003cpar linespacing\u003d\"600\"\u003e \u003cline b\u003d\"558\" baseline\u003d\"556\" l\u003d\"371\" r\u003d\"404\" t\u003d\"548\"\u003e \u003cformatting lang\u003d\"EnglishUnitedStates\"\u003e Applied \u003c/formatting\u003e  \u003c/line\u003e  \u003c/par\u003e  \u003c/text\u003e  \u003c/td\u003e   \u003ctd bottomborder\u003d\"White\" h\u003d\"25\" topborder\u003d\"White\" w\u003d\"49\"\u003e \u003ctext xmlns\u003d\"http://ocr.crowdcomputingsystems.com/xml/schema-v1.xml\"\u003e \u003cpar linespacing\u003d\"-1\"\u003e\u003c/par\u003e  \u003c/text\u003e  \u003c/td\u003e   \u003c/tr\u003e \n \u003ctr\u003e \u003ctd bottomborder\u003d\"White\" h\u003d\"29\" leftborder\u003d\"White\" rightborder\u003d\"White\" topborder\u003d\"White\" w\u003d\"71\"\u003e \u003ctext xmlns\u003d\"http://ocr.crowdcomputingsystems.com/xml/schema-v1.xml\"\u003e \u003cpar linespacing\u003d\"-1\"\u003e\u003c/par\u003e  \u003c/text\u003e  \u003c/td\u003e   \u003ctd bottomborder\u003d\"White\" colspan\u003d\"2\" h\u003d\"29\" leftborder\u003d\"White\" rightborder\u003d\"White\" topborder\u003d\"White\" w\u003d\"137\"\u003e \u003ctext xmlns\u003d\"http://ocr.crowdcomputingsystems.com/xml/schema-v1.xml\"\u003e \u003cpar leftindent\u003d\"2000\" linespacing\u003d\"1430\"\u003e \u003cline b\u003d\"577\" baseline\u003d\"577\" l\u003d\"188\" r\u003d\"285\" t\u003d\"558\"\u003e \u003cformatting lang\u003d\"EnglishUnitedStates\"\u003e SAMPLE \u003c/formatting\u003e  \u003c/line\u003e  \u003c/par\u003e  \u003c/text\u003e  \u003c/td\u003e   \u003ctd bottomborder\u003d\"White\" h\u003d\"29\" leftborder\u003d\"White\" rightborder\u003d\"White\" topborder\u003d\"White\" w\u003d\"71\"\u003e \u003ctext xmlns\u003d\"http://ocr.crowdcomputingsystems.com/xml/schema-v1.xml\"\u003e \u003cpar linespacing\u003d\"-1\"\u003e\u003c/par\u003e  \u003c/text\u003e  \u003c/td\u003e   \u003ctd h\u003d\"29\" leftborder\u003d\"White\" topborder\u003d\"White\" w\u003d\"76\"\u003e \u003ctext xmlns\u003d\"http://ocr.crowdcomputingsystems.com/xml/schema-v1.xml\"\u003e \u003cpar linespacing\u003d\"530\"\u003e \u003cline b\u003d\"576\" baseline\u003d\"576\" l\u003d\"371\" r\u003d\"401\" t\u003d\"569\"\u003e \u003cformatting lang\u003d\"EnglishUnitedStates\"\u003e TOTAL \u003c/formatting\u003e  \u003c/line\u003e  \u003c/par\u003e  \u003c/text\u003e  \u003c/td\u003e   \u003ctd h\u003d\"29\" topborder\u003d\"White\" w\u003d\"49\"\u003e \u003ctext xmlns\u003d\"http://ocr.crowdcomputingsystems.com/xml/schema-v1.xml\"\u003e \u003cpar linespacing\u003d\"530\"\u003e \u003cline b\u003d\"577\" baseline\u003d\"576\" l\u003d\"448\" r\u003d\"488\" t\u003d\"569\"\u003e \u003cformatting lang\u003d\"EnglishUnitedStates\"\u003e \u003ctotal_amount appendorder\u003d\"12\" class\u003d\"extraction-tag\" confidence\u003d\"1/1\" data-original-title\u003d\"Total amount\" data-toggle\u003d\"tooltip\" data-value\u003d\"8,250.00\" fold-name\u003d\"fold2\" score\u003d\"0.7088423746267529\" style\u003d\"background-color: rgb(27, 182, 226);  color: rgb(0, 0, 0);   border: 2px solid rgb(125, 157, 1); \" tagorder\u003d\"8\"\u003e8,250.00\u003c/total_amount\u003e \u003c/formatting\u003e  \u003c/line\u003e  \u003c/par\u003e  \u003c/text\u003e  \u003c/td\u003e   \u003c/tr\u003e \n \u003c/tbody\u003e\u003c/table\u003e\n \u003cblock b\u003d\"599\" blockname\u003d\"\" blocktype\u003d\"Text\" l\u003d\"460\" r\u003d\"472\" style\u003d\"transform: translate(1106px, 799px); position: absolute; width: 28.841px; height: 12.1875px;\" t\u003d\"590\"\u003e \u003cregion\u003e \u003crect b\u003d\"599\" l\u003d\"460\" r\u003d\"472\" t\u003d\"590\"\u003e\u003c/rect\u003e  \u003c/region\u003e  \u003ctext\u003e \u003cpar linespacing\u003d\"380\"\u003e \u003cline b\u003d\"596\" baseline\u003d\"596\" l\u003d\"462\" r\u003d\"469\" style\u003d\"transform: translate(5px, 1px); position: absolute;\" t\u003d\"591\"\u003e \u003cformatting lang\u003d\"EnglishUnitedStates\"\u003e 19 \u003c/formatting\u003e  \u003c/line\u003e  \u003c/par\u003e  \u003c/text\u003e  \u003c/block\u003e  \u003cblock b\u003d\"674\" blockname\u003d\"\" blocktype\u003d\"SeparatorsBox\" class\u003d\"hidden\" l\u003d\"0\" r\u003d\"585\" style\u003d\"transform: translate(0px, 0px); position: absolute;\" t\u003d\"0\"\u003e \u003cregion\u003e \u003crect b\u003d\"1\" l\u003d\"0\" r\u003d\"585\" t\u003d\"0\"\u003e\u003c/rect\u003e  \u003crect b\u003d\"673\" l\u003d\"0\" r\u003d\"585\" t\u003d\"1\"\u003e\u003c/rect\u003e  \u003crect b\u003d\"674\" l\u003d\"0\" r\u003d\"585\" t\u003d\"673\"\u003e\u003c/rect\u003e  \u003c/region\u003e  \u003cseparatorsbox\u003e \u003cseparator thickness\u003d\"1\" type\u003d\"Black\"\u003e \u003cstart x\u003d\"0\" y\u003d\"0\"\u003e\u003c/start\u003e \u003cend x\u003d\"585\" y\u003d\"0\"\u003e\u003c/end\u003e \u003c/separator\u003e \u003cseparator thickness\u003d\"1\" type\u003d\"Black\"\u003e \u003cstart x\u003d\"0\" y\u003d\"673\"\u003e\u003c/start\u003e \u003cend x\u003d\"585\" y\u003d\"673\"\u003e\u003c/end\u003e \u003c/separator\u003e \u003cseparator thickness\u003d\"1\" type\u003d\"Black\"\u003e \u003cstart x\u003d\"0\" y\u003d\"0\"\u003e\u003c/start\u003e \u003cend x\u003d\"0\" y\u003d\"674\"\u003e\u003c/end\u003e \u003c/separator\u003e \u003cseparator thickness\u003d\"1\" type\u003d\"Black\"\u003e \u003cstart x\u003d\"584\" y\u003d\"0\"\u003e\u003c/start\u003e \u003cend x\u003d\"584\" y\u003d\"674\"\u003e\u003c/end\u003e \u003c/separator\u003e \u003c/separatorsbox\u003e \u003c/block\u003e  \u003cblock b\u003d\"58\" blockname\u003d\"\" blocktype\u003d\"Separator\" l\u003d\"76\" r\u003d\"507\" style\u003d\"transform: translate(183px, 68px); position: absolute;\" t\u003d\"50\"\u003e \u003cregion\u003e \u003crect b\u003d\"58\" l\u003d\"76\" r\u003d\"507\" t\u003d\"50\"\u003e\u003c/rect\u003e  \u003c/region\u003e  \u003cseparator thickness\u003d\"8\" type\u003d\"Black\"\u003e \u003cstart x\u003d\"76\" y\u003d\"54\"\u003e\u003c/start\u003e \u003cend x\u003d\"507\" y\u003d\"54\"\u003e\u003c/end\u003e \u003c/separator\u003e \u003c/block\u003e  \u003cblock b\u003d\"283\" blockname\u003d\"\" blocktype\u003d\"Separator\" l\u003d\"90\" r\u003d\"494\" style\u003d\"transform: translate(216px, 381px); position: absolute;\" t\u003d\"281\"\u003e \u003cregion\u003e \u003crect b\u003d\"283\" l\u003d\"90\" r\u003d\"494\" t\u003d\"281\"\u003e\u003c/rect\u003e  \u003c/region\u003e  \u003cseparator thickness\u003d\"2\" type\u003d\"Black\"\u003e \u003cstart x\u003d\"90\" y\u003d\"282\"\u003e\u003c/start\u003e \u003cend x\u003d\"494\" y\u003d\"282\"\u003e\u003c/end\u003e \u003c/separator\u003e \u003c/block\u003e  \u003cblock b\u003d\"586\" blockname\u003d\"\" blocktype\u003d\"Separator\" l\u003d\"368\" r\u003d\"494\" style\u003d\"transform: translate(884px, 792px); position: absolute;\" t\u003d\"585\"\u003e \u003cregion\u003e \u003crect b\u003d\"586\" l\u003d\"368\" r\u003d\"494\" t\u003d\"585\"\u003e\u003c/rect\u003e  \u003c/region\u003e  \u003cseparator thickness\u003d\"1\" type\u003d\"Black\"\u003e \u003cstart x\u003d\"368\" y\u003d\"585\"\u003e\u003c/start\u003e \u003cend x\u003d\"494\" y\u003d\"585\"\u003e\u003c/end\u003e \u003c/separator\u003e \u003c/block\u003e  \u003cblock b\u003d\"619\" blockname\u003d\"\" blocktype\u003d\"Separator\" l\u003d\"76\" r\u003d\"507\" style\u003d\"transform: translate(183px, 827px); position: absolute;\" t\u003d\"611\"\u003e \u003cregion\u003e \u003crect b\u003d\"619\" l\u003d\"76\" r\u003d\"507\" t\u003d\"611\"\u003e\u003c/rect\u003e  \u003c/region\u003e  \u003cseparator thickness\u003d\"8\" type\u003d\"Black\"\u003e \u003cstart x\u003d\"76\" y\u003d\"615\"\u003e\u003c/start\u003e \u003cend x\u003d\"507\" y\u003d\"615\"\u003e\u003c/end\u003e \u003c/separator\u003e \u003c/block\u003e  \u003cblock b\u003d\"619\" blockname\u003d\"\" blocktype\u003d\"Separator\" l\u003d\"76\" r\u003d\"84\" style\u003d\"transform: translate(183px, 68px); position: absolute;\" t\u003d\"50\"\u003e \u003cregion\u003e \u003crect b\u003d\"619\" l\u003d\"76\" r\u003d\"84\" t\u003d\"50\"\u003e\u003c/rect\u003e  \u003c/region\u003e  \u003cseparator thickness\u003d\"8\" type\u003d\"Black\"\u003e \u003cstart x\u003d\"80\" y\u003d\"50\"\u003e\u003c/start\u003e \u003cend x\u003d\"80\" y\u003d\"619\"\u003e\u003c/end\u003e \u003c/separator\u003e \u003c/block\u003e  \u003cblock b\u003d\"492\" blockname\u003d\"\" blocktype\u003d\"Separator\" l\u003d\"90\" r\u003d\"91\" style\u003d\"transform: translate(216px, 381px); position: absolute;\" t\u003d\"281\"\u003e \u003cregion\u003e \u003crect b\u003d\"492\" l\u003d\"90\" r\u003d\"91\" t\u003d\"281\"\u003e\u003c/rect\u003e  \u003c/region\u003e  \u003cseparator thickness\u003d\"1\" type\u003d\"Black\"\u003e \u003cstart x\u003d\"90\" y\u003d\"281\"\u003e\u003c/start\u003e \u003cend x\u003d\"90\" y\u003d\"492\"\u003e\u003c/end\u003e \u003c/separator\u003e \u003c/block\u003e  \u003cblock b\u003d\"492\" blockname\u003d\"\" blocktype\u003d\"Separator\" l\u003d\"161\" r\u003d\"162\" style\u003d\"transform: translate(387px, 381px); position: absolute;\" t\u003d\"281\"\u003e \u003cregion\u003e \u003crect b\u003d\"492\" l\u003d\"161\" r\u003d\"162\" t\u003d\"281\"\u003e\u003c/rect\u003e  \u003c/region\u003e  \u003cseparator thickness\u003d\"1\" type\u003d\"Black\"\u003e \u003cstart x\u003d\"161\" y\u003d\"281\"\u003e\u003c/start\u003e \u003cend x\u003d\"161\" y\u003d\"492\"\u003e\u003c/end\u003e \u003c/separator\u003e \u003c/block\u003e  \u003cblock b\u003d\"493\" blockname\u003d\"\" blocktype\u003d\"Separator\" l\u003d\"220\" r\u003d\"221\" style\u003d\"transform: translate(529px, 381px); position: absolute;\" t\u003d\"281\"\u003e \u003cregion\u003e \u003crect b\u003d\"493\" l\u003d\"220\" r\u003d\"221\" t\u003d\"281\"\u003e\u003c/rect\u003e  \u003c/region\u003e  \u003cseparator thickness\u003d\"1\" type\u003d\"Black\"\u003e \u003cstart x\u003d\"220\" y\u003d\"281\"\u003e\u003c/start\u003e \u003cend x\u003d\"220\" y\u003d\"493\"\u003e\u003c/end\u003e \u003c/separator\u003e \u003c/block\u003e  \u003cblock b\u003d\"493\" blockname\u003d\"\" blocktype\u003d\"Separator\" l\u003d\"298\" r\u003d\"299\" style\u003d\"transform: translate(716px, 381px); position: absolute;\" t\u003d\"281\"\u003e \u003cregion\u003e \u003crect b\u003d\"493\" l\u003d\"298\" r\u003d\"299\" t\u003d\"281\"\u003e\u003c/rect\u003e  \u003c/region\u003e  \u003cseparator thickness\u003d\"1\" type\u003d\"Black\"\u003e \u003cstart x\u003d\"298\" y\u003d\"281\"\u003e\u003c/start\u003e \u003cend x\u003d\"298\" y\u003d\"493\"\u003e\u003c/end\u003e \u003c/separator\u003e \u003c/block\u003e  \u003cblock b\u003d\"492\" blockname\u003d\"\" blocktype\u003d\"Separator\" l\u003d\"369\" r\u003d\"370\" style\u003d\"transform: translate(887px, 381px); position: absolute;\" t\u003d\"281\"\u003e \u003cregion\u003e \u003crect b\u003d\"492\" l\u003d\"369\" r\u003d\"370\" t\u003d\"281\"\u003e\u003c/rect\u003e  \u003c/region\u003e  \u003cseparator thickness\u003d\"1\" type\u003d\"Black\"\u003e \u003cstart x\u003d\"369\" y\u003d\"281\"\u003e\u003c/start\u003e \u003cend x\u003d\"369\" y\u003d\"492\"\u003e\u003c/end\u003e \u003c/separator\u003e \u003c/block\u003e  \u003cblock b\u003d\"587\" blockname\u003d\"\" blocktype\u003d\"Separator\" l\u003d\"445\" r\u003d\"446\" style\u003d\"transform: translate(1070px, 381px); position: absolute;\" t\u003d\"281\"\u003e \u003cregion\u003e \u003crect b\u003d\"587\" l\u003d\"445\" r\u003d\"446\" t\u003d\"281\"\u003e\u003c/rect\u003e  \u003c/region\u003e  \u003cseparator thickness\u003d\"1\" type\u003d\"Black\"\u003e \u003cstart x\u003d\"445\" y\u003d\"281\"\u003e\u003c/start\u003e \u003cend x\u003d\"445\" y\u003d\"587\"\u003e\u003c/end\u003e \u003c/separator\u003e \u003c/block\u003e  \u003cblock b\u003d\"587\" blockname\u003d\"\" blocktype\u003d\"Separator\" l\u003d\"493\" r\u003d\"494\" style\u003d\"transform: translate(1185px, 381px); position: absolute;\" t\u003d\"281\"\u003e \u003cregion\u003e \u003crect b\u003d\"587\" l\u003d\"493\" r\u003d\"494\" t\u003d\"281\"\u003e\u003c/rect\u003e  \u003c/region\u003e  \u003cseparator thickness\u003d\"1\" type\u003d\"Black\"\u003e \u003cstart x\u003d\"493\" y\u003d\"281\"\u003e\u003c/start\u003e \u003cend x\u003d\"493\" y\u003d\"587\"\u003e\u003c/end\u003e \u003c/separator\u003e \u003c/block\u003e  \u003cblock b\u003d\"613\" blockname\u003d\"\" blocktype\u003d\"Separator\" l\u003d\"499\" r\u003d\"501\" style\u003d\"transform: translate(1199px, 76px); position: absolute;\" t\u003d\"56\"\u003e \u003cregion\u003e \u003crect b\u003d\"613\" l\u003d\"499\" r\u003d\"501\" t\u003d\"56\"\u003e\u003c/rect\u003e  \u003c/region\u003e  \u003cseparator thickness\u003d\"2\" type\u003d\"Black\"\u003e \u003cstart x\u003d\"500\" y\u003d\"56\"\u003e\u003c/start\u003e \u003cend x\u003d\"500\" y\u003d\"613\"\u003e\u003c/end\u003e \u003c/separator\u003e \u003c/block\u003e  \u003cblock b\u003d\"613\" blockname\u003d\"\" blocktype\u003d\"Separator\" l\u003d\"502\" r\u003d\"507\" style\u003d\"transform: translate(1207px, 83px); position: absolute;\" t\u003d\"61\"\u003e \u003cregion\u003e \u003crect b\u003d\"613\" l\u003d\"502\" r\u003d\"507\" t\u003d\"61\"\u003e\u003c/rect\u003e  \u003c/region\u003e  \u003cseparator thickness\u003d\"6\" type\u003d\"Black\"\u003e \u003cstart x\u003d\"504\" y\u003d\"61\"\u003e\u003c/start\u003e \u003cend x\u003d\"504\" y\u003d\"613\"\u003e\u003c/end\u003e \u003c/separator\u003e \u003c/block\u003e  \u003c/page\u003e     \u003c/document\u003e\u003c/body\u003e\u003c/html\u003e","tags":[{"begin":15,"end":35,"text":"Happy Day Department","tag":"supplier_name","fieldType":"COMPANY_NAME","score":0.7478746628911052,"estimatedAccuracy":0.0},{"begin":387,"end":392,"text":"21000","tag":"invoice_number","fieldType":"TEXT","score":0.6940243267993833,"estimatedAccuracy":0.0},{"begin":416,"end":426,"text":"12/31/2011","tag":"invoice_date","fieldType":"DATE","score":0.6065676656408844,"estimatedAccuracy":0.0},{"begin":809,"end":815,"text":"500.00","tag":"price","fieldType":"NUMBER","score":0.9098395978755784,"estimatedAccuracy":0.0},{"begin":945,"end":951,"text":"250.00","tag":"price","fieldType":"NUMBER","score":0.9288524266720005,"estimatedAccuracy":0.0},{"begin":1444,"end":1452,"text":"8,250.00","tag":"total_amount","fieldType":"NUMBER","score":0.7088423746267529,"estimatedAccuracy":0.0}],"group":"invoice_date|invoice_number|price|supplier_name|total_amount","limeExplanation":{},"liblinearFeatureImportance":{}}