{"finalScore":0.5492005462670975,"metaInfo":{"model":{"coreVersion":"10.3.0.39"}},"sumScore":0.5492005462670975,"tagsCounter":1.0,"taggedText":"\u003chtml\u003e\u003chead\u003e\u003c/head\u003e\u003cbody\u003e\u003cdocument languages\u003d\"\" producer\u003d\"Workfusion\" schemalocation\u003d\"http://ocr.crowdcomputingsystems.com/xml/schema-v1.xml\" version\u003d\"1.0\" xmlns\u003d\"http://ocr.crowdcomputingsystems.com/xml/schema-v1.xml\" xsi\u003d\"http://www.w3.org/2001/XMLSchema-instance\"\u003e \u003clink href\u003d\"https://s3.amazonaws.com/workfusion-resources/ocr/ocr-xml-viewer-0.3-scale-to-width.css\" rel\u003d\"stylesheet\" type\u003d\"text/css\"\u003e\u003c/link\u003e \u003cstyle\u003e\u003c/style\u003e\u003cpage data-pages\u003d\"1\" h\u003d\"511\" resolution\u003d\"96\" style\u003d\"height: 617px;\" w\u003d\"496\"\u003e \u003cblock b\u003d\"144\" blockname\u003d\"\" blocktype\u003d\"Text\" l\u003d\"88\" r\u003d\"399\" style\u003d\"transform: translate(137px, 41px); position: absolute; width: 483.429px; height: 154.375px;\" t\u003d\"30\"\u003e \u003cregion\u003e \u003crect b\u003d\"41\" l\u003d\"88\" r\u003d\"399\" t\u003d\"30\"\u003e\u003c/rect\u003e  \u003crect b\u003d\"42\" l\u003d\"88\" r\u003d\"321\" t\u003d\"41\"\u003e\u003c/rect\u003e  \u003crect b\u003d\"144\" l\u003d\"88\" r\u003d\"320\" t\u003d\"42\"\u003e\u003c/rect\u003e  \u003c/region\u003e  \u003ctext\u003e \u003cpar leftindent\u003d\"23900\" linespacing\u003d\"600\"\u003e \u003cline b\u003d\"39\" baseline\u003d\"39\" l\u003d\"326\" r\u003d\"396\" style\u003d\"transform: translate(370px, 1px); position: absolute;\" t\u003d\"31\"\u003e \u003cformatting lang\u003d\"EnglishUnitedStates\"\u003e Invoce Number 19012389 \u003c/formatting\u003e  \u003c/line\u003e  \u003c/par\u003e  \u003cpar leftindent\u003d\"6200\" linespacing\u003d\"900\"\u003e \u003cline b\u003d\"66\" baseline\u003d\"63\" l\u003d\"91\" r\u003d\"301\" style\u003d\"transform: translate(5px, 33px); position: absolute;\" t\u003d\"54\"\u003e \u003cformatting lang\u003d\"EnglishUnitedStates\"\u003e \u003csupplier_name appendorder\u003d\"3\" class\u003d\"extraction-tag\" confidence\u003d\"1/1\" data-original-title\u003d\"Supplier name\" data-toggle\u003d\"tooltip\" data-value\u003d\"Bjsiw Works\" fold-name\u003d\"fold3\" score\u003d\"0.5492005462670975\" style\u003d\"background-color: rgb(88, 50, 166);  color: rgb(255, 255, 255);   border: 2px solid rgb(125, 157, 1); \" tagorder\u003d\"190821\"\u003eBjsiw Works\u003c/supplier_name\u003e \u003c/formatting\u003e  \u003c/line\u003e  \u003cline b\u003d\"76\" baseline\u003d\"75\" l\u003d\"89\" r\u003d\"193\" style\u003d\"transform: translate(2px, 50px); position: absolute;\" t\u003d\"67\"\u003e \u003cformatting lang\u003d\"EnglishUnitedStates\"\u003e *ww SpraadlfcMOCO\u0027CCOm \u003c/formatting\u003e  \u003c/line\u003e  \u003c/par\u003e  \u003cpar align\u003d\"Justified\" leftindent\u003d\"6200\" linespacing\u003d\"750\"\u003e \u003cline b\u003d\"98\" baseline\u003d\"96\" l\u003d\"90\" r\u003d\"319\" style\u003d\"transform: translate(3px, 80px); position: absolute;\" t\u003d\"89\"\u003e \u003cformatting lang\u003d\"EnglishUnitedStates\"\u003e 123AryA\u0026laquo;woe.5o\u0026raquo;el23 Bfl \u0026gt;0. \u003c/formatting\u003e  \u003c/line\u003e  \u003c/par\u003e  \u003cpar leftindent\u003d\"6200\" linespacing\u003d\"750\" rightindent\u003d\"11500\"\u003e \u003cline b\u003d\"107\" baseline\u003d\"107\" l\u003d\"89\" r\u003d\"168\" style\u003d\"transform: translate(2px, 95px); position: absolute;\" t\u003d\"100\"\u003e \u003cformatting lang\u003d\"EnglishUnitedStates\"\u003e New York NY 1CC23 \u003c/formatting\u003e  \u003c/line\u003e  \u003cline b\u003d\"117\" baseline\u003d\"117\" l\u003d\"90\" r\u003d\"101\" style\u003d\"transform: translate(3px, 108px); position: absolute;\" t\u003d\"110\"\u003e \u003cformatting lang\u003d\"EnglishUnitedStates\"\u003e Tei \u003c/formatting\u003e  \u003c/line\u003e  \u003c/par\u003e  \u003cpar leftindent\u003d\"6200\" linespacing\u003d\"750\" rightindent\u003d\"6300\"\u003e \u003cline b\u003d\"129\" baseline\u003d\"128\" l\u003d\"89\" r\u003d\"163\" style\u003d\"transform: translate(2px, 122px); position: absolute;\" t\u003d\"120\"\u003e \u003cformatting lang\u003d\"EnglishUnitedStates\"\u003e FeX \u0026raquo;9$)9\u0026raquo;1111 \u003c/formatting\u003e  \u003c/line\u003e  \u003cline b\u003d\"141\" baseline\u003d\"138\" l\u003d\"89\" r\u003d\"235\" style\u003d\"transform: translate(2px, 138px); position: absolute;\" t\u003d\"132\"\u003e \u003cformatting lang\u003d\"EnglishUnitedStates\"\u003e Email nippcrt^aproaAinctWvye com \u003c/formatting\u003e  \u003c/line\u003e  \u003c/par\u003e  \u003c/text\u003e  \u003c/block\u003e  \u003cblock b\u003d\"408\" blockname\u003d\"\" blocktype\u003d\"Text\" l\u003d\"9\" r\u003d\"468\" style\u003d\"transform: translate(14px, 214px); position: absolute; width: 713.486px; height: 338.542px;\" t\u003d\"158\"\u003e \u003cregion\u003e \u003crect b\u003d\"408\" l\u003d\"9\" r\u003d\"468\" t\u003d\"158\"\u003e\u003c/rect\u003e  \u003c/region\u003e  \u003ctext\u003e \u003cpar align\u003d\"Justified\" linespacing\u003d\"750\"\u003e \u003cline b\u003d\"185\" baseline\u003d\"183\" l\u003d\"11\" r\u003d\"439\" style\u003d\"transform: translate(3px, 20px); position: absolute;\" t\u003d\"173\"\u003e \u003cformatting lang\u003d\"EnglishUnitedStates\"\u003e \u0026quot;ransKbjn Dare \u0026deg;-mu\u0026laquo; QjerCty 1 Unit Price TcUl \u003c/formatting\u003e  \u003c/line\u003e  \u003c/par\u003e  \u003cpar align\u003d\"Justified\" linespacing\u003d\"750\"\u003e \u003cline b\u003d\"194\" baseline\u003d\"193\" l\u003d\"11\" r\u003d\"465\" style\u003d\"transform: translate(3px, 37px); position: absolute;\" t\u003d\"185\"\u003e \u003cformatting lang\u003d\"EnglishUnitedStates\"\u003e 5/1Q0QB fl9D Prcduc! 1 S389E OS 95 \u003c/formatting\u003e  \u003c/line\u003e  \u003c/par\u003e  \u003cpar align\u003d\"Justified\" linespacing\u003d\"600\"\u003e \u003cline b\u003d\"215\" baseline\u003d\"215\" l\u003d\"11\" r\u003d\"465\" style\u003d\"transform: translate(3px, 66px); position: absolute;\" t\u003d\"207\"\u003e \u003cformatting lang\u003d\"EnglishUnitedStates\"\u003e 5MG008 XYZProlJC! 2 S\u0026raquo;\u0026laquo; S\u0026raquo;M \u003c/formatting\u003e  \u003c/line\u003e  \u003c/par\u003e  \u003c/text\u003e  \u003c/block\u003e  \u003cblock b\u003d\"455\" blockname\u003d\"\" blocktype\u003d\"Text\" l\u003d\"367\" r\u003d\"470\" style\u003d\"transform: translate(570px, 592px); position: absolute; width: 160.107px; height: 24.375px;\" t\u003d\"437\"\u003e \u003cregion\u003e \u003crect b\u003d\"455\" l\u003d\"367\" r\u003d\"470\" t\u003d\"437\"\u003e\u003c/rect\u003e  \u003c/region\u003e  \u003ctext\u003e \u003cpar linespacing\u003d\"680\"\u003e \u003cline b\u003d\"450\" baseline\u003d\"449\" l\u003d\"369\" r\u003d\"392\" style\u003d\"transform: translate(3px, 4px); position: absolute;\" t\u003d\"440\"\u003e \u003cformatting lang\u003d\"EnglishUnitedStates\"\u003e Tcto 1 \u003c/formatting\u003e  \u003c/line\u003e  \u003c/par\u003e  \u003c/text\u003e  \u003c/block\u003e  \u003cblock b\u003d\"443\" blockname\u003d\"\" blocktype\u003d\"Text\" l\u003d\"7\" r\u003d\"211\" style\u003d\"transform: translate(11px, 553px); position: absolute; width: 317.105px; height: 47.3958px;\" t\u003d\"408\"\u003e \u003cregion\u003e \u003crect b\u003d\"443\" l\u003d\"7\" r\u003d\"211\" t\u003d\"408\"\u003e\u003c/rect\u003e  \u003c/region\u003e  \u003ctext\u003e \u003cpar align\u003d\"Justified\" linespacing\u003d\"750\"\u003e \u003cline b\u003d\"420\" baseline\u003d\"417\" l\u003d\"11\" r\u003d\"181\" style\u003d\"transform: translate(6px, 3px); position: absolute;\" t\u003d\"410\"\u003e \u003cformatting lang\u003d\"EnglishUnitedStates\"\u003e _Notw and Payment ln*tmc\u0026laquo;ion\u0026lt; \u003c/formatting\u003e  \u003c/line\u003e  \u003c/par\u003e  \u003cpar align\u003d\"Justified\" linespacing\u003d\"750\"\u003e \u003cline b\u003d\"430\" baseline\u003d\"428\" l\u003d\"11\" r\u003d\"200\" style\u003d\"transform: translate(6px, 18px); position: absolute;\" t\u003d\"421\"\u003e \u003cformatting lang\u003d\"EnglishUnitedStates\"\u003e P mvt make checks cflyablc to \u0027■\u0026gt; Spiwds-wl \u003c/formatting\u003e  \u003c/line\u003e  \u003cline b\u003d\"439\" baseline\u003d\"438\" l\u003d\"11\" r\u003d\"207\" style\u003d\"transform: translate(6px, 31px); position: absolute;\" t\u003d\"431\"\u003e \u003cformatting lang\u003d\"EnglishUnitedStates\"\u003e S:ore\u0026rsquo; Late cav ovens ni I be assessed a $1500 fee \u003c/formatting\u003e  \u003c/line\u003e  \u003c/par\u003e  \u003c/text\u003e  \u003c/block\u003e  \u003cblock b\u003d\"143\" blockname\u003d\"\" blocktype\u003d\"Text\" l\u003d\"326\" r\u003d\"438\" style\u003d\"transform: translate(507px, 83px); position: absolute; width: 174.097px; height: 111.042px;\" t\u003d\"61\"\u003e \u003cregion\u003e \u003crect b\u003d\"143\" l\u003d\"326\" r\u003d\"438\" t\u003d\"61\"\u003e\u003c/rect\u003e  \u003c/region\u003e  \u003ctext\u003e \u003cpar align\u003d\"Right\" linespacing\u003d\"900\"\u003e \u003cline b\u003d\"73\" baseline\u003d\"73\" l\u003d\"363\" r\u003d\"431\" style\u003d\"transform: translate(58px, 0px); position: absolute;\" t\u003d\"61\"\u003e \u003cformatting lang\u003d\"EnglishUnitedStates\"\u003e INVOICE \u003c/formatting\u003e  \u003c/line\u003e  \u003c/par\u003e  \u003cpar linespacing\u003d\"750\"\u003e \u003cline b\u003d\"97\" baseline\u003d\"97\" l\u003d\"329\" r\u003d\"392\" style\u003d\"transform: translate(5px, 38px); position: absolute;\" t\u003d\"89\"\u003e \u003cformatting lang\u003d\"EnglishUnitedStates\"\u003e Ny F.roiceCcrj \u003c/formatting\u003e  \u003c/line\u003e  \u003cline b\u003d\"107\" baseline\u003d\"107\" l\u003d\"328\" r\u003d\"412\" style\u003d\"transform: translate(3px, 51px); position: absolute;\" t\u003d\"99\"\u003e \u003cformatting lang\u003d\"EnglishUnitedStates\"\u003e 3TD LMmnce Avenue \u003c/formatting\u003e  \u003c/line\u003e  \u003cline b\u003d\"119\" baseline\u003d\"117\" l\u003d\"328\" r\u003d\"426\" style\u003d\"transform: translate(3px, 66px); position: absolute;\" t\u003d\"110\"\u003e \u003cformatting lang\u003d\"EnglishUnitedStates\"\u003e Ne\u0026laquo;Yc*NY100ttUSA \u003c/formatting\u003e  \u003c/line\u003e  \u003cline b\u003d\"129\" baseline\u003d\"128\" l\u003d\"333\" r\u003d\"399\" style\u003d\"transform: translate(11px, 81px); position: absolute;\" t\u003d\"121\"\u003e \u003cformatting lang\u003d\"EnglishUnitedStates\"\u003e el 098)222 2222 \u003c/formatting\u003e  \u003c/line\u003e  \u003cline b\u003d\"140\" baseline\u003d\"138\" l\u003d\"328\" r\u003d\"434\" style\u003d\"transform: translate(3px, 95px); position: absolute;\" t\u003d\"131\"\u003e \u003cformatting lang\u003d\"EnglishUnitedStates\"\u003e arm j err Smith Sales R\u0026laquo;. \u003c/formatting\u003e  \u003c/line\u003e  \u003c/par\u003e  \u003c/text\u003e  \u003c/block\u003e  \u003cblock b\u003d\"474\" blockname\u003d\"\" blocktype\u003d\"SeparatorsBox\" class\u003d\"hidden\" l\u003d\"9\" r\u003d\"225\" style\u003d\"transform: translate(14px, 553px); position: absolute;\" t\u003d\"408\"\u003e \u003cregion\u003e \u003crect b\u003d\"411\" l\u003d\"9\" r\u003d\"225\" t\u003d\"408\"\u003e\u003c/rect\u003e  \u003crect b\u003d\"472\" l\u003d\"9\" r\u003d\"225\" t\u003d\"411\"\u003e\u003c/rect\u003e  \u003crect b\u003d\"474\" l\u003d\"9\" r\u003d\"225\" t\u003d\"472\"\u003e\u003c/rect\u003e  \u003c/region\u003e  \u003cseparatorsbox\u003e \u003cseparator thickness\u003d\"3\" type\u003d\"Black\"\u003e \u003cstart x\u003d\"9\" y\u003d\"409\"\u003e\u003c/start\u003e \u003cend x\u003d\"225\" y\u003d\"409\"\u003e\u003c/end\u003e \u003c/separator\u003e \u003cseparator thickness\u003d\"2\" type\u003d\"Black\"\u003e \u003cstart x\u003d\"9\" y\u003d\"473\"\u003e\u003c/start\u003e \u003cend x\u003d\"225\" y\u003d\"473\"\u003e\u003c/end\u003e \u003c/separator\u003e \u003cseparator thickness\u003d\"3\" type\u003d\"Black\"\u003e \u003cstart x\u003d\"10\" y\u003d\"408\"\u003e\u003c/start\u003e \u003cend x\u003d\"10\" y\u003d\"474\"\u003e\u003c/end\u003e \u003c/separator\u003e \u003cseparator thickness\u003d\"2\" type\u003d\"Black\"\u003e \u003cstart x\u003d\"224\" y\u003d\"408\"\u003e\u003c/start\u003e \u003cend x\u003d\"224\" y\u003d\"474\"\u003e\u003c/end\u003e \u003c/separator\u003e \u003c/separatorsbox\u003e \u003c/block\u003e  \u003cblock b\u003d\"153\" blockname\u003d\"\" blocktype\u003d\"SeparatorsBox\" class\u003d\"hidden\" l\u003d\"326\" r\u003d\"468\" style\u003d\"transform: translate(507px, 119px); position: absolute;\" t\u003d\"88\"\u003e \u003cregion\u003e \u003crect b\u003d\"90\" l\u003d\"326\" r\u003d\"468\" t\u003d\"88\"\u003e\u003c/rect\u003e  \u003crect b\u003d\"152\" l\u003d\"326\" r\u003d\"468\" t\u003d\"90\"\u003e\u003c/rect\u003e  \u003crect b\u003d\"153\" l\u003d\"326\" r\u003d\"468\" t\u003d\"152\"\u003e\u003c/rect\u003e  \u003c/region\u003e  \u003cseparatorsbox\u003e \u003cseparator thickness\u003d\"2\" type\u003d\"Black\"\u003e \u003cstart x\u003d\"326\" y\u003d\"89\"\u003e\u003c/start\u003e \u003cend x\u003d\"468\" y\u003d\"89\"\u003e\u003c/end\u003e \u003c/separator\u003e \u003cseparator thickness\u003d\"1\" type\u003d\"Black\"\u003e \u003cstart x\u003d\"326\" y\u003d\"152\"\u003e\u003c/start\u003e \u003cend x\u003d\"468\" y\u003d\"152\"\u003e\u003c/end\u003e \u003c/separator\u003e \u003cseparator thickness\u003d\"2\" type\u003d\"Black\"\u003e \u003cstart x\u003d\"327\" y\u003d\"88\"\u003e\u003c/start\u003e \u003cend x\u003d\"327\" y\u003d\"153\"\u003e\u003c/end\u003e \u003c/separator\u003e \u003cseparator thickness\u003d\"1\" type\u003d\"Black\"\u003e \u003cstart x\u003d\"467\" y\u003d\"88\"\u003e\u003c/start\u003e \u003cend x\u003d\"467\" y\u003d\"153\"\u003e\u003c/end\u003e \u003c/separator\u003e \u003c/separatorsbox\u003e \u003c/block\u003e  \u003cblock b\u003d\"31\" blockname\u003d\"\" blocktype\u003d\"Separator\" l\u003d\"10\" r\u003d\"468\" style\u003d\"transform: translate(16px, 27px); position: absolute;\" t\u003d\"20\"\u003e \u003cregion\u003e \u003crect b\u003d\"31\" l\u003d\"10\" r\u003d\"468\" t\u003d\"20\"\u003e\u003c/rect\u003e  \u003c/region\u003e  \u003cseparator thickness\u003d\"11\" type\u003d\"Black\"\u003e \u003cstart x\u003d\"10\" y\u003d\"25\"\u003e\u003c/start\u003e \u003cend x\u003d\"468\" y\u003d\"25\"\u003e\u003c/end\u003e \u003c/separator\u003e \u003c/block\u003e  \u003cblock b\u003d\"165\" blockname\u003d\"\" blocktype\u003d\"Separator\" l\u003d\"9\" r\u003d\"468\" style\u003d\"transform: translate(14px, 214px); position: absolute;\" t\u003d\"158\"\u003e \u003cregion\u003e \u003crect b\u003d\"165\" l\u003d\"9\" r\u003d\"468\" t\u003d\"158\"\u003e\u003c/rect\u003e  \u003c/region\u003e  \u003cseparator thickness\u003d\"7\" type\u003d\"Black\"\u003e \u003cstart x\u003d\"9\" y\u003d\"161\"\u003e\u003c/start\u003e \u003cend x\u003d\"468\" y\u003d\"161\"\u003e\u003c/end\u003e \u003c/separator\u003e \u003c/block\u003e  \u003cblock b\u003d\"175\" blockname\u003d\"\" blocktype\u003d\"Separator\" class\u003d\"hidden\" l\u003d\"428\" r\u003d\"464\" style\u003d\"transform: translate(665px, 236px); position: absolute;\" t\u003d\"174\"\u003e \u003cregion\u003e \u003crect b\u003d\"175\" l\u003d\"428\" r\u003d\"464\" t\u003d\"174\"\u003e\u003c/rect\u003e  \u003c/region\u003e  \u003cseparator thickness\u003d\"1\" type\u003d\"Black\"\u003e \u003cstart x\u003d\"428\" y\u003d\"174\"\u003e\u003c/start\u003e \u003cend x\u003d\"464\" y\u003d\"174\"\u003e\u003c/end\u003e \u003c/separator\u003e \u003c/block\u003e  \u003cblock b\u003d\"208\" blockname\u003d\"\" blocktype\u003d\"Separator\" class\u003d\"hidden\" l\u003d\"392\" r\u003d\"468\" style\u003d\"transform: translate(609px, 279px); position: absolute;\" t\u003d\"206\"\u003e \u003cregion\u003e \u003crect b\u003d\"208\" l\u003d\"392\" r\u003d\"468\" t\u003d\"206\"\u003e\u003c/rect\u003e  \u003c/region\u003e  \u003cseparator thickness\u003d\"2\" type\u003d\"Black\"\u003e \u003cstart x\u003d\"392\" y\u003d\"207\"\u003e\u003c/start\u003e \u003cend x\u003d\"468\" y\u003d\"207\"\u003e\u003c/end\u003e \u003c/separator\u003e \u003c/block\u003e  \u003cblock b\u003d\"239\" blockname\u003d\"\" blocktype\u003d\"Separator\" l\u003d\"392\" r\u003d\"468\" style\u003d\"transform: translate(609px, 322px); position: absolute;\" t\u003d\"238\"\u003e \u003cregion\u003e \u003crect b\u003d\"239\" l\u003d\"392\" r\u003d\"468\" t\u003d\"238\"\u003e\u003c/rect\u003e  \u003c/region\u003e  \u003cseparator thickness\u003d\"1\" type\u003d\"Black\"\u003e \u003cstart x\u003d\"392\" y\u003d\"238\"\u003e\u003c/start\u003e \u003cend x\u003d\"468\" y\u003d\"238\"\u003e\u003c/end\u003e \u003c/separator\u003e \u003c/block\u003e  \u003cblock b\u003d\"271\" blockname\u003d\"\" blocktype\u003d\"Separator\" l\u003d\"392\" r\u003d\"468\" style\u003d\"transform: translate(609px, 366px); position: absolute;\" t\u003d\"270\"\u003e \u003cregion\u003e \u003crect b\u003d\"271\" l\u003d\"392\" r\u003d\"468\" t\u003d\"270\"\u003e\u003c/rect\u003e  \u003c/region\u003e  \u003cseparator thickness\u003d\"1\" type\u003d\"Black\"\u003e \u003cstart x\u003d\"392\" y\u003d\"270\"\u003e\u003c/start\u003e \u003cend x\u003d\"468\" y\u003d\"270\"\u003e\u003c/end\u003e \u003c/separator\u003e \u003c/block\u003e  \u003cblock b\u003d\"303\" blockname\u003d\"\" blocktype\u003d\"Separator\" l\u003d\"392\" r\u003d\"468\" style\u003d\"transform: translate(609px, 409px); position: absolute;\" t\u003d\"302\"\u003e \u003cregion\u003e \u003crect b\u003d\"303\" l\u003d\"392\" r\u003d\"468\" t\u003d\"302\"\u003e\u003c/rect\u003e  \u003c/region\u003e  \u003cseparator thickness\u003d\"1\" type\u003d\"Black\"\u003e \u003cstart x\u003d\"392\" y\u003d\"302\"\u003e\u003c/start\u003e \u003cend x\u003d\"468\" y\u003d\"302\"\u003e\u003c/end\u003e \u003c/separator\u003e \u003c/block\u003e  \u003cblock b\u003d\"335\" blockname\u003d\"\" blocktype\u003d\"Separator\" l\u003d\"392\" r\u003d\"468\" style\u003d\"transform: translate(609px, 452px); position: absolute;\" t\u003d\"334\"\u003e \u003cregion\u003e \u003crect b\u003d\"335\" l\u003d\"392\" r\u003d\"468\" t\u003d\"334\"\u003e\u003c/rect\u003e  \u003c/region\u003e  \u003cseparator thickness\u003d\"1\" type\u003d\"Black\"\u003e \u003cstart x\u003d\"392\" y\u003d\"334\"\u003e\u003c/start\u003e \u003cend x\u003d\"468\" y\u003d\"334\"\u003e\u003c/end\u003e \u003c/separator\u003e \u003c/block\u003e  \u003cblock b\u003d\"367\" blockname\u003d\"\" blocktype\u003d\"Separator\" l\u003d\"392\" r\u003d\"468\" style\u003d\"transform: translate(609px, 496px); position: absolute;\" t\u003d\"366\"\u003e \u003cregion\u003e \u003crect b\u003d\"367\" l\u003d\"392\" r\u003d\"468\" t\u003d\"366\"\u003e\u003c/rect\u003e  \u003c/region\u003e  \u003cseparator thickness\u003d\"1\" type\u003d\"Black\"\u003e \u003cstart x\u003d\"392\" y\u003d\"366\"\u003e\u003c/start\u003e \u003cend x\u003d\"468\" y\u003d\"366\"\u003e\u003c/end\u003e \u003c/separator\u003e \u003c/block\u003e  \u003cblock b\u003d\"400\" blockname\u003d\"\" blocktype\u003d\"Separator\" l\u003d\"10\" r\u003d\"464\" style\u003d\"transform: translate(16px, 539px); position: absolute;\" t\u003d\"398\"\u003e \u003cregion\u003e \u003crect b\u003d\"400\" l\u003d\"10\" r\u003d\"464\" t\u003d\"398\"\u003e\u003c/rect\u003e  \u003c/region\u003e  \u003cseparator thickness\u003d\"2\" type\u003d\"Black\"\u003e \u003cstart x\u003d\"10\" y\u003d\"399\"\u003e\u003c/start\u003e \u003cend x\u003d\"464\" y\u003d\"399\"\u003e\u003c/end\u003e \u003c/separator\u003e \u003c/block\u003e  \u003cblock b\u003d\"421\" blockname\u003d\"\" blocktype\u003d\"Separator\" class\u003d\"hidden\" l\u003d\"9\" r\u003d\"225\" style\u003d\"transform: translate(14px, 566px); position: absolute;\" t\u003d\"418\"\u003e \u003cregion\u003e \u003crect b\u003d\"421\" l\u003d\"9\" r\u003d\"225\" t\u003d\"418\"\u003e\u003c/rect\u003e  \u003c/region\u003e  \u003cseparator thickness\u003d\"3\" type\u003d\"Black\"\u003e \u003cstart x\u003d\"9\" y\u003d\"419\"\u003e\u003c/start\u003e \u003cend x\u003d\"225\" y\u003d\"419\"\u003e\u003c/end\u003e \u003c/separator\u003e \u003c/block\u003e  \u003cblock b\u003d\"431\" blockname\u003d\"\" blocktype\u003d\"Separator\" l\u003d\"392\" r\u003d\"468\" style\u003d\"transform: translate(609px, 582px); position: absolute;\" t\u003d\"430\"\u003e \u003cregion\u003e \u003crect b\u003d\"431\" l\u003d\"392\" r\u003d\"468\" t\u003d\"430\"\u003e\u003c/rect\u003e  \u003c/region\u003e  \u003cseparator thickness\u003d\"1\" type\u003d\"Black\"\u003e \u003cstart x\u003d\"392\" y\u003d\"430\"\u003e\u003c/start\u003e \u003cend x\u003d\"468\" y\u003d\"430\"\u003e\u003c/end\u003e \u003c/separator\u003e \u003c/block\u003e  \u003cblock b\u003d\"443\" blockname\u003d\"\" blocktype\u003d\"Separator\" class\u003d\"hidden\" l\u003d\"391\" r\u003d\"441\" style\u003d\"transform: translate(608px, 596px); position: absolute;\" t\u003d\"440\"\u003e \u003cregion\u003e \u003crect b\u003d\"443\" l\u003d\"391\" r\u003d\"441\" t\u003d\"440\"\u003e\u003c/rect\u003e  \u003c/region\u003e  \u003cseparator thickness\u003d\"3\" type\u003d\"Black\"\u003e \u003cstart x\u003d\"391\" y\u003d\"441\"\u003e\u003c/start\u003e \u003cend x\u003d\"441\" y\u003d\"441\"\u003e\u003c/end\u003e \u003c/separator\u003e \u003c/block\u003e  \u003cblock b\u003d\"453\" blockname\u003d\"\" blocktype\u003d\"Separator\" l\u003d\"391\" r\u003d\"468\" style\u003d\"transform: translate(608px, 611px); position: absolute;\" t\u003d\"451\"\u003e \u003cregion\u003e \u003crect b\u003d\"453\" l\u003d\"391\" r\u003d\"468\" t\u003d\"451\"\u003e\u003c/rect\u003e  \u003c/region\u003e  \u003cseparator thickness\u003d\"2\" type\u003d\"Black\"\u003e \u003cstart x\u003d\"391\" y\u003d\"452\"\u003e\u003c/start\u003e \u003cend x\u003d\"468\" y\u003d\"452\"\u003e\u003c/end\u003e \u003c/separator\u003e \u003c/block\u003e  \u003cblock b\u003d\"399\" blockname\u003d\"\" blocktype\u003d\"Separator\" class\u003d\"hidden\" l\u003d\"88\" r\u003d\"89\" style\u003d\"transform: translate(137px, 236px); position: absolute;\" t\u003d\"174\"\u003e \u003cregion\u003e \u003crect b\u003d\"399\" l\u003d\"88\" r\u003d\"89\" t\u003d\"174\"\u003e\u003c/rect\u003e  \u003c/region\u003e  \u003cseparator thickness\u003d\"1\" type\u003d\"Black\"\u003e \u003cstart x\u003d\"88\" y\u003d\"174\"\u003e\u003c/start\u003e \u003cend x\u003d\"88\" y\u003d\"399\"\u003e\u003c/end\u003e \u003c/separator\u003e \u003c/block\u003e  \u003cblock b\u003d\"399\" blockname\u003d\"\" blocktype\u003d\"Separator\" class\u003d\"hidden\" l\u003d\"262\" r\u003d\"264\" style\u003d\"transform: translate(407px, 236px); position: absolute;\" t\u003d\"174\"\u003e \u003cregion\u003e \u003crect b\u003d\"399\" l\u003d\"262\" r\u003d\"264\" t\u003d\"174\"\u003e\u003c/rect\u003e  \u003c/region\u003e  \u003cseparator thickness\u003d\"2\" type\u003d\"Black\"\u003e \u003cstart x\u003d\"263\" y\u003d\"174\"\u003e\u003c/start\u003e \u003cend x\u003d\"263\" y\u003d\"399\"\u003e\u003c/end\u003e \u003c/separator\u003e \u003c/block\u003e  \u003cblock b\u003d\"400\" blockname\u003d\"\" blocktype\u003d\"Separator\" class\u003d\"hidden\" l\u003d\"326\" r\u003d\"328\" style\u003d\"transform: translate(507px, 236px); position: absolute;\" t\u003d\"174\"\u003e \u003cregion\u003e \u003crect b\u003d\"400\" l\u003d\"326\" r\u003d\"328\" t\u003d\"174\"\u003e\u003c/rect\u003e  \u003c/region\u003e  \u003cseparator thickness\u003d\"2\" type\u003d\"Black\"\u003e \u003cstart x\u003d\"327\" y\u003d\"174\"\u003e\u003c/start\u003e \u003cend x\u003d\"327\" y\u003d\"400\"\u003e\u003c/end\u003e \u003c/separator\u003e \u003c/block\u003e  \u003cblock b\u003d\"398\" blockname\u003d\"\" blocktype\u003d\"Separator\" l\u003d\"466\" r\u003d\"468\" style\u003d\"transform: translate(724px, 236px); position: absolute;\" t\u003d\"174\"\u003e \u003cregion\u003e \u003crect b\u003d\"398\" l\u003d\"466\" r\u003d\"468\" t\u003d\"174\"\u003e\u003c/rect\u003e  \u003c/region\u003e  \u003cseparator thickness\u003d\"2\" type\u003d\"Black\"\u003e \u003cstart x\u003d\"467\" y\u003d\"174\"\u003e\u003c/start\u003e \u003cend x\u003d\"467\" y\u003d\"398\"\u003e\u003c/end\u003e \u003c/separator\u003e \u003c/block\u003e  \u003cblock b\u003d\"453\" blockname\u003d\"\" blocktype\u003d\"Separator\" l\u003d\"466\" r\u003d\"468\" style\u003d\"transform: translate(724px, 551px); position: absolute;\" t\u003d\"407\"\u003e \u003cregion\u003e \u003crect b\u003d\"453\" l\u003d\"466\" r\u003d\"468\" t\u003d\"407\"\u003e\u003c/rect\u003e  \u003c/region\u003e  \u003cseparator thickness\u003d\"2\" type\u003d\"Black\"\u003e \u003cstart x\u003d\"467\" y\u003d\"407\"\u003e\u003c/start\u003e \u003cend x\u003d\"467\" y\u003d\"453\"\u003e\u003c/end\u003e \u003c/separator\u003e \u003c/block\u003e  \u003cblock b\u003d\"84\" blockname\u003d\"\" blocktype\u003d\"Text\" l\u003d\"40\" r\u003d\"77\" style\u003d\"transform: translate(62px, 62px); position: absolute; width: 57.5141px; height: 51.4583px;\" t\u003d\"46\"\u003e \u003cregion\u003e \u003crect b\u003d\"84\" l\u003d\"40\" r\u003d\"77\" t\u003d\"46\"\u003e\u003c/rect\u003e  \u003c/region\u003e  \u003ctext\u003e \u003cpar linespacing\u003d\"-1\"\u003e\u003c/par\u003e  \u003c/text\u003e  \u003c/block\u003e  \u003c/page\u003e             \u003c/document\u003e\u003c/body\u003e\u003c/html\u003e","tags":[{"begin":49,"end":60,"text":"Bjsiw Works","tag":"supplier_name","fieldType":"COMPANY_NAME","score":0.5492005462670975,"estimatedAccuracy":0.0}],"group":"supplier_name","limeExplanation":{},"liblinearFeatureImportance":{}}