{"finalScore":0.7317551571236306,"metaInfo":{"model":{"coreVersion":"10.3.0.39"}},"sumScore":3.658775785618153,"tagsCounter":5.0,"taggedText":"\u003chtml\u003e\u003chead\u003e\u003cscript src\u003d\"https://ajax.googleapis.com/ajax/libs/jquery/2.2.0/jquery.min.js\"\u003e\u003c/script\u003e\u003c/head\u003e\u003cbody\u003e\u003cdocument languages\u003d\"\" producer\u003d\"Workfusion\" schemalocation\u003d\"http://ocr.crowdcomputingsystems.com/xml/schema-v1.xml\" version\u003d\"1.0\" xmlns\u003d\"http://ocr.crowdcomputingsystems.com/xml/schema-v1.xml\" xsi\u003d\"http://www.w3.org/2001/XMLSchema-instance\"\u003e \u003clink href\u003d\"https://s3.amazonaws.com/workfusion-resources/ocr/ocr-xml-viewer-0.3-scale-to-width.css\" rel\u003d\"stylesheet\" type\u003d\"text/css\"\u003e\u003c/link\u003e \u003cstyle\u003e\u003c/style\u003e\u003cpage data-pages\u003d\"1\" h\u003d\"1650\" resolution\u003d\"72\" style\u003d\"height: 2797px;\" w\u003d\"1275\"\u003e \u003cblock b\u003d\"140\" blockname\u003d\"\" blocktype\u003d\"Text\" l\u003d\"82\" r\u003d\"191\" style\u003d\"transform: translate(50px, 195px); position: absolute; width: 65.9129px; height: 57.7778px;\" t\u003d\"108\"\u003e \u003cregion\u003e \u003crect b\u003d\"140\" l\u003d\"82\" r\u003d\"191\" t\u003d\"108\"\u003e\u003c/rect\u003e  \u003c/region\u003e  \u003ctext\u003e \u003cpar linespacing\u003d\"2600\"\u003e \u003cline b\u003d\"136\" baseline\u003d\"136\" l\u003d\"84\" r\u003d\"187\" style\u003d\"transform: translate(1px, 4px); position: absolute;\" t\u003d\"110\"\u003e \u003cformatting lang\u003d\"EnglishUnitedStates\"\u003e GSSA \u003c/formatting\u003e  \u003c/line\u003e  \u003c/par\u003e  \u003c/text\u003e  \u003c/block\u003e  \u003cblock b\u003d\"287\" blockname\u003d\"\" blocktype\u003d\"Text\" l\u003d\"80\" r\u003d\"379\" style\u003d\"transform: translate(48px, 300px); position: absolute; width: 180.807px; height: 218.472px;\" t\u003d\"166\"\u003e \u003cregion\u003e \u003crect b\u003d\"287\" l\u003d\"80\" r\u003d\"379\" t\u003d\"166\"\u003e\u003c/rect\u003e  \u003c/region\u003e  \u003ctext\u003e \u003cpar linespacing\u003d\"2600\"\u003e \u003cline b\u003d\"185\" baseline\u003d\"181\" l\u003d\"82\" r\u003d\"184\" style\u003d\"transform: translate(1px, 0px); position: absolute;\" t\u003d\"166\"\u003e \u003cformatting lang\u003d\"EnglishUnitedStates\"\u003e Thank you \u003c/formatting\u003e  \u003c/line\u003e  \u003c/par\u003e  \u003cpar linespacing\u003d\"2600\" rightindent\u003d\"25900\"\u003e \u003cline b\u003d\"212\" baseline\u003d\"207\" l\u003d\"80\" r\u003d\"351\" style\u003d\"transform: translate(0px, 47px); position: absolute;\" t\u003d\"192\"\u003e \u003cformatting lang\u003d\"EnglishUnitedStates\"\u003e \u003csupplier_name appendorder\u003d\"12\" class\u003d\"extraction-tag\" confidence\u003d\"1/1\" data-original-title\u003d\"Supplier name\" data-toggle\u003d\"tooltip\" data-value\u003d\"c/o Great River Miner\" fold-name\u003d\"fold5\" score\u003d\"0.6228305409524635\" style\u003d\"background-color: rgb(88, 50, 166);  color: rgb(255, 255, 255);   border: 2px solid rgb(125, 157, 1); \" tagorder\u003d\"7\"\u003ec/o Great River Miner\u003c/supplier_name\u003e \u003c/formatting\u003e  \u003c/line\u003e  \u003cline b\u003d\"233\" baseline\u003d\"233\" l\u003d\"80\" r\u003d\"220\" style\u003d\"transform: translate(0px, 94px); position: absolute;\" t\u003d\"218\"\u003e \u003cformatting lang\u003d\"EnglishUnitedStates\"\u003e 001 Tinker Road \u003c/formatting\u003e  \u003c/line\u003e  \u003cline b\u003d\"261\" baseline\u003d\"258\" l\u003d\"80\" r\u003d\"260\" style\u003d\"transform: translate(0px, 139px); position: absolute;\" t\u003d\"243\"\u003e \u003cformatting lang\u003d\"EnglishUnitedStates\"\u003e Nashua , NH 03064 \u003c/formatting\u003e  \u003c/line\u003e  \u003cline b\u003d\"285\" baseline\u003d\"285\" l\u003d\"81\" r\u003d\"377\" style\u003d\"transform: translate(1px, 188px); position: absolute;\" t\u003d\"270\"\u003e \u003cformatting lang\u003d\"EnglishUnitedStates\"\u003e Phone 603-595-4357 Fax none \u003c/formatting\u003e  \u003c/line\u003e  \u003c/par\u003e  \u003c/text\u003e  \u003c/block\u003e  \u003cblock b\u003d\"287\" blockname\u003d\"\" blocktype\u003d\"Text\" l\u003d\"837\" r\u003d\"1130\" style\u003d\"transform: translate(506px, 394px); position: absolute; width: 177.179px; height: 124.583px;\" t\u003d\"218\"\u003e \u003cregion\u003e \u003crect b\u003d\"287\" l\u003d\"837\" r\u003d\"1130\" t\u003d\"218\"\u003e\u003c/rect\u003e  \u003c/region\u003e  \u003ctext\u003e \u003cpar align\u003d\"Justified\" leftindent\u003d\"4000\" linespacing\u003d\"1500\"\u003e \u003cline b\u003d\"238\" baseline\u003d\"233\" l\u003d\"877\" r\u003d\"1128\" style\u003d\"transform: translate(24px, 0px); position: absolute;\" t\u003d\"218\"\u003e \u003cformatting lang\u003d\"EnglishUnitedStates\"\u003e DATE: \u003cinvoice_date appendorder\u003d\"2\" class\u003d\"extraction-tag\" confidence\u003d\"1/1\" data-original-title\u003d\"Invoice date\" data-toggle\u003d\"tooltip\" data-value\u003d\"May, 2 2009\" fold-name\u003d\"fold3\" score\u003d\"0.6479313227835695\" style\u003d\"background-color: rgb(17, 18, 43);  color: rgb(255, 255, 255);   border: 2px solid rgb(125, 157, 1); \" tagorder\u003d\"1\"\u003eMay, 2 2009\u003c/invoice_date\u003e \u003c/formatting\u003e  \u003c/line\u003e  \u003c/par\u003e  \u003cpar align\u003d\"Justified\" linespacing\u003d\"2700\"\u003e \u003cline b\u003d\"259\" baseline\u003d\"258\" l\u003d\"837\" r\u003d\"1128\" style\u003d\"transform: translate(0px, 45px); position: absolute;\" t\u003d\"243\"\u003e \u003cformatting lang\u003d\"EnglishUnitedStates\"\u003e INVOICE# \u003cinvoice_number appendorder\u003d\"3\" class\u003d\"extraction-tag\" confidence\u003d\"1/1\" data-original-title\u003d\"Invoice number\" data-toggle\u003d\"tooltip\" data-value\u003d\"100\" fold-name\u003d\"fold3\" score\u003d\"0.6586904222447805\" style\u003d\"background-color: rgb(0, 83, 98);  color: rgb(255, 255, 255);   border: 2px solid rgb(125, 157, 1); \" tagorder\u003d\"2\"\u003e100\u003c/invoice_number\u003e \u003c/formatting\u003e  \u003c/line\u003e  \u003c/par\u003e  \u003cpar align\u003d\"Justified\" leftindent\u003d\"5200\" linespacing\u003d\"2700\"\u003e \u003cline b\u003d\"285\" baseline\u003d\"285\" l\u003d\"889\" r\u003d\"1126\" style\u003d\"transform: translate(31px, 94px); position: absolute;\" t\u003d\"270\"\u003e \u003cformatting lang\u003d\"EnglishUnitedStates\"\u003e FOR: Annual Dues \u003c/formatting\u003e  \u003c/line\u003e  \u003c/par\u003e  \u003c/text\u003e  \u003c/block\u003e  \u003cblock b\u003d\"415\" blockname\u003d\"\" blocktype\u003d\"Text\" l\u003d\"80\" r\u003d\"272\" style\u003d\"transform: translate(48px, 672px); position: absolute; width: 116.104px; height: 77.6389px;\" t\u003d\"372\"\u003e \u003cregion\u003e \u003crect b\u003d\"415\" l\u003d\"80\" r\u003d\"272\" t\u003d\"372\"\u003e\u003c/rect\u003e  \u003c/region\u003e  \u003ctext\u003e \u003cpar linespacing\u003d\"1500\"\u003e \u003cline b\u003d\"387\" baseline\u003d\"387\" l\u003d\"81\" r\u003d\"148\" style\u003d\"transform: translate(1px, 0px); position: absolute;\" t\u003d\"372\"\u003e \u003cformatting lang\u003d\"EnglishUnitedStates\"\u003e Bill To: \u003c/formatting\u003e  \u003c/line\u003e  \u003c/par\u003e  \u003cpar linespacing\u003d\"1500\"\u003e \u003cline b\u003d\"413\" baseline\u003d\"413\" l\u003d\"80\" r\u003d\"270\" style\u003d\"transform: translate(0px, 47px); position: absolute;\" t\u003d\"398\"\u003e \u003cformatting lang\u003d\"EnglishUnitedStates\"\u003e GSSA Member 2009 \u003c/formatting\u003e  \u003c/line\u003e  \u003c/par\u003e  \u003c/text\u003e  \u003c/block\u003e  \u003cblock b\u003d\"518\" blockname\u003d\"\" blocktype\u003d\"Text\" l\u003d\"81\" r\u003d\"140\" style\u003d\"transform: translate(49px, 905px); position: absolute; width: 35.6776px; height: 30.6944px;\" t\u003d\"501\"\u003e \u003cregion\u003e \u003crect b\u003d\"518\" l\u003d\"81\" r\u003d\"140\" t\u003d\"501\"\u003e\u003c/rect\u003e  \u003c/region\u003e  \u003ctext\u003e \u003cpar linespacing\u003d\"1500\"\u003e \u003cline b\u003d\"516\" baseline\u003d\"516\" l\u003d\"81\" r\u003d\"138\" style\u003d\"transform: translate(0px, 0px); position: absolute;\" t\u003d\"501\"\u003e \u003cformatting lang\u003d\"EnglishUnitedStates\"\u003e Phone \u003c/formatting\u003e  \u003c/line\u003e  \u003c/par\u003e  \u003c/text\u003e  \u003c/block\u003e  \u003cregion xmlns\u003d\"http://ocr.crowdcomputingsystems.com/xml/schema-v1.xml\"\u003e \u003crect b\u003d\"1345\" l\u003d\"75\" r\u003d\"1135\" t\u003d\"573\"\u003e\u003c/rect\u003e  \u003c/region\u003e \u003ctable b\u003d\"1345\" blockname\u003d\"\" blocktype\u003d\"Table\" l\u003d\"75\" r\u003d\"1135\" style\u003d\"transform: translate(45px, 1035px); position: absolute; user-select: auto;\" t\u003d\"573\" xmlns\u003d\"\"\u003e \u003ctbody\u003e\u003ctr\u003e \u003ctd h\u003d\"41\" w\u003d\"868\"\u003e \u003ctext xmlns\u003d\"http://ocr.crowdcomputingsystems.com/xml/schema-v1.xml\"\u003e \u003cpar align\u003d\"Center\" linespacing\u003d\"1600\" rightindent\u003d\"200\"\u003e \u003cline b\u003d\"601\" baseline\u003d\"601\" l\u003d\"440\" r\u003d\"580\" t\u003d\"585\"\u003e \u003cformatting lang\u003d\"EnglishUnitedStates\"\u003e DESCRIPTION \u003c/formatting\u003e  \u003c/line\u003e  \u003c/par\u003e  \u003c/text\u003e  \u003c/td\u003e   \u003ctd h\u003d\"41\" w\u003d\"192\"\u003e \u003ctext xmlns\u003d\"http://ocr.crowdcomputingsystems.com/xml/schema-v1.xml\"\u003e \u003cpar align\u003d\"Center\" linespacing\u003d\"1600\"\u003e \u003cline b\u003d\"602\" baseline\u003d\"602\" l\u003d\"994\" r\u003d\"1084\" t\u003d\"586\"\u003e \u003cformatting lang\u003d\"EnglishUnitedStates\"\u003e AMOUNT \u003c/formatting\u003e  \u003c/line\u003e  \u003c/par\u003e  \u003c/text\u003e  \u003c/td\u003e   \u003c/tr\u003e \n \u003ctr\u003e \u003ctd h\u003d\"689\" w\u003d\"868\"\u003e \u003ctext xmlns\u003d\"http://ocr.crowdcomputingsystems.com/xml/schema-v1.xml\"\u003e \u003cpar linespacing\u003d\"1500\"\u003e \u003cline b\u003d\"645\" baseline\u003d\"640\" l\u003d\"80\" r\u003d\"543\" t\u003d\"625\"\u003e\u003cproduct appendorder\u003d\"5\" class\u003d\"extraction-tag\" confidence\u003d\"1/1\" data-original-title\u003d\"construction_type\" data-toggle\u003d\"tooltip\" data-value\u003d\"Annual Dues per team 2009 summer swim season\" fold-name\u003d\"fold5\" injection\u003d\"true\" referencedatausedininjection\u003d\"manual\" score\u003d\"0.7653987857726268\" style\u003d\"background-color: rgb(78, 135, 105);  color: rgb(0, 0, 0);   border: 2px solid rgb(125, 157, 1); \" tagorder\u003d\"1657082\"\u003eAnnual Dues per team 2009 summer swim season\u003c/product\u003e\u003c/line\u003e  \u003c/par\u003e  \u003c/text\u003e  \u003c/td\u003e   \u003ctd h\u003d\"689\" w\u003d\"192\"\u003e \u003ctext xmlns\u003d\"http://ocr.crowdcomputingsystems.com/xml/schema-v1.xml\"\u003e \u003cpar leftindent\u003d\"1400\" linespacing\u003d\"1600\"\u003e \u003cline b\u003d\"644\" baseline\u003d\"642\" l\u003d\"957\" r\u003d\"1121\" t\u003d\"626\"\u003e$ 100.00\u003c/line\u003e  \u003c/par\u003e  \u003c/text\u003e  \u003c/td\u003e   \u003c/tr\u003e \n \u003ctr\u003e \u003ctd bottomborder\u003d\"White\" h\u003d\"42\" leftborder\u003d\"White\" w\u003d\"868\"\u003e \u003ctext xmlns\u003d\"http://ocr.crowdcomputingsystems.com/xml/schema-v1.xml\"\u003e \u003cpar align\u003d\"Right\" linespacing\u003d\"1600\" rightindent\u003d\"1600\"\u003e \u003cline b\u003d\"1331\" baseline\u003d\"1331\" l\u003d\"858\" r\u003d\"927\" t\u003d\"1315\"\u003e \u003cformatting lang\u003d\"EnglishUnitedStates\"\u003e TOTAL \u003c/formatting\u003e  \u003c/line\u003e  \u003c/par\u003e  \u003c/text\u003e  \u003c/td\u003e   \u003ctd h\u003d\"42\" w\u003d\"192\"\u003e \u003ctext xmlns\u003d\"http://ocr.crowdcomputingsystems.com/xml/schema-v1.xml\"\u003e \u003cpar leftindent\u003d\"1400\" linespacing\u003d\"1600\"\u003e \u003cline b\u003d\"1333\" baseline\u003d\"1331\" l\u003d\"957\" r\u003d\"1122\" t\u003d\"1315\"\u003e \u003cformatting lang\u003d\"EnglishUnitedStates\"\u003e $ \u003ctotal_amount appendorder\u003d\"13\" class\u003d\"extraction-tag\" confidence\u003d\"1/1\" data-original-title\u003d\"Total amount\" data-toggle\u003d\"tooltip\" data-value\u003d\"100.00\" fold-name\u003d\"fold1\" score\u003d\"0.9639247138647125\" style\u003d\"background-color: rgb(27, 182, 226);  color: rgb(0, 0, 0);   border: 2px solid rgb(125, 157, 1); \" tagorder\u003d\"8\"\u003e100.00\u003c/total_amount\u003e \u003c/formatting\u003e  \u003c/line\u003e  \u003c/par\u003e  \u003c/text\u003e  \u003c/td\u003e   \u003c/tr\u003e \n \u003c/tbody\u003e\u003c/table\u003e\n \u003cblock b\u003d\"1447\" blockname\u003d\"\" blocktype\u003d\"Text\" l\u003d\"80\" r\u003d\"878\" style\u003d\"transform: translate(48px, 2526px); position: absolute; width: 482.555px; height: 86.6667px;\" t\u003d\"1399\"\u003e \u003cregion\u003e \u003crect b\u003d\"1447\" l\u003d\"80\" r\u003d\"878\" t\u003d\"1399\"\u003e\u003c/rect\u003e  \u003c/region\u003e  \u003ctext\u003e \u003cpar linespacing\u003d\"1500\"\u003e \u003cline b\u003d\"1419\" baseline\u003d\"1414\" l\u003d\"80\" r\u003d\"392\" style\u003d\"transform: translate(0px, 0px); position: absolute;\" t\u003d\"1399\"\u003e \u003cformatting lang\u003d\"EnglishUnitedStates\"\u003e Make all checks payable to GSSA \u003c/formatting\u003e  \u003c/line\u003e  \u003c/par\u003e  \u003cpar linespacing\u003d\"1500\"\u003e \u003cline b\u003d\"1445\" baseline\u003d\"1440\" l\u003d\"81\" r\u003d\"876\" style\u003d\"transform: translate(1px, 47px); position: absolute;\" t\u003d\"1425\"\u003e \u003cformatting lang\u003d\"EnglishUnitedStates\"\u003e If you have any questions concerning this invoice, contact NcGreg Derderian Treasurer \u003c/formatting\u003e  \u003c/line\u003e  \u003c/par\u003e  \u003c/text\u003e  \u003c/block\u003e  \u003cblock b\u003d\"1549\" blockname\u003d\"\" blocktype\u003d\"Text\" l\u003d\"407\" r\u003d\"801\" style\u003d\"transform: translate(246px, 2766px); position: absolute; width: 238.254px; height: 30.6944px;\" t\u003d\"1532\"\u003e \u003cregion\u003e \u003crect b\u003d\"1549\" l\u003d\"407\" r\u003d\"801\" t\u003d\"1532\"\u003e\u003c/rect\u003e  \u003c/region\u003e  \u003ctext\u003e \u003cpar align\u003d\"Center\" leftindent\u003d\"200\" linespacing\u003d\"1500\"\u003e \u003cline b\u003d\"1547\" baseline\u003d\"1547\" l\u003d\"408\" r\u003d\"799\" style\u003d\"transform: translate(1px, 0px); position: absolute;\" t\u003d\"1532\"\u003e \u003cformatting lang\u003d\"EnglishUnitedStates\"\u003e THANK YOU FOR YOUR MEMBERSHIPS \u003c/formatting\u003e  \u003c/line\u003e  \u003c/par\u003e  \u003c/text\u003e  \u003c/block\u003e  \u003cblock b\u003d\"577\" blockname\u003d\"\" blocktype\u003d\"Separator\" l\u003d\"75\" r\u003d\"1135\" style\u003d\"transform: translate(45px, 1035px); position: absolute;\" t\u003d\"573\"\u003e \u003cregion\u003e \u003crect b\u003d\"577\" l\u003d\"75\" r\u003d\"1135\" t\u003d\"573\"\u003e\u003c/rect\u003e  \u003c/region\u003e  \u003cseparator thickness\u003d\"4\" type\u003d\"Black\"\u003e \u003cstart x\u003d\"75\" y\u003d\"575\"\u003e\u003c/start\u003e \u003cend x\u003d\"1135\" y\u003d\"575\"\u003e\u003c/end\u003e \u003c/separator\u003e \u003c/block\u003e  \u003cblock b\u003d\"617\" blockname\u003d\"\" blocktype\u003d\"Separator\" l\u003d\"77\" r\u003d\"1135\" style\u003d\"transform: translate(47px, 1105px); position: absolute;\" t\u003d\"612\"\u003e \u003cregion\u003e \u003crect b\u003d\"613\" l\u003d\"942\" r\u003d\"1135\" t\u003d\"612\"\u003e\u003c/rect\u003e  \u003crect b\u003d\"616\" l\u003d\"77\" r\u003d\"1135\" t\u003d\"613\"\u003e\u003c/rect\u003e  \u003crect b\u003d\"617\" l\u003d\"942\" r\u003d\"1135\" t\u003d\"616\"\u003e\u003c/rect\u003e  \u003c/region\u003e  \u003cseparator thickness\u003d\"4\" type\u003d\"Black\"\u003e \u003cstart x\u003d\"77\" y\u003d\"614\"\u003e\u003c/start\u003e \u003cend x\u003d\"1135\" y\u003d\"614\"\u003e\u003c/end\u003e \u003c/separator\u003e \u003c/block\u003e  \u003cblock b\u003d\"1306\" blockname\u003d\"\" blocktype\u003d\"Separator\" l\u003d\"75\" r\u003d\"1135\" style\u003d\"transform: translate(45px, 2349px); position: absolute;\" t\u003d\"1301\"\u003e \u003cregion\u003e \u003crect b\u003d\"1302\" l\u003d\"75\" r\u003d\"1135\" t\u003d\"1301\"\u003e\u003c/rect\u003e  \u003crect b\u003d\"1305\" l\u003d\"75\" r\u003d\"1135\" t\u003d\"1302\"\u003e\u003c/rect\u003e  \u003crect b\u003d\"1306\" l\u003d\"942\" r\u003d\"1135\" t\u003d\"1305\"\u003e\u003c/rect\u003e  \u003c/region\u003e  \u003cseparator thickness\u003d\"4\" type\u003d\"Black\"\u003e \u003cstart x\u003d\"75\" y\u003d\"1303\"\u003e\u003c/start\u003e \u003cend x\u003d\"1135\" y\u003d\"1303\"\u003e\u003c/end\u003e \u003c/separator\u003e \u003c/block\u003e  \u003cblock b\u003d\"1345\" blockname\u003d\"\" blocktype\u003d\"Separator\" l\u003d\"942\" r\u003d\"1135\" style\u003d\"transform: translate(570px, 2421px); position: absolute;\" t\u003d\"1341\"\u003e \u003cregion\u003e \u003crect b\u003d\"1345\" l\u003d\"942\" r\u003d\"1135\" t\u003d\"1341\"\u003e\u003c/rect\u003e  \u003c/region\u003e  \u003cseparator thickness\u003d\"4\" type\u003d\"Black\"\u003e \u003cstart x\u003d\"942\" y\u003d\"1343\"\u003e\u003c/start\u003e \u003cend x\u003d\"1135\" y\u003d\"1343\"\u003e\u003c/end\u003e \u003c/separator\u003e \u003c/block\u003e  \u003cblock b\u003d\"1305\" blockname\u003d\"\" blocktype\u003d\"Separator\" l\u003d\"75\" r\u003d\"78\" style\u003d\"transform: translate(45px, 1035px); position: absolute;\" t\u003d\"573\"\u003e \u003cregion\u003e \u003crect b\u003d\"1305\" l\u003d\"75\" r\u003d\"78\" t\u003d\"573\"\u003e\u003c/rect\u003e  \u003c/region\u003e  \u003cseparator thickness\u003d\"3\" type\u003d\"Black\"\u003e \u003cstart x\u003d\"76\" y\u003d\"573\"\u003e\u003c/start\u003e \u003cend x\u003d\"76\" y\u003d\"1305\"\u003e\u003c/end\u003e \u003c/separator\u003e \u003c/block\u003e  \u003cblock b\u003d\"1345\" blockname\u003d\"\" blocktype\u003d\"Separator\" l\u003d\"941\" r\u003d\"946\" style\u003d\"transform: translate(569px, 1040px); position: absolute;\" t\u003d\"576\"\u003e \u003cregion\u003e \u003crect b\u003d\"613\" l\u003d\"942\" r\u003d\"945\" t\u003d\"576\"\u003e\u003c/rect\u003e  \u003crect b\u003d\"616\" l\u003d\"941\" r\u003d\"946\" t\u003d\"613\"\u003e\u003c/rect\u003e  \u003crect b\u003d\"1302\" l\u003d\"942\" r\u003d\"945\" t\u003d\"616\"\u003e\u003c/rect\u003e  \u003crect b\u003d\"1305\" l\u003d\"941\" r\u003d\"946\" t\u003d\"1302\"\u003e\u003c/rect\u003e  \u003crect b\u003d\"1345\" l\u003d\"942\" r\u003d\"946\" t\u003d\"1305\"\u003e\u003c/rect\u003e  \u003c/region\u003e  \u003cseparator thickness\u003d\"4\" type\u003d\"Black\"\u003e \u003cstart x\u003d\"943\" y\u003d\"576\"\u003e\u003c/start\u003e \u003cend x\u003d\"943\" y\u003d\"1345\"\u003e\u003c/end\u003e \u003c/separator\u003e \u003c/block\u003e  \u003cblock b\u003d\"1345\" blockname\u003d\"\" blocktype\u003d\"Separator\" l\u003d\"1131\" r\u003d\"1135\" style\u003d\"transform: translate(684px, 1035px); position: absolute;\" t\u003d\"573\"\u003e \u003cregion\u003e \u003crect b\u003d\"1345\" l\u003d\"1131\" r\u003d\"1135\" t\u003d\"573\"\u003e\u003c/rect\u003e  \u003c/region\u003e  \u003cseparator thickness\u003d\"4\" type\u003d\"Black\"\u003e \u003cstart x\u003d\"1133\" y\u003d\"573\"\u003e\u003c/start\u003e \u003cend x\u003d\"1133\" y\u003d\"1345\"\u003e\u003c/end\u003e \u003c/separator\u003e \u003c/block\u003e  \u003c/page\u003e     \u003c/document\u003e\u003c/body\u003e\u003c/html\u003e","tags":[{"begin":57,"end":78,"text":"c/o Great River Miner","tag":"supplier_name","fieldType":"COMPANY_NAME","score":0.6228305409524635,"estimatedAccuracy":0.0},{"begin":185,"end":196,"text":"May, 2 2009","tag":"invoice_date","fieldType":"DATE","score":0.6479313227835695,"estimatedAccuracy":0.0},{"begin":215,"end":218,"text":"100","tag":"invoice_number","fieldType":"TEXT","score":0.6586904222447805,"estimatedAccuracy":0.0},{"begin":400,"end":444,"text":"Annual Dues per team 2009 summer swim season","tag":"product","fieldType":"TEXT","score":0.7653987857726268,"estimatedAccuracy":0.0},{"begin":506,"end":512,"text":"100.00","tag":"total_amount","fieldType":"NUMBER","score":0.9639247138647125,"estimatedAccuracy":0.0}],"group":"invoice_date|invoice_number|product|supplier_name|total_amount","limeExplanation":{},"liblinearFeatureImportance":{}}