{"finalScore":0.7459821467658196,"metaInfo":{"model":{"coreVersion":"10.3.0.39"}},"sumScore":7.459821467658196,"tagsCounter":10.0,"taggedText":"\u003chtml\u003e\u003chead\u003e\u003cscript src\u003d\"https://ajax.googleapis.com/ajax/libs/jquery/2.2.0/jquery.min.js\"\u003e\u003c/script\u003e\u003c/head\u003e\u003cbody\u003e\u003cdocument languages\u003d\"\" producer\u003d\"Workfusion\" schemalocation\u003d\"http://ocr.crowdcomputingsystems.com/xml/schema-v1.xml\" version\u003d\"1.0\" xmlns\u003d\"http://ocr.crowdcomputingsystems.com/xml/schema-v1.xml\" xsi\u003d\"http://www.w3.org/2001/XMLSchema-instance\"\u003e \u003clink href\u003d\"https://s3.amazonaws.com/workfusion-resources/ocr/ocr-xml-viewer-0.3-scale-to-width.css\" rel\u003d\"stylesheet\" type\u003d\"text/css\"\u003e\u003c/link\u003e \u003cstyle\u003e\u003c/style\u003e\u003cpage data-pages\u003d\"1\" h\u003d\"792\" resolution\u003d\"96\" style\u003d\"height: 1006px;\" w\u003d\"612\"\u003e \u003cblock b\u003d\"63\" blockname\u003d\"\" blocktype\u003d\"Text\" l\u003d\"325\" r\u003d\"409\" style\u003d\"transform: translate(401px, 51px); position: absolute; width: 103.627px; height: 33.8542px;\" t\u003d\"38\"\u003e \u003cregion\u003e \u003crect b\u003d\"63\" l\u003d\"325\" r\u003d\"409\" t\u003d\"38\"\u003e\u003c/rect\u003e  \u003c/region\u003e  \u003ctext\u003e \u003cpar align\u003d\"Justified\" linespacing\u003d\"900\"\u003e \u003cline b\u003d\"47\" baseline\u003d\"47\" l\u003d\"327\" r\u003d\"401\" style\u003d\"transform: translate(2px, 3px); position: absolute;\" t\u003d\"40\"\u003e \u003cformatting lang\u003d\"EnglishUnitedStates\"\u003e 515 \u003csupplier_name class\u003d\"extraction-tag\" data-value\u003d\"Haines Lane\" fold-name\u003d\"fold4\" ml-tagorder\u003d\"7762481\" score\u003d\"0.4368101378608621\" tagorder\u003d\"7762481\"\u003eHaines Lane\u003c/supplier_name\u003e \u003c/formatting\u003e  \u003c/line\u003e  \u003cline b\u003d\"60\" baseline\u003d\"59\" l\u003d\"328\" r\u003d\"406\" style\u003d\"transform: translate(4px, 19px); position: absolute;\" t\u003d\"52\"\u003e \u003cformatting lang\u003d\"EnglishUnitedStates\"\u003e Boston. MA 02201 \u003c/formatting\u003e  \u003c/line\u003e  \u003c/par\u003e  \u003c/text\u003e  \u003c/block\u003e  \u003cblock b\u003d\"75\" blockname\u003d\"\" blocktype\u003d\"Text\" l\u003d\"450\" r\u003d\"563\" style\u003d\"transform: translate(555px, 51px); position: absolute; width: 139.404px; height: 50.1042px;\" t\u003d\"38\"\u003e \u003cregion\u003e \u003crect b\u003d\"75\" l\u003d\"450\" r\u003d\"563\" t\u003d\"38\"\u003e\u003c/rect\u003e  \u003c/region\u003e  \u003ctext\u003e \u003cpar linespacing\u003d\"825\"\u003e \u003cline b\u003d\"47\" baseline\u003d\"47\" l\u003d\"452\" r\u003d\"541\" style\u003d\"transform: translate(2px, 3px); position: absolute;\" t\u003d\"40\"\u003e \u003cformatting lang\u003d\"EnglishUnitedStates\"\u003e Teh 1-663-956-7800 \u003c/formatting\u003e  \u003c/line\u003e  \u003cline b\u003d\"59\" baseline\u003d\"59\" l\u003d\"452\" r\u003d\"545\" style\u003d\"transform: translate(2px, 19px); position: absolute;\" t\u003d\"52\"\u003e \u003cformatting lang\u003d\"EnglishUnitedStates\"\u003e Fax: 1-166-706-7800 \u003c/formatting\u003e  \u003c/line\u003e  \u003cline b\u003d\"72\" baseline\u003d\"70\" l\u003d\"452\" r\u003d\"560\" style\u003d\"transform: translate(2px, 34px); position: absolute;\" t\u003d\"63\"\u003e \u003cformatting lang\u003d\"EnglishUnitedStates\"\u003e Web: www.abc4you.com \u003c/formatting\u003e  \u003c/line\u003e  \u003c/par\u003e  \u003c/text\u003e  \u003c/block\u003e  \u003cblock b\u003d\"86\" blockname\u003d\"\" blocktype\u003d\"Text\" l\u003d\"37\" r\u003d\"284\" style\u003d\"transform: translate(46px, 62px); position: absolute; width: 304.714px; height: 54.1667px;\" t\u003d\"46\"\u003e \u003cregion\u003e \u003crect b\u003d\"86\" l\u003d\"37\" r\u003d\"284\" t\u003d\"46\"\u003e\u003c/rect\u003e  \u003c/region\u003e  \u003ctext\u003e \u003cpar linespacing\u003d\"1350\"\u003e \u003cline b\u003d\"69\" baseline\u003d\"65\" l\u003d\"39\" r\u003d\"282\" style\u003d\"transform: translate(2px, 1px); position: absolute;\" t\u003d\"47\"\u003e \u003cformatting lang\u003d\"EnglishUnitedStates\"\u003e ABC Cleaning, LLC \u003c/formatting\u003e  \u003c/line\u003e  \u003c/par\u003e  \u003cpar linespacing\u003d\"680\"\u003e \u003cline b\u003d\"84\" baseline\u003d\"83\" l\u003d\"39\" r\u003d\"202\" style\u003d\"transform: translate(2px, 38px); position: absolute;\" t\u003d\"74\"\u003e \u003cformatting lang\u003d\"EnglishUnitedStates\"\u003e We love to clean and it showsl \u003c/formatting\u003e  \u003c/line\u003e  \u003c/par\u003e  \u003c/text\u003e  \u003c/block\u003e  \u003cregion xmlns\u003d\"http://ocr.crowdcomputingsystems.com/xml/schema-v1.xml\"\u003e \u003crect b\u003d\"315\" l\u003d\"35\" r\u003d\"577\" t\u003d\"118\"\u003e\u003c/rect\u003e  \u003c/region\u003e \u003ctable b\u003d\"315\" blockname\u003d\"\" blocktype\u003d\"Table\" l\u003d\"35\" r\u003d\"577\" style\u003d\"transform: translate(43px, 160px); position: absolute; user-select: auto;\" t\u003d\"118\" xmlns\u003d\"\"\u003e \u003ctbody\u003e\u003ctr\u003e \u003ctd h\u003d\"19\" w\u003d\"91\"\u003e \u003ctext xmlns\u003d\"http://ocr.crowdcomputingsystems.com/xml/schema-v1.xml\"\u003e \u003cpar linespacing\u003d\"530\"\u003e \u003cline b\u003d\"131\" baseline\u003d\"131\" l\u003d\"39\" r\u003d\"59\" t\u003d\"124\"\u003e \u003cformatting lang\u003d\"EnglishUnitedStates\"\u003e DATE \u003c/formatting\u003e  \u003c/line\u003e  \u003c/par\u003e  \u003c/text\u003e  \u003c/td\u003e   \u003ctd h\u003d\"19\" rightborder\u003d\"White\" w\u003d\"135\"\u003e \u003ctext xmlns\u003d\"http://ocr.crowdcomputingsystems.com/xml/schema-v1.xml\"\u003e \u003cpar linespacing\u003d\"530\"\u003e \u003cline b\u003d\"131\" baseline\u003d\"131\" l\u003d\"129\" r\u003d\"160\" t\u003d\"124\"\u003e \u003cformatting lang\u003d\"EnglishUnitedStates\"\u003e \u003cinvoice_date appendorder\u003d\"12\" class\u003d\"extraction-tag\" confidence\u003d\"1/1\" data-original-title\u003d\"Invoice date\" data-toggle\u003d\"tooltip\" data-value\u003d\"1001/12\" fold-name\u003d\"fold3\" score\u003d\"0.6849520790490585\" style\u003d\"background-color: rgb(17, 18, 43);  color: rgb(255, 255, 255);   border: 2px solid rgb(125, 157, 1); \" tagorder\u003d\"6\"\u003e1001/12\u003c/invoice_date\u003e \u003c/formatting\u003e  \u003c/line\u003e  \u003c/par\u003e  \u003c/text\u003e  \u003c/td\u003e   \u003ctd bottomborder\u003d\"White\" h\u003d\"19\" leftborder\u003d\"White\" rightborder\u003d\"White\" w\u003d\"128\"\u003e \u003ctext xmlns\u003d\"http://ocr.crowdcomputingsystems.com/xml/schema-v1.xml\"\u003e \u003cpar align\u003d\"Right\" linespacing\u003d\"530\" rightindent\u003d\"800\"\u003e \u003cline b\u003d\"131\" baseline\u003d\"131\" l\u003d\"308\" r\u003d\"379\" t\u003d\"124\"\u003e \u003cformatting lang\u003d\"EnglishUnitedStates\"\u003e INVOICE NUMBER \u003c/formatting\u003e  \u003c/line\u003e  \u003c/par\u003e  \u003c/text\u003e  \u003c/td\u003e   \u003ctd bottomborder\u003d\"White\" h\u003d\"19\" leftborder\u003d\"White\" w\u003d\"188\"\u003e \u003ctext xmlns\u003d\"http://ocr.crowdcomputingsystems.com/xml/schema-v1.xml\"\u003e \u003cpar linespacing\u003d\"530\"\u003e \u003cline b\u003d\"131\" baseline\u003d\"131\" l\u003d\"398\" r\u003d\"416\" t\u003d\"124\"\u003e \u003cformatting lang\u003d\"EnglishUnitedStates\"\u003e \u003cinvoice_number appendorder\u003d\"13\" class\u003d\"extraction-tag\" confidence\u003d\"1/1\" data-original-title\u003d\"Invoice number\" data-toggle\u003d\"tooltip\" data-value\u003d\"7e5e\" fold-name\u003d\"fold5\" score\u003d\"0.5356627082009987\" style\u003d\"background-color: rgb(0, 83, 98);  color: rgb(255, 255, 255);   border: 2px solid rgb(125, 157, 1); \" tagorder\u003d\"7\"\u003e7e5e\u003c/invoice_number\u003e \u003c/formatting\u003e  \u003c/line\u003e  \u003c/par\u003e  \u003c/text\u003e  \u003c/td\u003e   \u003c/tr\u003e \n \u003ctr\u003e \u003ctd h\u003d\"17\" w\u003d\"91\"\u003e \u003ctext xmlns\u003d\"http://ocr.crowdcomputingsystems.com/xml/schema-v1.xml\"\u003e \u003cpar linespacing\u003d\"530\"\u003e \u003cline b\u003d\"148\" baseline\u003d\"148\" l\u003d\"39\" r\u003d\"88\" t\u003d\"141\"\u003e \u003cformatting lang\u003d\"EnglishUnitedStates\"\u003e PO NUMBER \u003c/formatting\u003e  \u003c/line\u003e  \u003c/par\u003e  \u003c/text\u003e  \u003c/td\u003e   \u003ctd h\u003d\"17\" rightborder\u003d\"White\" w\u003d\"135\"\u003e \u003ctext xmlns\u003d\"http://ocr.crowdcomputingsystems.com/xml/schema-v1.xml\"\u003e \u003cpar linespacing\u003d\"530\"\u003e \u003cline b\u003d\"148\" baseline\u003d\"148\" l\u003d\"128\" r\u003d\"142\" t\u003d\"141\"\u003e \u003cformatting lang\u003d\"EnglishUnitedStates\"\u003e m \u003c/formatting\u003e  \u003c/line\u003e  \u003c/par\u003e  \u003c/text\u003e  \u003c/td\u003e   \u003ctd h\u003d\"17\" leftborder\u003d\"White\" rightborder\u003d\"White\" topborder\u003d\"White\" w\u003d\"128\"\u003e \u003ctext xmlns\u003d\"http://ocr.crowdcomputingsystems.com/xml/schema-v1.xml\"\u003e \u003cpar align\u003d\"Center\" leftindent\u003d\"500\" linespacing\u003d\"530\"\u003e \u003cline b\u003d\"148\" baseline\u003d\"148\" l\u003d\"308\" r\u003d\"336\" t\u003d\"141\"\u003e \u003cformatting lang\u003d\"EnglishUnitedStates\"\u003e TERMS \u003c/formatting\u003e  \u003c/line\u003e  \u003c/par\u003e  \u003c/text\u003e  \u003c/td\u003e   \u003ctd h\u003d\"17\" leftborder\u003d\"White\" topborder\u003d\"White\" w\u003d\"188\"\u003e \u003ctext xmlns\u003d\"http://ocr.crowdcomputingsystems.com/xml/schema-v1.xml\"\u003e \u003cpar linespacing\u003d\"530\"\u003e \u003cline b\u003d\"148\" baseline\u003d\"148\" l\u003d\"398\" r\u003d\"422\" t\u003d\"141\"\u003e \u003cformatting lang\u003d\"EnglishUnitedStates\"\u003e Net 3D \u003c/formatting\u003e  \u003c/line\u003e  \u003c/par\u003e  \u003c/text\u003e  \u003c/td\u003e   \u003c/tr\u003e \n \u003ctr\u003e \u003ctd colspan\u003d\"4\" h\u003d\"44\" leftborder\u003d\"White\" rightborder\u003d\"White\" w\u003d\"542\"\u003e \u003ctext xmlns\u003d\"http://ocr.crowdcomputingsystems.com/xml/schema-v1.xml\"\u003e \u003cpar linespacing\u003d\"530\"\u003e \u003cline b\u003d\"192\" baseline\u003d\"192\" l\u003d\"39\" r\u003d\"71\" t\u003d\"185\"\u003e \u003cformatting lang\u003d\"EnglishUnitedStates\"\u003e BILL T0: \u003c/formatting\u003e  \u003c/line\u003e  \u003c/par\u003e  \u003c/text\u003e  \u003c/td\u003e   \u003c/tr\u003e \n \u003ctr\u003e \u003ctd bottomborder\u003d\"White\" h\u003d\"19\" leftborder\u003d\"White\" rightborder\u003d\"White\" w\u003d\"91\"\u003e \u003ctext xmlns\u003d\"http://ocr.crowdcomputingsystems.com/xml/schema-v1.xml\"\u003e \u003cpar linespacing\u003d\"530\"\u003e \u003cline b\u003d\"212\" baseline\u003d\"210\" l\u003d\"39\" r\u003d\"75\" t\u003d\"203\"\u003e \u003cformatting lang\u003d\"EnglishUnitedStates\"\u003e Comfany: \u003c/formatting\u003e  \u003c/line\u003e  \u003c/par\u003e  \u003c/text\u003e  \u003c/td\u003e   \u003ctd bottomborder\u003d\"White\" h\u003d\"19\" leftborder\u003d\"White\" rightborder\u003d\"White\" w\u003d\"135\"\u003e \u003ctext xmlns\u003d\"http://ocr.crowdcomputingsystems.com/xml/schema-v1.xml\"\u003e \u003cpar linespacing\u003d\"530\"\u003e \u003cline b\u003d\"212\" baseline\u003d\"210\" l\u003d\"129\" r\u003d\"191\" t\u003d\"203\"\u003e \u003cformatting lang\u003d\"EnglishUnitedStates\"\u003e Hotte Auto Body \u003c/formatting\u003e  \u003c/line\u003e  \u003c/par\u003e  \u003c/text\u003e  \u003c/td\u003e   \u003ctd bottomborder\u003d\"White\" h\u003d\"19\" leftborder\u003d\"White\" rightborder\u003d\"White\" w\u003d\"128\"\u003e \u003ctext xmlns\u003d\"http://ocr.crowdcomputingsystems.com/xml/schema-v1.xml\"\u003e \u003cpar leftindent\u003d\"3500\" linespacing\u003d\"-1\"\u003e\u003c/par\u003e  \u003c/text\u003e  \u003c/td\u003e   \u003ctd bottomborder\u003d\"White\" h\u003d\"19\" leftborder\u003d\"White\" rightborder\u003d\"White\" w\u003d\"188\"\u003e \u003ctext xmlns\u003d\"http://ocr.crowdcomputingsystems.com/xml/schema-v1.xml\"\u003e \u003cpar linespacing\u003d\"-1\"\u003e\u003c/par\u003e  \u003c/text\u003e  \u003c/td\u003e   \u003c/tr\u003e \n \u003ctr\u003e \u003ctd bottomborder\u003d\"White\" h\u003d\"16\" leftborder\u003d\"White\" rightborder\u003d\"White\" topborder\u003d\"White\" w\u003d\"91\"\u003e \u003ctext xmlns\u003d\"http://ocr.crowdcomputingsystems.com/xml/schema-v1.xml\"\u003e \u003cpar linespacing\u003d\"530\"\u003e \u003cline b\u003d\"227\" baseline\u003d\"227\" l\u003d\"39\" r\u003d\"61\" t\u003d\"220\"\u003e \u003cformatting lang\u003d\"EnglishUnitedStates\"\u003e Natne: \u003c/formatting\u003e  \u003c/line\u003e  \u003c/par\u003e  \u003c/text\u003e  \u003c/td\u003e   \u003ctd bottomborder\u003d\"White\" h\u003d\"16\" leftborder\u003d\"White\" rightborder\u003d\"White\" topborder\u003d\"White\" w\u003d\"135\"\u003e \u003ctext xmlns\u003d\"http://ocr.crowdcomputingsystems.com/xml/schema-v1.xml\"\u003e \u003cpar linespacing\u003d\"600\"\u003e \u003cline b\u003d\"227\" baseline\u003d\"228\" l\u003d\"129\" r\u003d\"160\" t\u003d\"220\"\u003e \u003cformatting lang\u003d\"EnglishUnitedStates\"\u003e Bll Hotb \u003c/formatting\u003e  \u003c/line\u003e  \u003c/par\u003e  \u003c/text\u003e  \u003c/td\u003e   \u003ctd bottomborder\u003d\"White\" h\u003d\"16\" leftborder\u003d\"White\" rightborder\u003d\"White\" topborder\u003d\"White\" w\u003d\"128\"\u003e \u003ctext xmlns\u003d\"http://ocr.crowdcomputingsystems.com/xml/schema-v1.xml\"\u003e \u003cpar leftindent\u003d\"3500\" linespacing\u003d\"-1\"\u003e\u003c/par\u003e  \u003c/text\u003e  \u003c/td\u003e   \u003ctd bottomborder\u003d\"White\" h\u003d\"16\" leftborder\u003d\"White\" rightborder\u003d\"White\" topborder\u003d\"White\" w\u003d\"188\"\u003e \u003ctext xmlns\u003d\"http://ocr.crowdcomputingsystems.com/xml/schema-v1.xml\"\u003e \u003cpar linespacing\u003d\"-1\"\u003e\u003c/par\u003e  \u003c/text\u003e  \u003c/td\u003e   \u003c/tr\u003e \n \u003ctr\u003e \u003ctd bottomborder\u003d\"White\" h\u003d\"17\" leftborder\u003d\"White\" rightborder\u003d\"White\" topborder\u003d\"White\" w\u003d\"91\"\u003e \u003ctext xmlns\u003d\"http://ocr.crowdcomputingsystems.com/xml/schema-v1.xml\"\u003e \u003cpar linespacing\u003d\"530\"\u003e \u003cline b\u003d\"244\" baseline\u003d\"244\" l\u003d\"39\" r\u003d\"91\" t\u003d\"237\"\u003e \u003cformatting lang\u003d\"EnglishUnitedStates\"\u003e Address Lire 1 \u003c/formatting\u003e  \u003c/line\u003e  \u003c/par\u003e  \u003c/text\u003e  \u003c/td\u003e   \u003ctd bottomborder\u003d\"White\" h\u003d\"17\" leftborder\u003d\"White\" rightborder\u003d\"White\" topborder\u003d\"White\" w\u003d\"135\"\u003e \u003ctext xmlns\u003d\"http://ocr.crowdcomputingsystems.com/xml/schema-v1.xml\"\u003e \u003cpar linespacing\u003d\"530\"\u003e \u003cline b\u003d\"244\" baseline\u003d\"244\" l\u003d\"129\" r\u003d\"213\" t\u003d\"237\"\u003e \u003cformatting lang\u003d\"EnglishUnitedStates\"\u003e 785 Industrial Road \u003c/formatting\u003e  \u003c/line\u003e  \u003c/par\u003e  \u003c/text\u003e  \u003c/td\u003e   \u003ctd bottomborder\u003d\"White\" h\u003d\"17\" leftborder\u003d\"White\" rightborder\u003d\"White\" topborder\u003d\"White\" w\u003d\"128\"\u003e \u003ctext xmlns\u003d\"http://ocr.crowdcomputingsystems.com/xml/schema-v1.xml\"\u003e \u003cpar leftindent\u003d\"3500\" linespacing\u003d\"-1\"\u003e\u003c/par\u003e  \u003c/text\u003e  \u003c/td\u003e   \u003ctd bottomborder\u003d\"White\" h\u003d\"17\" leftborder\u003d\"White\" rightborder\u003d\"White\" topborder\u003d\"White\" w\u003d\"188\"\u003e \u003ctext xmlns\u003d\"http://ocr.crowdcomputingsystems.com/xml/schema-v1.xml\"\u003e \u003cpar linespacing\u003d\"-1\"\u003e\u003c/par\u003e  \u003c/text\u003e  \u003c/td\u003e   \u003c/tr\u003e \n \u003ctr\u003e \u003ctd bottomborder\u003d\"White\" h\u003d\"17\" leftborder\u003d\"White\" rightborder\u003d\"White\" topborder\u003d\"White\" w\u003d\"91\"\u003e \u003ctext xmlns\u003d\"http://ocr.crowdcomputingsystems.com/xml/schema-v1.xml\"\u003e \u003cpar linespacing\u003d\"530\"\u003e \u003cline b\u003d\"261\" baseline\u003d\"261\" l\u003d\"39\" r\u003d\"92\" t\u003d\"254\"\u003e \u003cformatting lang\u003d\"EnglishUnitedStates\"\u003e Address Lire 2 \u003c/formatting\u003e  \u003c/line\u003e  \u003c/par\u003e  \u003c/text\u003e  \u003c/td\u003e   \u003ctd bottomborder\u003d\"White\" h\u003d\"17\" leftborder\u003d\"White\" rightborder\u003d\"White\" topborder\u003d\"White\" w\u003d\"135\"\u003e \u003ctext xmlns\u003d\"http://ocr.crowdcomputingsystems.com/xml/schema-v1.xml\"\u003e \u003cpar linespacing\u003d\"530\"\u003e \u003cline b\u003d\"261\" baseline\u003d\"261\" l\u003d\"129\" r\u003d\"169\" t\u003d\"254\"\u003e \u003cformatting lang\u003d\"EnglishUnitedStates\"\u003e Suite 550 \u003c/formatting\u003e  \u003c/line\u003e  \u003c/par\u003e  \u003c/text\u003e  \u003c/td\u003e   \u003ctd bottomborder\u003d\"White\" h\u003d\"17\" leftborder\u003d\"White\" rightborder\u003d\"White\" topborder\u003d\"White\" w\u003d\"128\"\u003e \u003ctext xmlns\u003d\"http://ocr.crowdcomputingsystems.com/xml/schema-v1.xml\"\u003e \u003cpar leftindent\u003d\"3500\" linespacing\u003d\"-1\"\u003e\u003c/par\u003e  \u003c/text\u003e  \u003c/td\u003e   \u003ctd bottomborder\u003d\"White\" h\u003d\"17\" leftborder\u003d\"White\" rightborder\u003d\"White\" topborder\u003d\"White\" w\u003d\"188\"\u003e \u003ctext xmlns\u003d\"http://ocr.crowdcomputingsystems.com/xml/schema-v1.xml\"\u003e \u003cpar linespacing\u003d\"-1\"\u003e\u003c/par\u003e  \u003c/text\u003e  \u003c/td\u003e   \u003c/tr\u003e \n \u003ctr\u003e \u003ctd bottomborder\u003d\"White\" h\u003d\"17\" leftborder\u003d\"White\" rightborder\u003d\"White\" topborder\u003d\"White\" w\u003d\"91\"\u003e \u003ctext xmlns\u003d\"http://ocr.crowdcomputingsystems.com/xml/schema-v1.xml\"\u003e \u003cpar linespacing\u003d\"530\"\u003e \u003cline b\u003d\"280\" baseline\u003d\"278\" l\u003d\"39\" r\u003d\"90\" t\u003d\"271\"\u003e \u003cformatting lang\u003d\"EnglishUnitedStates\"\u003e City Stale ZIP \u003c/formatting\u003e  \u003c/line\u003e  \u003c/par\u003e  \u003c/text\u003e  \u003c/td\u003e   \u003ctd bottomborder\u003d\"White\" h\u003d\"17\" leftborder\u003d\"White\" rightborder\u003d\"White\" topborder\u003d\"White\" w\u003d\"135\"\u003e \u003ctext xmlns\u003d\"http://ocr.crowdcomputingsystems.com/xml/schema-v1.xml\"\u003e \u003cpar linespacing\u003d\"530\"\u003e \u003cline b\u003d\"279\" baseline\u003d\"278\" l\u003d\"129\" r\u003d\"207\" t\u003d\"271\"\u003e \u003cformatting lang\u003d\"EnglishUnitedStates\"\u003e Boston. MA 02201 \u003c/formatting\u003e  \u003c/line\u003e  \u003c/par\u003e  \u003c/text\u003e  \u003c/td\u003e   \u003ctd bottomborder\u003d\"White\" h\u003d\"17\" leftborder\u003d\"White\" rightborder\u003d\"White\" topborder\u003d\"White\" w\u003d\"128\"\u003e \u003ctext xmlns\u003d\"http://ocr.crowdcomputingsystems.com/xml/schema-v1.xml\"\u003e \u003cpar leftindent\u003d\"3500\" linespacing\u003d\"-1\"\u003e\u003c/par\u003e  \u003c/text\u003e  \u003c/td\u003e   \u003ctd bottomborder\u003d\"White\" h\u003d\"17\" leftborder\u003d\"White\" rightborder\u003d\"White\" topborder\u003d\"White\" w\u003d\"188\"\u003e \u003ctext xmlns\u003d\"http://ocr.crowdcomputingsystems.com/xml/schema-v1.xml\"\u003e \u003cpar linespacing\u003d\"-1\"\u003e\u003c/par\u003e  \u003c/text\u003e  \u003c/td\u003e   \u003c/tr\u003e \n \u003ctr\u003e \u003ctd bottomborder\u003d\"White\" h\u003d\"17\" leftborder\u003d\"White\" rightborder\u003d\"White\" topborder\u003d\"White\" w\u003d\"91\"\u003e \u003ctext xmlns\u003d\"http://ocr.crowdcomputingsystems.com/xml/schema-v1.xml\"\u003e \u003cpar linespacing\u003d\"530\"\u003e \u003cline b\u003d\"295\" baseline\u003d\"295\" l\u003d\"39\" r\u003d\"50\" t\u003d\"288\"\u003e \u003cformatting lang\u003d\"EnglishUnitedStates\"\u003e Teh \u003c/formatting\u003e  \u003c/line\u003e  \u003c/par\u003e  \u003c/text\u003e  \u003c/td\u003e   \u003ctd bottomborder\u003d\"White\" h\u003d\"17\" leftborder\u003d\"White\" rightborder\u003d\"White\" topborder\u003d\"White\" w\u003d\"135\"\u003e \u003ctext xmlns\u003d\"http://ocr.crowdcomputingsystems.com/xml/schema-v1.xml\"\u003e \u003cpar linespacing\u003d\"530\"\u003e \u003cline b\u003d\"295\" baseline\u003d\"295\" l\u003d\"129\" r\u003d\"199\" t\u003d\"288\"\u003e \u003cformatting lang\u003d\"EnglishUnitedStates\"\u003e 1-885-123-4567 \u003c/formatting\u003e  \u003c/line\u003e  \u003c/par\u003e  \u003c/text\u003e  \u003c/td\u003e   \u003ctd bottomborder\u003d\"White\" h\u003d\"17\" leftborder\u003d\"White\" rightborder\u003d\"White\" topborder\u003d\"White\" w\u003d\"128\"\u003e \u003ctext xmlns\u003d\"http://ocr.crowdcomputingsystems.com/xml/schema-v1.xml\"\u003e \u003cpar leftindent\u003d\"3500\" linespacing\u003d\"-1\"\u003e\u003c/par\u003e  \u003c/text\u003e  \u003c/td\u003e   \u003ctd bottomborder\u003d\"White\" h\u003d\"17\" leftborder\u003d\"White\" rightborder\u003d\"White\" topborder\u003d\"White\" w\u003d\"188\"\u003e \u003ctext xmlns\u003d\"http://ocr.crowdcomputingsystems.com/xml/schema-v1.xml\"\u003e \u003cpar linespacing\u003d\"-1\"\u003e\u003c/par\u003e  \u003c/text\u003e  \u003c/td\u003e   \u003c/tr\u003e \n \u003ctr\u003e \u003ctd bottomborder\u003d\"White\" h\u003d\"14\" leftborder\u003d\"White\" rightborder\u003d\"White\" topborder\u003d\"White\" w\u003d\"91\"\u003e \u003ctext xmlns\u003d\"http://ocr.crowdcomputingsystems.com/xml/schema-v1.xml\"\u003e \u003cpar linespacing\u003d\"530\"\u003e \u003cline b\u003d\"312\" baseline\u003d\"312\" l\u003d\"40\" r\u003d\"53\" t\u003d\"305\"\u003e \u003cformatting lang\u003d\"EnglishUnitedStates\"\u003e Fax: \u003c/formatting\u003e  \u003c/line\u003e  \u003c/par\u003e  \u003c/text\u003e  \u003c/td\u003e   \u003ctd bottomborder\u003d\"White\" h\u003d\"14\" leftborder\u003d\"White\" rightborder\u003d\"White\" topborder\u003d\"White\" w\u003d\"135\"\u003e \u003ctext xmlns\u003d\"http://ocr.crowdcomputingsystems.com/xml/schema-v1.xml\"\u003e \u003cpar linespacing\u003d\"530\"\u003e \u003cline b\u003d\"312\" baseline\u003d\"312\" l\u003d\"129\" r\u003d\"197\" t\u003d\"305\"\u003e \u003cformatting lang\u003d\"EnglishUnitedStates\"\u003e 1-888-111-2222 \u003c/formatting\u003e  \u003c/line\u003e  \u003c/par\u003e  \u003c/text\u003e  \u003c/td\u003e   \u003ctd bottomborder\u003d\"White\" h\u003d\"14\" leftborder\u003d\"White\" rightborder\u003d\"White\" topborder\u003d\"White\" w\u003d\"128\"\u003e \u003ctext xmlns\u003d\"http://ocr.crowdcomputingsystems.com/xml/schema-v1.xml\"\u003e \u003cpar leftindent\u003d\"3500\" linespacing\u003d\"-1\"\u003e\u003c/par\u003e  \u003c/text\u003e  \u003c/td\u003e   \u003ctd bottomborder\u003d\"White\" h\u003d\"14\" leftborder\u003d\"White\" rightborder\u003d\"White\" topborder\u003d\"White\" w\u003d\"188\"\u003e \u003ctext xmlns\u003d\"http://ocr.crowdcomputingsystems.com/xml/schema-v1.xml\"\u003e \u003cpar linespacing\u003d\"-1\"\u003e\u003c/par\u003e  \u003c/text\u003e  \u003c/td\u003e   \u003c/tr\u003e \n \u003c/tbody\u003e\u003c/table\u003e\n \u003cregion xmlns\u003d\"http://ocr.crowdcomputingsystems.com/xml/schema-v1.xml\"\u003e \u003crect b\u003d\"569\" l\u003d\"36\" r\u003d\"578\" t\u003d\"345\"\u003e\u003c/rect\u003e  \u003c/region\u003e \u003ctable b\u003d\"569\" blockname\u003d\"\" blocktype\u003d\"Table\" l\u003d\"36\" r\u003d\"578\" style\u003d\"transform: translate(44px, 467px); position: absolute; user-select: auto;\" t\u003d\"345\" xmlns\u003d\"\"\u003e \u003ctbody\u003e\u003ctr\u003e \u003ctd h\u003d\"19\" w\u003d\"252\"\u003e \u003ctext xmlns\u003d\"http://ocr.crowdcomputingsystems.com/xml/schema-v1.xml\"\u003e \u003cpar align\u003d\"Center\" leftindent\u003d\"200\" linespacing\u003d\"530\"\u003e \u003cline b\u003d\"359\" baseline\u003d\"359\" l\u003d\"134\" r\u003d\"188\" t\u003d\"352\"\u003e \u003cformatting lang\u003d\"EnglishUnitedStates\"\u003e DESCRIPTION \u003c/formatting\u003e  \u003c/line\u003e  \u003c/par\u003e  \u003c/text\u003e  \u003c/td\u003e   \u003ctd h\u003d\"19\" w\u003d\"91\"\u003e \u003ctext xmlns\u003d\"http://ocr.crowdcomputingsystems.com/xml/schema-v1.xml\"\u003e \u003cpar align\u003d\"Center\" leftindent\u003d\"100\" linespacing\u003d\"530\"\u003e \u003cline b\u003d\"360\" baseline\u003d\"359\" l\u003d\"312\" r\u003d\"354\" t\u003d\"352\"\u003e \u003cformatting lang\u003d\"EnglishUnitedStates\"\u003e QUANTITY \u003c/formatting\u003e  \u003c/line\u003e  \u003c/par\u003e  \u003c/text\u003e  \u003c/td\u003e   \u003ctd h\u003d\"19\" w\u003d\"88\"\u003e \u003ctext xmlns\u003d\"http://ocr.crowdcomputingsystems.com/xml/schema-v1.xml\"\u003e \u003cpar align\u003d\"Center\" linespacing\u003d\"530\"\u003e \u003cline b\u003d\"359\" baseline\u003d\"359\" l\u003d\"414\" r\u003d\"432\" t\u003d\"352\"\u003e \u003cformatting lang\u003d\"EnglishUnitedStates\"\u003e Cost \u003c/formatting\u003e  \u003c/line\u003e  \u003c/par\u003e  \u003c/text\u003e  \u003c/td\u003e   \u003ctd h\u003d\"19\" w\u003d\"111\"\u003e \u003ctext xmlns\u003d\"http://ocr.crowdcomputingsystems.com/xml/schema-v1.xml\"\u003e \u003cpar align\u003d\"Center\" leftindent\u003d\"200\" linespacing\u003d\"530\"\u003e \u003cline b\u003d\"359\" baseline\u003d\"359\" l\u003d\"503\" r\u003d\"539\" t\u003d\"352\"\u003e \u003cformatting lang\u003d\"EnglishUnitedStates\"\u003e AMOUNT \u003c/formatting\u003e  \u003c/line\u003e  \u003c/par\u003e  \u003c/text\u003e  \u003c/td\u003e   \u003c/tr\u003e \n \u003ctr\u003e \u003ctd h\u003d\"20\" w\u003d\"252\"\u003e \u003ctext xmlns\u003d\"http://ocr.crowdcomputingsystems.com/xml/schema-v1.xml\"\u003e \u003cpar linespacing\u003d\"530\"\u003e \u003cline b\u003d\"378\" baseline\u003d\"376\" l\u003d\"40\" r\u003d\"221\" t\u003d\"369\"\u003e\u003cproduct appendorder\u003d\"5\" class\u003d\"extraction-tag\" confidence\u003d\"1/1\" data-original-title\u003d\"construction_type\" data-toggle\u003d\"tooltip\" data-value\u003d\"Item One - Commercial Cleaning Service\" fold-name\u003d\"fold1\" injection\u003d\"true\" referencedatausedininjection\u003d\"manual\" score\u003d\"0.7774282283346176\" style\u003d\"background-color: rgb(78, 135, 105);  color: rgb(0, 0, 0);   border: 2px solid rgb(125, 157, 1); \" tagorder\u003d\"7762481\"\u003eItem One - Commercial Cleaning Service\u003c/product\u003e\u003c/line\u003e  \u003c/par\u003e  \u003c/text\u003e  \u003c/td\u003e   \u003ctd bottomborder\u003d\"White\" h\u003d\"20\" w\u003d\"91\"\u003e \u003ctext xmlns\u003d\"http://ocr.crowdcomputingsystems.com/xml/schema-v1.xml\"\u003e \u003cpar align\u003d\"Center\" leftindent\u003d\"100\" linespacing\u003d\"600\"\u003e \u003cline b\u003d\"376\" baseline\u003d\"377\" l\u003d\"331\" r\u003d\"334\" t\u003d\"369\"\u003e\u003cquantity appendorder\u003d\"5\" class\u003d\"extraction-tag\" confidence\u003d\"1/1\" data-original-title\u003d\"construction_type\" data-toggle\u003d\"tooltip\" data-value\u003d\"1\" fold-name\u003d\"fold5\" injection\u003d\"true\" referencedatausedininjection\u003d\"manual\" score\u003d\"0.9829750046680344\" style\u003d\"background-color: rgb(11, 47, 140);  color: rgb(255, 255, 255);   border: 2px solid rgb(125, 157, 1); \" tagorder\u003d\"6083667\"\u003e1\u003c/quantity\u003e\u003c/line\u003e  \u003c/par\u003e  \u003c/text\u003e  \u003c/td\u003e   \u003ctd h\u003d\"20\" w\u003d\"88\"\u003e \u003ctext xmlns\u003d\"http://ocr.crowdcomputingsystems.com/xml/schema-v1.xml\"\u003e \u003cpar align\u003d\"Center\" linespacing\u003d\"600\"\u003e \u003cline b\u003d\"379\" baseline\u003d\"378\" l\u003d\"404\" r\u003d\"442\" t\u003d\"370\"\u003e$\u003cprice class\u003d\"extraction-tag\" data-value\u003d\"468.50\" fold-name\u003d\"fold5\" ml-tagorder\u003d\"7762486\" score\u003d\"0.7411890685210082\" tagorder\u003d\"7762486\"\u003e468.50\u003c/price\u003e\u003c/line\u003e  \u003c/par\u003e  \u003c/text\u003e  \u003c/td\u003e   \u003ctd h\u003d\"20\" w\u003d\"111\"\u003e \u003ctext xmlns\u003d\"http://ocr.crowdcomputingsystems.com/xml/schema-v1.xml\"\u003e \u003cpar align\u003d\"Center\" leftindent\u003d\"200\" linespacing\u003d\"530\"\u003e \u003cline b\u003d\"377\" baseline\u003d\"376\" l\u003d\"503\" r\u003d\"539\" t\u003d\"369\"\u003e \u003cformatting lang\u003d\"EnglishUnitedStates\"\u003e $468.50 \u003c/formatting\u003e  \u003c/line\u003e  \u003c/par\u003e  \u003c/text\u003e  \u003c/td\u003e   \u003c/tr\u003e \n \u003ctr\u003e \u003ctd h\u003d\"18\" w\u003d\"252\"\u003e \u003ctext xmlns\u003d\"http://ocr.crowdcomputingsystems.com/xml/schema-v1.xml\"\u003e \u003cpar linespacing\u003d\"530\"\u003e \u003cline b\u003d\"397\" baseline\u003d\"395\" l\u003d\"40\" r\u003d\"164\" t\u003d\"388\"\u003e\u003cproduct appendorder\u003d\"5\" class\u003d\"extraction-tag\" confidence\u003d\"1/1\" data-original-title\u003d\"construction_type\" data-toggle\u003d\"tooltip\" data-value\u003d\"Item Two - Window cleaning\" fold-name\u003d\"fold1\" injection\u003d\"true\" referencedatausedininjection\u003d\"manual\" score\u003d\"0.7003736260900235\" style\u003d\"background-color: rgb(78, 135, 105);  color: rgb(0, 0, 0);   border: 2px solid rgb(125, 157, 1); \" tagorder\u003d\"7550295\"\u003eItem Two - Window cleaning\u003c/product\u003e\u003c/line\u003e  \u003c/par\u003e  \u003c/text\u003e  \u003c/td\u003e   \u003ctd h\u003d\"18\" rightborder\u003d\"White\" topborder\u003d\"White\" w\u003d\"91\"\u003e \u003ctext xmlns\u003d\"http://ocr.crowdcomputingsystems.com/xml/schema-v1.xml\"\u003e \u003cpar align\u003d\"Center\" leftindent\u003d\"100\" linespacing\u003d\"600\"\u003e \u003cline b\u003d\"395\" baseline\u003d\"396\" l\u003d\"331\" r\u003d\"334\" t\u003d\"388\"\u003e\u003cquantity appendorder\u003d\"5\" class\u003d\"extraction-tag\" confidence\u003d\"1/1\" data-original-title\u003d\"construction_type\" data-toggle\u003d\"tooltip\" data-value\u003d\"1\" fold-name\u003d\"fold5\" injection\u003d\"true\" referencedatausedininjection\u003d\"manual\" score\u003d\"0.9442302152615962\" style\u003d\"background-color: rgb(11, 47, 140);  color: rgb(255, 255, 255);   border: 2px solid rgb(125, 157, 1); \" tagorder\u003d\"776276\"\u003e1\u003c/quantity\u003e\u003c/line\u003e  \u003c/par\u003e  \u003c/text\u003e  \u003c/td\u003e   \u003ctd h\u003d\"18\" leftborder\u003d\"White\" w\u003d\"88\"\u003e \u003ctext xmlns\u003d\"http://ocr.crowdcomputingsystems.com/xml/schema-v1.xml\"\u003e \u003cpar align\u003d\"Center\" linespacing\u003d\"600\"\u003e \u003cline b\u003d\"398\" baseline\u003d\"397\" l\u003d\"404\" r\u003d\"442\" t\u003d\"389\"\u003e$\u003cprice class\u003d\"extraction-tag\" data-value\u003d\"125.75\" fold-name\u003d\"fold5\" ml-tagorder\u003d\"7762489\" score\u003d\"0.7716168275519718\" tagorder\u003d\"7762489\"\u003e125.75\u003c/price\u003e\u003c/line\u003e  \u003c/par\u003e  \u003c/text\u003e  \u003c/td\u003e   \u003ctd h\u003d\"18\" w\u003d\"111\"\u003e \u003ctext xmlns\u003d\"http://ocr.crowdcomputingsystems.com/xml/schema-v1.xml\"\u003e \u003cpar align\u003d\"Center\" leftindent\u003d\"200\" linespacing\u003d\"530\"\u003e \u003cline b\u003d\"396\" baseline\u003d\"395\" l\u003d\"503\" r\u003d\"539\" t\u003d\"388\"\u003e \u003cformatting lang\u003d\"EnglishUnitedStates\"\u003e $125.75 \u003c/formatting\u003e  \u003c/line\u003e  \u003c/par\u003e  \u003c/text\u003e  \u003c/td\u003e   \u003c/tr\u003e \n \u003ctr\u003e \u003ctd bottomborder\u003d\"White\" h\u003d\"23\" rightborder\u003d\"White\" w\u003d\"252\"\u003e \u003ctext xmlns\u003d\"http://ocr.crowdcomputingsystems.com/xml/schema-v1.xml\"\u003e \u003cpar linespacing\u003d\"530\"\u003e \u003cline b\u003d\"415\" baseline\u003d\"415\" l\u003d\"40\" r\u003d\"86\" t\u003d\"408\"\u003e \u003cformatting lang\u003d\"EnglishUnitedStates\"\u003e Item Three \u003c/formatting\u003e  \u003c/line\u003e  \u003c/par\u003e  \u003c/text\u003e  \u003c/td\u003e   \u003ctd bottomborder\u003d\"White\" h\u003d\"23\" leftborder\u003d\"White\" w\u003d\"91\"\u003e \u003ctext xmlns\u003d\"http://ocr.crowdcomputingsystems.com/xml/schema-v1.xml\"\u003e \u003cpar leftindent\u003d\"1800\" linespacing\u003d\"-1\"\u003e\u003c/par\u003e  \u003c/text\u003e  \u003c/td\u003e   \u003ctd bottomborder\u003d\"White\" h\u003d\"23\" w\u003d\"88\"\u003e \u003ctext xmlns\u003d\"http://ocr.crowdcomputingsystems.com/xml/schema-v1.xml\"\u003e \u003cpar leftindent\u003d\"1900\" linespacing\u003d\"-1\"\u003e\u003c/par\u003e  \u003c/text\u003e  \u003c/td\u003e   \u003ctd bottomborder\u003d\"White\" h\u003d\"23\" w\u003d\"111\"\u003e \u003ctext xmlns\u003d\"http://ocr.crowdcomputingsystems.com/xml/schema-v1.xml\"\u003e \u003cpar leftindent\u003d\"2700\" linespacing\u003d\"-1\"\u003e\u003c/par\u003e  \u003c/text\u003e  \u003c/td\u003e   \u003c/tr\u003e \n \u003ctr\u003e \u003ctd bottomborder\u003d\"White\" h\u003d\"20\" rightborder\u003d\"White\" topborder\u003d\"White\" w\u003d\"252\"\u003e \u003ctext xmlns\u003d\"http://ocr.crowdcomputingsystems.com/xml/schema-v1.xml\"\u003e \u003cpar linespacing\u003d\"530\"\u003e \u003cline b\u003d\"434\" baseline\u003d\"434\" l\u003d\"39\" r\u003d\"81\" t\u003d\"427\"\u003e \u003cformatting lang\u003d\"EnglishUnitedStates\"\u003e Item Four \u003c/formatting\u003e  \u003c/line\u003e  \u003c/par\u003e  \u003c/text\u003e  \u003c/td\u003e   \u003ctd bottomborder\u003d\"White\" h\u003d\"20\" leftborder\u003d\"White\" topborder\u003d\"White\" w\u003d\"91\"\u003e \u003ctext xmlns\u003d\"http://ocr.crowdcomputingsystems.com/xml/schema-v1.xml\"\u003e \u003cpar leftindent\u003d\"1800\" linespacing\u003d\"-1\"\u003e\u003c/par\u003e  \u003c/text\u003e  \u003c/td\u003e   \u003ctd bottomborder\u003d\"White\" h\u003d\"20\" topborder\u003d\"White\" w\u003d\"88\"\u003e \u003ctext xmlns\u003d\"http://ocr.crowdcomputingsystems.com/xml/schema-v1.xml\"\u003e \u003cpar leftindent\u003d\"1900\" linespacing\u003d\"-1\"\u003e\u003c/par\u003e  \u003c/text\u003e  \u003c/td\u003e   \u003ctd bottomborder\u003d\"White\" h\u003d\"20\" topborder\u003d\"White\" w\u003d\"111\"\u003e \u003ctext xmlns\u003d\"http://ocr.crowdcomputingsystems.com/xml/schema-v1.xml\"\u003e \u003cpar leftindent\u003d\"2700\" linespacing\u003d\"-1\"\u003e\u003c/par\u003e  \u003c/text\u003e  \u003c/td\u003e   \u003c/tr\u003e \n \u003ctr\u003e \u003ctd h\u003d\"18\" rightborder\u003d\"White\" topborder\u003d\"White\" w\u003d\"252\"\u003e \u003ctext xmlns\u003d\"http://ocr.crowdcomputingsystems.com/xml/schema-v1.xml\"\u003e \u003cpar linespacing\u003d\"530\"\u003e \u003cline b\u003d\"453\" baseline\u003d\"453\" l\u003d\"39\" r\u003d\"79\" t\u003d\"446\"\u003e \u003cformatting lang\u003d\"EnglishUnitedStates\"\u003e Item Five \u003c/formatting\u003e  \u003c/line\u003e  \u003c/par\u003e  \u003c/text\u003e  \u003c/td\u003e   \u003ctd h\u003d\"18\" leftborder\u003d\"White\" topborder\u003d\"White\" w\u003d\"91\"\u003e \u003ctext xmlns\u003d\"http://ocr.crowdcomputingsystems.com/xml/schema-v1.xml\"\u003e \u003cpar leftindent\u003d\"1800\" linespacing\u003d\"-1\"\u003e\u003c/par\u003e  \u003c/text\u003e  \u003c/td\u003e   \u003ctd h\u003d\"18\" topborder\u003d\"White\" w\u003d\"88\"\u003e \u003ctext xmlns\u003d\"http://ocr.crowdcomputingsystems.com/xml/schema-v1.xml\"\u003e \u003cpar leftindent\u003d\"1900\" linespacing\u003d\"-1\"\u003e\u003c/par\u003e  \u003c/text\u003e  \u003c/td\u003e   \u003ctd h\u003d\"18\" topborder\u003d\"White\" w\u003d\"111\"\u003e \u003ctext xmlns\u003d\"http://ocr.crowdcomputingsystems.com/xml/schema-v1.xml\"\u003e \u003cpar leftindent\u003d\"2700\" linespacing\u003d\"-1\"\u003e\u003c/par\u003e  \u003c/text\u003e  \u003c/td\u003e   \u003c/tr\u003e \n \u003ctr\u003e \u003ctd h\u003d\"17\" w\u003d\"252\"\u003e \u003ctext xmlns\u003d\"http://ocr.crowdcomputingsystems.com/xml/schema-v1.xml\"\u003e \u003cpar linespacing\u003d\"530\"\u003e \u003cline b\u003d\"473\" baseline\u003d\"473\" l\u003d\"39\" r\u003d\"74\" t\u003d\"466\"\u003e \u003cformatting lang\u003d\"EnglishUnitedStates\"\u003e Item Six \u003c/formatting\u003e  \u003c/line\u003e  \u003c/par\u003e  \u003c/text\u003e  \u003c/td\u003e   \u003ctd h\u003d\"17\" w\u003d\"91\"\u003e \u003ctext xmlns\u003d\"http://ocr.crowdcomputingsystems.com/xml/schema-v1.xml\"\u003e \u003cpar leftindent\u003d\"1800\" linespacing\u003d\"-1\"\u003e\u003c/par\u003e  \u003c/text\u003e  \u003c/td\u003e   \u003ctd h\u003d\"17\" w\u003d\"88\"\u003e \u003ctext xmlns\u003d\"http://ocr.crowdcomputingsystems.com/xml/schema-v1.xml\"\u003e \u003cpar leftindent\u003d\"1900\" linespacing\u003d\"-1\"\u003e\u003c/par\u003e  \u003c/text\u003e  \u003c/td\u003e   \u003ctd h\u003d\"17\" w\u003d\"111\"\u003e \u003ctext xmlns\u003d\"http://ocr.crowdcomputingsystems.com/xml/schema-v1.xml\"\u003e \u003cpar leftindent\u003d\"2700\" linespacing\u003d\"-1\"\u003e\u003c/par\u003e  \u003c/text\u003e  \u003c/td\u003e   \u003c/tr\u003e \n \u003ctr\u003e \u003ctd h\u003d\"21\" w\u003d\"252\"\u003e \u003ctext xmlns\u003d\"http://ocr.crowdcomputingsystems.com/xml/schema-v1.xml\"\u003e \u003cpar linespacing\u003d\"530\"\u003e \u003cline b\u003d\"492\" baseline\u003d\"492\" l\u003d\"40\" r\u003d\"87\" t\u003d\"485\"\u003e \u003cformatting lang\u003d\"EnglishUnitedStates\"\u003e Item Seven \u003c/formatting\u003e  \u003c/line\u003e  \u003c/par\u003e  \u003c/text\u003e  \u003c/td\u003e   \u003ctd h\u003d\"21\" w\u003d\"91\"\u003e \u003ctext xmlns\u003d\"http://ocr.crowdcomputingsystems.com/xml/schema-v1.xml\"\u003e \u003cpar leftindent\u003d\"1800\" linespacing\u003d\"-1\"\u003e\u003c/par\u003e  \u003c/text\u003e  \u003c/td\u003e   \u003ctd h\u003d\"21\" w\u003d\"88\"\u003e \u003ctext xmlns\u003d\"http://ocr.crowdcomputingsystems.com/xml/schema-v1.xml\"\u003e \u003cpar leftindent\u003d\"1900\" linespacing\u003d\"-1\"\u003e\u003c/par\u003e  \u003c/text\u003e  \u003c/td\u003e   \u003ctd h\u003d\"21\" w\u003d\"111\"\u003e \u003ctext xmlns\u003d\"http://ocr.crowdcomputingsystems.com/xml/schema-v1.xml\"\u003e \u003cpar leftindent\u003d\"2700\" linespacing\u003d\"-1\"\u003e\u003c/par\u003e  \u003c/text\u003e  \u003c/td\u003e   \u003c/tr\u003e \n \u003ctr\u003e \u003ctd bottomborder\u003d\"White\" colspan\u003d\"3\" h\u003d\"68\" leftborder\u003d\"White\" rowspan\u003d\"4\" w\u003d\"431\"\u003e \u003ctext xmlns\u003d\"http://ocr.crowdcomputingsystems.com/xml/schema-v1.xml\"\u003e \u003cpar align\u003d\"Right\" leftindent\u003d\"26300\" linespacing\u003d\"1275\"\u003e \u003cline b\u003d\"511\" baseline\u003d\"511\" l\u003d\"416\" r\u003d\"466\" t\u003d\"504\"\u003e \u003cformatting lang\u003d\"EnglishUnitedStates\"\u003e SUBTOTAL \u003c/formatting\u003e  \u003c/line\u003e  \u003cline b\u003d\"532\" baseline\u003d\"529\" l\u003d\"387\" r\u003d\"467\" t\u003d\"513\"\u003e \u003cformatting lang\u003d\"EnglishUnitedStates\"\u003e 5 LATE FEES \u003c/formatting\u003e  \u003c/line\u003e  \u003cline b\u003d\"546\" baseline\u003d\"546\" l\u003d\"416\" r\u003d\"464\" t\u003d\"539\"\u003e \u003cformatting lang\u003d\"EnglishUnitedStates\"\u003e TAXES 8% \u003c/formatting\u003e  \u003c/line\u003e  \u003c/par\u003e  \u003cpar align\u003d\"Right\" linespacing\u003d\"1275\"\u003e \u003cline b\u003d\"563\" baseline\u003d\"563\" l\u003d\"410\" r\u003d\"464\" t\u003d\"556\"\u003e \u003cformatting lang\u003d\"EnglishUnitedStates\"\u003e TOTAL DUE \u003c/formatting\u003e  \u003c/line\u003e  \u003c/par\u003e  \u003c/text\u003e  \u003c/td\u003e   \u003ctd h\u003d\"16\" w\u003d\"111\"\u003e \u003ctext xmlns\u003d\"http://ocr.crowdcomputingsystems.com/xml/schema-v1.xml\"\u003e \u003cpar align\u003d\"Center\" leftindent\u003d\"200\" linespacing\u003d\"530\"\u003e \u003cline b\u003d\"512\" baseline\u003d\"511\" l\u003d\"503\" r\u003d\"539\" t\u003d\"504\"\u003e \u003cformatting lang\u003d\"EnglishUnitedStates\"\u003e $504.25 \u003c/formatting\u003e  \u003c/line\u003e  \u003c/par\u003e  \u003c/text\u003e  \u003c/td\u003e   \u003c/tr\u003e \n \u003ctr\u003e \u003ctd h\u003d\"17\" w\u003d\"111\"\u003e \u003ctext xmlns\u003d\"http://ocr.crowdcomputingsystems.com/xml/schema-v1.xml\"\u003e \u003cpar align\u003d\"Center\" leftindent\u003d\"200\" linespacing\u003d\"530\"\u003e \u003cline b\u003d\"530\" baseline\u003d\"529\" l\u003d\"509\" r\u003d\"533\" t\u003d\"522\"\u003e \u003cformatting lang\u003d\"EnglishUnitedStates\"\u003e SO.CO \u003c/formatting\u003e  \u003c/line\u003e  \u003c/par\u003e  \u003c/text\u003e  \u003c/td\u003e   \u003c/tr\u003e \n \u003ctr\u003e \u003ctd h\u003d\"17\" w\u003d\"111\"\u003e \u003ctext xmlns\u003d\"http://ocr.crowdcomputingsystems.com/xml/schema-v1.xml\"\u003e \u003cpar align\u003d\"Center\" leftindent\u003d\"200\" linespacing\u003d\"530\"\u003e \u003cline b\u003d\"547\" baseline\u003d\"546\" l\u003d\"506\" r\u003d\"536\" t\u003d\"539\"\u003e \u003cformatting lang\u003d\"EnglishUnitedStates\"\u003e $47.54 \u003c/formatting\u003e  \u003c/line\u003e  \u003c/par\u003e  \u003c/text\u003e  \u003c/td\u003e   \u003c/tr\u003e \n \u003ctr\u003e \u003ctd h\u003d\"18\" w\u003d\"111\"\u003e \u003ctext xmlns\u003d\"http://ocr.crowdcomputingsystems.com/xml/schema-v1.xml\"\u003e \u003cpar align\u003d\"Center\" leftindent\u003d\"200\" linespacing\u003d\"530\"\u003e \u003cline b\u003d\"564\" baseline\u003d\"563\" l\u003d\"503\" r\u003d\"539\" t\u003d\"556\"\u003e \u003cformatting lang\u003d\"EnglishUnitedStates\"\u003e $\u003ctotal_amount appendorder\u003d\"15\" class\u003d\"extraction-tag\" confidence\u003d\"1/1\" data-original-title\u003d\"Total amount\" data-toggle\u003d\"tooltip\" data-value\u003d\"641.79\" fold-name\u003d\"fold1\" score\u003d\"0.8845835721200264\" style\u003d\"background-color: rgb(27, 182, 226);  color: rgb(0, 0, 0);   border: 2px solid rgb(125, 157, 1); \" tagorder\u003d\"9\"\u003e641.79\u003c/total_amount\u003e \u003c/formatting\u003e  \u003c/line\u003e  \u003c/par\u003e  \u003c/text\u003e  \u003c/td\u003e   \u003c/tr\u003e \n \u003c/tbody\u003e\u003c/table\u003e\n \u003cblock b\u003d\"671\" blockname\u003d\"\" blocktype\u003d\"Text\" l\u003d\"160\" r\u003d\"416\" style\u003d\"transform: translate(197px, 808px); position: absolute; width: 315.817px; height: 100.208px;\" t\u003d\"597\"\u003e \u003cregion\u003e \u003crect b\u003d\"671\" l\u003d\"160\" r\u003d\"416\" t\u003d\"597\"\u003e\u003c/rect\u003e  \u003c/region\u003e  \u003ctext\u003e \u003cpar align\u003d\"Center\" leftindent\u003d\"100\" linespacing\u003d\"750\"\u003e \u003cline b\u003d\"609\" baseline\u003d\"609\" l\u003d\"218\" r\u003d\"396\" style\u003d\"transform: translate(72px, 3px); position: absolute;\" t\u003d\"599\"\u003e \u003cformatting lang\u003d\"EnglishUnitedStates\"\u003e ** OCTOBER SPECIAL ** \u003c/formatting\u003e  \u003c/line\u003e  \u003c/par\u003e  \u003cpar leftindent\u003d\"9500\" linespacing\u003d\"1050\"\u003e \u003cline b\u003d\"624\" baseline\u003d\"624\" l\u003d\"162\" r\u003d\"173\" style\u003d\"transform: translate(2px, 18px); position: absolute;\" t\u003d\"610\"\u003e \u003cformatting lang\u003d\"EnglishUnitedStates\"\u003e 6 \u003c/formatting\u003e  \u003c/line\u003e  \u003c/par\u003e  \u003cpar align\u003d\"Center\" leftindent\u003d\"100\" linespacing\u003d\"2100\"\u003e \u003cline b\u003d\"640\" baseline\u003d\"637\" l\u003d\"214\" r\u003d\"397\" style\u003d\"transform: translate(67px, 43px); position: absolute;\" t\u003d\"629\"\u003e \u003cformatting lang\u003d\"EnglishUnitedStates\"\u003e 25% OfFAll Carpet Cleaning Services \u003c/formatting\u003e  \u003c/line\u003e  \u003cline b\u003d\"668\" baseline\u003d\"665\" l\u003d\"197\" r\u003d\"413\" style\u003d\"transform: translate(46px, 81px); position: absolute;\" t\u003d\"657\"\u003e \u003cformatting lang\u003d\"EnglishUnitedStates\"\u003e Call Mary at 1-234-5678 to schedule servicel \u003c/formatting\u003e  \u003c/line\u003e  \u003c/par\u003e  \u003c/text\u003e  \u003c/block\u003e  \u003cblock b\u003d\"743\" blockname\u003d\"\" blocktype\u003d\"Text\" l\u003d\"151\" r\u003d\"412\" style\u003d\"transform: translate(186px, 976px); position: absolute; width: 321.985px; height: 29.7917px;\" t\u003d\"721\"\u003e \u003cregion\u003e \u003crect b\u003d\"743\" l\u003d\"151\" r\u003d\"412\" t\u003d\"721\"\u003e\u003c/rect\u003e  \u003c/region\u003e  \u003ctext\u003e \u003cpar leftindent\u003d\"8800\" linespacing\u003d\"1050\"\u003e \u003cline b\u003d\"740\" baseline\u003d\"737\" l\u003d\"152\" r\u003d\"409\" style\u003d\"transform: translate(1px, 3px); position: absolute;\" t\u003d\"723\"\u003e \u003cformatting lang\u003d\"EnglishUnitedStates\"\u003e 7 WE APPRECIATE YOUR BUSINESSi \u003c/formatting\u003e  \u003c/line\u003e  \u003c/par\u003e  \u003c/text\u003e  \u003c/block\u003e  \u003cblock b\u003d\"790\" blockname\u003d\"\" blocktype\u003d\"SeparatorsBox\" class\u003d\"hidden\" l\u003d\"0\" r\u003d\"612\" style\u003d\"transform: translate(0px, 1px); position: absolute;\" t\u003d\"1\"\u003e \u003cregion\u003e \u003crect b\u003d\"2\" l\u003d\"0\" r\u003d\"612\" t\u003d\"1\"\u003e\u003c/rect\u003e  \u003crect b\u003d\"789\" l\u003d\"0\" r\u003d\"612\" t\u003d\"2\"\u003e\u003c/rect\u003e  \u003crect b\u003d\"790\" l\u003d\"0\" r\u003d\"612\" t\u003d\"789\"\u003e\u003c/rect\u003e  \u003c/region\u003e  \u003cseparatorsbox\u003e \u003cseparator thickness\u003d\"1\" type\u003d\"Black\"\u003e \u003cstart x\u003d\"0\" y\u003d\"1\"\u003e\u003c/start\u003e \u003cend x\u003d\"612\" y\u003d\"1\"\u003e\u003c/end\u003e \u003c/separator\u003e \u003cseparator thickness\u003d\"1\" type\u003d\"Black\"\u003e \u003cstart x\u003d\"0\" y\u003d\"789\"\u003e\u003c/start\u003e \u003cend x\u003d\"612\" y\u003d\"789\"\u003e\u003c/end\u003e \u003c/separator\u003e \u003cseparator thickness\u003d\"1\" type\u003d\"Black\"\u003e \u003cstart x\u003d\"0\" y\u003d\"1\"\u003e\u003c/start\u003e \u003cend x\u003d\"0\" y\u003d\"790\"\u003e\u003c/end\u003e \u003c/separator\u003e \u003cseparator thickness\u003d\"1\" type\u003d\"Black\"\u003e \u003cstart x\u003d\"611\" y\u003d\"1\"\u003e\u003c/start\u003e \u003cend x\u003d\"611\" y\u003d\"790\"\u003e\u003c/end\u003e \u003c/separator\u003e \u003c/separatorsbox\u003e \u003c/block\u003e  \u003cblock b\u003d\"92\" blockname\u003d\"\" blocktype\u003d\"Separator\" l\u003d\"36\" r\u003d\"576\" style\u003d\"transform: translate(44px, 121px); position: absolute;\" t\u003d\"89\"\u003e \u003cregion\u003e \u003crect b\u003d\"92\" l\u003d\"36\" r\u003d\"576\" t\u003d\"89\"\u003e\u003c/rect\u003e  \u003c/region\u003e  \u003cseparator thickness\u003d\"3\" type\u003d\"Black\"\u003e \u003cstart x\u003d\"36\" y\u003d\"90\"\u003e\u003c/start\u003e \u003cend x\u003d\"576\" y\u003d\"90\"\u003e\u003c/end\u003e \u003c/separator\u003e \u003c/block\u003e  \u003cblock b\u003d\"120\" blockname\u003d\"\" blocktype\u003d\"Separator\" l\u003d\"36\" r\u003d\"577\" style\u003d\"transform: translate(44px, 160px); position: absolute;\" t\u003d\"118\"\u003e \u003cregion\u003e \u003crect b\u003d\"120\" l\u003d\"36\" r\u003d\"577\" t\u003d\"118\"\u003e\u003c/rect\u003e  \u003c/region\u003e  \u003cseparator thickness\u003d\"2\" type\u003d\"Black\"\u003e \u003cstart x\u003d\"36\" y\u003d\"119\"\u003e\u003c/start\u003e \u003cend x\u003d\"577\" y\u003d\"119\"\u003e\u003c/end\u003e \u003c/separator\u003e \u003c/block\u003e  \u003cblock b\u003d\"137\" blockname\u003d\"\" blocktype\u003d\"Separator\" l\u003d\"98\" r\u003d\"134\" style\u003d\"transform: translate(121px, 184px); position: absolute;\" t\u003d\"136\"\u003e \u003cregion\u003e \u003crect b\u003d\"137\" l\u003d\"98\" r\u003d\"134\" t\u003d\"136\"\u003e\u003c/rect\u003e  \u003c/region\u003e  \u003cseparator thickness\u003d\"1\" type\u003d\"Black\"\u003e \u003cstart x\u003d\"98\" y\u003d\"136\"\u003e\u003c/start\u003e \u003cend x\u003d\"134\" y\u003d\"136\"\u003e\u003c/end\u003e \u003c/separator\u003e \u003c/block\u003e  \u003cblock b\u003d\"155\" blockname\u003d\"\" blocktype\u003d\"Separator\" l\u003d\"36\" r\u003d\"577\" style\u003d\"transform: translate(44px, 207px); position: absolute;\" t\u003d\"153\"\u003e \u003cregion\u003e \u003crect b\u003d\"155\" l\u003d\"36\" r\u003d\"577\" t\u003d\"153\"\u003e\u003c/rect\u003e  \u003c/region\u003e  \u003cseparator thickness\u003d\"2\" type\u003d\"Black\"\u003e \u003cstart x\u003d\"36\" y\u003d\"154\"\u003e\u003c/start\u003e \u003cend x\u003d\"577\" y\u003d\"154\"\u003e\u003c/end\u003e \u003c/separator\u003e \u003c/block\u003e  \u003cblock b\u003d\"200\" blockname\u003d\"\" blocktype\u003d\"Separator\" l\u003d\"37\" r\u003d\"575\" style\u003d\"transform: translate(46px, 267px); position: absolute;\" t\u003d\"197\"\u003e \u003cregion\u003e \u003crect b\u003d\"200\" l\u003d\"37\" r\u003d\"575\" t\u003d\"197\"\u003e\u003c/rect\u003e  \u003c/region\u003e  \u003cseparator thickness\u003d\"3\" type\u003d\"Black\"\u003e \u003cstart x\u003d\"37\" y\u003d\"198\"\u003e\u003c/start\u003e \u003cend x\u003d\"575\" y\u003d\"198\"\u003e\u003c/end\u003e \u003c/separator\u003e \u003c/block\u003e  \u003cblock b\u003d\"348\" blockname\u003d\"\" blocktype\u003d\"Separator\" l\u003d\"36\" r\u003d\"577\" style\u003d\"transform: translate(44px, 467px); position: absolute;\" t\u003d\"345\"\u003e \u003cregion\u003e \u003crect b\u003d\"348\" l\u003d\"36\" r\u003d\"577\" t\u003d\"345\"\u003e\u003c/rect\u003e  \u003c/region\u003e  \u003cseparator thickness\u003d\"3\" type\u003d\"Black\"\u003e \u003cstart x\u003d\"36\" y\u003d\"346\"\u003e\u003c/start\u003e \u003cend x\u003d\"577\" y\u003d\"346\"\u003e\u003c/end\u003e \u003c/separator\u003e \u003c/block\u003e  \u003cblock b\u003d\"365\" blockname\u003d\"\" blocktype\u003d\"Separator\" l\u003d\"36\" r\u003d\"577\" style\u003d\"transform: translate(44px, 493px); position: absolute;\" t\u003d\"364\"\u003e \u003cregion\u003e \u003crect b\u003d\"365\" l\u003d\"36\" r\u003d\"577\" t\u003d\"364\"\u003e\u003c/rect\u003e  \u003c/region\u003e  \u003cseparator thickness\u003d\"1\" type\u003d\"Black\"\u003e \u003cstart x\u003d\"36\" y\u003d\"364\"\u003e\u003c/start\u003e \u003cend x\u003d\"577\" y\u003d\"364\"\u003e\u003c/end\u003e \u003c/separator\u003e \u003c/block\u003e  \u003cblock b\u003d\"387\" blockname\u003d\"\" blocktype\u003d\"Separator\" l\u003d\"381\" r\u003d\"578\" style\u003d\"transform: translate(470px, 517px); position: absolute;\" t\u003d\"382\"\u003e \u003cregion\u003e \u003crect b\u003d\"383\" l\u003d\"466\" r\u003d\"578\" t\u003d\"382\"\u003e\u003c/rect\u003e  \u003crect b\u003d\"386\" l\u003d\"381\" r\u003d\"578\" t\u003d\"383\"\u003e\u003c/rect\u003e  \u003crect b\u003d\"387\" l\u003d\"466\" r\u003d\"578\" t\u003d\"386\"\u003e\u003c/rect\u003e  \u003c/region\u003e  \u003cseparator thickness\u003d\"4\" type\u003d\"Black\"\u003e \u003cstart x\u003d\"381\" y\u003d\"384\"\u003e\u003c/start\u003e \u003cend x\u003d\"578\" y\u003d\"384\"\u003e\u003c/end\u003e \u003c/separator\u003e \u003c/block\u003e  \u003cblock b\u003d\"385\" blockname\u003d\"\" blocktype\u003d\"Separator\" l\u003d\"36\" r\u003d\"290\" style\u003d\"transform: translate(44px, 520px); position: absolute;\" t\u003d\"384\"\u003e \u003cregion\u003e \u003crect b\u003d\"385\" l\u003d\"36\" r\u003d\"290\" t\u003d\"384\"\u003e\u003c/rect\u003e  \u003c/region\u003e  \u003cseparator thickness\u003d\"1\" type\u003d\"Black\"\u003e \u003cstart x\u003d\"36\" y\u003d\"384\"\u003e\u003c/start\u003e \u003cend x\u003d\"290\" y\u003d\"384\"\u003e\u003c/end\u003e \u003c/separator\u003e \u003c/block\u003e  \u003cblock b\u003d\"404\" blockname\u003d\"\" blocktype\u003d\"Separator\" l\u003d\"36\" r\u003d\"578\" style\u003d\"transform: translate(44px, 543px); position: absolute;\" t\u003d\"401\"\u003e \u003cregion\u003e \u003crect b\u003d\"404\" l\u003d\"36\" r\u003d\"578\" t\u003d\"401\"\u003e\u003c/rect\u003e  \u003c/region\u003e  \u003cseparator thickness\u003d\"2\" type\u003d\"Black\"\u003e \u003cstart x\u003d\"36\" y\u003d\"402\"\u003e\u003c/start\u003e \u003cend x\u003d\"578\" y\u003d\"402\"\u003e\u003c/end\u003e \u003c/separator\u003e \u003c/block\u003e  \u003cblock b\u003d\"462\" blockname\u003d\"\" blocktype\u003d\"Separator\" l\u003d\"36\" r\u003d\"290\" style\u003d\"transform: translate(44px, 624px); position: absolute;\" t\u003d\"461\"\u003e \u003cregion\u003e \u003crect b\u003d\"462\" l\u003d\"36\" r\u003d\"290\" t\u003d\"461\"\u003e\u003c/rect\u003e  \u003c/region\u003e  \u003cseparator thickness\u003d\"1\" type\u003d\"Black\"\u003e \u003cstart x\u003d\"36\" y\u003d\"461\"\u003e\u003c/start\u003e \u003cend x\u003d\"290\" y\u003d\"461\"\u003e\u003c/end\u003e \u003c/separator\u003e \u003c/block\u003e  \u003cblock b\u003d\"462\" blockname\u003d\"\" blocktype\u003d\"Separator\" l\u003d\"320\" r\u003d\"578\" style\u003d\"transform: translate(395px, 624px); position: absolute;\" t\u003d\"461\"\u003e \u003cregion\u003e \u003crect b\u003d\"462\" l\u003d\"320\" r\u003d\"578\" t\u003d\"461\"\u003e\u003c/rect\u003e  \u003c/region\u003e  \u003cseparator thickness\u003d\"1\" type\u003d\"Black\"\u003e \u003cstart x\u003d\"320\" y\u003d\"461\"\u003e\u003c/start\u003e \u003cend x\u003d\"578\" y\u003d\"461\"\u003e\u003c/end\u003e \u003c/separator\u003e \u003c/block\u003e  \u003cblock b\u003d\"481\" blockname\u003d\"\" blocktype\u003d\"Separator\" l\u003d\"36\" r\u003d\"290\" style\u003d\"transform: translate(44px, 650px); position: absolute;\" t\u003d\"480\"\u003e \u003cregion\u003e \u003crect b\u003d\"481\" l\u003d\"36\" r\u003d\"290\" t\u003d\"480\"\u003e\u003c/rect\u003e  \u003c/region\u003e  \u003cseparator thickness\u003d\"1\" type\u003d\"Black\"\u003e \u003cstart x\u003d\"36\" y\u003d\"480\"\u003e\u003c/start\u003e \u003cend x\u003d\"290\" y\u003d\"480\"\u003e\u003c/end\u003e \u003c/separator\u003e \u003c/block\u003e  \u003cblock b\u003d\"481\" blockname\u003d\"\" blocktype\u003d\"Separator\" l\u003d\"372\" r\u003d\"578\" style\u003d\"transform: translate(459px, 650px); position: absolute;\" t\u003d\"480\"\u003e \u003cregion\u003e \u003crect b\u003d\"481\" l\u003d\"372\" r\u003d\"578\" t\u003d\"480\"\u003e\u003c/rect\u003e  \u003c/region\u003e  \u003cseparator thickness\u003d\"1\" type\u003d\"Black\"\u003e \u003cstart x\u003d\"372\" y\u003d\"480\"\u003e\u003c/start\u003e \u003cend x\u003d\"578\" y\u003d\"480\"\u003e\u003c/end\u003e \u003c/separator\u003e \u003c/block\u003e  \u003cblock b\u003d\"503\" blockname\u003d\"\" blocktype\u003d\"Separator\" l\u003d\"36\" r\u003d\"575\" style\u003d\"transform: translate(44px, 677px); position: absolute;\" t\u003d\"500\"\u003e \u003cregion\u003e \u003crect b\u003d\"503\" l\u003d\"36\" r\u003d\"575\" t\u003d\"500\"\u003e\u003c/rect\u003e  \u003c/region\u003e  \u003cseparator thickness\u003d\"2\" type\u003d\"Black\"\u003e \u003cstart x\u003d\"36\" y\u003d\"501\"\u003e\u003c/start\u003e \u003cend x\u003d\"575\" y\u003d\"501\"\u003e\u003c/end\u003e \u003c/separator\u003e \u003c/block\u003e  \u003cblock b\u003d\"518\" blockname\u003d\"\" blocktype\u003d\"Separator\" l\u003d\"467\" r\u003d\"577\" style\u003d\"transform: translate(576px, 700px); position: absolute;\" t\u003d\"517\"\u003e \u003cregion\u003e \u003crect b\u003d\"518\" l\u003d\"467\" r\u003d\"577\" t\u003d\"517\"\u003e\u003c/rect\u003e  \u003c/region\u003e  \u003cseparator thickness\u003d\"1\" type\u003d\"Black\"\u003e \u003cstart x\u003d\"467\" y\u003d\"517\"\u003e\u003c/start\u003e \u003cend x\u003d\"577\" y\u003d\"517\"\u003e\u003c/end\u003e \u003c/separator\u003e \u003c/block\u003e  \u003cblock b\u003d\"535\" blockname\u003d\"\" blocktype\u003d\"Separator\" l\u003d\"467\" r\u003d\"577\" style\u003d\"transform: translate(576px, 723px); position: absolute;\" t\u003d\"534\"\u003e \u003cregion\u003e \u003crect b\u003d\"535\" l\u003d\"467\" r\u003d\"577\" t\u003d\"534\"\u003e\u003c/rect\u003e  \u003c/region\u003e  \u003cseparator thickness\u003d\"1\" type\u003d\"Black\"\u003e \u003cstart x\u003d\"467\" y\u003d\"534\"\u003e\u003c/start\u003e \u003cend x\u003d\"577\" y\u003d\"534\"\u003e\u003c/end\u003e \u003c/separator\u003e \u003c/block\u003e  \u003cblock b\u003d\"552\" blockname\u003d\"\" blocktype\u003d\"Separator\" l\u003d\"476\" r\u003d\"577\" style\u003d\"transform: translate(587px, 746px); position: absolute;\" t\u003d\"551\"\u003e \u003cregion\u003e \u003crect b\u003d\"552\" l\u003d\"476\" r\u003d\"577\" t\u003d\"551\"\u003e\u003c/rect\u003e  \u003c/region\u003e  \u003cseparator thickness\u003d\"1\" type\u003d\"Black\"\u003e \u003cstart x\u003d\"476\" y\u003d\"551\"\u003e\u003c/start\u003e \u003cend x\u003d\"577\" y\u003d\"551\"\u003e\u003c/end\u003e \u003c/separator\u003e \u003c/block\u003e  \u003cblock b\u003d\"569\" blockname\u003d\"\" blocktype\u003d\"Separator\" l\u003d\"468\" r\u003d\"576\" style\u003d\"transform: translate(577px, 769px); position: absolute;\" t\u003d\"568\"\u003e \u003cregion\u003e \u003crect b\u003d\"569\" l\u003d\"468\" r\u003d\"576\" t\u003d\"568\"\u003e\u003c/rect\u003e  \u003c/region\u003e  \u003cseparator thickness\u003d\"1\" type\u003d\"Black\"\u003e \u003cstart x\u003d\"468\" y\u003d\"568\"\u003e\u003c/start\u003e \u003cend x\u003d\"576\" y\u003d\"568\"\u003e\u003c/end\u003e \u003c/separator\u003e \u003c/block\u003e  \u003cblock b\u003d\"698\" blockname\u003d\"\" blocktype\u003d\"Separator\" l\u003d\"37\" r\u003d\"575\" style\u003d\"transform: translate(46px, 941px); position: absolute;\" t\u003d\"695\"\u003e \u003cregion\u003e \u003crect b\u003d\"698\" l\u003d\"37\" r\u003d\"575\" t\u003d\"695\"\u003e\u003c/rect\u003e  \u003c/region\u003e  \u003cseparator thickness\u003d\"3\" type\u003d\"Black\"\u003e \u003cstart x\u003d\"37\" y\u003d\"696\"\u003e\u003c/start\u003e \u003cend x\u003d\"575\" y\u003d\"696\"\u003e\u003c/end\u003e \u003c/separator\u003e \u003c/block\u003e  \u003cblock b\u003d\"154\" blockname\u003d\"\" blocktype\u003d\"Separator\" l\u003d\"35\" r\u003d\"37\" style\u003d\"transform: translate(43px, 161px); position: absolute;\" t\u003d\"119\"\u003e \u003cregion\u003e \u003crect b\u003d\"154\" l\u003d\"35\" r\u003d\"37\" t\u003d\"119\"\u003e\u003c/rect\u003e  \u003c/region\u003e  \u003cseparator thickness\u003d\"2\" type\u003d\"Black\"\u003e \u003cstart x\u003d\"36\" y\u003d\"119\"\u003e\u003c/start\u003e \u003cend x\u003d\"36\" y\u003d\"154\"\u003e\u003c/end\u003e \u003c/separator\u003e \u003c/block\u003e  \u003cblock b\u003d\"501\" blockname\u003d\"\" blocktype\u003d\"Separator\" l\u003d\"36\" r\u003d\"38\" style\u003d\"transform: translate(44px, 467px); position: absolute;\" t\u003d\"345\"\u003e \u003cregion\u003e \u003crect b\u003d\"501\" l\u003d\"36\" r\u003d\"38\" t\u003d\"345\"\u003e\u003c/rect\u003e  \u003c/region\u003e  \u003cseparator thickness\u003d\"2\" type\u003d\"Black\"\u003e \u003cstart x\u003d\"37\" y\u003d\"345\"\u003e\u003c/start\u003e \u003cend x\u003d\"37\" y\u003d\"501\"\u003e\u003c/end\u003e \u003c/separator\u003e \u003c/block\u003e  \u003cblock b\u003d\"155\" blockname\u003d\"\" blocktype\u003d\"Separator\" l\u003d\"126\" r\u003d\"127\" style\u003d\"transform: translate(155px, 160px); position: absolute;\" t\u003d\"118\"\u003e \u003cregion\u003e \u003crect b\u003d\"155\" l\u003d\"126\" r\u003d\"127\" t\u003d\"118\"\u003e\u003c/rect\u003e  \u003c/region\u003e  \u003cseparator thickness\u003d\"1\" type\u003d\"Black\"\u003e \u003cstart x\u003d\"126\" y\u003d\"118\"\u003e\u003c/start\u003e \u003cend x\u003d\"126\" y\u003d\"155\"\u003e\u003c/end\u003e \u003c/separator\u003e \u003c/block\u003e  \u003cblock b\u003d\"405\" blockname\u003d\"\" blocktype\u003d\"Separator\" l\u003d\"287\" r\u003d\"289\" style\u003d\"transform: translate(354px, 471px); position: absolute;\" t\u003d\"348\"\u003e \u003cregion\u003e \u003crect b\u003d\"405\" l\u003d\"287\" r\u003d\"289\" t\u003d\"348\"\u003e\u003c/rect\u003e  \u003c/region\u003e  \u003cseparator thickness\u003d\"2\" type\u003d\"Black\"\u003e \u003cstart x\u003d\"288\" y\u003d\"348\"\u003e\u003c/start\u003e \u003cend x\u003d\"288\" y\u003d\"405\"\u003e\u003c/end\u003e \u003c/separator\u003e \u003c/block\u003e  \u003cblock b\u003d\"501\" blockname\u003d\"\" blocktype\u003d\"Separator\" l\u003d\"288\" r\u003d\"289\" style\u003d\"transform: translate(355px, 623px); position: absolute;\" t\u003d\"460\"\u003e \u003cregion\u003e \u003crect b\u003d\"501\" l\u003d\"288\" r\u003d\"289\" t\u003d\"460\"\u003e\u003c/rect\u003e  \u003c/region\u003e  \u003cseparator thickness\u003d\"1\" type\u003d\"Black\"\u003e \u003cstart x\u003d\"288\" y\u003d\"460\"\u003e\u003c/start\u003e \u003cend x\u003d\"288\" y\u003d\"501\"\u003e\u003c/end\u003e \u003c/separator\u003e \u003c/block\u003e  \u003cblock b\u003d\"380\" blockname\u003d\"\" blocktype\u003d\"Separator\" l\u003d\"379\" r\u003d\"380\" style\u003d\"transform: translate(468px, 471px); position: absolute;\" t\u003d\"348\"\u003e \u003cregion\u003e \u003crect b\u003d\"380\" l\u003d\"379\" r\u003d\"380\" t\u003d\"348\"\u003e\u003c/rect\u003e  \u003c/region\u003e  \u003cseparator thickness\u003d\"1\" type\u003d\"Black\"\u003e \u003cstart x\u003d\"379\" y\u003d\"348\"\u003e\u003c/start\u003e \u003cend x\u003d\"379\" y\u003d\"380\"\u003e\u003c/end\u003e \u003c/separator\u003e \u003c/block\u003e  \u003cblock b\u003d\"502\" blockname\u003d\"\" blocktype\u003d\"Separator\" l\u003d\"379\" r\u003d\"380\" style\u003d\"transform: translate(468px, 547px); position: absolute;\" t\u003d\"404\"\u003e \u003cregion\u003e \u003crect b\u003d\"502\" l\u003d\"379\" r\u003d\"380\" t\u003d\"404\"\u003e\u003c/rect\u003e  \u003c/region\u003e  \u003cseparator thickness\u003d\"1\" type\u003d\"Black\"\u003e \u003cstart x\u003d\"379\" y\u003d\"404\"\u003e\u003c/start\u003e \u003cend x\u003d\"379\" y\u003d\"502\"\u003e\u003c/end\u003e \u003c/separator\u003e \u003c/block\u003e  \u003cblock b\u003d\"568\" blockname\u003d\"\" blocktype\u003d\"Separator\" class\u003d\"hidden\" l\u003d\"466\" r\u003d\"469\" style\u003d\"transform: translate(575px, 525px); position: absolute;\" t\u003d\"388\"\u003e \u003cregion\u003e \u003crect b\u003d\"568\" l\u003d\"466\" r\u003d\"469\" t\u003d\"388\"\u003e\u003c/rect\u003e  \u003c/region\u003e  \u003cseparator thickness\u003d\"2\" type\u003d\"Black\"\u003e \u003cstart x\u003d\"467\" y\u003d\"388\"\u003e\u003c/start\u003e \u003cend x\u003d\"467\" y\u003d\"568\"\u003e\u003c/end\u003e \u003c/separator\u003e \u003c/block\u003e  \u003cblock b\u003d\"381\" blockname\u003d\"\" blocktype\u003d\"Separator\" l\u003d\"467\" r\u003d\"468\" style\u003d\"transform: translate(576px, 471px); position: absolute;\" t\u003d\"348\"\u003e \u003cregion\u003e \u003crect b\u003d\"381\" l\u003d\"467\" r\u003d\"468\" t\u003d\"348\"\u003e\u003c/rect\u003e  \u003c/region\u003e  \u003cseparator thickness\u003d\"1\" type\u003d\"Black\"\u003e \u003cstart x\u003d\"467\" y\u003d\"348\"\u003e\u003c/start\u003e \u003cend x\u003d\"467\" y\u003d\"381\"\u003e\u003c/end\u003e \u003c/separator\u003e \u003c/block\u003e  \u003cblock b\u003d\"381\" blockname\u003d\"\" blocktype\u003d\"Separator\" l\u003d\"575\" r\u003d\"577\" style\u003d\"transform: translate(709px, 467px); position: absolute;\" t\u003d\"345\"\u003e \u003cregion\u003e \u003crect b\u003d\"381\" l\u003d\"575\" r\u003d\"577\" t\u003d\"345\"\u003e\u003c/rect\u003e  \u003c/region\u003e  \u003cseparator thickness\u003d\"2\" type\u003d\"Black\"\u003e \u003cstart x\u003d\"576\" y\u003d\"345\"\u003e\u003c/start\u003e \u003cend x\u003d\"576\" y\u003d\"381\"\u003e\u003c/end\u003e \u003c/separator\u003e \u003c/block\u003e  \u003cblock b\u003d\"568\" blockname\u003d\"\" blocktype\u003d\"Separator\" l\u003d\"575\" r\u003d\"577\" style\u003d\"transform: translate(709px, 524px); position: absolute;\" t\u003d\"387\"\u003e \u003cregion\u003e \u003crect b\u003d\"568\" l\u003d\"575\" r\u003d\"577\" t\u003d\"387\"\u003e\u003c/rect\u003e  \u003c/region\u003e  \u003cseparator thickness\u003d\"2\" type\u003d\"Black\"\u003e \u003cstart x\u003d\"576\" y\u003d\"387\"\u003e\u003c/start\u003e \u003cend x\u003d\"576\" y\u003d\"568\"\u003e\u003c/end\u003e \u003c/separator\u003e \u003c/block\u003e  \u003cblock b\u003d\"154\" blockname\u003d\"\" blocktype\u003d\"Separator\" l\u003d\"576\" r\u003d\"577\" style\u003d\"transform: translate(711px, 161px); position: absolute;\" t\u003d\"119\"\u003e \u003cregion\u003e \u003crect b\u003d\"154\" l\u003d\"576\" r\u003d\"577\" t\u003d\"119\"\u003e\u003c/rect\u003e  \u003c/region\u003e  \u003cseparator thickness\u003d\"1\" type\u003d\"Black\"\u003e \u003cstart x\u003d\"576\" y\u003d\"119\"\u003e\u003c/start\u003e \u003cend x\u003d\"576\" y\u003d\"154\"\u003e\u003c/end\u003e \u003c/separator\u003e \u003c/block\u003e  \u003c/page\u003e   \u003c/document\u003e\u003c/body\u003e\u003c/html\u003e","tags":[{"begin":17,"end":28,"text":"Haines Lane","tag":"supplier_name","fieldType":"COMPANY_NAME","score":0.4368101378608621,"estimatedAccuracy":0.0},{"begin":264,"end":271,"text":"1001/12","tag":"invoice_date","fieldType":"DATE","score":0.6849520790490585,"estimatedAccuracy":0.0},{"begin":319,"end":323,"text":"7e5e","tag":"invoice_number","fieldType":"TEXT","score":0.5356627082009987,"estimatedAccuracy":0.0},{"begin":1122,"end":1160,"text":"Item One - Commercial Cleaning Service","tag":"product","fieldType":"TEXT","score":0.7774282283346176,"estimatedAccuracy":0.0},{"begin":1172,"end":1173,"text":"1","tag":"quantity","fieldType":"NUMBER","score":0.9829750046680344,"estimatedAccuracy":0.0},{"begin":1186,"end":1192,"text":"468.50","tag":"price","fieldType":"NUMBER","score":0.7411890685210082,"estimatedAccuracy":0.0},{"begin":1232,"end":1258,"text":"Item Two - Window cleaning","tag":"product","fieldType":"TEXT","score":0.7003736260900235,"estimatedAccuracy":0.0},{"begin":1270,"end":1271,"text":"1","tag":"quantity","fieldType":"NUMBER","score":0.9442302152615962,"estimatedAccuracy":0.0},{"begin":1284,"end":1290,"text":"125.75","tag":"price","fieldType":"NUMBER","score":0.7716168275519718,"estimatedAccuracy":0.0},{"begin":1777,"end":1783,"text":"641.79","tag":"total_amount","fieldType":"NUMBER","score":0.8845835721200264,"estimatedAccuracy":0.0}],"group":"invoice_date|invoice_number|price|product|quantity|supplier_name|total_amount","limeExplanation":{},"liblinearFeatureImportance":{}}