{"finalScore":0.8172992880879718,"metaInfo":{"model":{"coreVersion":"10.3.0.39"}},"sumScore":11.442190033231606,"tagsCounter":14.0,"taggedText":"\u003chtml\u003e\u003chead\u003e\u003cscript src\u003d\"https://ajax.googleapis.com/ajax/libs/jquery/2.2.0/jquery.min.js\"\u003e\u003c/script\u003e\u003c/head\u003e\u003cbody\u003e\u003cdocument languages\u003d\"\" producer\u003d\"Workfusion\" schemalocation\u003d\"http://ocr.crowdcomputingsystems.com/xml/schema-v1.xml\" version\u003d\"1.0\" xmlns\u003d\"http://ocr.crowdcomputingsystems.com/xml/schema-v1.xml\" xsi\u003d\"http://www.w3.org/2001/XMLSchema-instance\"\u003e \u003clink href\u003d\"https://s3.amazonaws.com/workfusion-resources/ocr/ocr-xml-viewer-0.3-scale-to-width.css\" rel\u003d\"stylesheet\" type\u003d\"text/css\"\u003e\u003c/link\u003e \u003cstyle\u003e\u003c/style\u003e\u003cpage data-pages\u003d\"1\" h\u003d\"640\" resolution\u003d\"96\" style\u003d\"height: 697px;\" w\u003d\"839\"\u003e \u003cblock b\u003d\"229\" blockname\u003d\"\" blocktype\u003d\"Text\" l\u003d\"13\" r\u003d\"191\" style\u003d\"transform: translate(22px, 33px); position: absolute; width: 298.293px; height: 277.604px;\" t\u003d\"24\"\u003e \u003cregion\u003e \u003crect b\u003d\"229\" l\u003d\"13\" r\u003d\"191\" t\u003d\"24\"\u003e\u003c/rect\u003e  \u003c/region\u003e  \u003ctext\u003e \u003cpar align\u003d\"Right\" linespacing\u003d\"900\"\u003e \u003cline b\u003d\"229\" baseline\u003d\"229\" l\u003d\"110\" r\u003d\"190\" style\u003d\"transform: translate(163px, 261px); position: absolute;\" t\u003d\"217\"\u003e \u003cformatting lang\u003d\"EnglishUnitedStates\"\u003e CUSTOMER \u003c/formatting\u003e  \u003c/line\u003e  \u003c/par\u003e  \u003c/text\u003e  \u003c/block\u003e  \u003cblock b\u003d\"255\" blockname\u003d\"\" blocktype\u003d\"Text\" l\u003d\"102\" r\u003d\"183\" style\u003d\"transform: translate(171px, 314px); position: absolute; width: 135.74px; height: 31.1458px;\" t\u003d\"232\"\u003e \u003cregion\u003e \u003crect b\u003d\"255\" l\u003d\"102\" r\u003d\"183\" t\u003d\"232\"\u003e\u003c/rect\u003e  \u003c/region\u003e  \u003ctext\u003e \u003cpar linespacing\u003d\"900\"\u003e \u003cline b\u003d\"248\" baseline\u003d\"248\" l\u003d\"111\" r\u003d\"178\" style\u003d\"transform: translate(15px, 5px); position: absolute;\" t\u003d\"236\"\u003e \u003cformatting lang\u003d\"EnglishUnitedStates\"\u003eKkejrew\u003c/formatting\u003e  \u003c/line\u003e  \u003c/par\u003e  \u003c/text\u003e  \u003c/block\u003e  \u003cblock b\u003d\"316\" blockname\u003d\"\" blocktype\u003d\"Text\" l\u003d\"109\" r\u003d\"238\" style\u003d\"transform: translate(183px, 374px); position: absolute; width: 216.179px; height: 54.1667px;\" t\u003d\"276\"\u003e \u003cregion\u003e \u003crect b\u003d\"316\" l\u003d\"109\" r\u003d\"238\" t\u003d\"276\"\u003e\u003c/rect\u003e  \u003c/region\u003e  \u003ctext\u003e \u003cpar linespacing\u003d\"830\"\u003e \u003cline b\u003d\"288\" baseline\u003d\"288\" l\u003d\"111\" r\u003d\"235\" style\u003d\"transform: translate(3px, 1px); position: absolute;\" t\u003d\"277\"\u003e \u003cformatting lang\u003d\"EnglishUnitedStates\"\u003e BILLING ADDRESS \u003c/formatting\u003e  \u003c/line\u003e  \u003c/par\u003e  \u003cpar linespacing\u003d\"830\"\u003e \u003cline b\u003d\"313\" baseline\u003d\"310\" l\u003d\"111\" r\u003d\"189\" style\u003d\"transform: translate(3px, 31px); position: absolute;\" t\u003d\"299\"\u003e \u003cformatting lang\u003d\"EnglishUnitedStates\"\u003e Mysore, KA \u003c/formatting\u003e  \u003c/line\u003e  \u003c/par\u003e  \u003c/text\u003e  \u003c/block\u003e  \u003cblock b\u003d\"396\" blockname\u003d\"\" blocktype\u003d\"Text\" l\u003d\"109\" r\u003d\"251\" style\u003d\"transform: translate(183px, 482px); position: absolute; width: 237.964px; height: 54.1667px;\" t\u003d\"356\"\u003e \u003cregion\u003e \u003crect b\u003d\"396\" l\u003d\"109\" r\u003d\"251\" t\u003d\"356\"\u003e\u003c/rect\u003e  \u003c/region\u003e  \u003ctext\u003e \u003cpar linespacing\u003d\"830\"\u003e \u003cline b\u003d\"368\" baseline\u003d\"368\" l\u003d\"110\" r\u003d\"248\" style\u003d\"transform: translate(2px, 1px); position: absolute;\" t\u003d\"357\"\u003e \u003cformatting lang\u003d\"EnglishUnitedStates\"\u003e SHIPPING ADDRESS \u003c/formatting\u003e  \u003c/line\u003e  \u003c/par\u003e  \u003cpar linespacing\u003d\"900\"\u003e \u003cline b\u003d\"393\" baseline\u003d\"390\" l\u003d\"111\" r\u003d\"206\" style\u003d\"transform: translate(3px, 30px); position: absolute;\" t\u003d\"378\"\u003e \u003cformatting lang\u003d\"EnglishUnitedStates\"\u003e Bengaluru, KA \u003c/formatting\u003e  \u003c/line\u003e  \u003c/par\u003e  \u003c/text\u003e  \u003c/block\u003e  \u003cblock b\u003d\"143\" blockname\u003d\"\" blocktype\u003d\"Text\" l\u003d\"663\" r\u003d\"824\" style\u003d\"transform: translate(1111px, 45px); position: absolute; width: 269.805px; height: 148.958px;\" t\u003d\"33\"\u003e \u003cregion\u003e \u003crect b\u003d\"143\" l\u003d\"663\" r\u003d\"824\" t\u003d\"33\"\u003e\u003c/rect\u003e  \u003c/region\u003e  \u003ctext\u003e \u003cpar linespacing\u003d\"2180\"\u003e \u003cline b\u003d\"63\" baseline\u003d\"63\" l\u003d\"665\" r\u003d\"817\" style\u003d\"transform: translate(3px, 1px); position: absolute;\" t\u003d\"34\"\u003e \u003cformatting lang\u003d\"EnglishUnitedStates\"\u003e INVOICE \u003c/formatting\u003e  \u003c/line\u003e  \u003c/par\u003e  \u003cpar align\u003d\"Right\" linespacing\u003d\"1130\"\u003e \u003cline b\u003d\"98\" baseline\u003d\"98\" l\u003d\"734\" r\u003d\"821\" style\u003d\"transform: translate(119px, 68px); position: absolute;\" t\u003d\"83\"\u003e \u003cformatting lang\u003d\"EnglishUnitedStates\"\u003e INDZARA \u003c/formatting\u003e  \u003c/line\u003e  \u003c/par\u003e  \u003cpar align\u003d\"Right\" leftindent\u003d\"4000\" linespacing\u003d\"1500\"\u003e \u003cline b\u003d\"119\" baseline\u003d\"117\" l\u003d\"729\" r\u003d\"821\" style\u003d\"transform: translate(111px, 102px); position: absolute;\" t\u003d\"108\"\u003e \u003cformatting lang\u003d\"EnglishUnitedStates\"\u003e 123 ABC Street, \u003c/formatting\u003e  \u003c/line\u003e  \u003cline b\u003d\"140\" baseline\u003d\"137\" l\u003d\"716\" r\u003d\"821\" style\u003d\"transform: translate(89px, 127px); position: absolute;\" t\u003d\"127\"\u003e \u003cformatting lang\u003d\"EnglishUnitedStates\"\u003e Peace City, Earth. \u003c/formatting\u003e  \u003c/line\u003e  \u003c/par\u003e  \u003c/text\u003e  \u003c/block\u003e  \u003cblock b\u003d\"391\" blockname\u003d\"\" blocktype\u003d\"Text\" l\u003d\"406\" r\u003d\"528\" style\u003d\"transform: translate(680px, 320px); position: absolute; width: 204.448px; height: 209.896px;\" t\u003d\"236\"\u003e \u003cregion\u003e \u003crect b\u003d\"391\" l\u003d\"406\" r\u003d\"528\" t\u003d\"236\"\u003e\u003c/rect\u003e  \u003c/region\u003e  \u003ctext\u003e \u003cpar align\u003d\"Right\" linespacing\u003d\"1500\"\u003e \u003cline b\u003d\"248\" baseline\u003d\"248\" l\u003d\"459\" r\u003d\"525\" style\u003d\"transform: translate(89px, 1px); position: absolute;\" t\u003d\"237\"\u003e \u003cformatting lang\u003d\"EnglishUnitedStates\"\u003e CONTACT \u003c/formatting\u003e  \u003c/line\u003e  \u003c/par\u003e  \u003cpar align\u003d\"Right\" linespacing\u003d\"1500\"\u003e \u003cline b\u003d\"271\" baseline\u003d\"268\" l\u003d\"486\" r\u003d\"524\" style\u003d\"transform: translate(134px, 28px); position: absolute;\" t\u003d\"257\"\u003e \u003cformatting lang\u003d\"EnglishUnitedStates\"\u003e Tippu \u003c/formatting\u003e  \u003c/line\u003e  \u003c/par\u003e  \u003cpar align\u003d\"Right\" linespacing\u003d\"1500\"\u003e \u003cline b\u003d\"288\" baseline\u003d\"288\" l\u003d\"482\" r\u003d\"525\" style\u003d\"transform: translate(127px, 56px); position: absolute;\" t\u003d\"277\"\u003e \u003cformatting lang\u003d\"EnglishUnitedStates\"\u003e EMAIL \u003c/formatting\u003e  \u003c/line\u003e  \u003c/par\u003e  \u003cpar align\u003d\"Right\" linespacing\u003d\"1500\"\u003e \u003cline b\u003d\"311\" baseline\u003d\"308\" l\u003d\"408\" r\u003d\"524\" style\u003d\"transform: translate(3px, 81px); position: absolute;\" t\u003d\"296\"\u003e \u003cformatting lang\u003d\"EnglishUnitedStates\"\u003e \u003cemail appendorder\u003d\"6\" class\u003d\"extraction-tag\" confidence\u003d\"1/1\" data-original-title\u003d\"email\" data-toggle\u003d\"tooltip\" data-value\u003d\"bengal@uaqru.com\" fold-name\u003d\"fold3\" score\u003d\"0.8894991862801476\" style\u003d\"background-color: rgb(4, 0, 38);  color: rgb(255, 255, 255);   border: 2px solid rgb(125, 157, 1); \" tagorder\u003d\"4\"\u003ebengal@uaqru.com\u003c/email\u003e \u003c/formatting\u003e  \u003c/line\u003e  \u003c/par\u003e  \u003cpar align\u003d\"Right\" linespacing\u003d\"1500\"\u003e \u003cline b\u003d\"328\" baseline\u003d\"328\" l\u003d\"476\" r\u003d\"525\" style\u003d\"transform: translate(117px, 110px); position: absolute;\" t\u003d\"317\"\u003e \u003cformatting lang\u003d\"EnglishUnitedStates\"\u003e PHONE \u003c/formatting\u003e  \u003c/line\u003e  \u003c/par\u003e  \u003cpar align\u003d\"Right\" linespacing\u003d\"1500\"\u003e \u003cline b\u003d\"348\" baseline\u003d\"348\" l\u003d\"436\" r\u003d\"525\" style\u003d\"transform: translate(50px, 137px); position: absolute;\" t\u003d\"337\"\u003e \u003cformatting lang\u003d\"EnglishUnitedStates\"\u003e 2213146546 \u003c/formatting\u003e  \u003c/line\u003e  \u003c/par\u003e  \u003cpar align\u003d\"Right\" linespacing\u003d\"1500\"\u003e \u003cline b\u003d\"368\" baseline\u003d\"368\" l\u003d\"511\" r\u003d\"524\" style\u003d\"transform: translate(176px, 164px); position: absolute;\" t\u003d\"357\"\u003e \u003cformatting lang\u003d\"EnglishUnitedStates\"\u003e ID \u003c/formatting\u003e  \u003c/line\u003e  \u003c/par\u003e  \u003cpar align\u003d\"Right\" linespacing\u003d\"1500\"\u003e \u003cline b\u003d\"388\" baseline\u003d\"388\" l\u003d\"517\" r\u003d\"524\" style\u003d\"transform: translate(186px, 191px); position: absolute;\" t\u003d\"377\"\u003e \u003cformatting lang\u003d\"EnglishUnitedStates\"\u003e 2 \u003c/formatting\u003e  \u003c/line\u003e  \u003c/par\u003e  \u003c/text\u003e  \u003c/block\u003e  \u003cblock b\u003d\"208\" blockname\u003d\"\" blocktype\u003d\"Text\" l\u003d\"628\" r\u003d\"697\" style\u003d\"transform: translate(1052px, 265px); position: absolute; width: 115.631px; height: 16.25px;\" t\u003d\"196\"\u003e \u003cregion\u003e \u003crect b\u003d\"208\" l\u003d\"628\" r\u003d\"697\" t\u003d\"196\"\u003e\u003c/rect\u003e  \u003c/region\u003e  \u003ctext\u003e \u003cpar linespacing\u003d\"680\"\u003e \u003cline b\u003d\"206\" baseline\u003d\"206\" l\u003d\"632\" r\u003d\"692\" style\u003d\"transform: translate(7px, 1px); position: absolute;\" t\u003d\"197\"\u003e \u003cformatting lang\u003d\"EnglishUnitedStates\"\u003e INVOICE# \u003c/formatting\u003e  \u003c/line\u003e  \u003c/par\u003e  \u003c/text\u003e  \u003c/block\u003e  \u003cblock b\u003d\"210\" blockname\u003d\"\" blocktype\u003d\"Text\" l\u003d\"702\" r\u003d\"825\" style\u003d\"transform: translate(1176px, 232px); position: absolute; width: 206.124px; height: 52.8125px;\" t\u003d\"171\"\u003e \u003cregion\u003e \u003crect b\u003d\"210\" l\u003d\"702\" r\u003d\"825\" t\u003d\"171\"\u003e\u003c/rect\u003e  \u003c/region\u003e  \u003ctext\u003e \u003cpar align\u003d\"Right\" linespacing\u003d\"750\"\u003e \u003cline b\u003d\"186\" baseline\u003d\"183\" l\u003d\"705\" r\u003d\"820\" style\u003d\"transform: translate(5px, 3px); position: absolute;\" t\u003d\"173\"\u003e \u003cformatting lang\u003d\"EnglishUnitedStates\"\u003e Peace for Everyone \u003c/formatting\u003e  \u003c/line\u003e  \u003c/par\u003e  \u003cpar align\u003d\"Right\" linespacing\u003d\"900\"\u003e \u003cline b\u003d\"208\" baseline\u003d\"208\" l\u003d\"783\" r\u003d\"821\" style\u003d\"transform: translate(136px, 34px); position: absolute;\" t\u003d\"196\"\u003e \u003cformatting lang\u003d\"EnglishUnitedStates\"\u003e 1234 \u003c/formatting\u003e  \u003c/line\u003e  \u003c/par\u003e  \u003c/text\u003e  \u003c/block\u003e  \u003cblock b\u003d\"250\" blockname\u003d\"\" blocktype\u003d\"Text\" l\u003d\"718\" r\u003d\"826\" style\u003d\"transform: translate(1203px, 320px); position: absolute; width: 180.987px; height: 18.9583px;\" t\u003d\"236\"\u003e \u003cregion\u003e \u003crect b\u003d\"250\" l\u003d\"718\" r\u003d\"826\" t\u003d\"236\"\u003e\u003c/rect\u003e  \u003c/region\u003e  \u003ctext\u003e \u003cpar linespacing\u003d\"830\"\u003e \u003cline b\u003d\"248\" baseline\u003d\"248\" l\u003d\"722\" r\u003d\"821\" style\u003d\"transform: translate(7px, 1px); position: absolute;\" t\u003d\"237\"\u003e \u003cformatting lang\u003d\"EnglishUnitedStates\"\u003e INVOICE DATE \u003c/formatting\u003e  \u003c/line\u003e  \u003c/par\u003e  \u003c/text\u003e  \u003c/block\u003e  \u003cblock b\u003d\"275\" blockname\u003d\"\" blocktype\u003d\"Text\" l\u003d\"737\" r\u003d\"830\" style\u003d\"transform: translate(1235px, 341px); position: absolute; width: 155.85px; height: 31.1458px;\" t\u003d\"252\"\u003e \u003cregion\u003e \u003crect b\u003d\"275\" l\u003d\"737\" r\u003d\"830\" t\u003d\"252\"\u003e\u003c/rect\u003e  \u003c/region\u003e  \u003ctext\u003e \u003cpar linespacing\u003d\"900\"\u003e \u003cline b\u003d\"268\" baseline\u003d\"268\" l\u003d\"740\" r\u003d\"821\" style\u003d\"transform: translate(5px, 5px); position: absolute;\" t\u003d\"256\"\u003e \u003cformatting lang\u003d\"EnglishUnitedStates\"\u003e \u003cinvoice_date appendorder\u003d\"8\" class\u003d\"extraction-tag\" confidence\u003d\"1/1\" data-original-title\u003d\"Invoice date\" data-toggle\u003d\"tooltip\" data-value\u003d\"22-Jul-2016\" fold-name\u003d\"fold3\" score\u003d\"0.6323391603614625\" style\u003d\"background-color: rgb(17, 18, 43);  color: rgb(255, 255, 255);   border: 2px solid rgb(125, 157, 1); \" tagorder\u003d\"5\"\u003e22-Jul-2016\u003c/invoice_date\u003e \u003c/formatting\u003e  \u003c/line\u003e  \u003c/par\u003e  \u003c/text\u003e  \u003c/block\u003e  \u003cblock b\u003d\"310\" blockname\u003d\"\" blocktype\u003d\"Text\" l\u003d\"674\" r\u003d\"826\" style\u003d\"transform: translate(1129px, 374px); position: absolute; width: 254.722px; height: 46.0417px;\" t\u003d\"276\"\u003e \u003cregion\u003e \u003crect b\u003d\"310\" l\u003d\"674\" r\u003d\"826\" t\u003d\"276\"\u003e\u003c/rect\u003e  \u003c/region\u003e  \u003ctext\u003e \u003cpar align\u003d\"Right\" linespacing\u003d\"830\"\u003e \u003cline b\u003d\"288\" baseline\u003d\"288\" l\u003d\"678\" r\u003d\"821\" style\u003d\"transform: translate(7px, 1px); position: absolute;\" t\u003d\"277\"\u003e \u003cformatting lang\u003d\"EnglishUnitedStates\"\u003e PAYMENT DUE DATE \u003c/formatting\u003e  \u003c/line\u003e  \u003c/par\u003e  \u003cpar align\u003d\"Right\" linespacing\u003d\"830\"\u003e \u003cline b\u003d\"308\" baseline\u003d\"308\" l\u003d\"731\" r\u003d\"821\" style\u003d\"transform: translate(96px, 28px); position: absolute;\" t\u003d\"297\"\u003e \u003cformatting lang\u003d\"EnglishUnitedStates\"\u003e 22-Aue-2016 \u003c/formatting\u003e  \u003c/line\u003e  \u003c/par\u003e  \u003c/text\u003e  \u003c/block\u003e  \u003cregion xmlns\u003d\"http://ocr.crowdcomputingsystems.com/xml/schema-v1.xml\"\u003e \u003crect b\u003d\"570\" l\u003d\"14\" r\u003d\"826\" t\u003d\"451\"\u003e\u003c/rect\u003e  \u003c/region\u003e \u003ctable b\u003d\"570\" blockname\u003d\"\" blocktype\u003d\"Table\" l\u003d\"14\" r\u003d\"826\" style\u003d\"transform: translate(23px, 611px); position: absolute;\" t\u003d\"451\" xmlns\u003d\"\"\u003e \u003ctbody\u003e\u003ctr\u003e \u003ctd bottomborder\u003d\"White\" h\u003d\"25\" leftborder\u003d\"White\" rightborder\u003d\"White\" topborder\u003d\"White\" w\u003d\"73\"\u003e \u003ctext xmlns\u003d\"http://ocr.crowdcomputingsystems.com/xml/schema-v1.xml\"\u003e \u003cpar leftindent\u003d\"3200\" linespacing\u003d\"600\"\u003e \u003cline b\u003d\"469\" baseline\u003d\"469\" l\u003d\"56\" r\u003d\"66\" t\u003d\"461\"\u003e \u003cformatting lang\u003d\"EnglishUnitedStates\"\u003e ID \u003c/formatting\u003e  \u003c/line\u003e  \u003c/par\u003e  \u003c/text\u003e  \u003c/td\u003e   \u003ctd bottomborder\u003d\"White\" h\u003d\"25\" leftborder\u003d\"White\" rightborder\u003d\"White\" topborder\u003d\"White\" w\u003d\"232\"\u003e \u003ctext xmlns\u003d\"http://ocr.crowdcomputingsystems.com/xml/schema-v1.xml\"\u003e \u003cpar leftindent\u003d\"6800\" linespacing\u003d\"600\"\u003e \u003cline b\u003d\"469\" baseline\u003d\"469\" l\u003d\"178\" r\u003d\"248\" t\u003d\"461\"\u003e \u003cformatting lang\u003d\"EnglishUnitedStates\"\u003e DESCRIPTION \u003c/formatting\u003e  \u003c/line\u003e  \u003c/par\u003e  \u003c/text\u003e  \u003c/td\u003e   \u003ctd bottomborder\u003d\"White\" h\u003d\"25\" leftborder\u003d\"White\" rightborder\u003d\"White\" topborder\u003d\"White\" w\u003d\"64\"\u003e \u003ctext xmlns\u003d\"http://ocr.crowdcomputingsystems.com/xml/schema-v1.xml\"\u003e \u003cpar align\u003d\"Center\" linespacing\u003d\"600\" rightindent\u003d\"200\"\u003e \u003cline b\u003d\"469\" baseline\u003d\"469\" l\u003d\"340\" r\u003d\"366\" t\u003d\"461\"\u003e \u003cformatting lang\u003d\"EnglishUnitedStates\"\u003e UNIT \u003c/formatting\u003e  \u003c/line\u003e  \u003c/par\u003e  \u003c/text\u003e  \u003c/td\u003e   \u003ctd bottomborder\u003d\"White\" h\u003d\"25\" leftborder\u003d\"White\" rightborder\u003d\"White\" topborder\u003d\"White\" w\u003d\"73\"\u003e \u003ctext xmlns\u003d\"http://ocr.crowdcomputingsystems.com/xml/schema-v1.xml\"\u003e \u003cpar linespacing\u003d\"600\"\u003e \u003cline b\u003d\"470\" baseline\u003d\"469\" l\u003d\"392\" r\u003d\"445\" t\u003d\"461\"\u003e \u003cformatting lang\u003d\"EnglishUnitedStates\"\u003e QUANTITY \u003c/formatting\u003e  \u003c/line\u003e  \u003c/par\u003e  \u003c/text\u003e  \u003c/td\u003e   \u003ctd bottomborder\u003d\"White\" h\u003d\"25\" leftborder\u003d\"White\" rightborder\u003d\"White\" topborder\u003d\"White\" w\u003d\"84\"\u003e \u003ctext xmlns\u003d\"http://ocr.crowdcomputingsystems.com/xml/schema-v1.xml\"\u003e \u003cpar align\u003d\"Center\" leftindent\u003d\"600\" linespacing\u003d\"600\"\u003e \u003cline b\u003d\"469\" baseline\u003d\"469\" l\u003d\"464\" r\u003d\"519\" t\u003d\"461\"\u003e \u003cformatting lang\u003d\"EnglishUnitedStates\"\u003e DISCOUNT \u003c/formatting\u003e  \u003c/line\u003e  \u003c/par\u003e  \u003c/text\u003e  \u003c/td\u003e   \u003ctd bottomborder\u003d\"White\" h\u003d\"25\" leftborder\u003d\"White\" rightborder\u003d\"White\" topborder\u003d\"White\" w\u003d\"80\"\u003e \u003ctext xmlns\u003d\"http://ocr.crowdcomputingsystems.com/xml/schema-v1.xml\"\u003e \u003cpar align\u003d\"Center\" leftindent\u003d\"200\" linespacing\u003d\"600\"\u003e \u003cline b\u003d\"469\" baseline\u003d\"469\" l\u003d\"564\" r\u003d\"594\" t\u003d\"461\"\u003e \u003cformatting lang\u003d\"EnglishUnitedStates\"\u003e PRICE \u003c/formatting\u003e  \u003c/line\u003e  \u003c/par\u003e  \u003c/text\u003e  \u003c/td\u003e   \u003ctd bottomborder\u003d\"White\" h\u003d\"25\" leftborder\u003d\"White\" rightborder\u003d\"White\" topborder\u003d\"White\" w\u003d\"74\"\u003e \u003ctext xmlns\u003d\"http://ocr.crowdcomputingsystems.com/xml/schema-v1.xml\"\u003e \u003cpar align\u003d\"Center\" linespacing\u003d\"600\" rightindent\u003d\"600\"\u003e \u003cline b\u003d\"469\" baseline\u003d\"469\" l\u003d\"639\" r\u003d\"684\" t\u003d\"461\"\u003e \u003cformatting lang\u003d\"EnglishUnitedStates\"\u003e TAXABLE \u003c/formatting\u003e  \u003c/line\u003e  \u003c/par\u003e  \u003c/text\u003e  \u003c/td\u003e   \u003ctd bottomborder\u003d\"White\" h\u003d\"25\" leftborder\u003d\"White\" rightborder\u003d\"White\" topborder\u003d\"White\" w\u003d\"132\"\u003e \u003ctext xmlns\u003d\"http://ocr.crowdcomputingsystems.com/xml/schema-v1.xml\"\u003e \u003cpar align\u003d\"Right\" linespacing\u003d\"600\"\u003e \u003cline b\u003d\"469\" baseline\u003d\"469\" l\u003d\"702\" r\u003d\"818\" t\u003d\"461\"\u003e \u003cformatting lang\u003d\"EnglishUnitedStates\"\u003e AMOUNT BEFORE TAX \u003c/formatting\u003e  \u003c/line\u003e  \u003c/par\u003e  \u003c/text\u003e  \u003c/td\u003e   \u003c/tr\u003e \n \u003ctr\u003e \u003ctd bottomborder\u003d\"White\" h\u003d\"23\" rightborder\u003d\"White\" topborder\u003d\"White\" w\u003d\"73\"\u003e \u003ctext xmlns\u003d\"http://ocr.crowdcomputingsystems.com/xml/schema-v1.xml\"\u003e \u003cpar linespacing\u003d\"600\"\u003e \u003cline b\u003d\"492\" baseline\u003d\"492\" l\u003d\"17\" r\u003d\"45\" t\u003d\"484\"\u003e \u003cformatting lang\u003d\"EnglishUnitedStates\"\u003e BSOR \u003c/formatting\u003e  \u003c/line\u003e  \u003c/par\u003e  \u003c/text\u003e  \u003c/td\u003e   \u003ctd bottomborder\u003d\"White\" h\u003d\"23\" leftborder\u003d\"White\" rightborder\u003d\"White\" topborder\u003d\"White\" w\u003d\"232\"\u003e \u003ctext xmlns\u003d\"http://ocr.crowdcomputingsystems.com/xml/schema-v1.xml\"\u003e \u003cpar align\u003d\"Center\" linespacing\u003d\"680\"\u003e \u003cline b\u003d\"494\" baseline\u003d\"492\" l\u003d\"109\" r\u003d\"297\" t\u003d\"483\"\u003e\u003cproduct appendorder\u003d\"5\" class\u003d\"extraction-tag\" confidence\u003d\"1/1\" data-original-title\u003d\"construction_type\" data-toggle\u003d\"tooltip\" data-value\u003d\"Boys Shirt Small Size Orange Color\" fold-name\u003d\"fold5\" injection\u003d\"true\" referencedatausedininjection\u003d\"manual\" score\u003d\"0.8407809469157722\" style\u003d\"background-color: rgb(78, 135, 105);  color: rgb(0, 0, 0);   border: 2px solid rgb(125, 157, 1); \" tagorder\u003d\"8180957\"\u003eBoys Shirt Small Size Orange Color\u003c/product\u003e\u003c/line\u003e  \u003c/par\u003e  \u003c/text\u003e  \u003c/td\u003e   \u003ctd bottomborder\u003d\"White\" h\u003d\"23\" leftborder\u003d\"White\" rightborder\u003d\"White\" topborder\u003d\"White\" w\u003d\"64\"\u003e \u003ctext xmlns\u003d\"http://ocr.crowdcomputingsystems.com/xml/schema-v1.xml\"\u003e \u003cpar align\u003d\"Center\" linespacing\u003d\"600\" rightindent\u003d\"200\"\u003e \u003cline b\u003d\"492\" baseline\u003d\"492\" l\u003d\"338\" r\u003d\"366\" t\u003d\"484\"\u003e \u003cformatting lang\u003d\"EnglishUnitedStates\"\u003e Piece \u003c/formatting\u003e  \u003c/line\u003e  \u003c/par\u003e  \u003c/text\u003e  \u003c/td\u003e   \u003ctd bottomborder\u003d\"White\" h\u003d\"23\" leftborder\u003d\"White\" rightborder\u003d\"White\" topborder\u003d\"White\" w\u003d\"73\"\u003e \u003ctext xmlns\u003d\"http://ocr.crowdcomputingsystems.com/xml/schema-v1.xml\"\u003e \u003cpar align\u003d\"Center\" leftindent\u003d\"200\" linespacing\u003d\"600\"\u003e \u003cline b\u003d\"492\" baseline\u003d\"492\" l\u003d\"415\" r\u003d\"421\" t\u003d\"484\"\u003e\u003cquantity appendorder\u003d\"5\" class\u003d\"extraction-tag\" confidence\u003d\"1/1\" data-original-title\u003d\"construction_type\" data-toggle\u003d\"tooltip\" data-value\u003d\"5\" fold-name\u003d\"fold3\" injection\u003d\"true\" referencedatausedininjection\u003d\"manual\" score\u003d\"0.9538929558853952\" style\u003d\"background-color: rgb(11, 47, 140);  color: rgb(255, 255, 255);   border: 2px solid rgb(125, 157, 1); \" tagorder\u003d\"4498702\"\u003e5\u003c/quantity\u003e\u003c/line\u003e  \u003c/par\u003e  \u003c/text\u003e  \u003c/td\u003e   \u003ctd bottomborder\u003d\"White\" h\u003d\"23\" leftborder\u003d\"White\" rightborder\u003d\"White\" topborder\u003d\"White\" w\u003d\"84\"\u003e \u003ctext xmlns\u003d\"http://ocr.crowdcomputingsystems.com/xml/schema-v1.xml\"\u003e \u003cpar align\u003d\"Center\" leftindent\u003d\"600\" linespacing\u003d\"680\"\u003e \u003cline b\u003d\"494\" baseline\u003d\"492\" l\u003d\"476\" r\u003d\"506\" t\u003d\"483\"\u003e \u003cformatting lang\u003d\"EnglishUnitedStates\"\u003e $1.00 \u003c/formatting\u003e  \u003c/line\u003e  \u003c/par\u003e  \u003c/text\u003e  \u003c/td\u003e   \u003ctd bottomborder\u003d\"White\" h\u003d\"23\" leftborder\u003d\"White\" rightborder\u003d\"White\" topborder\u003d\"White\" w\u003d\"80\"\u003e \u003ctext xmlns\u003d\"http://ocr.crowdcomputingsystems.com/xml/schema-v1.xml\"\u003e \u003cpar align\u003d\"Center\" leftindent\u003d\"200\" linespacing\u003d\"680\"\u003e \u003cline b\u003d\"494\" baseline\u003d\"492\" l\u003d\"560\" r\u003d\"597\" t\u003d\"483\"\u003e$\u003cprice class\u003d\"extraction-tag\" data-value\u003d\"16.00\" fold-name\u003d\"fold3\" ml-tagorder\u003d\"8180961\" score\u003d\"0.7569980582923828\" tagorder\u003d\"8180961\"\u003e16.00\u003c/price\u003e\u003c/line\u003e  \u003c/par\u003e  \u003c/text\u003e  \u003c/td\u003e   \u003ctd bottomborder\u003d\"White\" h\u003d\"23\" leftborder\u003d\"White\" rightborder\u003d\"White\" topborder\u003d\"White\" w\u003d\"74\"\u003e \u003ctext xmlns\u003d\"http://ocr.crowdcomputingsystems.com/xml/schema-v1.xml\"\u003e \u003cpar align\u003d\"Center\" linespacing\u003d\"600\" rightindent\u003d\"600\"\u003e \u003cline b\u003d\"492\" baseline\u003d\"492\" l\u003d\"652\" r\u003d\"670\" t\u003d\"484\"\u003e \u003cformatting lang\u003d\"EnglishUnitedStates\"\u003e YES \u003c/formatting\u003e  \u003c/line\u003e  \u003c/par\u003e  \u003c/text\u003e  \u003c/td\u003e   \u003ctd bottomborder\u003d\"White\" h\u003d\"23\" leftborder\u003d\"White\" topborder\u003d\"White\" w\u003d\"132\"\u003e \u003ctext xmlns\u003d\"http://ocr.crowdcomputingsystems.com/xml/schema-v1.xml\"\u003e \u003cpar align\u003d\"Right\" linespacing\u003d\"680\"\u003e \u003cline b\u003d\"494\" baseline\u003d\"492\" l\u003d\"785\" r\u003d\"822\" t\u003d\"483\"\u003e \u003cformatting lang\u003d\"EnglishUnitedStates\"\u003e $80.00 \u003c/formatting\u003e  \u003c/line\u003e  \u003c/par\u003e  \u003c/text\u003e  \u003c/td\u003e   \u003c/tr\u003e \n \u003ctr\u003e \u003ctd bottomborder\u003d\"White\" h\u003d\"24\" rightborder\u003d\"White\" topborder\u003d\"White\" w\u003d\"73\"\u003e \u003ctext xmlns\u003d\"http://ocr.crowdcomputingsystems.com/xml/schema-v1.xml\"\u003e \u003cpar linespacing\u003d\"600\"\u003e \u003cline b\u003d\"515\" baseline\u003d\"515\" l\u003d\"17\" r\u003d\"45\" t\u003d\"507\"\u003e \u003cformatting lang\u003d\"EnglishUnitedStates\"\u003e BSOR \u003c/formatting\u003e  \u003c/line\u003e  \u003c/par\u003e  \u003c/text\u003e  \u003c/td\u003e   \u003ctd bottomborder\u003d\"White\" h\u003d\"24\" leftborder\u003d\"White\" rightborder\u003d\"White\" topborder\u003d\"White\" w\u003d\"232\"\u003e \u003ctext xmlns\u003d\"http://ocr.crowdcomputingsystems.com/xml/schema-v1.xml\"\u003e \u003cpar align\u003d\"Center\" linespacing\u003d\"680\"\u003e \u003cline b\u003d\"517\" baseline\u003d\"515\" l\u003d\"109\" r\u003d\"297\" t\u003d\"506\"\u003e\u003cproduct appendorder\u003d\"5\" class\u003d\"extraction-tag\" confidence\u003d\"1/1\" data-original-title\u003d\"construction_type\" data-toggle\u003d\"tooltip\" data-value\u003d\"Boys Shirt Small Size Orange Color\" fold-name\u003d\"fold5\" injection\u003d\"true\" referencedatausedininjection\u003d\"manual\" score\u003d\"0.7225752207790404\" style\u003d\"background-color: rgb(78, 135, 105);  color: rgb(0, 0, 0);   border: 2px solid rgb(125, 157, 1); \" tagorder\u003d\"4517563\"\u003eBoys Shirt Small Size Orange Color\u003c/product\u003e\u003c/line\u003e  \u003c/par\u003e  \u003c/text\u003e  \u003c/td\u003e   \u003ctd bottomborder\u003d\"White\" h\u003d\"24\" leftborder\u003d\"White\" rightborder\u003d\"White\" topborder\u003d\"White\" w\u003d\"64\"\u003e \u003ctext xmlns\u003d\"http://ocr.crowdcomputingsystems.com/xml/schema-v1.xml\"\u003e \u003cpar align\u003d\"Center\" linespacing\u003d\"600\" rightindent\u003d\"200\"\u003e \u003cline b\u003d\"515\" baseline\u003d\"515\" l\u003d\"338\" r\u003d\"366\" t\u003d\"507\"\u003e \u003cformatting lang\u003d\"EnglishUnitedStates\"\u003e Piece \u003c/formatting\u003e  \u003c/line\u003e  \u003c/par\u003e  \u003c/text\u003e  \u003c/td\u003e   \u003ctd bottomborder\u003d\"White\" h\u003d\"24\" leftborder\u003d\"White\" rightborder\u003d\"White\" topborder\u003d\"White\" w\u003d\"73\"\u003e \u003ctext xmlns\u003d\"http://ocr.crowdcomputingsystems.com/xml/schema-v1.xml\"\u003e \u003cpar align\u003d\"Center\" leftindent\u003d\"200\" linespacing\u003d\"600\"\u003e \u003cline b\u003d\"515\" baseline\u003d\"515\" l\u003d\"412\" r\u003d\"425\" t\u003d\"507\"\u003e\u003cquantity appendorder\u003d\"5\" class\u003d\"extraction-tag\" confidence\u003d\"1/1\" data-original-title\u003d\"construction_type\" data-toggle\u003d\"tooltip\" data-value\u003d\"10\" fold-name\u003d\"fold3\" injection\u003d\"true\" referencedatausedininjection\u003d\"manual\" score\u003d\"0.9441983323585312\" style\u003d\"background-color: rgb(11, 47, 140);  color: rgb(255, 255, 255);   border: 2px solid rgb(125, 157, 1); \" tagorder\u003d\"3796681\"\u003e10\u003c/quantity\u003e\u003c/line\u003e  \u003c/par\u003e  \u003c/text\u003e  \u003c/td\u003e   \u003ctd bottomborder\u003d\"White\" h\u003d\"24\" leftborder\u003d\"White\" rightborder\u003d\"White\" topborder\u003d\"White\" w\u003d\"84\"\u003e \u003ctext xmlns\u003d\"http://ocr.crowdcomputingsystems.com/xml/schema-v1.xml\"\u003e \u003cpar align\u003d\"Center\" leftindent\u003d\"1000\" linespacing\u003d\"680\"\u003e \u003cline b\u003d\"517\" baseline\u003d\"515\" l\u003d\"476\" r\u003d\"506\" t\u003d\"506\"\u003e \u003cformatting lang\u003d\"EnglishUnitedStates\"\u003e $1.00 \u003c/formatting\u003e  \u003c/line\u003e  \u003c/par\u003e  \u003c/text\u003e  \u003c/td\u003e   \u003ctd bottomborder\u003d\"White\" h\u003d\"24\" leftborder\u003d\"White\" rightborder\u003d\"White\" topborder\u003d\"White\" w\u003d\"80\"\u003e \u003ctext xmlns\u003d\"http://ocr.crowdcomputingsystems.com/xml/schema-v1.xml\"\u003e \u003cpar align\u003d\"Center\" leftindent\u003d\"200\" linespacing\u003d\"680\"\u003e \u003cline b\u003d\"517\" baseline\u003d\"515\" l\u003d\"560\" r\u003d\"597\" t\u003d\"506\"\u003e$\u003cprice class\u003d\"extraction-tag\" data-value\u003d\"16.00\" fold-name\u003d\"fold3\" ml-tagorder\u003d\"8180964\" score\u003d\"0.7672139154921999\" tagorder\u003d\"8180964\"\u003e16.00\u003c/price\u003e\u003c/line\u003e  \u003c/par\u003e  \u003c/text\u003e  \u003c/td\u003e   \u003ctd bottomborder\u003d\"White\" h\u003d\"24\" leftborder\u003d\"White\" rightborder\u003d\"White\" topborder\u003d\"White\" w\u003d\"74\"\u003e \u003ctext xmlns\u003d\"http://ocr.crowdcomputingsystems.com/xml/schema-v1.xml\"\u003e \u003cpar align\u003d\"Center\" linespacing\u003d\"600\" rightindent\u003d\"600\"\u003e \u003cline b\u003d\"515\" baseline\u003d\"515\" l\u003d\"652\" r\u003d\"670\" t\u003d\"507\"\u003e \u003cformatting lang\u003d\"EnglishUnitedStates\"\u003e YES \u003c/formatting\u003e  \u003c/line\u003e  \u003c/par\u003e  \u003c/text\u003e  \u003c/td\u003e   \u003ctd bottomborder\u003d\"White\" h\u003d\"24\" leftborder\u003d\"White\" topborder\u003d\"White\" w\u003d\"132\"\u003e \u003ctext xmlns\u003d\"http://ocr.crowdcomputingsystems.com/xml/schema-v1.xml\"\u003e \u003cpar align\u003d\"Right\" linespacing\u003d\"680\"\u003e \u003cline b\u003d\"517\" baseline\u003d\"515\" l\u003d\"778\" r\u003d\"822\" t\u003d\"506\"\u003e \u003cformatting lang\u003d\"EnglishUnitedStates\"\u003e $160.00 \u003c/formatting\u003e  \u003c/line\u003e  \u003c/par\u003e  \u003c/text\u003e  \u003c/td\u003e   \u003c/tr\u003e \n \u003ctr\u003e \u003ctd bottomborder\u003d\"White\" h\u003d\"22\" rightborder\u003d\"White\" topborder\u003d\"White\" w\u003d\"73\"\u003e \u003ctext xmlns\u003d\"http://ocr.crowdcomputingsystems.com/xml/schema-v1.xml\"\u003e \u003cpar linespacing\u003d\"600\"\u003e \u003cline b\u003d\"538\" baseline\u003d\"538\" l\u003d\"17\" r\u003d\"50\" t\u003d\"530\"\u003e \u003cformatting lang\u003d\"EnglishUnitedStates\"\u003e MMYE \u003c/formatting\u003e  \u003c/line\u003e  \u003c/par\u003e  \u003c/text\u003e  \u003c/td\u003e   \u003ctd bottomborder\u003d\"White\" h\u003d\"22\" leftborder\u003d\"White\" rightborder\u003d\"White\" topborder\u003d\"White\" w\u003d\"232\"\u003e \u003ctext xmlns\u003d\"http://ocr.crowdcomputingsystems.com/xml/schema-v1.xml\"\u003e \u003cpar align\u003d\"Center\" linespacing\u003d\"680\"\u003e \u003cline b\u003d\"538\" baseline\u003d\"538\" l\u003d\"109\" r\u003d\"305\" t\u003d\"529\"\u003e\u003cproduct appendorder\u003d\"5\" class\u003d\"extraction-tag\" confidence\u003d\"1/1\" data-original-title\u003d\"construction_type\" data-toggle\u003d\"tooltip\" data-value\u003d\"Men Shirt Medium Size Yellow Color\" fold-name\u003d\"fold5\" injection\u003d\"true\" referencedatausedininjection\u003d\"manual\" score\u003d\"0.7914427119740893\" style\u003d\"background-color: rgb(78, 135, 105);  color: rgb(0, 0, 0);   border: 2px solid rgb(125, 157, 1); \" tagorder\u003d\"5401746\"\u003eMen Shirt Medium Size Yellow Color\u003c/product\u003e\u003c/line\u003e  \u003c/par\u003e  \u003c/text\u003e  \u003c/td\u003e   \u003ctd bottomborder\u003d\"White\" h\u003d\"22\" leftborder\u003d\"White\" rightborder\u003d\"White\" topborder\u003d\"White\" w\u003d\"64\"\u003e \u003ctext xmlns\u003d\"http://ocr.crowdcomputingsystems.com/xml/schema-v1.xml\"\u003e \u003cpar leftindent\u003d\"900\" linespacing\u003d\"680\"\u003e \u003cline b\u003d\"538\" baseline\u003d\"538\" l\u003d\"331\" r\u003d\"373\" t\u003d\"529\"\u003e \u003cformatting lang\u003d\"EnglishUnitedStates\"\u003e Number \u003c/formatting\u003e  \u003c/line\u003e  \u003c/par\u003e  \u003c/text\u003e  \u003c/td\u003e   \u003ctd bottomborder\u003d\"White\" h\u003d\"22\" leftborder\u003d\"White\" rightborder\u003d\"White\" topborder\u003d\"White\" w\u003d\"73\"\u003e \u003ctext xmlns\u003d\"http://ocr.crowdcomputingsystems.com/xml/schema-v1.xml\"\u003e \u003cpar align\u003d\"Center\" leftindent\u003d\"200\" linespacing\u003d\"600\"\u003e \u003cline b\u003d\"538\" baseline\u003d\"538\" l\u003d\"415\" r\u003d\"420\" t\u003d\"530\"\u003e\u003cquantity appendorder\u003d\"5\" class\u003d\"extraction-tag\" confidence\u003d\"1/1\" data-original-title\u003d\"construction_type\" data-toggle\u003d\"tooltip\" data-value\u003d\"5\" fold-name\u003d\"fold3\" injection\u003d\"true\" referencedatausedininjection\u003d\"manual\" score\u003d\"0.8969528944869798\" style\u003d\"background-color: rgb(11, 47, 140);  color: rgb(255, 255, 255);   border: 2px solid rgb(125, 157, 1); \" tagorder\u003d\"1689730\"\u003e5\u003c/quantity\u003e\u003c/line\u003e  \u003c/par\u003e  \u003c/text\u003e  \u003c/td\u003e   \u003ctd bottomborder\u003d\"White\" h\u003d\"22\" leftborder\u003d\"White\" rightborder\u003d\"White\" topborder\u003d\"White\" w\u003d\"84\"\u003e \u003ctext xmlns\u003d\"http://ocr.crowdcomputingsystems.com/xml/schema-v1.xml\"\u003e \u003cpar linespacing\u003d\"-1\"\u003e\u003c/par\u003e  \u003c/text\u003e  \u003c/td\u003e   \u003ctd bottomborder\u003d\"White\" h\u003d\"22\" leftborder\u003d\"White\" rightborder\u003d\"White\" topborder\u003d\"White\" w\u003d\"80\"\u003e \u003ctext xmlns\u003d\"http://ocr.crowdcomputingsystems.com/xml/schema-v1.xml\"\u003e \u003cpar align\u003d\"Center\" leftindent\u003d\"200\" linespacing\u003d\"680\"\u003e \u003cline b\u003d\"540\" baseline\u003d\"538\" l\u003d\"560\" r\u003d\"597\" t\u003d\"529\"\u003e$\u003cprice class\u003d\"extraction-tag\" data-value\u003d\"18.00\" fold-name\u003d\"fold3\" ml-tagorder\u003d\"8180967\" score\u003d\"0.7761251539465333\" tagorder\u003d\"8180967\"\u003e18.00\u003c/price\u003e\u003c/line\u003e  \u003c/par\u003e  \u003c/text\u003e  \u003c/td\u003e   \u003ctd bottomborder\u003d\"White\" h\u003d\"22\" leftborder\u003d\"White\" rightborder\u003d\"White\" topborder\u003d\"White\" w\u003d\"74\"\u003e \u003ctext xmlns\u003d\"http://ocr.crowdcomputingsystems.com/xml/schema-v1.xml\"\u003e \u003cpar align\u003d\"Center\" linespacing\u003d\"600\" rightindent\u003d\"600\"\u003e \u003cline b\u003d\"538\" baseline\u003d\"538\" l\u003d\"652\" r\u003d\"670\" t\u003d\"530\"\u003e \u003cformatting lang\u003d\"EnglishUnitedStates\"\u003e YES \u003c/formatting\u003e  \u003c/line\u003e  \u003c/par\u003e  \u003c/text\u003e  \u003c/td\u003e   \u003ctd bottomborder\u003d\"White\" h\u003d\"22\" leftborder\u003d\"White\" topborder\u003d\"White\" w\u003d\"132\"\u003e \u003ctext xmlns\u003d\"http://ocr.crowdcomputingsystems.com/xml/schema-v1.xml\"\u003e \u003cpar align\u003d\"Right\" linespacing\u003d\"680\"\u003e \u003cline b\u003d\"540\" baseline\u003d\"538\" l\u003d\"785\" r\u003d\"822\" t\u003d\"529\"\u003e \u003cformatting lang\u003d\"EnglishUnitedStates\"\u003e $90.00 \u003c/formatting\u003e  \u003c/line\u003e  \u003c/par\u003e  \u003c/text\u003e  \u003c/td\u003e   \u003c/tr\u003e \n \u003ctr\u003e \u003ctd bottomborder\u003d\"White\" h\u003d\"25\" rightborder\u003d\"White\" topborder\u003d\"White\" w\u003d\"73\"\u003e \u003ctext xmlns\u003d\"http://ocr.crowdcomputingsystems.com/xml/schema-v1.xml\"\u003e \u003cpar linespacing\u003d\"600\"\u003e \u003cline b\u003d\"561\" baseline\u003d\"561\" l\u003d\"17\" r\u003d\"47\" t\u003d\"553\"\u003e \u003cformatting lang\u003d\"EnglishUnitedStates\"\u003e BMRE \u003c/formatting\u003e  \u003c/line\u003e  \u003c/par\u003e  \u003c/text\u003e  \u003c/td\u003e   \u003ctd bottomborder\u003d\"White\" h\u003d\"25\" leftborder\u003d\"White\" rightborder\u003d\"White\" topborder\u003d\"White\" w\u003d\"232\"\u003e \u003ctext xmlns\u003d\"http://ocr.crowdcomputingsystems.com/xml/schema-v1.xml\"\u003e \u003cpar align\u003d\"Center\" linespacing\u003d\"680\"\u003e \u003cline b\u003d\"563\" baseline\u003d\"561\" l\u003d\"109\" r\u003d\"291\" t\u003d\"552\"\u003e\u003cproduct appendorder\u003d\"5\" class\u003d\"extraction-tag\" confidence\u003d\"1/1\" data-original-title\u003d\"construction_type\" data-toggle\u003d\"tooltip\" data-value\u003d\"Boys Shirt Medium Size Red Color\" fold-name\u003d\"fold5\" injection\u003d\"true\" referencedatausedininjection\u003d\"manual\" score\u003d\"0.8089360618203978\" style\u003d\"background-color: rgb(78, 135, 105);  color: rgb(0, 0, 0);   border: 2px solid rgb(125, 157, 1); \" tagorder\u003d\"3296617\"\u003eBoys Shirt Medium Size Red Color\u003c/product\u003e\u003c/line\u003e  \u003c/par\u003e  \u003c/text\u003e  \u003c/td\u003e   \u003ctd bottomborder\u003d\"White\" h\u003d\"25\" leftborder\u003d\"White\" rightborder\u003d\"White\" topborder\u003d\"White\" w\u003d\"64\"\u003e \u003ctext xmlns\u003d\"http://ocr.crowdcomputingsystems.com/xml/schema-v1.xml\"\u003e \u003cpar align\u003d\"Center\" linespacing\u003d\"600\" rightindent\u003d\"200\"\u003e \u003cline b\u003d\"561\" baseline\u003d\"561\" l\u003d\"338\" r\u003d\"366\" t\u003d\"553\"\u003e \u003cformatting lang\u003d\"EnglishUnitedStates\"\u003e Piece \u003c/formatting\u003e  \u003c/line\u003e  \u003c/par\u003e  \u003c/text\u003e  \u003c/td\u003e   \u003ctd bottomborder\u003d\"White\" h\u003d\"25\" leftborder\u003d\"White\" rightborder\u003d\"White\" topborder\u003d\"White\" w\u003d\"73\"\u003e \u003ctext xmlns\u003d\"http://ocr.crowdcomputingsystems.com/xml/schema-v1.xml\"\u003e \u003cpar align\u003d\"Center\" leftindent\u003d\"200\" linespacing\u003d\"600\"\u003e \u003cline b\u003d\"561\" baseline\u003d\"561\" l\u003d\"415\" r\u003d\"420\" t\u003d\"553\"\u003e\u003cquantity appendorder\u003d\"5\" class\u003d\"extraction-tag\" confidence\u003d\"1/1\" data-original-title\u003d\"construction_type\" data-toggle\u003d\"tooltip\" data-value\u003d\"2\" fold-name\u003d\"fold3\" injection\u003d\"true\" referencedatausedininjection\u003d\"manual\" score\u003d\"0.8802516545417428\" style\u003d\"background-color: rgb(11, 47, 140);  color: rgb(255, 255, 255);   border: 2px solid rgb(125, 157, 1); \" tagorder\u003d\"4550977\"\u003e2\u003c/quantity\u003e\u003c/line\u003e  \u003c/par\u003e  \u003c/text\u003e  \u003c/td\u003e   \u003ctd bottomborder\u003d\"White\" h\u003d\"25\" leftborder\u003d\"White\" rightborder\u003d\"White\" topborder\u003d\"White\" w\u003d\"84\"\u003e \u003ctext xmlns\u003d\"http://ocr.crowdcomputingsystems.com/xml/schema-v1.xml\"\u003e \u003cpar linespacing\u003d\"-1\"\u003e\u003c/par\u003e  \u003c/text\u003e  \u003c/td\u003e   \u003ctd bottomborder\u003d\"White\" h\u003d\"25\" leftborder\u003d\"White\" rightborder\u003d\"White\" topborder\u003d\"White\" w\u003d\"80\"\u003e \u003ctext xmlns\u003d\"http://ocr.crowdcomputingsystems.com/xml/schema-v1.xml\"\u003e \u003cpar align\u003d\"Center\" leftindent\u003d\"200\" linespacing\u003d\"680\"\u003e \u003cline b\u003d\"563\" baseline\u003d\"561\" l\u003d\"564\" r\u003d\"594\" t\u003d\"552\"\u003e$\u003cprice class\u003d\"extraction-tag\" data-value\u003d\"9.00\" fold-name\u003d\"fold3\" ml-tagorder\u003d\"8180970\" score\u003d\"0.7809837800969323\" tagorder\u003d\"8180970\"\u003e9.00\u003c/price\u003e\u003c/line\u003e  \u003c/par\u003e  \u003c/text\u003e  \u003c/td\u003e   \u003ctd bottomborder\u003d\"White\" h\u003d\"25\" leftborder\u003d\"White\" rightborder\u003d\"White\" topborder\u003d\"White\" w\u003d\"74\"\u003e \u003ctext xmlns\u003d\"http://ocr.crowdcomputingsystems.com/xml/schema-v1.xml\"\u003e \u003cpar align\u003d\"Center\" linespacing\u003d\"600\" rightindent\u003d\"600\"\u003e \u003cline b\u003d\"561\" baseline\u003d\"561\" l\u003d\"652\" r\u003d\"670\" t\u003d\"553\"\u003e \u003cformatting lang\u003d\"EnglishUnitedStates\"\u003e YES \u003c/formatting\u003e  \u003c/line\u003e  \u003c/par\u003e  \u003c/text\u003e  \u003c/td\u003e   \u003ctd bottomborder\u003d\"White\" h\u003d\"25\" leftborder\u003d\"White\" topborder\u003d\"White\" w\u003d\"132\"\u003e \u003ctext xmlns\u003d\"http://ocr.crowdcomputingsystems.com/xml/schema-v1.xml\"\u003e \u003cpar align\u003d\"Right\" linespacing\u003d\"680\"\u003e \u003cline b\u003d\"563\" baseline\u003d\"561\" l\u003d\"785\" r\u003d\"822\" t\u003d\"552\"\u003e \u003cformatting lang\u003d\"EnglishUnitedStates\"\u003e $18.00 \u003c/formatting\u003e  \u003c/line\u003e  \u003c/par\u003e  \u003c/text\u003e  \u003c/td\u003e   \u003c/tr\u003e \n \u003c/tbody\u003e\u003c/table\u003e\n \u003cblock b\u003d\"3\" blockname\u003d\"\" blocktype\u003d\"Separator\" l\u003d\"0\" r\u003d\"839\" style\u003d\"transform: translate(0px, 1px); position: absolute;\" t\u003d\"1\"\u003e \u003cregion\u003e \u003crect b\u003d\"3\" l\u003d\"0\" r\u003d\"839\" t\u003d\"1\"\u003e\u003c/rect\u003e  \u003c/region\u003e  \u003cseparator thickness\u003d\"2\" type\u003d\"Black\"\u003e \u003cstart x\u003d\"0\" y\u003d\"2\"\u003e\u003c/start\u003e \u003cend x\u003d\"839\" y\u003d\"2\"\u003e\u003c/end\u003e \u003c/separator\u003e \u003c/block\u003e  \u003cblock b\u003d\"178\" blockname\u003d\"\" blocktype\u003d\"Separator\" l\u003d\"15\" r\u003d\"167\" style\u003d\"transform: translate(25px, 236px); position: absolute;\" t\u003d\"174\"\u003e \u003cregion\u003e \u003crect b\u003d\"178\" l\u003d\"15\" r\u003d\"167\" t\u003d\"174\"\u003e\u003c/rect\u003e  \u003c/region\u003e  \u003cseparator thickness\u003d\"4\" type\u003d\"Black\"\u003e \u003cstart x\u003d\"15\" y\u003d\"176\"\u003e\u003c/start\u003e \u003cend x\u003d\"167\" y\u003d\"176\"\u003e\u003c/end\u003e \u003c/separator\u003e \u003c/block\u003e  \u003cblock b\u003d\"214\" blockname\u003d\"\" blocktype\u003d\"Separator\" l\u003d\"0\" r\u003d\"839\" style\u003d\"transform: translate(0px, 287px); position: absolute;\" t\u003d\"212\"\u003e \u003cregion\u003e \u003crect b\u003d\"214\" l\u003d\"0\" r\u003d\"839\" t\u003d\"212\"\u003e\u003c/rect\u003e  \u003c/region\u003e  \u003cseparator thickness\u003d\"2\" type\u003d\"Black\"\u003e \u003cstart x\u003d\"0\" y\u003d\"213\"\u003e\u003c/start\u003e \u003cend x\u003d\"839\" y\u003d\"213\"\u003e\u003c/end\u003e \u003c/separator\u003e \u003c/block\u003e  \u003cblock b\u003d\"236\" blockname\u003d\"\" blocktype\u003d\"Separator\" l\u003d\"106\" r\u003d\"322\" style\u003d\"transform: translate(178px, 316px); position: absolute;\" t\u003d\"233\"\u003e \u003cregion\u003e \u003crect b\u003d\"236\" l\u003d\"106\" r\u003d\"322\" t\u003d\"233\"\u003e\u003c/rect\u003e  \u003c/region\u003e  \u003cseparator thickness\u003d\"3\" type\u003d\"Black\"\u003e \u003cstart x\u003d\"106\" y\u003d\"234\"\u003e\u003c/start\u003e \u003cend x\u003d\"322\" y\u003d\"234\"\u003e\u003c/end\u003e \u003c/separator\u003e \u003c/block\u003e  \u003cblock b\u003d\"254\" blockname\u003d\"\" blocktype\u003d\"Separator\" l\u003d\"106\" r\u003d\"322\" style\u003d\"transform: translate(178px, 341px); position: absolute;\" t\u003d\"252\"\u003e \u003cregion\u003e \u003crect b\u003d\"254\" l\u003d\"106\" r\u003d\"322\" t\u003d\"252\"\u003e\u003c/rect\u003e  \u003c/region\u003e  \u003cseparator thickness\u003d\"2\" type\u003d\"Black\"\u003e \u003cstart x\u003d\"106\" y\u003d\"253\"\u003e\u003c/start\u003e \u003cend x\u003d\"322\" y\u003d\"253\"\u003e\u003c/end\u003e \u003c/separator\u003e \u003c/block\u003e  \u003cblock b\u003d\"256\" blockname\u003d\"\" blocktype\u003d\"Separator\" l\u003d\"695\" r\u003d\"826\" style\u003d\"transform: translate(1165px, 343px); position: absolute;\" t\u003d\"253\"\u003e \u003cregion\u003e \u003crect b\u003d\"256\" l\u003d\"695\" r\u003d\"826\" t\u003d\"253\"\u003e\u003c/rect\u003e  \u003c/region\u003e  \u003cseparator thickness\u003d\"3\" type\u003d\"Black\"\u003e \u003cstart x\u003d\"695\" y\u003d\"254\"\u003e\u003c/start\u003e \u003cend x\u003d\"826\" y\u003d\"254\"\u003e\u003c/end\u003e \u003c/separator\u003e \u003c/block\u003e  \u003cblock b\u003d\"274\" blockname\u003d\"\" blocktype\u003d\"Separator\" l\u003d\"695\" r\u003d\"826\" style\u003d\"transform: translate(1165px, 368px); position: absolute;\" t\u003d\"272\"\u003e \u003cregion\u003e \u003crect b\u003d\"274\" l\u003d\"695\" r\u003d\"826\" t\u003d\"272\"\u003e\u003c/rect\u003e  \u003c/region\u003e  \u003cseparator thickness\u003d\"2\" type\u003d\"Black\"\u003e \u003cstart x\u003d\"695\" y\u003d\"273\"\u003e\u003c/start\u003e \u003cend x\u003d\"826\" y\u003d\"273\"\u003e\u003c/end\u003e \u003c/separator\u003e \u003c/block\u003e  \u003cblock b\u003d\"640\" blockname\u003d\"\" blocktype\u003d\"Separator\" l\u003d\"0\" r\u003d\"2\" style\u003d\"transform: translate(0px, 1px); position: absolute;\" t\u003d\"1\"\u003e \u003cregion\u003e \u003crect b\u003d\"640\" l\u003d\"0\" r\u003d\"2\" t\u003d\"1\"\u003e\u003c/rect\u003e  \u003c/region\u003e  \u003cseparator thickness\u003d\"2\" type\u003d\"Black\"\u003e \u003cstart x\u003d\"1\" y\u003d\"1\"\u003e\u003c/start\u003e \u003cend x\u003d\"1\" y\u003d\"640\"\u003e\u003c/end\u003e \u003c/separator\u003e \u003c/block\u003e  \u003cblock b\u003d\"640\" blockname\u003d\"\" blocktype\u003d\"Separator\" l\u003d\"14\" r\u003d\"15\" style\u003d\"transform: translate(23px, 646px); position: absolute;\" t\u003d\"477\"\u003e \u003cregion\u003e \u003crect b\u003d\"640\" l\u003d\"14\" r\u003d\"15\" t\u003d\"477\"\u003e\u003c/rect\u003e  \u003c/region\u003e  \u003cseparator thickness\u003d\"1\" type\u003d\"Black\"\u003e \u003cstart x\u003d\"14\" y\u003d\"477\"\u003e\u003c/start\u003e \u003cend x\u003d\"14\" y\u003d\"640\"\u003e\u003c/end\u003e \u003c/separator\u003e \u003c/block\u003e  \u003cblock b\u003d\"177\" blockname\u003d\"\" blocktype\u003d\"Separator\" l\u003d\"165\" r\u003d\"168\" style\u003d\"transform: translate(277px, 34px); position: absolute;\" t\u003d\"25\"\u003e \u003cregion\u003e \u003crect b\u003d\"177\" l\u003d\"165\" r\u003d\"168\" t\u003d\"25\"\u003e\u003c/rect\u003e  \u003c/region\u003e  \u003cseparator thickness\u003d\"2\" type\u003d\"Black\"\u003e \u003cstart x\u003d\"166\" y\u003d\"25\"\u003e\u003c/start\u003e \u003cend x\u003d\"166\" y\u003d\"177\"\u003e\u003c/end\u003e \u003c/separator\u003e \u003c/block\u003e  \u003cblock b\u003d\"640\" blockname\u003d\"\" blocktype\u003d\"Separator\" l\u003d\"825\" r\u003d\"826\" style\u003d\"transform: translate(1383px, 646px); position: absolute;\" t\u003d\"477\"\u003e \u003cregion\u003e \u003crect b\u003d\"640\" l\u003d\"825\" r\u003d\"826\" t\u003d\"477\"\u003e\u003c/rect\u003e  \u003c/region\u003e  \u003cseparator thickness\u003d\"1\" type\u003d\"Black\"\u003e \u003cstart x\u003d\"825\" y\u003d\"477\"\u003e\u003c/start\u003e \u003cend x\u003d\"825\" y\u003d\"640\"\u003e\u003c/end\u003e \u003c/separator\u003e \u003c/block\u003e  \u003cblock b\u003d\"640\" blockname\u003d\"\" blocktype\u003d\"Separator\" l\u003d\"837\" r\u003d\"839\" style\u003d\"transform: translate(1403px, 1px); position: absolute;\" t\u003d\"1\"\u003e \u003cregion\u003e \u003crect b\u003d\"640\" l\u003d\"837\" r\u003d\"839\" t\u003d\"1\"\u003e\u003c/rect\u003e  \u003c/region\u003e  \u003cseparator thickness\u003d\"2\" type\u003d\"Black\"\u003e \u003cstart x\u003d\"838\" y\u003d\"1\"\u003e\u003c/start\u003e \u003cend x\u003d\"838\" y\u003d\"640\"\u003e\u003c/end\u003e \u003c/separator\u003e \u003c/block\u003e  \u003cblock b\u003d\"274\" blockname\u003d\"\" blocktype\u003d\"Separator\" l\u003d\"695\" r\u003d\"697\" style\u003d\"transform: translate(1165px, 343px); position: absolute;\" t\u003d\"253\"\u003e \u003cregion\u003e \u003crect b\u003d\"274\" l\u003d\"695\" r\u003d\"697\" t\u003d\"253\"\u003e\u003c/rect\u003e  \u003c/region\u003e  \u003cseparator thickness\u003d\"2\" type\u003d\"Black\"\u003e \u003cstart x\u003d\"696\" y\u003d\"253\"\u003e\u003c/start\u003e \u003cend x\u003d\"696\" y\u003d\"274\"\u003e\u003c/end\u003e \u003c/separator\u003e \u003c/block\u003e  \u003cblock b\u003d\"476\" blockname\u003d\"\" blocktype\u003d\"Text\" class\u003d\"hidden\" l\u003d\"15\" r\u003d\"825\" style\u003d\"transform: translate(25px, 615px); position: absolute; width: 1357.4px; height: 29.7917px;\" t\u003d\"454\"\u003e \u003cregion\u003e \u003crect b\u003d\"476\" l\u003d\"15\" r\u003d\"825\" t\u003d\"454\"\u003e\u003c/rect\u003e  \u003c/region\u003e  \u003ctext\u003e \u003cpar linespacing\u003d\"-1\"\u003e\u003c/par\u003e  \u003c/text\u003e  \u003c/block\u003e  \u003c/page\u003e             \u003c/document\u003e\u003c/body\u003e\u003c/html\u003e","tags":[{"begin":326,"end":342,"text":"bengal@uaqru.com","tag":"email","fieldType":"EMAIL","score":0.8894991862801476,"estimatedAccuracy":0.0},{"begin":536,"end":547,"text":"22-Jul-2016","tag":"invoice_date","fieldType":"DATE","score":0.6323391603614625,"estimatedAccuracy":0.0},{"begin":848,"end":882,"text":"Boys Shirt Small Size Orange Color","tag":"product","fieldType":"TEXT","score":0.8407809469157722,"estimatedAccuracy":0.0},{"begin":916,"end":917,"text":"5","tag":"quantity","fieldType":"NUMBER","score":0.9538929558853952,"estimatedAccuracy":0.0},{"begin":952,"end":957,"text":"16.00","tag":"price","fieldType":"NUMBER","score":0.7569980582923828,"estimatedAccuracy":0.0},{"begin":1037,"end":1071,"text":"Boys Shirt Small Size Orange Color","tag":"product","fieldType":"TEXT","score":0.7225752207790404,"estimatedAccuracy":0.0},{"begin":1105,"end":1107,"text":"10","tag":"quantity","fieldType":"NUMBER","score":0.9441983323585312,"estimatedAccuracy":0.0},{"begin":1142,"end":1147,"text":"16.00","tag":"price","fieldType":"NUMBER","score":0.7672139154921999,"estimatedAccuracy":0.0},{"begin":1228,"end":1262,"text":"Men Shirt Medium Size Yellow Color","tag":"product","fieldType":"TEXT","score":0.7914427119740893,"estimatedAccuracy":0.0},{"begin":1297,"end":1298,"text":"5","tag":"quantity","fieldType":"NUMBER","score":0.8969528944869798,"estimatedAccuracy":0.0},{"begin":1320,"end":1325,"text":"18.00","tag":"price","fieldType":"NUMBER","score":0.7761251539465333,"estimatedAccuracy":0.0},{"begin":1405,"end":1437,"text":"Boys Shirt Medium Size Red Color","tag":"product","fieldType":"TEXT","score":0.8089360618203978,"estimatedAccuracy":0.0},{"begin":1471,"end":1472,"text":"2","tag":"quantity","fieldType":"NUMBER","score":0.8802516545417428,"estimatedAccuracy":0.0},{"begin":1494,"end":1498,"text":"9.00","tag":"price","fieldType":"NUMBER","score":0.7809837800969323,"estimatedAccuracy":0.0}],"group":"email|invoice_date|price|product|quantity","limeExplanation":{},"liblinearFeatureImportance":{}}