{"finalScore":0.7636336362511719,"metaInfo":{"model":{"coreVersion":"10.3.0.39"}},"sumScore":7.636336362511718,"tagsCounter":10.0,"taggedText":"\u003chtml\u003e\u003chead\u003e\u003cscript src\u003d\"https://ajax.googleapis.com/ajax/libs/jquery/2.2.0/jquery.min.js\"\u003e\u003c/script\u003e\u003c/head\u003e\u003cbody\u003e\u003cdocument languages\u003d\"\" producer\u003d\"Workfusion\" schemalocation\u003d\"http://ocr.crowdcomputingsystems.com/xml/schema-v1.xml\" version\u003d\"1.0\" xmlns\u003d\"http://ocr.crowdcomputingsystems.com/xml/schema-v1.xml\" xsi\u003d\"http://www.w3.org/2001/XMLSchema-instance\"\u003e \u003clink href\u003d\"https://s3.amazonaws.com/workfusion-resources/ocr/ocr-xml-viewer-0.3-scale-to-width.css\" rel\u003d\"stylesheet\" type\u003d\"text/css\"\u003e\u003c/link\u003e \u003cstyle\u003e\u003c/style\u003e\u003cpage data-pages\u003d\"1\" h\u003d\"1100\" resolution\u003d\"100\" style\u003d\"height: 1361px;\" w\u003d\"850\"\u003e \u003cblock b\u003d\"153\" blockname\u003d\"\" blocktype\u003d\"Text\" l\u003d\"32\" r\u003d\"234\" style\u003d\"transform: translate(28px, 44px); position: absolute; width: 179.424px; height: 154.7px;\" t\u003d\"34\"\u003e \u003cregion\u003e \u003crect b\u003d\"153\" l\u003d\"32\" r\u003d\"234\" t\u003d\"34\"\u003e\u003c/rect\u003e  \u003c/region\u003e  \u003ctext\u003e \u003cpar align\u003d\"Justified\" linespacing\u003d\"2592\"\u003e \u003cline b\u003d\"64\" baseline\u003d\"60\" l\u003d\"33\" r\u003d\"232\" style\u003d\"transform: translate(1px, 5px); position: absolute;\" t\u003d\"38\"\u003e \u003cformatting lang\u003d\"EnglishUnitedStates\"\u003e ǀ INVOICE ǀ \u003c/formatting\u003e  \u003c/line\u003e  \u003c/par\u003e  \u003cpar leftindent\u003d\"2400\" linespacing\u003d\"1224\" rightindent\u003d\"3100\"\u003e \u003cline b\u003d\"116\" baseline\u003d\"113\" l\u003d\"66\" r\u003d\"175\" style\u003d\"transform: translate(30px, 87px); position: absolute;\" t\u003d\"101\"\u003e \u003cformatting lang\u003d\"EnglishUnitedStates\"\u003e \u003csupplier_name appendorder\u003d\"22\" class\u003d\"extraction-tag\" confidence\u003d\"1/1\" data-original-title\u003d\"supplier_name\" data-toggle\u003d\"tooltip\" data-value\u003d\"Jidie, Inc.\" fold-name\u003d\"fold2\" score\u003d\"0.8965378952565173\" style\u003d\"background-color: rgb(88, 50, 166);  color: rgb(255, 255, 255);   border: 2px solid rgb(125, 157, 1); \" tagorder\u003d\"212121\"\u003eJidie, Inc.\u003c/supplier_name\u003e \u003c/formatting\u003e  \u003c/line\u003e  \u003cline b\u003d\"131\" baseline\u003d\"131\" l\u003d\"67\" r\u003d\"177\" style\u003d\"transform: translate(31px, 111px); position: absolute;\" t\u003d\"119\"\u003e \u003cformatting lang\u003d\"EnglishUnitedStates\"\u003e 1234 fvtein Street \u003c/formatting\u003e  \u003c/line\u003e  \u003cline b\u003d\"150\" baseline\u003d\"148\" l\u003d\"65\" r\u003d\"191\" style\u003d\"transform: translate(29px, 133px); position: absolute;\" t\u003d\"136\"\u003e \u003cformatting lang\u003d\"EnglishUnitedStates\"\u003e Ash land, KY 41102 \u003c/formatting\u003e  \u003c/line\u003e  \u003c/par\u003e  \u003c/text\u003e  \u003c/block\u003e  \u003cblock b\u003d\"150\" blockname\u003d\"\" blocktype\u003d\"Text\" l\u003d\"310\" r\u003d\"502\" style\u003d\"transform: translate(275px, 130px); position: absolute; width: 170.541px; height: 65px;\" t\u003d\"100\"\u003e \u003cregion\u003e \u003crect b\u003d\"150\" l\u003d\"310\" r\u003d\"502\" t\u003d\"100\"\u003e\u003c/rect\u003e  \u003c/region\u003e  \u003ctext\u003e \u003cpar linespacing\u003d\"1152\"\u003e \u003cline b\u003d\"111\" baseline\u003d\"111\" l\u003d\"313\" r\u003d\"443\" style\u003d\"transform: translate(3px, 1px); position: absolute;\" t\u003d\"101\"\u003e \u003cformatting lang\u003d\"EnglishUnitedStates\"\u003e Phone : 111-222-3333 \u003c/formatting\u003e  \u003c/line\u003e  \u003cline b\u003d\"128\" baseline\u003d\"128\" l\u003d\"312\" r\u003d\"443\" style\u003d\"transform: translate(2px, 23px); position: absolute;\" t\u003d\"118\"\u003e \u003cformatting lang\u003d\"EnglishUnitedStates\"\u003e E-Mail: \u003cemail appendorder\u003d\"6\" class\u003d\"extraction-tag\" confidence\u003d\"1/1\" data-original-title\u003d\"email\" data-toggle\u003d\"tooltip\" data-value\u003d\"jiude@hotmail.com\" fold-name\u003d\"fold1\" score\u003d\"0.7957405981977135\" style\u003d\"background-color: rgb(4, 0, 38);  color: rgb(255, 255, 255);   border: 2px solid rgb(125, 157, 1); \" tagorder\u003d\"444\"\u003ejiude@hotmail.com\u003c/email\u003e \u003c/formatting\u003e  \u003c/line\u003e  \u003cline b\u003d\"147\" baseline\u003d\"144\" l\u003d\"312\" r\u003d\"499\" style\u003d\"transform: translate(2px, 44px); position: absolute;\" t\u003d\"134\"\u003e \u003cformatting lang\u003d\"EnglishUnitedStates\"\u003e Weh: http://Www.ksoftware.net \u003c/formatting\u003e  \u003c/line\u003e  \u003c/par\u003e  \u003c/text\u003e  \u003c/block\u003e  \u003cblock b\u003d\"122\" blockname\u003d\"\" blocktype\u003d\"Text\" l\u003d\"514\" r\u003d\"742\" style\u003d\"transform: translate(457px, 48px); position: absolute; width: 202.518px; height: 110.5px;\" t\u003d\"37\"\u003e \u003cregion\u003e \u003crect b\u003d\"122\" l\u003d\"514\" r\u003d\"742\" t\u003d\"37\"\u003e\u003c/rect\u003e  \u003c/region\u003e  \u003ctext\u003e \u003cpar linespacing\u003d\"4750\"\u003e \u003cline b\u003d\"105\" baseline\u003d\"105\" l\u003d\"516\" r\u003d\"740\" style\u003d\"transform: translate(2px, 3px); position: absolute;\" t\u003d\"39\"\u003e \u003cformatting lang\u003d\"EnglishUnitedStates\"\u003e ^/\u0026rsquo;software \u003c/formatting\u003e  \u003c/line\u003e  \u003c/par\u003e  \u003cpar linespacing\u003d\"720\"\u003e \u003cline b\u003d\"119\" baseline\u003d\"119\" l\u003d\"515\" r\u003d\"740\" style\u003d\"transform: translate(1px, 94px); position: absolute;\" t\u003d\"109\"\u003e \u003cformatting lang\u003d\"EnglishUnitedStates\"\u003e Innovative Software Solutions For Small Business \u003c/formatting\u003e  \u003c/line\u003e  \u003c/par\u003e  \u003c/text\u003e  \u003c/block\u003e  \u003cblock b\u003d\"229\" blockname\u003d\"\" blocktype\u003d\"Text\" l\u003d\"56\" r\u003d\"107\" style\u003d\"transform: translate(50px, 277px); position: absolute; width: 45.3px; height: 20.8px;\" t\u003d\"213\"\u003e \u003cregion\u003e \u003crect b\u003d\"229\" l\u003d\"56\" r\u003d\"107\" t\u003d\"213\"\u003e\u003c/rect\u003e  \u003c/region\u003e  \u003ctext\u003e \u003cpar linespacing\u003d\"860\"\u003e \u003cline b\u003d\"226\" baseline\u003d\"226\" l\u003d\"58\" r\u003d\"104\" style\u003d\"transform: translate(2px, 1px); position: absolute;\" t\u003d\"214\"\u003e \u003cformatting lang\u003d\"EnglishUnitedStates\"\u003e Bill To \u003c/formatting\u003e  \u003c/line\u003e  \u003c/par\u003e  \u003c/text\u003e  \u003c/block\u003e  \u003cblock b\u003d\"232\" blockname\u003d\"\" blocktype\u003d\"Text\" l\u003d\"439\" r\u003d\"499\" style\u003d\"transform: translate(390px, 277px); position: absolute; width: 53.2941px; height: 24.7px;\" t\u003d\"213\"\u003e \u003cregion\u003e \u003crect b\u003d\"232\" l\u003d\"439\" r\u003d\"499\" t\u003d\"213\"\u003e\u003c/rect\u003e  \u003c/region\u003e  \u003ctext\u003e \u003cpar align\u003d\"Center\" linespacing\u003d\"860\" rightindent\u003d\"900\"\u003e \u003cline b\u003d\"227\" baseline\u003d\"226\" l\u003d\"440\" r\u003d\"496\" style\u003d\"transform: translate(1px, 1px); position: absolute;\" t\u003d\"214\"\u003e \u003cformatting lang\u003d\"EnglishUnitedStates\"\u003e Ship To \u003c/formatting\u003e  \u003c/line\u003e  \u003c/par\u003e  \u003c/text\u003e  \u003c/block\u003e  \u003cblock b\u003d\"285\" blockname\u003d\"\" blocktype\u003d\"Text\" l\u003d\"63\" r\u003d\"181\" style\u003d\"transform: translate(56px, 308px); position: absolute; width: 104.812px; height: 62.4px;\" t\u003d\"237\"\u003e \u003cregion\u003e \u003crect b\u003d\"285\" l\u003d\"63\" r\u003d\"181\" t\u003d\"237\"\u003e\u003c/rect\u003e  \u003c/region\u003e  \u003ctext\u003e \u003cpar leftindent\u003d\"2400\" linespacing\u003d\"1224\"\u003e \u003cline b\u003d\"248\" baseline\u003d\"248\" l\u003d\"66\" r\u003d\"153\" style\u003d\"transform: translate(3px, 1px); position: absolute;\" t\u003d\"238\"\u003e \u003cformatting lang\u003d\"EnglishUnitedStates\"\u003e Test Customer \u003c/formatting\u003e  \u003c/line\u003e  \u003cline b\u003d\"266\" baseline\u003d\"265\" l\u003d\"67\" r\u003d\"166\" style\u003d\"transform: translate(4px, 23px); position: absolute;\" t\u003d\"255\"\u003e \u003cformatting lang\u003d\"EnglishUnitedStates\"\u003e 1234 Main Street \u003c/formatting\u003e  \u003c/line\u003e  \u003cline b\u003d\"283\" baseline\u003d\"283\" l\u003d\"64\" r\u003d\"178\" style\u003d\"transform: translate(1px, 46px); position: absolute;\" t\u003d\"272\"\u003e \u003cformatting lang\u003d\"EnglishUnitedStates\"\u003e Ashland KY 41101 \u003c/formatting\u003e  \u003c/line\u003e  \u003c/par\u003e  \u003c/text\u003e  \u003c/block\u003e  \u003cblock b\u003d\"285\" blockname\u003d\"\" blocktype\u003d\"Text\" l\u003d\"438\" r\u003d\"545\" style\u003d\"transform: translate(389px, 308px); position: absolute; width: 95.0412px; height: 62.4px;\" t\u003d\"237\"\u003e \u003cregion\u003e \u003crect b\u003d\"285\" l\u003d\"438\" r\u003d\"545\" t\u003d\"237\"\u003e\u003c/rect\u003e  \u003c/region\u003e  \u003ctext\u003e \u003cpar linespacing\u003d\"1224\"\u003e \u003cline b\u003d\"248\" baseline\u003d\"248\" l\u003d\"441\" r\u003d\"528\" style\u003d\"transform: translate(3px, 1px); position: absolute;\" t\u003d\"238\"\u003e \u003cformatting lang\u003d\"EnglishUnitedStates\"\u003e Test Customer \u003c/formatting\u003e  \u003c/line\u003e  \u003cline b\u003d\"265\" baseline\u003d\"265\" l\u003d\"442\" r\u003d\"542\" style\u003d\"transform: translate(4px, 23px); position: absolute;\" t\u003d\"255\"\u003e \u003cformatting lang\u003d\"EnglishUnitedStates\"\u003e 1234 Main Street \u003c/formatting\u003e  \u003c/line\u003e  \u003cline b\u003d\"282\" baseline\u003d\"282\" l\u003d\"439\" r\u003d\"535\" style\u003d\"transform: translate(1px, 46px); position: absolute;\" t\u003d\"272\"\u003e \u003cformatting lang\u003d\"EnglishUnitedStates\"\u003e Ashland 41101 \u003c/formatting\u003e  \u003c/line\u003e  \u003c/par\u003e  \u003c/text\u003e  \u003c/block\u003e  \u003cblock b\u003d\"396\" blockname\u003d\"\" blocktype\u003d\"Text\" l\u003d\"38\" r\u003d\"699\" style\u003d\"transform: translate(34px, 471px); position: absolute; width: 587.124px; height: 44.2px;\" t\u003d\"362\"\u003e \u003cregion\u003e \u003crect b\u003d\"396\" l\u003d\"38\" r\u003d\"699\" t\u003d\"362\"\u003e\u003c/rect\u003e  \u003c/region\u003e  \u003ctext\u003e \u003cpar align\u003d\"Justified\" linespacing\u003d\"1224\"\u003e \u003cline b\u003d\"373\" baseline\u003d\"373\" l\u003d\"40\" r\u003d\"663\" style\u003d\"transform: translate(2px, 1px); position: absolute;\" t\u003d\"363\"\u003e \u003cformatting lang\u003d\"EnglishUnitedStates\"\u003e Invoice No. \u003cinvoice_number appendorder\u003d\"7\" class\u003d\"extraction-tag\" confidence\u003d\"1/1\" data-original-title\u003d\"Invoice number\" data-toggle\u003d\"tooltip\" data-value\u003d\"11033\" fold-name\u003d\"fold2\" score\u003d\"0.6237216125266501\" style\u003d\"background-color: rgb(0, 83, 98);  color: rgb(255, 255, 255);   border: 2px solid rgb(125, 157, 1); \" tagorder\u003d\"5\"\u003e11033\u003c/invoice_number\u003e Date 03-142003 PO No. P01234 \u003c/formatting\u003e  \u003c/line\u003e  \u003c/par\u003e  \u003cpar align\u003d\"Justified\" leftindent\u003d\"1200\" linespacing\u003d\"1224\"\u003e \u003cline b\u003d\"393\" baseline\u003d\"390\" l\u003d\"48\" r\u003d\"696\" style\u003d\"transform: translate(9px, 23px); position: absolute;\" t\u003d\"380\"\u003e \u003cformatting lang\u003d\"EnglishUnitedStates\"\u003e Account# C1006 Due By 03-31-2003 Terms None Sales Rep SalesPersonl \u003c/formatting\u003e  \u003c/line\u003e  \u003c/par\u003e  \u003c/text\u003e  \u003c/block\u003e  \u003cregion xmlns\u003d\"http://ocr.crowdcomputingsystems.com/xml/schema-v1.xml\"\u003e \u003crect b\u003d\"889\" l\u003d\"41\" r\u003d\"807\" t\u003d\"409\"\u003e\u003c/rect\u003e  \u003c/region\u003e \u003ctable b\u003d\"889\" blockname\u003d\"\" blocktype\u003d\"Table\" l\u003d\"41\" r\u003d\"807\" style\u003d\"transform: translate(36px, 532px); position: absolute;\" t\u003d\"409\" xmlns\u003d\"\"\u003e \u003ctbody\u003e\u003ctr\u003e \u003ctd h\u003d\"23\" w\u003d\"88\"\u003e \u003ctext xmlns\u003d\"http://ocr.crowdcomputingsystems.com/xml/schema-v1.xml\"\u003e \u003cpar align\u003d\"Center\" leftindent\u003d\"100\" linespacing\u003d\"720\"\u003e \u003cline b\u003d\"424\" baseline\u003d\"424\" l\u003d\"69\" r\u003d\"99\" t\u003d\"414\"\u003e \u003cformatting lang\u003d\"EnglishUnitedStates\"\u003e Code \u003c/formatting\u003e  \u003c/line\u003e  \u003c/par\u003e  \u003c/text\u003e  \u003c/td\u003e   \u003ctd h\u003d\"23\" w\u003d\"390\"\u003e \u003ctext xmlns\u003d\"http://ocr.crowdcomputingsystems.com/xml/schema-v1.xml\"\u003e \u003cpar linespacing\u003d\"720\"\u003e \u003cline b\u003d\"427\" baseline\u003d\"424\" l\u003d\"136\" r\u003d\"203\" t\u003d\"414\"\u003e \u003cformatting lang\u003d\"EnglishUnitedStates\"\u003e Description \u003c/formatting\u003e  \u003c/line\u003e  \u003c/par\u003e  \u003c/text\u003e  \u003c/td\u003e   \u003ctd h\u003d\"23\" w\u003d\"65\"\u003e \u003ctext xmlns\u003d\"http://ocr.crowdcomputingsystems.com/xml/schema-v1.xml\"\u003e \u003cpar align\u003d\"Right\" linespacing\u003d\"720\" rightindent\u003d\"1200\"\u003e \u003cline b\u003d\"424\" baseline\u003d\"424\" l\u003d\"541\" r\u003d\"567\" t\u003d\"414\"\u003e \u003cformatting lang\u003d\"EnglishUnitedStates\"\u003e QTY \u003c/formatting\u003e  \u003c/line\u003e  \u003c/par\u003e  \u003c/text\u003e  \u003c/td\u003e   \u003ctd h\u003d\"23\" w\u003d\"119\"\u003e \u003ctext xmlns\u003d\"http://ocr.crowdcomputingsystems.com/xml/schema-v1.xml\"\u003e \u003cpar align\u003d\"Right\" linespacing\u003d\"720\" rightindent\u003d\"1800\"\u003e \u003cline b\u003d\"424\" baseline\u003d\"424\" l\u003d\"648\" r\u003d\"678\" t\u003d\"414\"\u003e \u003cformatting lang\u003d\"EnglishUnitedStates\"\u003e Price \u003c/formatting\u003e  \u003c/line\u003e  \u003c/par\u003e  \u003c/text\u003e  \u003c/td\u003e   \u003ctd h\u003d\"23\" w\u003d\"104\"\u003e \u003ctext xmlns\u003d\"http://ocr.crowdcomputingsystems.com/xml/schema-v1.xml\"\u003e \u003cpar align\u003d\"Right\" linespacing\u003d\"720\"\u003e \u003cline b\u003d\"424\" baseline\u003d\"424\" l\u003d\"741\" r\u003d\"797\" t\u003d\"414\"\u003e \u003cformatting lang\u003d\"EnglishUnitedStates\"\u003e Line Total \u003c/formatting\u003e  \u003c/line\u003e  \u003c/par\u003e  \u003c/text\u003e  \u003c/td\u003e   \u003c/tr\u003e \n \u003ctr\u003e \u003ctd bottomborder\u003d\"White\" h\u003d\"32\" w\u003d\"88\"\u003e \u003ctext xmlns\u003d\"http://ocr.crowdcomputingsystems.com/xml/schema-v1.xml\"\u003e \u003cpar leftindent\u003d\"1100\" linespacing\u003d\"720\"\u003e \u003cline b\u003d\"454\" baseline\u003d\"454\" l\u003d\"56\" r\u003d\"112\" t\u003d\"444\"\u003e \u003cformatting lang\u003d\"EnglishUnitedStates\"\u003e SKU1222 \u003c/formatting\u003e  \u003c/line\u003e  \u003c/par\u003e  \u003c/text\u003e  \u003c/td\u003e   \u003ctd bottomborder\u003d\"White\" h\u003d\"32\" w\u003d\"390\"\u003e \u003ctext xmlns\u003d\"http://ocr.crowdcomputingsystems.com/xml/schema-v1.xml\"\u003e \u003cpar linespacing\u003d\"720\"\u003e \u003cline b\u003d\"457\" baseline\u003d\"454\" l\u003d\"136\" r\u003d\"391\" t\u003d\"444\"\u003e\u003cproduct appendorder\u003d\"5\" class\u003d\"extraction-tag\" confidence\u003d\"1/1\" data-original-title\u003d\"construction_type\" data-toggle\u003d\"tooltip\" data-value\u003d\"Test Import Name - Description Goes Here\" fold-name\u003d\"fold1\" injection\u003d\"true\" referencedatausedininjection\u003d\"manual\" score\u003d\"0.7556655653622725\" style\u003d\"background-color: rgb(78, 135, 105);  color: rgb(0, 0, 0);   border: 2px solid rgb(125, 157, 1); \" tagorder\u003d\"2430716\"\u003eTest Import Name - Description Goes Here\u003c/product\u003e\u003c/line\u003e  \u003c/par\u003e  \u003c/text\u003e  \u003c/td\u003e   \u003ctd bottomborder\u003d\"White\" h\u003d\"32\" w\u003d\"65\"\u003e \u003ctext xmlns\u003d\"http://ocr.crowdcomputingsystems.com/xml/schema-v1.xml\"\u003e \u003cpar align\u003d\"Center\" leftindent\u003d\"800\" linespacing\u003d\"790\"\u003e \u003cline b\u003d\"454\" baseline\u003d\"455\" l\u003d\"544\" r\u003d\"547\" t\u003d\"444\"\u003e\u003cquantity appendorder\u003d\"5\" class\u003d\"extraction-tag\" confidence\u003d\"1/1\" data-original-title\u003d\"construction_type\" data-toggle\u003d\"tooltip\" data-value\u003d\"1\" fold-name\u003d\"fold4\" injection\u003d\"true\" referencedatausedininjection\u003d\"manual\" score\u003d\"0.909257861121286\" style\u003d\"background-color: rgb(11, 47, 140);  color: rgb(255, 255, 255);   border: 2px solid rgb(125, 157, 1); \" tagorder\u003d\"3918742\"\u003e1\u003c/quantity\u003e\u003c/line\u003e  \u003c/par\u003e  \u003c/text\u003e  \u003c/td\u003e   \u003ctd bottomborder\u003d\"White\" h\u003d\"32\" w\u003d\"119\"\u003e \u003ctext xmlns\u003d\"http://ocr.crowdcomputingsystems.com/xml/schema-v1.xml\"\u003e \u003cpar align\u003d\"Right\" linespacing\u003d\"790\" rightindent\u003d\"1800\"\u003e \u003cline b\u003d\"455\" baseline\u003d\"454\" l\u003d\"638\" r\u003d\"678\" t\u003d\"443\"\u003e$\u003cprice class\u003d\"extraction-tag\" data-value\u003d\"10.00\" fold-name\u003d\"fold4\" ml-tagorder\u003d\"3918747\" score\u003d\"0.7196789769871065\" tagorder\u003d\"3918747\"\u003e10.00\u003c/price\u003e\u003c/line\u003e  \u003c/par\u003e  \u003c/text\u003e  \u003c/td\u003e   \u003ctd bottomborder\u003d\"White\" h\u003d\"32\" w\u003d\"104\"\u003e \u003ctext xmlns\u003d\"http://ocr.crowdcomputingsystems.com/xml/schema-v1.xml\"\u003e \u003cpar align\u003d\"Right\" linespacing\u003d\"790\"\u003e \u003cline b\u003d\"455\" baseline\u003d\"454\" l\u003d\"759\" r\u003d\"799\" t\u003d\"443\"\u003e \u003cformatting lang\u003d\"EnglishUnitedStates\"\u003e $10.00 \u003c/formatting\u003e  \u003c/line\u003e  \u003c/par\u003e  \u003c/text\u003e  \u003c/td\u003e   \u003c/tr\u003e \n \u003ctr\u003e \u003ctd h\u003d\"425\" topborder\u003d\"White\" w\u003d\"88\"\u003e \u003ctext xmlns\u003d\"http://ocr.crowdcomputingsystems.com/xml/schema-v1.xml\"\u003e \u003cpar leftindent\u003d\"1100\" linespacing\u003d\"-1\"\u003e\u003c/par\u003e  \u003c/text\u003e  \u003c/td\u003e   \u003ctd h\u003d\"425\" topborder\u003d\"White\" w\u003d\"390\"\u003e \u003ctext xmlns\u003d\"http://ocr.crowdcomputingsystems.com/xml/schema-v1.xml\"\u003e \u003cpar linespacing\u003d\"1224\"\u003e \u003cline b\u003d\"484\" baseline\u003d\"481\" l\u003d\"136\" r\u003d\"471\" t\u003d\"471\"\u003e\u003cproduct class\u003d\"extraction-tag\" data-value\u003d\"Labor - Example labor item. Quantity is number of hours  spert. price is hourly rate. Quantity accepts decimal values.\" fold-name\u003d\"fold1\" ml-tagorder\u003d\"3918748\" score\u003d\"0.7790606589349441\" tagorder\u003d\"3918748\"\u003eLabor - Example labor item. Quantity is number of hours\u003c/product\u003e\u003c/line\u003e  \u003cline b\u003d\"501\" baseline\u003d\"498\" l\u003d\"136\" r\u003d\"495\" t\u003d\"488\"\u003e\u003cproduct class\u003d\"extraction-tag\" data-value\u003d\"Labor - Example labor item. Quantity is number of hours  spert. price is hourly rate. Quantity accepts decimal values.\" fold-name\u003d\"fold1\" ml-tagorder\u003d\"3918748\" score\u003d\"0.7790606589349441\" tagorder\u003d\"3918748\"\u003espert. price is hourly rate. Quantity accepts decimal values.\u003c/product\u003e\u003c/line\u003e  \u003c/par\u003e  \u003c/text\u003e  \u003c/td\u003e   \u003ctd h\u003d\"425\" topborder\u003d\"White\" w\u003d\"65\"\u003e \u003ctext xmlns\u003d\"http://ocr.crowdcomputingsystems.com/xml/schema-v1.xml\"\u003e \u003cpar align\u003d\"Center\" leftindent\u003d\"800\" linespacing\u003d\"720\"\u003e \u003cline b\u003d\"481\" baseline\u003d\"481\" l\u003d\"539\" r\u003d\"555\" t\u003d\"471\"\u003e\u003cquantity appendorder\u003d\"5\" class\u003d\"extraction-tag\" confidence\u003d\"1/1\" data-original-title\u003d\"construction_type\" data-toggle\u003d\"tooltip\" data-value\u003d\"1.5\" fold-name\u003d\"fold4\" injection\u003d\"true\" referencedatausedininjection\u003d\"manual\" score\u003d\"0.737642217936436\" style\u003d\"background-color: rgb(11, 47, 140);  color: rgb(255, 255, 255);   border: 2px solid rgb(125, 157, 1); \" tagorder\u003d\"520433\"\u003e1.5\u003c/quantity\u003e\u003c/line\u003e  \u003c/par\u003e  \u003c/text\u003e  \u003c/td\u003e   \u003ctd h\u003d\"425\" topborder\u003d\"White\" w\u003d\"119\"\u003e \u003ctext xmlns\u003d\"http://ocr.crowdcomputingsystems.com/xml/schema-v1.xml\"\u003e \u003cpar align\u003d\"Right\" linespacing\u003d\"790\" rightindent\u003d\"1800\"\u003e \u003cline b\u003d\"482\" baseline\u003d\"481\" l\u003d\"631\" r\u003d\"678\" t\u003d\"470\"\u003e$\u003cprice class\u003d\"extraction-tag\" data-value\u003d\"100.00\" fold-name\u003d\"fold4\" ml-tagorder\u003d\"3918750\" score\u003d\"0.7756949060116647\" tagorder\u003d\"3918750\"\u003e100.00\u003c/price\u003e\u003c/line\u003e  \u003c/par\u003e  \u003c/text\u003e  \u003c/td\u003e   \u003ctd h\u003d\"425\" topborder\u003d\"White\" w\u003d\"104\"\u003e \u003ctext xmlns\u003d\"http://ocr.crowdcomputingsystems.com/xml/schema-v1.xml\"\u003e \u003cpar align\u003d\"Right\" linespacing\u003d\"790\"\u003e \u003cline b\u003d\"482\" baseline\u003d\"481\" l\u003d\"751\" r\u003d\"799\" t\u003d\"470\"\u003e \u003cformatting lang\u003d\"EnglishUnitedStates\"\u003e $150.00 \u003c/formatting\u003e  \u003c/line\u003e  \u003c/par\u003e  \u003c/text\u003e  \u003c/td\u003e   \u003c/tr\u003e \n \u003c/tbody\u003e\u003c/table\u003e\n \u003cblock b\u003d\"923\" blockname\u003d\"\" blocktype\u003d\"Text\" l\u003d\"39\" r\u003d\"792\" style\u003d\"transform: translate(35px, 1166px); position: absolute; width: 668.841px; height: 33.8px;\" t\u003d\"897\"\u003e \u003cregion\u003e \u003crect b\u003d\"923\" l\u003d\"39\" r\u003d\"792\" t\u003d\"897\"\u003e\u003c/rect\u003e  \u003c/region\u003e  \u003ctext\u003e \u003cpar align\u003d\"Justified\" linespacing\u003d\"720\"\u003e \u003cline b\u003d\"911\" baseline\u003d\"908\" l\u003d\"40\" r\u003d\"520\" style\u003d\"transform: translate(1px, 1px); position: absolute;\" t\u003d\"898\"\u003e \u003cformatting lang\u003d\"EnglishUnitedStates\"\u003e An invoice note can a o here. Multi-line and even rnulti-paqe notes are sup port ed. \u003c/formatting\u003e  \u003c/line\u003e  \u003c/par\u003e  \u003cpar align\u003d\"Justified\" leftindent\u003d\"42600\" linespacing\u003d\"790\"\u003e \u003cline b\u003d\"920\" baseline\u003d\"919\" l\u003d\"624\" r\u003d\"789\" style\u003d\"transform: translate(520px, 14px); position: absolute;\" t\u003d\"908\"\u003e \u003cformatting lang\u003d\"EnglishUnitedStates\"\u003e Subtotal $160.00 \u003c/formatting\u003e  \u003c/line\u003e  \u003c/par\u003e  \u003c/text\u003e  \u003c/block\u003e  \u003cblock b\u003d\"994\" blockname\u003d\"\" blocktype\u003d\"Text\" l\u003d\"594\" r\u003d\"792\" style\u003d\"transform: translate(528px, 1209px); position: absolute; width: 175.871px; height: 83.2px;\" t\u003d\"930\"\u003e \u003cregion\u003e \u003crect b\u003d\"994\" l\u003d\"594\" r\u003d\"792\" t\u003d\"930\"\u003e\u003c/rect\u003e  \u003c/region\u003e  \u003ctext\u003e \u003cpar align\u003d\"Justified\" leftindent\u003d\"44200\" linespacing\u003d\"1728\"\u003e \u003cline b\u003d\"943\" baseline\u003d\"942\" l\u003d\"646\" r\u003d\"789\" style\u003d\"transform: translate(46px, 1px); position: absolute;\" t\u003d\"931\"\u003e \u003cformatting lang\u003d\"EnglishUnitedStates\"\u003e Total $\u003ctotal_amount appendorder\u003d\"9\" class\u003d\"extraction-tag\" confidence\u003d\"1/1\" data-original-title\u003d\"Total amount\" data-toggle\u003d\"tooltip\" data-value\u003d\"170.78\" fold-name\u003d\"fold4\" score\u003d\"0.6433360701771274\" style\u003d\"background-color: rgb(27, 182, 226);  color: rgb(0, 0, 0);   border: 2px solid rgb(125, 157, 1); \" tagorder\u003d\"7\"\u003e170.78\u003c/total_amount\u003e \u003c/formatting\u003e  \u003c/line\u003e  \u003c/par\u003e  \u003cpar align\u003d\"Justified\" leftindent\u003d\"42000\" linespacing\u003d\"1728\"\u003e \u003cline b\u003d\"969\" baseline\u003d\"966\" l\u003d\"616\" r\u003d\"789\" style\u003d\"transform: translate(20px, 33px); position: absolute;\" t\u003d\"955\"\u003e \u003cformatting lang\u003d\"EnglishUnitedStates\"\u003e Payments (-) $0.00 \u003c/formatting\u003e  \u003c/line\u003e  \u003c/par\u003e  \u003cpar align\u003d\"Justified\" leftindent\u003d\"40600\" linespacing\u003d\"1728\"\u003e \u003cline b\u003d\"991\" baseline\u003d\"990\" l\u003d\"596\" r\u003d\"789\" style\u003d\"transform: translate(2px, 64px); position: absolute;\" t\u003d\"979\"\u003e \u003cformatting lang\u003d\"EnglishUnitedStates\"\u003e Balance Due $170.78 \u003c/formatting\u003e  \u003c/line\u003e  \u003c/par\u003e  \u003c/text\u003e  \u003c/block\u003e  \u003cblock b\u003d\"1047\" blockname\u003d\"\" blocktype\u003d\"Text\" l\u003d\"340\" r\u003d\"506\" style\u003d\"transform: translate(302px, 1339px); position: absolute; width: 147.447px; height: 22.1px;\" t\u003d\"1030\"\u003e \u003cregion\u003e \u003crect b\u003d\"1047\" l\u003d\"340\" r\u003d\"506\" t\u003d\"1030\"\u003e\u003c/rect\u003e  \u003c/region\u003e  \u003ctext\u003e \u003cpar align\u003d\"Center\" linespacing\u003d\"720\" rightindent\u003d\"900\"\u003e \u003cline b\u003d\"1044\" baseline\u003d\"1041\" l\u003d\"341\" r\u003d\"503\" style\u003d\"transform: translate(1px, 1px); position: absolute;\" t\u003d\"1031\"\u003e \u003cformatting lang\u003d\"EnglishUnitedStates\"\u003e An invoice footer can go here \u003c/formatting\u003e  \u003c/line\u003e  \u003c/par\u003e  \u003c/text\u003e  \u003c/block\u003e  \u003cblock b\u003d\"889\" blockname\u003d\"\" blocktype\u003d\"SeparatorsBox\" class\u003d\"hidden\" l\u003d\"41\" r\u003d\"807\" style\u003d\"transform: translate(36px, 532px); position: absolute;\" t\u003d\"409\"\u003e \u003cregion\u003e \u003crect b\u003d\"411\" l\u003d\"41\" r\u003d\"807\" t\u003d\"409\"\u003e\u003c/rect\u003e  \u003crect b\u003d\"887\" l\u003d\"41\" r\u003d\"807\" t\u003d\"411\"\u003e\u003c/rect\u003e  \u003crect b\u003d\"888\" l\u003d\"41\" r\u003d\"807\" t\u003d\"887\"\u003e\u003c/rect\u003e  \u003crect b\u003d\"889\" l\u003d\"41\" r\u003d\"807\" t\u003d\"888\"\u003e\u003c/rect\u003e  \u003c/region\u003e  \u003cseparatorsbox\u003e \u003cseparator thickness\u003d\"2\" type\u003d\"Black\"\u003e \u003cstart x\u003d\"41\" y\u003d\"410\"\u003e\u003c/start\u003e \u003cend x\u003d\"807\" y\u003d\"410\"\u003e\u003c/end\u003e \u003c/separator\u003e \u003cseparator thickness\u003d\"1\" type\u003d\"Black\"\u003e \u003cstart x\u003d\"41\" y\u003d\"888\"\u003e\u003c/start\u003e \u003cend x\u003d\"807\" y\u003d\"888\"\u003e\u003c/end\u003e \u003c/separator\u003e \u003cseparator thickness\u003d\"2\" type\u003d\"Black\"\u003e \u003cstart x\u003d\"42\" y\u003d\"409\"\u003e\u003c/start\u003e \u003cend x\u003d\"42\" y\u003d\"887\"\u003e\u003c/end\u003e \u003c/separator\u003e \u003cseparator thickness\u003d\"2\" type\u003d\"Black\"\u003e \u003cstart x\u003d\"806\" y\u003d\"409\"\u003e\u003c/start\u003e \u003cend x\u003d\"806\" y\u003d\"887\"\u003e\u003c/end\u003e \u003c/separator\u003e \u003c/separatorsbox\u003e \u003c/block\u003e  \u003cblock b\u003d\"41\" blockname\u003d\"\" blocktype\u003d\"Separator\" class\u003d\"hidden\" l\u003d\"34\" r\u003d\"232\" style\u003d\"transform: translate(30px, 47px); position: absolute;\" t\u003d\"36\"\u003e \u003cregion\u003e \u003crect b\u003d\"41\" l\u003d\"34\" r\u003d\"232\" t\u003d\"36\"\u003e\u003c/rect\u003e  \u003c/region\u003e  \u003cseparator thickness\u003d\"5\" type\u003d\"Black\"\u003e \u003cstart x\u003d\"34\" y\u003d\"38\"\u003e\u003c/start\u003e \u003cend x\u003d\"232\" y\u003d\"38\"\u003e\u003c/end\u003e \u003c/separator\u003e \u003c/block\u003e  \u003cblock b\u003d\"67\" blockname\u003d\"\" blocktype\u003d\"Separator\" class\u003d\"hidden\" l\u003d\"34\" r\u003d\"232\" style\u003d\"transform: translate(30px, 82px); position: absolute;\" t\u003d\"63\"\u003e \u003cregion\u003e \u003crect b\u003d\"67\" l\u003d\"34\" r\u003d\"232\" t\u003d\"63\"\u003e\u003c/rect\u003e  \u003c/region\u003e  \u003cseparator thickness\u003d\"4\" type\u003d\"Black\"\u003e \u003cstart x\u003d\"34\" y\u003d\"65\"\u003e\u003c/start\u003e \u003cend x\u003d\"232\" y\u003d\"65\"\u003e\u003c/end\u003e \u003c/separator\u003e \u003c/block\u003e  \u003cblock b\u003d\"127\" blockname\u003d\"\" blocktype\u003d\"Separator\" class\u003d\"hidden\" l\u003d\"384\" r\u003d\"444\" style\u003d\"transform: translate(341px, 163px); position: absolute;\" t\u003d\"125\"\u003e \u003cregion\u003e \u003crect b\u003d\"127\" l\u003d\"384\" r\u003d\"444\" t\u003d\"125\"\u003e\u003c/rect\u003e  \u003c/region\u003e  \u003cseparator thickness\u003d\"2\" type\u003d\"Black\"\u003e \u003cstart x\u003d\"384\" y\u003d\"126\"\u003e\u003c/start\u003e \u003cend x\u003d\"444\" y\u003d\"126\"\u003e\u003c/end\u003e \u003c/separator\u003e \u003c/block\u003e  \u003cblock b\u003d\"230\" blockname\u003d\"\" blocktype\u003d\"Separator\" l\u003d\"49\" r\u003d\"361\" style\u003d\"transform: translate(44px, 298px); position: absolute;\" t\u003d\"229\"\u003e \u003cregion\u003e \u003crect b\u003d\"230\" l\u003d\"49\" r\u003d\"361\" t\u003d\"229\"\u003e\u003c/rect\u003e  \u003c/region\u003e  \u003cseparator thickness\u003d\"1\" type\u003d\"Black\"\u003e \u003cstart x\u003d\"49\" y\u003d\"229\"\u003e\u003c/start\u003e \u003cend x\u003d\"361\" y\u003d\"229\"\u003e\u003c/end\u003e \u003c/separator\u003e \u003c/block\u003e  \u003cblock b\u003d\"230\" blockname\u003d\"\" blocktype\u003d\"Separator\" l\u003d\"432\" r\u003d\"767\" style\u003d\"transform: translate(384px, 298px); position: absolute;\" t\u003d\"229\"\u003e \u003cregion\u003e \u003crect b\u003d\"230\" l\u003d\"432\" r\u003d\"767\" t\u003d\"229\"\u003e\u003c/rect\u003e  \u003c/region\u003e  \u003cseparator thickness\u003d\"1\" type\u003d\"Black\"\u003e \u003cstart x\u003d\"432\" y\u003d\"229\"\u003e\u003c/start\u003e \u003cend x\u003d\"767\" y\u003d\"229\"\u003e\u003c/end\u003e \u003c/separator\u003e \u003c/block\u003e  \u003cblock b\u003d\"434\" blockname\u003d\"\" blocktype\u003d\"Separator\" l\u003d\"41\" r\u003d\"807\" style\u003d\"transform: translate(36px, 560px); position: absolute;\" t\u003d\"431\"\u003e \u003cregion\u003e \u003crect b\u003d\"434\" l\u003d\"41\" r\u003d\"807\" t\u003d\"431\"\u003e\u003c/rect\u003e  \u003c/region\u003e  \u003cseparator thickness\u003d\"3\" type\u003d\"Black\"\u003e \u003cstart x\u003d\"41\" y\u003d\"432\"\u003e\u003c/start\u003e \u003cend x\u003d\"807\" y\u003d\"432\"\u003e\u003c/end\u003e \u003c/separator\u003e \u003c/block\u003e  \u003cblock b\u003d\"887\" blockname\u003d\"\" blocktype\u003d\"Separator\" l\u003d\"129\" r\u003d\"130\" style\u003d\"transform: translate(115px, 532px); position: absolute;\" t\u003d\"409\"\u003e \u003cregion\u003e \u003crect b\u003d\"887\" l\u003d\"129\" r\u003d\"130\" t\u003d\"409\"\u003e\u003c/rect\u003e  \u003c/region\u003e  \u003cseparator thickness\u003d\"1\" type\u003d\"Black\"\u003e \u003cstart x\u003d\"129\" y\u003d\"409\"\u003e\u003c/start\u003e \u003cend x\u003d\"129\" y\u003d\"887\"\u003e\u003c/end\u003e \u003c/separator\u003e \u003c/block\u003e  \u003cblock b\u003d\"887\" blockname\u003d\"\" blocktype\u003d\"Separator\" l\u003d\"519\" r\u003d\"520\" style\u003d\"transform: translate(461px, 532px); position: absolute;\" t\u003d\"409\"\u003e \u003cregion\u003e \u003crect b\u003d\"887\" l\u003d\"519\" r\u003d\"520\" t\u003d\"409\"\u003e\u003c/rect\u003e  \u003c/region\u003e  \u003cseparator thickness\u003d\"1\" type\u003d\"Black\"\u003e \u003cstart x\u003d\"519\" y\u003d\"409\"\u003e\u003c/start\u003e \u003cend x\u003d\"519\" y\u003d\"887\"\u003e\u003c/end\u003e \u003c/separator\u003e \u003c/block\u003e  \u003cblock b\u003d\"887\" blockname\u003d\"\" blocktype\u003d\"Separator\" l\u003d\"584\" r\u003d\"585\" style\u003d\"transform: translate(519px, 532px); position: absolute;\" t\u003d\"409\"\u003e \u003cregion\u003e \u003crect b\u003d\"887\" l\u003d\"584\" r\u003d\"585\" t\u003d\"409\"\u003e\u003c/rect\u003e  \u003c/region\u003e  \u003cseparator thickness\u003d\"1\" type\u003d\"Black\"\u003e \u003cstart x\u003d\"584\" y\u003d\"409\"\u003e\u003c/start\u003e \u003cend x\u003d\"584\" y\u003d\"887\"\u003e\u003c/end\u003e \u003c/separator\u003e \u003c/block\u003e  \u003cblock b\u003d\"887\" blockname\u003d\"\" blocktype\u003d\"Separator\" l\u003d\"703\" r\u003d\"704\" style\u003d\"transform: translate(624px, 532px); position: absolute;\" t\u003d\"409\"\u003e \u003cregion\u003e \u003crect b\u003d\"887\" l\u003d\"703\" r\u003d\"704\" t\u003d\"409\"\u003e\u003c/rect\u003e  \u003c/region\u003e  \u003cseparator thickness\u003d\"1\" type\u003d\"Black\"\u003e \u003cstart x\u003d\"703\" y\u003d\"409\"\u003e\u003c/start\u003e \u003cend x\u003d\"703\" y\u003d\"887\"\u003e\u003c/end\u003e \u003c/separator\u003e \u003c/block\u003e  \u003c/page\u003e       \u003c/document\u003e\u003c/body\u003e\u003c/html\u003e","tags":[{"begin":34,"end":45,"text":"Jidie, Inc.","tag":"supplier_name","fieldType":"COMPANY_NAME","score":0.8965378952565173,"estimatedAccuracy":0.0},{"begin":151,"end":168,"text":"jiude@hotmail.com","tag":"email","fieldType":"EMAIL","score":0.7957405981977135,"estimatedAccuracy":0.0},{"begin":540,"end":545,"text":"11033","tag":"invoice_number","fieldType":"TEXT","score":0.6237216125266501,"estimatedAccuracy":0.0},{"begin":816,"end":856,"text":"Test Import Name - Description Goes Here","tag":"product","fieldType":"TEXT","score":0.7556655653622725,"estimatedAccuracy":0.0},{"begin":868,"end":869,"text":"1","tag":"quantity","fieldType":"NUMBER","score":0.909257861121286,"estimatedAccuracy":0.0},{"begin":882,"end":887,"text":"10.00","tag":"price","fieldType":"NUMBER","score":0.7196789769871065,"estimatedAccuracy":0.0},{"begin":935,"end":1053,"text":"Labor - Example labor item. Quantity is number of hours  spert. price is hourly rate. Quantity accepts decimal values.","tag":"product","fieldType":"TEXT","score":0.7790606589349441,"estimatedAccuracy":0.0},{"begin":1065,"end":1068,"text":"1.5","tag":"quantity","fieldType":"NUMBER","score":0.737642217936436,"estimatedAccuracy":0.0},{"begin":1081,"end":1087,"text":"100.00","tag":"price","fieldType":"NUMBER","score":0.7756949060116647,"estimatedAccuracy":0.0},{"begin":1273,"end":1279,"text":"170.78","tag":"total_amount","fieldType":"NUMBER","score":0.6433360701771274,"estimatedAccuracy":0.0}],"group":"email|invoice_number|price|product|quantity|supplier_name|total_amount","limeExplanation":{},"liblinearFeatureImportance":{}}