{"finalScore":0.7173277493128123,"metaInfo":{"model":{"coreVersion":"10.3.0.39"}},"sumScore":4.303966495876874,"tagsCounter":6.0,"taggedText":"\u003chtml\u003e\u003chead\u003e\u003cscript src\u003d\"https://ajax.googleapis.com/ajax/libs/jquery/2.2.0/jquery.min.js\"\u003e\u003c/script\u003e\u003c/head\u003e\u003cbody\u003e\u003cdocument languages\u003d\"\" producer\u003d\"Workfusion\" schemalocation\u003d\"http://ocr.crowdcomputingsystems.com/xml/schema-v1.xml\" version\u003d\"1.0\" xmlns\u003d\"http://ocr.crowdcomputingsystems.com/xml/schema-v1.xml\" xsi\u003d\"http://www.w3.org/2001/XMLSchema-instance\"\u003e \u003clink href\u003d\"https://s3.amazonaws.com/workfusion-resources/ocr/ocr-xml-viewer-0.3-scale-to-width.css\" rel\u003d\"stylesheet\" type\u003d\"text/css\"\u003e\u003c/link\u003e \u003cstyle\u003e\u003c/style\u003e\u003cpage data-pages\u003d\"1\" h\u003d\"600\" resolution\u003d\"72\" style\u003d\"height: 978px;\" w\u003d\"585\"\u003e \u003cblock b\u003d\"72\" blockname\u003d\"\" blocktype\u003d\"Text\" l\u003d\"233\" r\u003d\"345\" style\u003d\"transform: translate(560px, 108px); position: absolute; width: 269.183px; height: 21.6667px;\" t\u003d\"60\"\u003e \u003cregion\u003e \u003crect b\u003d\"72\" l\u003d\"233\" r\u003d\"345\" t\u003d\"60\"\u003e\u003c/rect\u003e  \u003c/region\u003e  \u003ctext\u003e \u003cpar align\u003d\"Center\" linespacing\u003d\"1000\"\u003e \u003cline b\u003d\"70\" baseline\u003d\"70\" l\u003d\"233\" r\u003d\"343\" style\u003d\"transform: translate(0px, 0px); position: absolute;\" t\u003d\"60\"\u003e \u003cformatting lang\u003d\"EnglishUnitedStates\"\u003e RETAIL INVOICE \u003c/formatting\u003e  \u003c/line\u003e  \u003c/par\u003e  \u003c/text\u003e  \u003c/block\u003e  \u003cblock b\u003d\"139\" blockname\u003d\"\" blocktype\u003d\"Text\" l\u003d\"46\" r\u003d\"490\" style\u003d\"transform: translate(111px, 146px); position: absolute; width: 1067.12px; height: 104.722px;\" t\u003d\"81\"\u003e \u003cregion\u003e \u003crect b\u003d\"139\" l\u003d\"46\" r\u003d\"490\" t\u003d\"81\"\u003e\u003c/rect\u003e  \u003c/region\u003e  \u003ctext\u003e \u003cpar leftindent\u003d\"37000\" linespacing\u003d\"600\"\u003e \u003cline b\u003d\"88\" baseline\u003d\"88\" l\u003d\"416\" r\u003d\"463\" style\u003d\"transform: translate(889px, 2px); position: absolute;\" t\u003d\"82\"\u003e \u003cformatting lang\u003d\"EnglishUnitedStates\"\u003e S.NO. 0038 \u003c/formatting\u003e  \u003c/line\u003e  \u003c/par\u003e  \u003cpar align\u003d\"Justified\" leftindent\u003d\"4200\" linespacing\u003d\"600\"\u003e \u003cline b\u003d\"104\" baseline\u003d\"101\" l\u003d\"88\" r\u003d\"488\" style\u003d\"transform: translate(101px, 25px); position: absolute;\" t\u003d\"95\"\u003e \u003cformatting lang\u003d\"EnglishUnitedStates\"\u003e .. ^ t , Date: \u003cinvoice_date appendorder\u003d\"4\" class\u003d\"extraction-tag\" confidence\u003d\"1/1\" data-original-title\u003d\"Invoice date\" data-toggle\u003d\"tooltip\" data-value\u003d\"01-12-2016\" fold-name\u003d\"fold3\" score\u003d\"0.7544861199755751\" style\u003d\"background-color: rgb(17, 18, 43);  color: rgb(255, 255, 255);   border: 2px solid rgb(125, 157, 1); \" tagorder\u003d\"3\"\u003e01-12-2016\u003c/invoice_date\u003e \u003c/formatting\u003e  \u003c/line\u003e  \u003c/par\u003e  \u003cpar linespacing\u003d\"900\"\u003e \u003cline b\u003d\"110\" baseline\u003d\"110\" l\u003d\"47\" r\u003d\"211\" style\u003d\"transform: translate(2px, 36px); position: absolute;\" t\u003d\"101\"\u003e \u003cformatting lang\u003d\"EnglishUnitedStates\"\u003e M/s Indian Convent School \u003c/formatting\u003e  \u003c/line\u003e  \u003c/par\u003e  \u003cpar linespacing\u003d\"1200\" rightindent\u003d\"29100\"\u003e \u003cline b\u003d\"125\" baseline\u003d\"122\" l\u003d\"47\" r\u003d\"240\" style\u003d\"transform: translate(2px, 61px); position: absolute;\" t\u003d\"115\"\u003e \u003cformatting lang\u003d\"EnglishUnitedStates\"\u003e y Pocket-3, Sector-24, Rohim Delhi-110085 \u003c/formatting\u003e  \u003c/line\u003e  \u003cline b\u003d\"137\" baseline\u003d\"134\" l\u003d\"46\" r\u003d\"114\" style\u003d\"transform: translate(0px, 85px); position: absolute;\" t\u003d\"128\"\u003e \u003cformatting lang\u003d\"EnglishUnitedStates\"\u003e \u0026pound; 011-64660271 \u003c/formatting\u003e  \u003c/line\u003e  \u003c/par\u003e  \u003c/text\u003e  \u003c/block\u003e  \u003cregion xmlns\u003d\"http://ocr.crowdcomputingsystems.com/xml/schema-v1.xml\"\u003e \u003crect b\u003d\"368\" l\u003d\"47\" r\u003d\"531\" t\u003d\"166\"\u003e\u003c/rect\u003e  \u003c/region\u003e \u003ctable b\u003d\"368\" blockname\u003d\"\" blocktype\u003d\"Table\" l\u003d\"47\" r\u003d\"531\" style\u003d\"transform: translate(113px, 300px); position: absolute; user-select: auto;\" t\u003d\"166\" xmlns\u003d\"\"\u003e \u003ctbody\u003e\u003ctr\u003e \u003ctd bottomborder\u003d\"White\" h\u003d\"29\" rightborder\u003d\"White\" rowspan\u003d\"2\" topborder\u003d\"White\" w\u003d\"63\"\u003e \u003ctext xmlns\u003d\"http://ocr.crowdcomputingsystems.com/xml/schema-v1.xml\"\u003e \u003cpar align\u003d\"Justified\" leftindent\u003d\"1700\" linespacing\u003d\"800\"\u003e \u003cline b\u003d\"182\" baseline\u003d\"178\" l\u003d\"64\" r\u003d\"108\" t\u003d\"170\"\u003e \u003cformatting lang\u003d\"EnglishUnitedStates\"\u003e S.NO._ \u003c/formatting\u003e  \u003c/line\u003e  \u003c/par\u003e  \u003cpar align\u003d\"Center\" leftindent\u003d\"100\" linespacing\u003d\"700\"\u003e \u003cline b\u003d\"191\" baseline\u003d\"192\" l\u003d\"76\" r\u003d\"80\" t\u003d\"185\"\u003e \u003cformatting lang\u003d\"EnglishUnitedStates\"\u003e 1 \u003c/formatting\u003e  \u003c/line\u003e  \u003c/par\u003e  \u003c/text\u003e  \u003c/td\u003e   \u003ctd bottomborder\u003d\"White\" h\u003d\"16\" leftborder\u003d\"White\" rightborder\u003d\"White\" topborder\u003d\"White\" w\u003d\"174\"\u003e \u003ctext xmlns\u003d\"http://ocr.crowdcomputingsystems.com/xml/schema-v1.xml\"\u003e \u003cpar align\u003d\"Justified\" linespacing\u003d\"800\"\u003e \u003cline b\u003d\"182\" baseline\u003d\"178\" l\u003d\"111\" r\u003d\"283\" t\u003d\"170\"\u003e \u003cformatting lang\u003d\"EnglishUnitedStates\"\u003e _ PARTICULARS _ \u003c/formatting\u003e  \u003c/line\u003e  \u003c/par\u003e  \u003c/text\u003e  \u003c/td\u003e   \u003ctd bottomborder\u003d\"White\" colspan\u003d\"2\" h\u003d\"16\" leftborder\u003d\"White\" topborder\u003d\"White\" w\u003d\"130\"\u003e \u003ctext xmlns\u003d\"http://ocr.crowdcomputingsystems.com/xml/schema-v1.xml\"\u003e \u003cpar align\u003d\"Justified\" leftindent\u003d\"1500\" linespacing\u003d\"800\"\u003e \u003cline b\u003d\"180\" baseline\u003d\"178\" l\u003d\"299\" r\u003d\"389\" t\u003d\"170\"\u003e \u003cformatting lang\u003d\"EnglishUnitedStates\"\u003e QTY RATE \u003c/formatting\u003e  \u003c/line\u003e  \u003c/par\u003e  \u003c/text\u003e  \u003c/td\u003e   \u003ctd h\u003d\"16\" topborder\u003d\"White\" w\u003d\"117\"\u003e \u003ctext xmlns\u003d\"http://ocr.crowdcomputingsystems.com/xml/schema-v1.xml\"\u003e \u003cpar align\u003d\"Right\" linespacing\u003d\"800\" rightindent\u003d\"1700\"\u003e \u003cline b\u003d\"178\" baseline\u003d\"178\" l\u003d\"431\" r\u003d\"513\" t\u003d\"170\"\u003e \u003cformatting lang\u003d\"EnglishUnitedStates\"\u003e AMOUNT IN RS. \u003c/formatting\u003e  \u003c/line\u003e  \u003c/par\u003e  \u003c/text\u003e  \u003c/td\u003e   \u003c/tr\u003e \n \u003ctr\u003e \u003ctd bottomborder\u003d\"White\" h\u003d\"13\" leftborder\u003d\"White\" rightborder\u003d\"White\" topborder\u003d\"White\" w\u003d\"174\"\u003e \u003ctext xmlns\u003d\"http://ocr.crowdcomputingsystems.com/xml/schema-v1.xml\"\u003e \u003cpar align\u003d\"Justified\" leftindent\u003d\"1200\" linespacing\u003d\"600\"\u003e \u003cline b\u003d\"193\" baseline\u003d\"191\" l\u003d\"122\" r\u003d\"163\" t\u003d\"185\"\u003eEnvelops\u003c/line\u003e  \u003c/par\u003e  \u003c/text\u003e  \u003c/td\u003e   \u003ctd bottomborder\u003d\"White\" h\u003d\"13\" leftborder\u003d\"White\" topborder\u003d\"White\" w\u003d\"53\"\u003e \u003ctext xmlns\u003d\"http://ocr.crowdcomputingsystems.com/xml/schema-v1.xml\"\u003e \u003cpar leftindent\u003d\"1100\" linespacing\u003d\"600\"\u003e \u003cline b\u003d\"191\" baseline\u003d\"191\" l\u003d\"295\" r\u003d\"316\" t\u003d\"185\"\u003e\u003cquantity appendorder\u003d\"5\" class\u003d\"extraction-tag\" confidence\u003d\"1/1\" data-original-title\u003d\"construction_type\" data-toggle\u003d\"tooltip\" data-value\u003d\"2000\" fold-name\u003d\"fold2\" injection\u003d\"true\" referencedatausedininjection\u003d\"manual\" score\u003d\"0.7513382056409666\" style\u003d\"background-color: rgb(11, 47, 140);  color: rgb(255, 255, 255);   border: 2px solid rgb(125, 157, 1); \" tagorder\u003d\"990510\"\u003e2000\u003c/quantity\u003e\u003c/line\u003e  \u003c/par\u003e  \u003c/text\u003e  \u003c/td\u003e   \u003ctd bottomborder\u003d\"White\" h\u003d\"13\" w\u003d\"77\"\u003e \u003ctext xmlns\u003d\"http://ocr.crowdcomputingsystems.com/xml/schema-v1.xml\"\u003e \u003cpar leftindent\u003d\"1200\" linespacing\u003d\"600\"\u003e \u003cline b\u003d\"191\" baseline\u003d\"191\" l\u003d\"349\" r\u003d\"366\" t\u003d\"185\"\u003e\u003cprice appendorder\u003d\"5\" class\u003d\"extraction-tag\" confidence\u003d\"1/1\" data-original-title\u003d\"construction_type\" data-toggle\u003d\"tooltip\" data-value\u003d\"1.70\" fold-name\u003d\"fold4\" injection\u003d\"true\" referencedatausedininjection\u003d\"manual\" score\u003d\"0.5128660009100012\" style\u003d\"background-color: rgb(140, 250, 187);  color: rgb(0, 0, 0);   border: 2px solid rgb(125, 157, 1); \" tagorder\u003d\"4446878\"\u003e1.70\u003c/price\u003e\u003c/line\u003e  \u003c/par\u003e  \u003c/text\u003e  \u003c/td\u003e   \u003ctd bottomborder\u003d\"White\" h\u003d\"13\" w\u003d\"117\"\u003e \u003ctext xmlns\u003d\"http://ocr.crowdcomputingsystems.com/xml/schema-v1.xml\"\u003e \u003cpar align\u003d\"Right\" linespacing\u003d\"600\" rightindent\u003d\"1700\"\u003e \u003cline b\u003d\"191\" baseline\u003d\"191\" l\u003d\"495\" r\u003d\"514\" t\u003d\"185\"\u003e \u003cformatting lang\u003d\"EnglishUnitedStates\"\u003e 3400 \u003c/formatting\u003e  \u003c/line\u003e  \u003c/par\u003e  \u003c/text\u003e  \u003c/td\u003e   \u003c/tr\u003e \n \u003ctr\u003e \u003ctd h\u003d\"12\" rightborder\u003d\"White\" topborder\u003d\"White\" w\u003d\"63\"\u003e \u003ctext xmlns\u003d\"http://ocr.crowdcomputingsystems.com/xml/schema-v1.xml\"\u003e \u003cpar align\u003d\"Center\" leftindent\u003d\"100\" linespacing\u003d\"600\"\u003e \u003cline b\u003d\"204\" baseline\u003d\"204\" l\u003d\"75\" r\u003d\"80\" t\u003d\"198\"\u003e \u003cformatting lang\u003d\"EnglishUnitedStates\"\u003e 2 \u003c/formatting\u003e  \u003c/line\u003e  \u003c/par\u003e  \u003cpar leftindent\u003d\"2500\" linespacing\u003d\"400\"\u003e \u003cline b\u003d\"207\" baseline\u003d\"210\" l\u003d\"72\" r\u003d\"76\" t\u003d\"206\"\u003e \u003cformatting lang\u003d\"EnglishUnitedStates\"\u003e ■1 \u003c/formatting\u003e  \u003c/line\u003e  \u003c/par\u003e  \u003c/text\u003e  \u003c/td\u003e   \u003ctd h\u003d\"12\" leftborder\u003d\"White\" rightborder\u003d\"White\" topborder\u003d\"White\" w\u003d\"174\"\u003e \u003ctext xmlns\u003d\"http://ocr.crowdcomputingsystems.com/xml/schema-v1.xml\"\u003e \u003cpar align\u003d\"Justified\" leftindent\u003d\"1200\" linespacing\u003d\"600\"\u003e \u003cline b\u003d\"204\" baseline\u003d\"204\" l\u003d\"121\" r\u003d\"185\" t\u003d\"198\"\u003e\u003cproduct appendorder\u003d\"5\" class\u003d\"extraction-tag\" confidence\u003d\"1/1\" data-original-title\u003d\"construction_type\" data-toggle\u003d\"tooltip\" data-value\u003d\"Voucher Book\" fold-name\u003d\"fold1\" injection\u003d\"true\" referencedatausedininjection\u003d\"manual\" score\u003d\"0.6555759563869538\" style\u003d\"background-color: rgb(78, 135, 105);  color: rgb(0, 0, 0);   border: 2px solid rgb(125, 157, 1); \" tagorder\u003d\"9208339\"\u003eVoucher Book\u003c/product\u003e\u003c/line\u003e  \u003c/par\u003e  \u003c/text\u003e  \u003c/td\u003e   \u003ctd h\u003d\"12\" leftborder\u003d\"White\" topborder\u003d\"White\" w\u003d\"53\"\u003e \u003ctext xmlns\u003d\"http://ocr.crowdcomputingsystems.com/xml/schema-v1.xml\"\u003e \u003cpar leftindent\u003d\"1100\" linespacing\u003d\"600\"\u003e \u003cline b\u003d\"204\" baseline\u003d\"204\" l\u003d\"296\" r\u003d\"305\" t\u003d\"198\"\u003e\u003cquantity appendorder\u003d\"5\" class\u003d\"extraction-tag\" confidence\u003d\"1/1\" data-original-title\u003d\"construction_type\" data-toggle\u003d\"tooltip\" data-value\u003d\"50\" fold-name\u003d\"fold2\" injection\u003d\"true\" referencedatausedininjection\u003d\"manual\" score\u003d\"0.8612086040465654\" style\u003d\"background-color: rgb(11, 47, 140);  color: rgb(255, 255, 255);   border: 2px solid rgb(125, 157, 1); \" tagorder\u003d\"9505092\"\u003e50\u003c/quantity\u003e\u003c/line\u003e  \u003c/par\u003e  \u003c/text\u003e  \u003c/td\u003e   \u003ctd h\u003d\"12\" topborder\u003d\"White\" w\u003d\"77\"\u003e \u003ctext xmlns\u003d\"http://ocr.crowdcomputingsystems.com/xml/schema-v1.xml\"\u003e \u003cpar leftindent\u003d\"1200\" linespacing\u003d\"600\"\u003e \u003cline b\u003d\"204\" baseline\u003d\"204\" l\u003d\"348\" r\u003d\"359\" t\u003d\"198\"\u003e41\u003c/line\u003e  \u003c/par\u003e  \u003c/text\u003e  \u003c/td\u003e   \u003ctd h\u003d\"12\" topborder\u003d\"White\" w\u003d\"117\"\u003e \u003ctext xmlns\u003d\"http://ocr.crowdcomputingsystems.com/xml/schema-v1.xml\"\u003e \u003cpar align\u003d\"Right\" linespacing\u003d\"600\" rightindent\u003d\"1700\"\u003e \u003cline b\u003d\"204\" baseline\u003d\"204\" l\u003d\"495\" r\u003d\"514\" t\u003d\"198\"\u003e \u003cformatting lang\u003d\"EnglishUnitedStates\"\u003e 2050 \u003c/formatting\u003e  \u003c/line\u003e  \u003c/par\u003e  \u003c/text\u003e  \u003c/td\u003e   \u003c/tr\u003e \n \u003ctr\u003e \u003ctd h\u003d\"24\" rightborder\u003d\"White\" w\u003d\"63\"\u003e \u003ctext xmlns\u003d\"http://ocr.crowdcomputingsystems.com/xml/schema-v1.xml\"\u003e \u003cpar align\u003d\"Center\" leftindent\u003d\"100\" linespacing\u003d\"600\"\u003e \u003cline b\u003d\"222\" baseline\u003d\"222\" l\u003d\"75\" r\u003d\"80\" t\u003d\"216\"\u003e \u003cformatting lang\u003d\"EnglishUnitedStates\"\u003e 3 \u003c/formatting\u003e  \u003c/line\u003e  \u003c/par\u003e  \u003cpar linespacing\u003d\"400\"\u003e \u003cline b\u003d\"231\" baseline\u003d\"234\" l\u003d\"48\" r\u003d\"109\" t\u003d\"230\"\u003e \u003cformatting lang\u003d\"EnglishUnitedStates\"\u003e \u0026mdash; \u003c/formatting\u003e  \u003c/line\u003e  \u003c/par\u003e  \u003c/text\u003e  \u003c/td\u003e   \u003ctd h\u003d\"24\" leftborder\u003d\"White\" rightborder\u003d\"White\" w\u003d\"174\"\u003e \u003ctext xmlns\u003d\"http://ocr.crowdcomputingsystems.com/xml/schema-v1.xml\"\u003e \u003cpar align\u003d\"Justified\" leftindent\u003d\"1200\" linespacing\u003d\"1200\" rightindent\u003d\"900\"\u003e \u003cline b\u003d\"218\" baseline\u003d\"216\" l\u003d\"122\" r\u003d\"275\" t\u003d\"210\"\u003eAnswer Booklet ( A4.2 Page Both\u003c/line\u003e  \u003cline b\u003d\"231\" baseline\u003d\"228\" l\u003d\"122\" r\u003d\"147\" t\u003d\"222\"\u003eSide)\u003c/line\u003e  \u003c/par\u003e  \u003c/text\u003e  \u003c/td\u003e   \u003ctd h\u003d\"24\" leftborder\u003d\"White\" w\u003d\"53\"\u003e \u003ctext xmlns\u003d\"http://ocr.crowdcomputingsystems.com/xml/schema-v1.xml\"\u003e \u003cpar leftindent\u003d\"1100\" linespacing\u003d\"600\"\u003e \u003cline b\u003d\"222\" baseline\u003d\"222\" l\u003d\"295\" r\u003d\"316\" t\u003d\"216\"\u003e\u003cquantity appendorder\u003d\"5\" class\u003d\"extraction-tag\" confidence\u003d\"1/1\" data-original-title\u003d\"construction_type\" data-toggle\u003d\"tooltip\" data-value\u003d\"2632\" fold-name\u003d\"fold2\" injection\u003d\"true\" referencedatausedininjection\u003d\"manual\" score\u003d\"0.7684916089168109\" style\u003d\"background-color: rgb(11, 47, 140);  color: rgb(255, 255, 255);   border: 2px solid rgb(125, 157, 1); \" tagorder\u003d\"6377587\"\u003e2632\u003c/quantity\u003e\u003c/line\u003e  \u003c/par\u003e  \u003c/text\u003e  \u003c/td\u003e   \u003ctd h\u003d\"24\" w\u003d\"77\"\u003e \u003ctext xmlns\u003d\"http://ocr.crowdcomputingsystems.com/xml/schema-v1.xml\"\u003e \u003cpar leftindent\u003d\"1200\" linespacing\u003d\"600\"\u003e \u003cline b\u003d\"222\" baseline\u003d\"222\" l\u003d\"349\" r\u003d\"366\" t\u003d\"216\"\u003e130\u003c/line\u003e  \u003c/par\u003e  \u003c/text\u003e  \u003c/td\u003e   \u003ctd h\u003d\"24\" w\u003d\"117\"\u003e \u003ctext xmlns\u003d\"http://ocr.crowdcomputingsystems.com/xml/schema-v1.xml\"\u003e \u003cpar align\u003d\"Right\" linespacing\u003d\"600\" rightindent\u003d\"1700\"\u003e \u003cline b\u003d\"222\" baseline\u003d\"222\" l\u003d\"487\" r\u003d\"514\" t\u003d\"216\"\u003e \u003cformatting lang\u003d\"EnglishUnitedStates\"\u003e 3421.6 \u003c/formatting\u003e  \u003c/line\u003e  \u003c/par\u003e  \u003c/text\u003e  \u003c/td\u003e   \u003c/tr\u003e \n \u003ctr\u003e \u003ctd h\u003d\"13\" rightborder\u003d\"White\" topborder\u003d\"White\" w\u003d\"63\"\u003e \u003ctext xmlns\u003d\"http://ocr.crowdcomputingsystems.com/xml/schema-v1.xml\"\u003e \u003cpar linespacing\u003d\"200\"\u003e \u003cline b\u003d\"256\" baseline\u003d\"257\" l\u003d\"48\" r\u003d\"109\" t\u003d\"255\"\u003e \u003cformatting lang\u003d\"EnglishUnitedStates\"\u003e \u0026mdash; \u003c/formatting\u003e  \u003c/line\u003e  \u003c/par\u003e  \u003c/text\u003e  \u003c/td\u003e   \u003ctd h\u003d\"13\" leftborder\u003d\"White\" rightborder\u003d\"White\" topborder\u003d\"White\" w\u003d\"174\"\u003e \u003ctext xmlns\u003d\"http://ocr.crowdcomputingsystems.com/xml/schema-v1.xml\"\u003e \u003cpar linespacing\u003d\"-1\"\u003e\u003c/par\u003e  \u003c/text\u003e  \u003c/td\u003e   \u003ctd h\u003d\"13\" leftborder\u003d\"White\" topborder\u003d\"White\" w\u003d\"53\"\u003e \u003ctext xmlns\u003d\"http://ocr.crowdcomputingsystems.com/xml/schema-v1.xml\"\u003e \u003cpar leftindent\u003d\"1100\" linespacing\u003d\"-1\"\u003e\u003c/par\u003e  \u003c/text\u003e  \u003c/td\u003e   \u003ctd h\u003d\"13\" topborder\u003d\"White\" w\u003d\"77\"\u003e \u003ctext xmlns\u003d\"http://ocr.crowdcomputingsystems.com/xml/schema-v1.xml\"\u003e \u003cpar leftindent\u003d\"1200\" linespacing\u003d\"-1\"\u003e\u003c/par\u003e  \u003c/text\u003e  \u003c/td\u003e   \u003ctd h\u003d\"13\" topborder\u003d\"White\" w\u003d\"117\"\u003e \u003ctext xmlns\u003d\"http://ocr.crowdcomputingsystems.com/xml/schema-v1.xml\"\u003e \u003cpar leftindent\u003d\"1700\" linespacing\u003d\"-1\"\u003e\u003c/par\u003e  \u003c/text\u003e  \u003c/td\u003e   \u003c/tr\u003e \n \u003ctr\u003e \u003ctd bottomborder\u003d\"White\" h\u003d\"12\" rightborder\u003d\"White\" w\u003d\"63\"\u003e \u003ctext xmlns\u003d\"http://ocr.crowdcomputingsystems.com/xml/schema-v1.xml\"\u003e \u003cpar linespacing\u003d\"-1\"\u003e\u003c/par\u003e  \u003c/text\u003e  \u003c/td\u003e   \u003ctd bottomborder\u003d\"White\" h\u003d\"12\" leftborder\u003d\"White\" rightborder\u003d\"White\" w\u003d\"174\"\u003e \u003ctext xmlns\u003d\"http://ocr.crowdcomputingsystems.com/xml/schema-v1.xml\"\u003e \u003cpar align\u003d\"Right\" linespacing\u003d\"300\"\u003e \u003cline b\u003d\"262\" baseline\u003d\"260\" l\u003d\"282\" r\u003d\"283\" t\u003d\"257\"\u003e \u003cformatting lang\u003d\"EnglishUnitedStates\"\u003e ǀ \u003c/formatting\u003e  \u003c/line\u003e  \u003c/par\u003e  \u003c/text\u003e  \u003c/td\u003e   \u003ctd bottomborder\u003d\"White\" h\u003d\"12\" leftborder\u003d\"White\" w\u003d\"53\"\u003e \u003ctext xmlns\u003d\"http://ocr.crowdcomputingsystems.com/xml/schema-v1.xml\"\u003e \u003cpar leftindent\u003d\"1100\" linespacing\u003d\"-1\"\u003e\u003c/par\u003e  \u003c/text\u003e  \u003c/td\u003e   \u003ctd bottomborder\u003d\"White\" h\u003d\"12\" w\u003d\"77\"\u003e \u003ctext xmlns\u003d\"http://ocr.crowdcomputingsystems.com/xml/schema-v1.xml\"\u003e \u003cpar leftindent\u003d\"1200\" linespacing\u003d\"-1\"\u003e\u003c/par\u003e  \u003c/text\u003e  \u003c/td\u003e   \u003ctd bottomborder\u003d\"White\" h\u003d\"12\" w\u003d\"117\"\u003e \u003ctext xmlns\u003d\"http://ocr.crowdcomputingsystems.com/xml/schema-v1.xml\"\u003e \u003cpar leftindent\u003d\"1700\" linespacing\u003d\"-1\"\u003e\u003c/par\u003e  \u003c/text\u003e  \u003c/td\u003e   \u003c/tr\u003e \n \u003ctr\u003e \u003ctd colspan\u003d\"4\" h\u003d\"22\" w\u003d\"367\"\u003e \u003ctext xmlns\u003d\"http://ocr.crowdcomputingsystems.com/xml/schema-v1.xml\"\u003e \u003cpar align\u003d\"Right\" linespacing\u003d\"600\" rightindent\u003d\"1800\"\u003e \u003cline b\u003d\"297\" baseline\u003d\"295\" l\u003d\"214\" r\u003d\"396\" t\u003d\"289\"\u003e \u003cformatting lang\u003d\"EnglishUnitedStates\"\u003e Total Sale Value Before Adding VAT/CST \u003c/formatting\u003e  \u003c/line\u003e  \u003c/par\u003e  \u003c/text\u003e  \u003c/td\u003e   \u003ctd h\u003d\"22\" w\u003d\"117\"\u003e \u003ctext xmlns\u003d\"http://ocr.crowdcomputingsystems.com/xml/schema-v1.xml\"\u003e \u003cpar align\u003d\"Right\" linespacing\u003d\"600\" rightindent\u003d\"1700\"\u003e \u003cline b\u003d\"295\" baseline\u003d\"295\" l\u003d\"486\" r\u003d\"514\" t\u003d\"289\"\u003e \u003cformatting lang\u003d\"EnglishUnitedStates\"\u003e 8871.6 \u003c/formatting\u003e  \u003c/line\u003e  \u003c/par\u003e  \u003c/text\u003e  \u003c/td\u003e   \u003c/tr\u003e \n \u003ctr\u003e \u003ctd colspan\u003d\"4\" h\u003d\"21\" w\u003d\"367\"\u003e \u003ctext xmlns\u003d\"http://ocr.crowdcomputingsystems.com/xml/schema-v1.xml\"\u003e \u003cpar align\u003d\"Right\" linespacing\u003d\"600\" rightindent\u003d\"1800\"\u003e \u003cline b\u003d\"318\" baseline\u003d\"316\" l\u003d\"316\" r\u003d\"396\" t\u003d\"310\"\u003e \u003cformatting lang\u003d\"EnglishUnitedStates\"\u003e Adding VAT 5% \u003c/formatting\u003e  \u003c/line\u003e  \u003c/par\u003e  \u003c/text\u003e  \u003c/td\u003e   \u003ctd h\u003d\"21\" w\u003d\"117\"\u003e \u003ctext xmlns\u003d\"http://ocr.crowdcomputingsystems.com/xml/schema-v1.xml\"\u003e \u003cpar align\u003d\"Right\" linespacing\u003d\"400\" rightindent\u003d\"1700\"\u003e \u003cline b\u003d\"316\" baseline\u003d\"314\" l\u003d\"499\" r\u003d\"514\" t\u003d\"310\"\u003e \u003cformatting lang\u003d\"EnglishUnitedStates\"\u003e 444 \u003c/formatting\u003e  \u003c/line\u003e  \u003c/par\u003e  \u003c/text\u003e  \u003c/td\u003e   \u003c/tr\u003e \n \u003ctr\u003e \u003ctd colspan\u003d\"4\" h\u003d\"21\" w\u003d\"367\"\u003e \u003ctext xmlns\u003d\"http://ocr.crowdcomputingsystems.com/xml/schema-v1.xml\"\u003e \u003cpar align\u003d\"Right\" linespacing\u003d\"600\" rightindent\u003d\"1800\"\u003e \u003cline b\u003d\"338\" baseline\u003d\"338\" l\u003d\"282\" r\u003d\"395\" t\u003d\"332\"\u003e \u003cformatting lang\u003d\"EnglishUnitedStates\"\u003e Total Sale Price Wilh VAT \u003c/formatting\u003e  \u003c/line\u003e  \u003c/par\u003e  \u003c/text\u003e  \u003c/td\u003e   \u003ctd h\u003d\"21\" w\u003d\"117\"\u003e \u003ctext xmlns\u003d\"http://ocr.crowdcomputingsystems.com/xml/schema-v1.xml\"\u003e \u003cpar align\u003d\"Right\" linespacing\u003d\"600\" rightindent\u003d\"1700\"\u003e \u003cline b\u003d\"338\" baseline\u003d\"338\" l\u003d\"494\" r\u003d\"514\" t\u003d\"332\"\u003e \u003cformatting lang\u003d\"EnglishUnitedStates\"\u003e 9315 \u003c/formatting\u003e  \u003c/line\u003e  \u003c/par\u003e  \u003c/text\u003e  \u003c/td\u003e   \u003c/tr\u003e \n \u003ctr\u003e \u003ctd colspan\u003d\"5\" h\u003d\"23\" w\u003d\"484\"\u003e \u003ctext xmlns\u003d\"http://ocr.crowdcomputingsystems.com/xml/schema-v1.xml\"\u003e \u003cpar leftindent\u003d\"1800\" linespacing\u003d\"600\"\u003e \u003cline b\u003d\"361\" baseline\u003d\"359\" l\u003d\"65\" r\u003d\"383\" t\u003d\"353\"\u003e \u003cformatting lang\u003d\"EnglishUnitedStates\"\u003e AMOUNT IN WORDS : Nine Thousand Three Hundred And Fifteen Only \u003c/formatting\u003e  \u003c/line\u003e  \u003c/par\u003e  \u003c/text\u003e  \u003c/td\u003e   \u003c/tr\u003e \n \u003c/tbody\u003e\u003c/table\u003e\n \u003cblock b\u003d\"384\" blockname\u003d\"\" blocktype\u003d\"Text\" l\u003d\"345\" r\u003d\"523\" style\u003d\"transform: translate(829px, 675px); position: absolute; width: 427.809px; height: 18.0556px;\" t\u003d\"374\"\u003e \u003cregion\u003e \u003crect b\u003d\"384\" l\u003d\"345\" r\u003d\"523\" t\u003d\"374\"\u003e\u003c/rect\u003e  \u003c/region\u003e  \u003ctext\u003e \u003cpar align\u003d\"Right\" linespacing\u003d\"800\" rightindent\u003d\"1000\"\u003e \u003cline b\u003d\"382\" baseline\u003d\"382\" l\u003d\"345\" r\u003d\"521\" style\u003d\"transform: translate(0px, 0px); position: absolute;\" t\u003d\"374\"\u003e \u003cformatting lang\u003d\"EnglishUnitedStates\"\u003e For PRINT FUTURE ADVERTISING \u003c/formatting\u003e  \u003c/line\u003e  \u003c/par\u003e  \u003c/text\u003e  \u003c/block\u003e  \u003cblock b\u003d\"427\" blockname\u003d\"\" blocktype\u003d\"Text\" l\u003d\"444\" r\u003d\"523\" style\u003d\"transform: translate(1067px, 753px); position: absolute; width: 189.87px; height: 18.0556px;\" t\u003d\"417\"\u003e \u003cregion\u003e \u003crect b\u003d\"427\" l\u003d\"444\" r\u003d\"523\" t\u003d\"417\"\u003e\u003c/rect\u003e  \u003c/region\u003e  \u003ctext\u003e \u003cpar align\u003d\"Right\" linespacing\u003d\"600\" rightindent\u003d\"1000\"\u003e \u003cline b\u003d\"425\" baseline\u003d\"423\" l\u003d\"444\" r\u003d\"521\" style\u003d\"transform: translate(0px, 0px); position: absolute;\" t\u003d\"417\"\u003e \u003cformatting lang\u003d\"EnglishUnitedStates\"\u003e Auticrised Signatory \u003c/formatting\u003e  \u003c/line\u003e  \u003c/par\u003e  \u003c/text\u003e  \u003c/block\u003e  \u003cblock b\u003d\"542\" blockname\u003d\"\" blocktype\u003d\"Text\" l\u003d\"55\" r\u003d\"444\" style\u003d\"transform: translate(132px, 803px); position: absolute; width: 934.93px; height: 175.139px;\" t\u003d\"445\"\u003e \u003cregion\u003e \u003crect b\u003d\"542\" l\u003d\"55\" r\u003d\"444\" t\u003d\"445\"\u003e\u003c/rect\u003e  \u003c/region\u003e  \u003ctext\u003e \u003cpar leftindent\u003d\"1800\" linespacing\u003d\"600\" startindent\u003d\"-800\"\u003e \u003cline b\u003d\"451\" baseline\u003d\"451\" l\u003d\"56\" r\u003d\"144\" style\u003d\"transform: translate(2px, 0px); position: absolute;\" t\u003d\"445\"\u003e \u003cformatting lang\u003d\"EnglishUnitedStates\"\u003e TERMS \u0026pound; CONDITIONS \u003c/formatting\u003e  \u003c/line\u003e  \u003c/par\u003e  \u003cpar leftindent\u003d\"1800\" linespacing\u003d\"1100\" startindent\u003d\"-800\"\u003e \u003cline b\u003d\"469\" baseline\u003d\"467\" l\u003d\"56\" r\u003d\"392\" style\u003d\"transform: translate(2px, 29px); position: absolute;\" t\u003d\"461\"\u003e \u003cformatting lang\u003d\"EnglishUnitedStates\"\u003e 1 Pa\u0026gt;rrierf. to be made in advance Cash\u0026rsquo;Cheqje m lavcwr erf M/S Print Future Advertising \u003c/formatting\u003e  \u003c/line\u003e  \u003c/par\u003e  \u003cpar leftindent\u003d\"1800\" linespacing\u003d\"1100\" startindent\u003d\"-800\"\u003e \u003cline b\u003d\"481\" baseline\u003d\"479\" l\u003d\"56\" r\u003d\"179\" style\u003d\"transform: translate(2px, 51px); position: absolute;\" t\u003d\"473\"\u003e \u003cformatting lang\u003d\"EnglishUnitedStates\"\u003e 2. Payment wl not be gwn bade \u003c/formatting\u003e  \u003c/line\u003e  \u003c/par\u003e  \u003cpar leftindent\u003d\"1800\" linespacing\u003d\"1100\" startindent\u003d\"-800\"\u003e \u003cline b\u003d\"493\" baseline\u003d\"491\" l\u003d\"56\" r\u003d\"313\" style\u003d\"transform: translate(2px, 72px); position: absolute;\" t\u003d\"485\"\u003e \u003cformatting lang\u003d\"EnglishUnitedStates\"\u003e 3. Alter ctiartorrj Vr? rroaf sve ate notliaUe tor msidee in the material \u003c/formatting\u003e  \u003c/line\u003e  \u003c/par\u003e  \u003cpar leftindent\u003d\"1800\" linespacing\u003d\"1100\" startindent\u003d\"-800\"\u003e \u003cline b\u003d\"505\" baseline\u003d\"503\" l\u003d\"56\" r\u003d\"442\" style\u003d\"transform: translate(2px, 94px); position: absolute;\" t\u003d\"497\"\u003e \u003cformatting lang\u003d\"EnglishUnitedStates\"\u003e 4. Payment Doe Date 0112-2016 Interest per armni ml be ctiarged if till is rwt paidori Doe Date \u003c/formatting\u003e  \u003c/line\u003e  \u003c/par\u003e  \u003cpar leftindent\u003d\"1800\" linespacing\u003d\"1100\" rightindent\u003d\"8900\" startindent\u003d\"-800\"\u003e \u003cline b\u003d\"516\" baseline\u003d\"515\" l\u003d\"56\" r\u003d\"421\" style\u003d\"transform: translate(2px, 116px); position: absolute;\" t\u003d\"509\"\u003e \u003cformatting lang\u003d\"EnglishUnitedStates\"\u003e 5. BANKER C*\u0026raquo;errtal Bark of Cormuyce . A/C No. . 52081131032401 . *S CODE ORBCQ105338 \u003c/formatting\u003e  \u003c/line\u003e  \u003cline b\u003d\"527\" baseline\u003d\"526\" l\u003d\"64\" r\u003d\"220\" style\u003d\"transform: translate(22px, 135px); position: absolute;\" t\u003d\"520\"\u003e \u003cformatting lang\u003d\"EnglishUnitedStates\"\u003e Address Sector 3 . Ratin, Dehi-110085 \u003c/formatting\u003e  \u003c/line\u003e  \u003c/par\u003e  \u003cpar leftindent\u003d\"1800\" linespacing\u003d\"1100\" startindent\u003d\"-800\"\u003e \u003cline b\u003d\"540\" baseline\u003d\"538\" l\u003d\"56\" r\u003d\"223\" style\u003d\"transform: translate(2px, 157px); position: absolute;\" t\u003d\"532\"\u003e \u003cformatting lang\u003d\"EnglishUnitedStates\"\u003e S.Aitdspjtcs are sOaject to Deltt Jirisdcton \u003c/formatting\u003e  \u003c/line\u003e  \u003c/par\u003e  \u003c/text\u003e  \u003c/block\u003e  \u003cblock b\u003d\"74\" blockname\u003d\"\" blocktype\u003d\"Separator\" l\u003d\"234\" r\u003d\"345\" style\u003d\"transform: translate(562px, 130px); position: absolute;\" t\u003d\"72\"\u003e \u003cregion\u003e \u003crect b\u003d\"74\" l\u003d\"234\" r\u003d\"345\" t\u003d\"72\"\u003e\u003c/rect\u003e  \u003c/region\u003e  \u003cseparator thickness\u003d\"2\" type\u003d\"Black\"\u003e \u003cstart x\u003d\"234\" y\u003d\"73\"\u003e\u003c/start\u003e \u003cend x\u003d\"345\" y\u003d\"73\"\u003e\u003c/end\u003e \u003c/separator\u003e \u003c/block\u003e  \u003cblock b\u003d\"184\" blockname\u003d\"\" blocktype\u003d\"Separator\" l\u003d\"336\" r\u003d\"531\" style\u003d\"transform: translate(808px, 327px); position: absolute;\" t\u003d\"181\"\u003e \u003cregion\u003e \u003crect b\u003d\"182\" l\u003d\"529\" r\u003d\"531\" t\u003d\"181\"\u003e\u003c/rect\u003e  \u003crect b\u003d\"183\" l\u003d\"336\" r\u003d\"531\" t\u003d\"182\"\u003e\u003c/rect\u003e  \u003crect b\u003d\"184\" l\u003d\"336\" r\u003d\"529\" t\u003d\"183\"\u003e\u003c/rect\u003e  \u003c/region\u003e  \u003cseparator thickness\u003d\"2\" type\u003d\"Black\"\u003e \u003cstart x\u003d\"336\" y\u003d\"182\"\u003e\u003c/start\u003e \u003cend x\u003d\"531\" y\u003d\"182\"\u003e\u003c/end\u003e \u003c/separator\u003e \u003c/block\u003e  \u003cblock b\u003d\"208\" blockname\u003d\"\" blocktype\u003d\"Separator\" class\u003d\"hidden\" l\u003d\"47\" r\u003d\"531\" style\u003d\"transform: translate(113px, 372px); position: absolute;\" t\u003d\"206\"\u003e \u003cregion\u003e \u003crect b\u003d\"208\" l\u003d\"47\" r\u003d\"531\" t\u003d\"206\"\u003e\u003c/rect\u003e  \u003c/region\u003e  \u003cseparator thickness\u003d\"2\" type\u003d\"Black\"\u003e \u003cstart x\u003d\"47\" y\u003d\"207\"\u003e\u003c/start\u003e \u003cend x\u003d\"531\" y\u003d\"207\"\u003e\u003c/end\u003e \u003c/separator\u003e \u003c/block\u003e  \u003cblock b\u003d\"232\" blockname\u003d\"\" blocktype\u003d\"Separator\" class\u003d\"hidden\" l\u003d\"47\" r\u003d\"531\" style\u003d\"transform: translate(113px, 415px); position: absolute;\" t\u003d\"230\"\u003e \u003cregion\u003e \u003crect b\u003d\"232\" l\u003d\"47\" r\u003d\"531\" t\u003d\"230\"\u003e\u003c/rect\u003e  \u003c/region\u003e  \u003cseparator thickness\u003d\"2\" type\u003d\"Black\"\u003e \u003cstart x\u003d\"47\" y\u003d\"231\"\u003e\u003c/start\u003e \u003cend x\u003d\"531\" y\u003d\"231\"\u003e\u003c/end\u003e \u003c/separator\u003e \u003c/block\u003e  \u003cblock b\u003d\"258\" blockname\u003d\"\" blocktype\u003d\"Separator\" class\u003d\"hidden\" l\u003d\"47\" r\u003d\"531\" style\u003d\"transform: translate(113px, 462px); position: absolute;\" t\u003d\"256\"\u003e \u003cregion\u003e \u003crect b\u003d\"258\" l\u003d\"47\" r\u003d\"531\" t\u003d\"256\"\u003e\u003c/rect\u003e  \u003c/region\u003e  \u003cseparator thickness\u003d\"2\" type\u003d\"Black\"\u003e \u003cstart x\u003d\"47\" y\u003d\"257\"\u003e\u003c/start\u003e \u003cend x\u003d\"531\" y\u003d\"257\"\u003e\u003c/end\u003e \u003c/separator\u003e \u003c/block\u003e  \u003cblock b\u003d\"283\" blockname\u003d\"\" blocktype\u003d\"Separator\" l\u003d\"47\" r\u003d\"531\" style\u003d\"transform: translate(113px, 506px); position: absolute;\" t\u003d\"280\"\u003e \u003cregion\u003e \u003crect b\u003d\"283\" l\u003d\"47\" r\u003d\"531\" t\u003d\"280\"\u003e\u003c/rect\u003e  \u003c/region\u003e  \u003cseparator thickness\u003d\"3\" type\u003d\"Black\"\u003e \u003cstart x\u003d\"47\" y\u003d\"281\"\u003e\u003c/start\u003e \u003cend x\u003d\"531\" y\u003d\"281\"\u003e\u003c/end\u003e \u003c/separator\u003e \u003c/block\u003e  \u003cblock b\u003d\"304\" blockname\u003d\"\" blocktype\u003d\"Separator\" l\u003d\"47\" r\u003d\"531\" style\u003d\"transform: translate(113px, 545px); position: absolute;\" t\u003d\"302\"\u003e \u003cregion\u003e \u003crect b\u003d\"304\" l\u003d\"47\" r\u003d\"531\" t\u003d\"302\"\u003e\u003c/rect\u003e  \u003c/region\u003e  \u003cseparator thickness\u003d\"2\" type\u003d\"Black\"\u003e \u003cstart x\u003d\"47\" y\u003d\"303\"\u003e\u003c/start\u003e \u003cend x\u003d\"531\" y\u003d\"303\"\u003e\u003c/end\u003e \u003c/separator\u003e \u003c/block\u003e  \u003cblock b\u003d\"325\" blockname\u003d\"\" blocktype\u003d\"Separator\" l\u003d\"47\" r\u003d\"531\" style\u003d\"transform: translate(113px, 585px); position: absolute;\" t\u003d\"324\"\u003e \u003cregion\u003e \u003crect b\u003d\"325\" l\u003d\"47\" r\u003d\"531\" t\u003d\"324\"\u003e\u003c/rect\u003e  \u003c/region\u003e  \u003cseparator thickness\u003d\"1\" type\u003d\"Black\"\u003e \u003cstart x\u003d\"47\" y\u003d\"324\"\u003e\u003c/start\u003e \u003cend x\u003d\"531\" y\u003d\"324\"\u003e\u003c/end\u003e \u003c/separator\u003e \u003c/block\u003e  \u003cblock b\u003d\"347\" blockname\u003d\"\" blocktype\u003d\"Separator\" l\u003d\"47\" r\u003d\"282\" style\u003d\"transform: translate(113px, 623px); position: absolute;\" t\u003d\"345\"\u003e \u003cregion\u003e \u003crect b\u003d\"347\" l\u003d\"47\" r\u003d\"282\" t\u003d\"345\"\u003e\u003c/rect\u003e  \u003c/region\u003e  \u003cseparator thickness\u003d\"2\" type\u003d\"Black\"\u003e \u003cstart x\u003d\"47\" y\u003d\"346\"\u003e\u003c/start\u003e \u003cend x\u003d\"282\" y\u003d\"346\"\u003e\u003c/end\u003e \u003c/separator\u003e \u003c/block\u003e  \u003cblock b\u003d\"346\" blockname\u003d\"\" blocktype\u003d\"Separator\" l\u003d\"410\" r\u003d\"490\" style\u003d\"transform: translate(985px, 623px); position: absolute;\" t\u003d\"345\"\u003e \u003cregion\u003e \u003crect b\u003d\"346\" l\u003d\"410\" r\u003d\"490\" t\u003d\"345\"\u003e\u003c/rect\u003e  \u003c/region\u003e  \u003cseparator thickness\u003d\"1\" type\u003d\"Black\"\u003e \u003cstart x\u003d\"410\" y\u003d\"345\"\u003e\u003c/start\u003e \u003cend x\u003d\"490\" y\u003d\"345\"\u003e\u003c/end\u003e \u003c/separator\u003e \u003c/block\u003e  \u003cblock b\u003d\"368\" blockname\u003d\"\" blocktype\u003d\"Separator\" l\u003d\"47\" r\u003d\"531\" style\u003d\"transform: translate(113px, 659px); position: absolute;\" t\u003d\"365\"\u003e \u003cregion\u003e \u003crect b\u003d\"368\" l\u003d\"47\" r\u003d\"531\" t\u003d\"365\"\u003e\u003c/rect\u003e  \u003c/region\u003e  \u003cseparator thickness\u003d\"3\" type\u003d\"Black\"\u003e \u003cstart x\u003d\"47\" y\u003d\"366\"\u003e\u003c/start\u003e \u003cend x\u003d\"531\" y\u003d\"366\"\u003e\u003c/end\u003e \u003c/separator\u003e \u003c/block\u003e  \u003cblock b\u003d\"368\" blockname\u003d\"\" blocktype\u003d\"Separator\" class\u003d\"hidden\" l\u003d\"47\" r\u003d\"49\" style\u003d\"transform: translate(113px, 303px); position: absolute;\" t\u003d\"168\"\u003e \u003cregion\u003e \u003crect b\u003d\"368\" l\u003d\"47\" r\u003d\"49\" t\u003d\"168\"\u003e\u003c/rect\u003e  \u003c/region\u003e  \u003cseparator thickness\u003d\"2\" type\u003d\"Black\"\u003e \u003cstart x\u003d\"48\" y\u003d\"168\"\u003e\u003c/start\u003e \u003cend x\u003d\"48\" y\u003d\"368\"\u003e\u003c/end\u003e \u003c/separator\u003e \u003c/block\u003e  \u003cblock b\u003d\"280\" blockname\u003d\"\" blocktype\u003d\"Separator\" l\u003d\"336\" r\u003d\"338\" style\u003d\"transform: translate(808px, 329px); position: absolute;\" t\u003d\"182\"\u003e \u003cregion\u003e \u003crect b\u003d\"280\" l\u003d\"336\" r\u003d\"338\" t\u003d\"182\"\u003e\u003c/rect\u003e  \u003c/region\u003e  \u003cseparator thickness\u003d\"2\" type\u003d\"Black\"\u003e \u003cstart x\u003d\"337\" y\u003d\"182\"\u003e\u003c/start\u003e \u003cend x\u003d\"337\" y\u003d\"280\"\u003e\u003c/end\u003e \u003c/separator\u003e \u003c/block\u003e  \u003cblock b\u003d\"346\" blockname\u003d\"\" blocktype\u003d\"Separator\" l\u003d\"414\" r\u003d\"415\" style\u003d\"transform: translate(995px, 307px); position: absolute;\" t\u003d\"170\"\u003e \u003cregion\u003e \u003crect b\u003d\"346\" l\u003d\"414\" r\u003d\"415\" t\u003d\"170\"\u003e\u003c/rect\u003e  \u003c/region\u003e  \u003cseparator thickness\u003d\"1\" type\u003d\"Black\"\u003e \u003cstart x\u003d\"414\" y\u003d\"170\"\u003e\u003c/start\u003e \u003cend x\u003d\"414\" y\u003d\"346\"\u003e\u003c/end\u003e \u003c/separator\u003e \u003c/block\u003e  \u003cblock b\u003d\"368\" blockname\u003d\"\" blocktype\u003d\"Separator\" l\u003d\"529\" r\u003d\"531\" style\u003d\"transform: translate(1271px, 303px); position: absolute;\" t\u003d\"168\"\u003e \u003cregion\u003e \u003crect b\u003d\"368\" l\u003d\"529\" r\u003d\"531\" t\u003d\"168\"\u003e\u003c/rect\u003e  \u003c/region\u003e  \u003cseparator thickness\u003d\"2\" type\u003d\"Black\"\u003e \u003cstart x\u003d\"530\" y\u003d\"168\"\u003e\u003c/start\u003e \u003cend x\u003d\"530\" y\u003d\"368\"\u003e\u003c/end\u003e \u003c/separator\u003e \u003c/block\u003e  \u003c/page\u003e \u003c/document\u003e\u003c/body\u003e\u003c/html\u003e","tags":[{"begin":83,"end":93,"text":"01-12-2016","tag":"invoice_date","fieldType":"DATE","score":0.7544861199755751,"estimatedAccuracy":0.0},{"begin":365,"end":369,"text":"2000","tag":"quantity","fieldType":"NUMBER","score":0.7513382056409666,"estimatedAccuracy":0.0},{"begin":381,"end":385,"text":"1.70","tag":"price","fieldType":"NUMBER","score":0.5128660009100012,"estimatedAccuracy":0.0},{"begin":452,"end":464,"text":"Voucher Book","tag":"product","fieldType":"TEXT","score":0.6555759563869538,"estimatedAccuracy":0.0},{"begin":476,"end":478,"text":"50","tag":"quantity","fieldType":"NUMBER","score":0.8612086040465654,"estimatedAccuracy":0.0},{"begin":608,"end":612,"text":"2632","tag":"quantity","fieldType":"NUMBER","score":0.7684916089168109,"estimatedAccuracy":0.0}],"group":"invoice_date|price|product|quantity","limeExplanation":{},"liblinearFeatureImportance":{}}