{"finalScore":0.660909300691904,"metaInfo":{"model":{"coreVersion":"10.3.0.39"}},"sumScore":5.948183706227136,"tagsCounter":9.0,"taggedText":"\u003chtml\u003e\u003chead\u003e\u003cscript src\u003d\"https://ajax.googleapis.com/ajax/libs/jquery/2.2.0/jquery.min.js\"\u003e\u003c/script\u003e\u003c/head\u003e\u003cbody\u003e\u003cdocument languages\u003d\"\" producer\u003d\"Workfusion\" schemalocation\u003d\"http://ocr.crowdcomputingsystems.com/xml/schema-v1.xml\" version\u003d\"1.0\" xmlns\u003d\"http://ocr.crowdcomputingsystems.com/xml/schema-v1.xml\" xsi\u003d\"http://www.w3.org/2001/XMLSchema-instance\"\u003e \u003clink href\u003d\"https://s3.amazonaws.com/workfusion-resources/ocr/ocr-xml-viewer-0.3-scale-to-width.css\" rel\u003d\"stylesheet\" type\u003d\"text/css\"\u003e\u003c/link\u003e \u003cstyle\u003e\u003c/style\u003e\u003cpage data-pages\u003d\"1\" h\u003d\"787\" resolution\u003d\"72\" style\u003d\"height: 1374px;\" w\u003d\"889\"\u003e \u003cblock b\u003d\"58\" blockname\u003d\"\" blocktype\u003d\"Text\" l\u003d\"664\" r\u003d\"874\" style\u003d\"transform: translate(564px, 29px); position: absolute; width: 178.346px; height: 75.8333px;\" t\u003d\"16\"\u003e \u003cregion\u003e \u003crect b\u003d\"58\" l\u003d\"664\" r\u003d\"874\" t\u003d\"16\"\u003e\u003c/rect\u003e  \u003c/region\u003e  \u003ctext\u003e \u003cpar linespacing\u003d\"3900\"\u003e \u003cline b\u003d\"57\" baseline\u003d\"56\" l\u003d\"665\" r\u003d\"872\" style\u003d\"transform: translate(1px, 2px); position: absolute;\" t\u003d\"17\"\u003e \u003cformatting lang\u003d\"EnglishUnitedStates\"\u003e INVOICE \u003c/formatting\u003e  \u003c/line\u003e  \u003c/par\u003e  \u003c/text\u003e  \u003c/block\u003e  \u003cblock b\u003d\"94\" blockname\u003d\"\" blocktype\u003d\"Text\" l\u003d\"18\" r\u003d\"307\" style\u003d\"transform: translate(15px, 45px); position: absolute; width: 245.439px; height: 124.583px;\" t\u003d\"25\"\u003e \u003cregion\u003e \u003crect b\u003d\"94\" l\u003d\"18\" r\u003d\"307\" t\u003d\"25\"\u003e\u003c/rect\u003e  \u003c/region\u003e  \u003ctext\u003e \u003cpar linespacing\u003d\"4700\"\u003e \u003cline b\u003d\"93\" baseline\u003d\"77\" l\u003d\"19\" r\u003d\"305\" style\u003d\"transform: translate(1px, 9px); position: absolute;\" t\u003d\"30\"\u003e \u003cformatting lang\u003d\"EnglishUnitedStates\"\u003e DProjjex \u003c/formatting\u003e  \u003c/line\u003e  \u003c/par\u003e  \u003c/text\u003e  \u003c/block\u003e  \u003cregion xmlns\u003d\"http://ocr.crowdcomputingsystems.com/xml/schema-v1.xml\"\u003e \u003crect b\u003d\"369\" l\u003d\"17\" r\u003d\"878\" t\u003d\"134\"\u003e\u003c/rect\u003e  \u003c/region\u003e \u003ctable b\u003d\"369\" blockname\u003d\"\" blocktype\u003d\"Table\" l\u003d\"17\" r\u003d\"878\" style\u003d\"transform: translate(14px, 242px); position: absolute; user-select: auto;\" t\u003d\"134\" xmlns\u003d\"\"\u003e \u003ctbody\u003e\u003ctr\u003e \u003ctd bottomborder\u003d\"White\" h\u003d\"17\" leftborder\u003d\"White\" rightborder\u003d\"White\" topborder\u003d\"White\" w\u003d\"419\"\u003e \u003ctext xmlns\u003d\"http://ocr.crowdcomputingsystems.com/xml/schema-v1.xml\"\u003e \u003cpar linespacing\u003d\"1200\"\u003e \u003cline b\u003d\"146\" baseline\u003d\"146\" l\u003d\"20\" r\u003d\"153\" t\u003d\"134\"\u003e \u003cformatting lang\u003d\"EnglishUnitedStates\"\u003e Dwoe Laboratories \u003c/formatting\u003e  \u003c/line\u003e  \u003c/par\u003e  \u003c/text\u003e  \u003c/td\u003e   \u003ctd bottomborder\u003d\"White\" h\u003d\"17\" leftborder\u003d\"White\" rightborder\u003d\"White\" topborder\u003d\"White\" w\u003d\"442\"\u003e \u003ctext xmlns\u003d\"http://ocr.crowdcomputingsystems.com/xml/schema-v1.xml\"\u003e \u003cpar align\u003d\"Right\" linespacing\u003d\"1200\"\u003e \u003cline b\u003d\"149\" baseline\u003d\"146\" l\u003d\"746\" r\u003d\"873\" t\u003d\"134\"\u003e \u003cformatting lang\u003d\"EnglishUnitedStates\"\u003e Ghwjex Consulting \u003c/formatting\u003e  \u003c/line\u003e  \u003c/par\u003e  \u003c/text\u003e  \u003c/td\u003e   \u003c/tr\u003e \n \u003ctr\u003e \u003ctd bottomborder\u003d\"White\" h\u003d\"19\" leftborder\u003d\"White\" rightborder\u003d\"White\" topborder\u003d\"White\" w\u003d\"419\"\u003e \u003ctext xmlns\u003d\"http://ocr.crowdcomputingsystems.com/xml/schema-v1.xml\"\u003e \u003cpar linespacing\u003d\"1200\"\u003e \u003cline b\u003d\"168\" baseline\u003d\"165\" l\u003d\"20\" r\u003d\"113\" t\u003d\"153\"\u003e \u003cformatting lang\u003d\"EnglishUnitedStates\"\u003e Wiley Coyote \u003c/formatting\u003e  \u003c/line\u003e  \u003c/par\u003e  \u003c/text\u003e  \u003c/td\u003e   \u003ctd bottomborder\u003d\"White\" h\u003d\"19\" leftborder\u003d\"White\" rightborder\u003d\"White\" topborder\u003d\"White\" w\u003d\"442\"\u003e \u003ctext xmlns\u003d\"http://ocr.crowdcomputingsystems.com/xml/schema-v1.xml\"\u003e \u003cpar align\u003d\"Right\" linespacing\u003d\"1200\"\u003e \u003cline b\u003d\"165\" baseline\u003d\"165\" l\u003d\"744\" r\u003d\"873\" t\u003d\"153\"\u003e \u003cformatting lang\u003d\"EnglishUnitedStates\"\u003e 974 Sutcliffe Road \u003c/formatting\u003e  \u003c/line\u003e  \u003c/par\u003e  \u003c/text\u003e  \u003c/td\u003e   \u003c/tr\u003e \n \u003ctr\u003e \u003ctd bottomborder\u003d\"White\" h\u003d\"17\" leftborder\u003d\"White\" rightborder\u003d\"White\" topborder\u003d\"White\" w\u003d\"419\"\u003e \u003ctext xmlns\u003d\"http://ocr.crowdcomputingsystems.com/xml/schema-v1.xml\"\u003e \u003cpar linespacing\u003d\"1200\"\u003e \u003cline b\u003d\"186\" baseline\u003d\"183\" l\u003d\"21\" r\u003d\"133\" t\u003d\"171\"\u003e \u003cformatting lang\u003d\"EnglishUnitedStates\"\u003e 1000 Nasa Way \u003c/formatting\u003e  \u003c/line\u003e  \u003c/par\u003e  \u003c/text\u003e  \u003c/td\u003e   \u003ctd bottomborder\u003d\"White\" h\u003d\"17\" leftborder\u003d\"White\" rightborder\u003d\"White\" topborder\u003d\"White\" w\u003d\"442\"\u003e \u003ctext xmlns\u003d\"http://ocr.crowdcomputingsystems.com/xml/schema-v1.xml\"\u003e \u003cpar align\u003d\"Right\" linespacing\u003d\"1200\"\u003e \u003cline b\u003d\"183\" baseline\u003d\"183\" l\u003d\"834\" r\u003d\"871\" t\u003d\"171\"\u003e \u003cformatting lang\u003d\"EnglishUnitedStates\"\u003e Unit 1 \u003c/formatting\u003e  \u003c/line\u003e  \u003c/par\u003e  \u003c/text\u003e  \u003c/td\u003e   \u003c/tr\u003e \n \u003ctr\u003e \u003ctd bottomborder\u003d\"White\" h\u003d\"19\" leftborder\u003d\"White\" rightborder\u003d\"White\" topborder\u003d\"White\" w\u003d\"419\"\u003e \u003ctext xmlns\u003d\"http://ocr.crowdcomputingsystems.com/xml/schema-v1.xml\"\u003e \u003cpar linespacing\u003d\"1200\"\u003e \u003cline b\u003d\"204\" baseline\u003d\"202\" l\u003d\"21\" r\u003d\"160\" t\u003d\"190\"\u003e \u003cformatting lang\u003d\"EnglishUnitedStates\"\u003e Fort Lauderdale, FL \u003c/formatting\u003e  \u003c/line\u003e  \u003c/par\u003e  \u003c/text\u003e  \u003c/td\u003e   \u003ctd bottomborder\u003d\"White\" h\u003d\"19\" leftborder\u003d\"White\" rightborder\u003d\"White\" topborder\u003d\"White\" w\u003d\"442\"\u003e \u003ctext xmlns\u003d\"http://ocr.crowdcomputingsystems.com/xml/schema-v1.xml\"\u003e \u003cpar align\u003d\"Right\" linespacing\u003d\"1200\"\u003e \u003cline b\u003d\"204\" baseline\u003d\"202\" l\u003d\"715\" r\u003d\"873\" t\u003d\"190\"\u003e \u003cformatting lang\u003d\"EnglishUnitedStates\"\u003e Victoria, BC V8Y1M8 \u003c/formatting\u003e  \u003c/line\u003e  \u003c/par\u003e  \u003c/text\u003e  \u003c/td\u003e   \u003c/tr\u003e \n \u003ctr\u003e \u003ctd bottomborder\u003d\"White\" h\u003d\"18\" leftborder\u003d\"White\" rightborder\u003d\"White\" topborder\u003d\"White\" w\u003d\"419\"\u003e \u003ctext xmlns\u003d\"http://ocr.crowdcomputingsystems.com/xml/schema-v1.xml\"\u003e \u003cpar linespacing\u003d\"1200\"\u003e \u003cline b\u003d\"220\" baseline\u003d\"220\" l\u003d\"21\" r\u003d\"63\" t\u003d\"208\"\u003e \u003cformatting lang\u003d\"EnglishUnitedStates\"\u003e 10089 \u003c/formatting\u003e  \u003c/line\u003e  \u003c/par\u003e  \u003c/text\u003e  \u003c/td\u003e   \u003ctd bottomborder\u003d\"White\" h\u003d\"18\" leftborder\u003d\"White\" rightborder\u003d\"White\" topborder\u003d\"White\" w\u003d\"442\"\u003e \u003ctext xmlns\u003d\"http://ocr.crowdcomputingsystems.com/xml/schema-v1.xml\"\u003e \u003cpar leftindent\u003d\"27700\" linespacing\u003d\"-1\"\u003e\u003c/par\u003e  \u003c/text\u003e  \u003c/td\u003e   \u003c/tr\u003e \n \u003ctr\u003e \u003ctd h\u003d\"57\" leftborder\u003d\"White\" rightborder\u003d\"White\" topborder\u003d\"White\" w\u003d\"419\"\u003e \u003ctext xmlns\u003d\"http://ocr.crowdcomputingsystems.com/xml/schema-v1.xml\"\u003e \u003cpar linespacing\u003d\"1200\"\u003e \u003cline b\u003d\"238\" baseline\u003d\"238\" l\u003d\"21\" r\u003d\"52\" t\u003d\"226\"\u003e \u003cformatting lang\u003d\"EnglishUnitedStates\"\u003e USA \u003c/formatting\u003e  \u003c/line\u003e  \u003c/par\u003e  \u003c/text\u003e  \u003c/td\u003e   \u003ctd h\u003d\"57\" leftborder\u003d\"White\" rightborder\u003d\"White\" topborder\u003d\"White\" w\u003d\"442\"\u003e \u003ctext xmlns\u003d\"http://ocr.crowdcomputingsystems.com/xml/schema-v1.xml\"\u003e \u003cpar leftindent\u003d\"27700\" linespacing\u003d\"-1\"\u003e\u003c/par\u003e  \u003c/text\u003e  \u003c/td\u003e   \u003c/tr\u003e \n \u003ctr\u003e \u003ctd bottomborder\u003d\"White\" h\u003d\"42\" rightborder\u003d\"White\" w\u003d\"419\"\u003e \u003ctext xmlns\u003d\"http://ocr.crowdcomputingsystems.com/xml/schema-v1.xml\"\u003e \u003cpar leftindent\u003d\"1100\" linespacing\u003d\"1200\"\u003e \u003cline b\u003d\"306\" baseline\u003d\"303\" l\u003d\"28\" r\u003d\"123\" t\u003d\"291\"\u003e \u003cformatting lang\u003d\"EnglishUnitedStates\"\u003e \u003cinvoice_date appendorder\u003d\"16\" class\u003d\"extraction-tag\" confidence\u003d\"1/1\" data-original-title\u003d\"Invoice date\" data-toggle\u003d\"tooltip\" data-value\u003d\"May 30, 2009\" fold-name\u003d\"fold4\" score\u003d\"0.7506053087550549\" style\u003d\"background-color: rgb(17, 18, 43);  color: rgb(255, 255, 255);   border: 2px solid rgb(125, 157, 1); \" tagorder\u003d\"7\"\u003eMay 30, 2009\u003c/invoice_date\u003e \u003c/formatting\u003e  \u003c/line\u003e  \u003c/par\u003e  \u003c/text\u003e  \u003c/td\u003e   \u003ctd bottomborder\u003d\"White\" h\u003d\"42\" leftborder\u003d\"White\" w\u003d\"442\"\u003e \u003ctext xmlns\u003d\"http://ocr.crowdcomputingsystems.com/xml/schema-v1.xml\"\u003e \u003cpar align\u003d\"Right\" linespacing\u003d\"1200\" rightindent\u003d\"1500\"\u003e \u003cline b\u003d\"303\" baseline\u003d\"303\" l\u003d\"711\" r\u003d\"866\" t\u003d\"291\"\u003e \u003cformatting lang\u003d\"EnglishUnitedStates\"\u003e Invoice #\u003cinvoice_number appendorder\u003d\"13\" class\u003d\"extraction-tag\" confidence\u003d\"1/1\" data-original-title\u003d\"Invoice number\" data-toggle\u003d\"tooltip\" data-value\u003d\"0007429004\" fold-name\u003d\"fold4\" score\u003d\"0.6601727870505006\" style\u003d\"background-color: rgb(0, 83, 98);  color: rgb(255, 255, 255);   border: 2px solid rgb(125, 157, 1); \" tagorder\u003d\"6\"\u003e0007429004\u003c/invoice_number\u003e \u003c/formatting\u003e  \u003c/line\u003e  \u003c/par\u003e  \u003c/text\u003e  \u003c/td\u003e   \u003c/tr\u003e \n \u003ctr\u003e \u003ctd h\u003d\"46\" rightborder\u003d\"White\" topborder\u003d\"White\" w\u003d\"419\"\u003e \u003ctext xmlns\u003d\"http://ocr.crowdcomputingsystems.com/xml/schema-v1.xml\"\u003e \u003cpar linespacing\u003d\"-1\"\u003e\u003c/par\u003e  \u003c/text\u003e  \u003c/td\u003e   \u003ctd h\u003d\"46\" leftborder\u003d\"White\" topborder\u003d\"White\" w\u003d\"442\"\u003e \u003ctext xmlns\u003d\"http://ocr.crowdcomputingsystems.com/xml/schema-v1.xml\"\u003e \u003cpar align\u003d\"Right\" linespacing\u003d\"1200\" rightindent\u003d\"1500\"\u003e \u003cline b\u003d\"357\" baseline\u003d\"354\" l\u003d\"766\" r\u003d\"860\" t\u003d\"342\"\u003e \u003cformatting lang\u003d\"EnglishUnitedStates\"\u003e Page 1 of 1 \u003c/formatting\u003e  \u003c/line\u003e  \u003c/par\u003e  \u003c/text\u003e  \u003c/td\u003e   \u003c/tr\u003e \n \u003c/tbody\u003e\u003c/table\u003e\n \u003cregion xmlns\u003d\"http://ocr.crowdcomputingsystems.com/xml/schema-v1.xml\"\u003e \u003crect b\u003d\"537\" l\u003d\"17\" r\u003d\"879\" t\u003d\"399\"\u003e\u003c/rect\u003e  \u003c/region\u003e \u003ctable b\u003d\"537\" blockname\u003d\"\" blocktype\u003d\"Table\" l\u003d\"17\" r\u003d\"879\" style\u003d\"transform: translate(14px, 720px); position: absolute; user-select: auto;\" t\u003d\"399\" xmlns\u003d\"\"\u003e \u003ctbody\u003e\u003ctr\u003e \u003ctd bottomborder\u003d\"White\" h\u003d\"54\" leftborder\u003d\"White\" rightborder\u003d\"White\" topborder\u003d\"White\" w\u003d\"479\"\u003e \u003ctext xmlns\u003d\"http://ocr.crowdcomputingsystems.com/xml/schema-v1.xml\"\u003e \u003cpar leftindent\u003d\"1100\" linespacing\u003d\"1200\"\u003e \u003cline b\u003d\"417\" baseline\u003d\"414\" l\u003d\"28\" r\u003d\"114\" t\u003d\"402\"\u003e \u003cformatting lang\u003d\"EnglishUnitedStates\"\u003e Description \u003c/formatting\u003e  \u003c/line\u003e  \u003c/par\u003e  \u003cpar leftindent\u003d\"1100\" linespacing\u003d\"1200\"\u003e \u003cline b\u003d\"446\" baseline\u003d\"443\" l\u003d\"28\" r\u003d\"336\" t\u003d\"431\"\u003eDesign meeting with client on May 12, 2009\u003c/line\u003e  \u003c/par\u003e  \u003c/text\u003e  \u003c/td\u003e   \u003ctd bottomborder\u003d\"White\" h\u003d\"54\" leftborder\u003d\"White\" rightborder\u003d\"White\" topborder\u003d\"White\" w\u003d\"164\"\u003e \u003ctext xmlns\u003d\"http://ocr.crowdcomputingsystems.com/xml/schema-v1.xml\"\u003e \u003cpar align\u003d\"Right\" linespacing\u003d\"1200\" rightindent\u003d\"3200\"\u003e \u003cline b\u003d\"414\" baseline\u003d\"414\" l\u003d\"596\" r\u003d\"629\" t\u003d\"402\"\u003e \u003cformatting lang\u003d\"EnglishUnitedStates\"\u003e Rate \u003c/formatting\u003e  \u003c/line\u003e  \u003c/par\u003e  \u003cpar align\u003d\"Right\" linespacing\u003d\"1200\" rightindent\u003d\"3200\"\u003e \u003cline b\u003d\"443\" baseline\u003d\"443\" l\u003d\"581\" r\u003d\"628\" t\u003d\"431\"\u003e\u003cprice appendorder\u003d\"5\" class\u003d\"extraction-tag\" confidence\u003d\"1/1\" data-original-title\u003d\"construction_type\" data-toggle\u003d\"tooltip\" data-value\u003d\"250.00\" fold-name\u003d\"fold5\" injection\u003d\"true\" referencedatausedininjection\u003d\"manual\" score\u003d\"0.5695175899687077\" style\u003d\"background-color: rgb(140, 250, 187);  color: rgb(0, 0, 0);   border: 2px solid rgb(125, 157, 1); \" tagorder\u003d\"7137701\"\u003e250.00\u003c/price\u003e\u003c/line\u003e  \u003c/par\u003e  \u003c/text\u003e  \u003c/td\u003e   \u003ctd bottomborder\u003d\"White\" h\u003d\"54\" leftborder\u003d\"White\" rightborder\u003d\"White\" topborder\u003d\"White\" w\u003d\"105\"\u003e \u003ctext xmlns\u003d\"http://ocr.crowdcomputingsystems.com/xml/schema-v1.xml\"\u003e \u003cpar align\u003d\"Right\" linespacing\u003d\"1300\" rightindent\u003d\"2100\"\u003e \u003cline b\u003d\"418\" baseline\u003d\"415\" l\u003d\"688\" r\u003d\"744\" t\u003d\"402\"\u003e \u003cformatting lang\u003d\"EnglishUnitedStates\"\u003e Hrs/Qty \u003c/formatting\u003e  \u003c/line\u003e  \u003c/par\u003e  \u003cpar align\u003d\"Right\" linespacing\u003d\"1200\" rightindent\u003d\"2100\"\u003e \u003cline b\u003d\"443\" baseline\u003d\"443\" l\u003d\"714\" r\u003d\"744\" t\u003d\"431\"\u003e\u003cprice class\u003d\"extraction-tag\" data-value\u003d\"3.25\" fold-name\u003d\"fold5\" ml-tagorder\u003d\"7858257\" score\u003d\"0.654030544027014\" tagorder\u003d\"7858257\"\u003e3.25\u003c/price\u003e\u003c/line\u003e  \u003c/par\u003e  \u003c/text\u003e  \u003c/td\u003e   \u003ctd bottomborder\u003d\"White\" h\u003d\"54\" leftborder\u003d\"White\" rightborder\u003d\"White\" topborder\u003d\"White\" w\u003d\"114\"\u003e \u003ctext xmlns\u003d\"http://ocr.crowdcomputingsystems.com/xml/schema-v1.xml\"\u003e \u003cpar align\u003d\"Right\" linespacing\u003d\"1200\" rightindent\u003d\"1300\"\u003e \u003cline b\u003d\"417\" baseline\u003d\"414\" l\u003d\"783\" r\u003d\"866\" t\u003d\"402\"\u003e \u003cformatting lang\u003d\"EnglishUnitedStates\"\u003e Amount ($) \u003c/formatting\u003e  \u003c/line\u003e  \u003c/par\u003e  \u003cpar align\u003d\"Right\" linespacing\u003d\"1200\" rightindent\u003d\"1300\"\u003e \u003cline b\u003d\"443\" baseline\u003d\"443\" l\u003d\"819\" r\u003d\"866\" t\u003d\"431\"\u003e \u003cformatting lang\u003d\"EnglishUnitedStates\"\u003e 812.50 \u003c/formatting\u003e  \u003c/line\u003e  \u003c/par\u003e  \u003c/text\u003e  \u003c/td\u003e   \u003c/tr\u003e \n \u003ctr\u003e \u003ctd bottomborder\u003d\"White\" h\u003d\"30\" leftborder\u003d\"White\" rightborder\u003d\"White\" topborder\u003d\"White\" w\u003d\"479\"\u003e \u003ctext xmlns\u003d\"http://ocr.crowdcomputingsystems.com/xml/schema-v1.xml\"\u003e \u003cpar leftindent\u003d\"1100\" linespacing\u003d\"1200\"\u003e \u003cline b\u003d\"476\" baseline\u003d\"473\" l\u003d\"28\" r\u003d\"217\" t\u003d\"461\"\u003e\u003cproduct appendorder\u003d\"5\" class\u003d\"extraction-tag\" confidence\u003d\"1/1\" data-original-title\u003d\"construction_type\" data-toggle\u003d\"tooltip\" data-value\u003d\"Prepare design documents\" fold-name\u003d\"fold2\" injection\u003d\"true\" referencedatausedininjection\u003d\"manual\" score\u003d\"0.549973472395329\" style\u003d\"background-color: rgb(78, 135, 105);  color: rgb(0, 0, 0);   border: 2px solid rgb(125, 157, 1); \" tagorder\u003d\"7858254\"\u003ePrepare design documents\u003c/product\u003e\u003c/line\u003e  \u003c/par\u003e  \u003c/text\u003e  \u003c/td\u003e   \u003ctd bottomborder\u003d\"White\" h\u003d\"30\" leftborder\u003d\"White\" rightborder\u003d\"White\" topborder\u003d\"White\" w\u003d\"164\"\u003e \u003ctext xmlns\u003d\"http://ocr.crowdcomputingsystems.com/xml/schema-v1.xml\"\u003e \u003cpar align\u003d\"Right\" linespacing\u003d\"1200\" rightindent\u003d\"3200\"\u003e \u003cline b\u003d\"473\" baseline\u003d\"473\" l\u003d\"581\" r\u003d\"628\" t\u003d\"461\"\u003e\u003cprice appendorder\u003d\"5\" class\u003d\"extraction-tag\" confidence\u003d\"1/1\" data-original-title\u003d\"construction_type\" data-toggle\u003d\"tooltip\" data-value\u003d\"250.00\" fold-name\u003d\"fold5\" injection\u003d\"true\" referencedatausedininjection\u003d\"manual\" score\u003d\"0.7347208575720086\" style\u003d\"background-color: rgb(140, 250, 187);  color: rgb(0, 0, 0);   border: 2px solid rgb(125, 157, 1); \" tagorder\u003d\"5403080\"\u003e250.00\u003c/price\u003e\u003c/line\u003e  \u003c/par\u003e  \u003c/text\u003e  \u003c/td\u003e   \u003ctd bottomborder\u003d\"White\" h\u003d\"30\" leftborder\u003d\"White\" rightborder\u003d\"White\" topborder\u003d\"White\" w\u003d\"105\"\u003e \u003ctext xmlns\u003d\"http://ocr.crowdcomputingsystems.com/xml/schema-v1.xml\"\u003e \u003cpar align\u003d\"Right\" linespacing\u003d\"1200\" rightindent\u003d\"2100\"\u003e \u003cline b\u003d\"473\" baseline\u003d\"473\" l\u003d\"705\" r\u003d\"744\" t\u003d\"461\"\u003e42.50\u003c/line\u003e  \u003c/par\u003e  \u003c/text\u003e  \u003c/td\u003e   \u003ctd bottomborder\u003d\"White\" h\u003d\"30\" leftborder\u003d\"White\" rightborder\u003d\"White\" topborder\u003d\"White\" w\u003d\"114\"\u003e \u003ctext xmlns\u003d\"http://ocr.crowdcomputingsystems.com/xml/schema-v1.xml\"\u003e \u003cpar align\u003d\"Right\" linespacing\u003d\"1200\" rightindent\u003d\"1300\"\u003e \u003cline b\u003d\"475\" baseline\u003d\"473\" l\u003d\"797\" r\u003d\"866\" t\u003d\"461\"\u003e \u003cformatting lang\u003d\"EnglishUnitedStates\"\u003e 10,625.00 \u003c/formatting\u003e  \u003c/line\u003e  \u003c/par\u003e  \u003c/text\u003e  \u003c/td\u003e   \u003c/tr\u003e \n \u003ctr\u003e \u003ctd bottomborder\u003d\"White\" h\u003d\"30\" leftborder\u003d\"White\" rightborder\u003d\"White\" topborder\u003d\"White\" w\u003d\"479\"\u003e \u003ctext xmlns\u003d\"http://ocr.crowdcomputingsystems.com/xml/schema-v1.xml\"\u003e \u003cpar leftindent\u003d\"1100\" linespacing\u003d\"1200\"\u003e \u003cline b\u003d\"506\" baseline\u003d\"503\" l\u003d\"28\" r\u003d\"411\" t\u003d\"491\"\u003e\u003cproduct appendorder\u003d\"5\" class\u003d\"extraction-tag\" confidence\u003d\"1/1\" data-original-title\u003d\"construction_type\" data-toggle\u003d\"tooltip\" data-value\u003d\"Review design documents with client on May 30, 2009\" fold-name\u003d\"fold2\" injection\u003d\"true\" referencedatausedininjection\u003d\"manual\" score\u003d\"0.5934632149360322\" style\u003d\"background-color: rgb(78, 135, 105);  color: rgb(0, 0, 0);   border: 2px solid rgb(125, 157, 1); \" tagorder\u003d\"4807245\"\u003eReview design documents with client on May 30, 2009\u003c/product\u003e\u003c/line\u003e  \u003c/par\u003e  \u003c/text\u003e  \u003c/td\u003e   \u003ctd bottomborder\u003d\"White\" h\u003d\"30\" leftborder\u003d\"White\" rightborder\u003d\"White\" topborder\u003d\"White\" w\u003d\"164\"\u003e \u003ctext xmlns\u003d\"http://ocr.crowdcomputingsystems.com/xml/schema-v1.xml\"\u003e \u003cpar align\u003d\"Right\" linespacing\u003d\"1200\" rightindent\u003d\"3200\"\u003e \u003cline b\u003d\"503\" baseline\u003d\"503\" l\u003d\"581\" r\u003d\"628\" t\u003d\"491\"\u003e\u003cprice appendorder\u003d\"5\" class\u003d\"extraction-tag\" confidence\u003d\"1/1\" data-original-title\u003d\"construction_type\" data-toggle\u003d\"tooltip\" data-value\u003d\"250.00\" fold-name\u003d\"fold5\" injection\u003d\"true\" referencedatausedininjection\u003d\"manual\" score\u003d\"0.8256114095533725\" style\u003d\"background-color: rgb(140, 250, 187);  color: rgb(0, 0, 0);   border: 2px solid rgb(125, 157, 1); \" tagorder\u003d\"6986191\"\u003e250.00\u003c/price\u003e\u003c/line\u003e  \u003c/par\u003e  \u003c/text\u003e  \u003c/td\u003e   \u003ctd bottomborder\u003d\"White\" h\u003d\"30\" leftborder\u003d\"White\" rightborder\u003d\"White\" topborder\u003d\"White\" w\u003d\"105\"\u003e \u003ctext xmlns\u003d\"http://ocr.crowdcomputingsystems.com/xml/schema-v1.xml\"\u003e \u003cpar align\u003d\"Right\" linespacing\u003d\"1200\" rightindent\u003d\"2100\"\u003e \u003cline b\u003d\"503\" baseline\u003d\"503\" l\u003d\"714\" r\u003d\"744\" t\u003d\"491\"\u003e2.25\u003c/line\u003e  \u003c/par\u003e  \u003c/text\u003e  \u003c/td\u003e   \u003ctd bottomborder\u003d\"White\" h\u003d\"30\" leftborder\u003d\"White\" rightborder\u003d\"White\" topborder\u003d\"White\" w\u003d\"114\"\u003e \u003ctext xmlns\u003d\"http://ocr.crowdcomputingsystems.com/xml/schema-v1.xml\"\u003e \u003cpar align\u003d\"Right\" linespacing\u003d\"1200\" rightindent\u003d\"1300\"\u003e \u003cline b\u003d\"503\" baseline\u003d\"503\" l\u003d\"819\" r\u003d\"866\" t\u003d\"491\"\u003e \u003cformatting lang\u003d\"EnglishUnitedStates\"\u003e 562.50 \u003c/formatting\u003e  \u003c/line\u003e  \u003c/par\u003e  \u003c/text\u003e  \u003c/td\u003e   \u003c/tr\u003e \n \u003ctr\u003e \u003ctd bottomborder\u003d\"White\" h\u003d\"24\" leftborder\u003d\"White\" rightborder\u003d\"White\" topborder\u003d\"White\" w\u003d\"479\"\u003e \u003ctext xmlns\u003d\"http://ocr.crowdcomputingsystems.com/xml/schema-v1.xml\"\u003e \u003cpar leftindent\u003d\"1100\" linespacing\u003d\"-1\"\u003e\u003c/par\u003e  \u003c/text\u003e  \u003c/td\u003e   \u003ctd bottomborder\u003d\"White\" h\u003d\"24\" leftborder\u003d\"White\" rightborder\u003d\"White\" topborder\u003d\"White\" w\u003d\"164\"\u003e \u003ctext xmlns\u003d\"http://ocr.crowdcomputingsystems.com/xml/schema-v1.xml\"\u003e \u003cpar leftindent\u003d\"8500\" linespacing\u003d\"-1\"\u003e\u003c/par\u003e  \u003c/text\u003e  \u003c/td\u003e   \u003ctd bottomborder\u003d\"White\" h\u003d\"24\" leftborder\u003d\"White\" rightborder\u003d\"White\" topborder\u003d\"White\" w\u003d\"105\"\u003e \u003ctext xmlns\u003d\"http://ocr.crowdcomputingsystems.com/xml/schema-v1.xml\"\u003e \u003cpar leftindent\u003d\"2800\" linespacing\u003d\"-1\"\u003e\u003c/par\u003e  \u003c/text\u003e  \u003c/td\u003e   \u003ctd bottomborder\u003d\"White\" h\u003d\"24\" leftborder\u003d\"White\" rightborder\u003d\"White\" topborder\u003d\"White\" w\u003d\"114\"\u003e \u003ctext xmlns\u003d\"http://ocr.crowdcomputingsystems.com/xml/schema-v1.xml\"\u003e \u003cpar align\u003d\"Right\" linespacing\u003d\"1200\" rightindent\u003d\"1300\"\u003e \u003cline b\u003d\"535\" baseline\u003d\"533\" l\u003d\"797\" r\u003d\"866\" t\u003d\"521\"\u003e \u003cformatting lang\u003d\"EnglishUnitedStates\"\u003e 12,000.00 \u003c/formatting\u003e  \u003c/line\u003e  \u003c/par\u003e  \u003c/text\u003e  \u003c/td\u003e   \u003c/tr\u003e \n \u003c/tbody\u003e\u003c/table\u003e\n \u003cblock b\u003d\"621\" blockname\u003d\"\" blocktype\u003d\"Text\" l\u003d\"27\" r\u003d\"532\" style\u003d\"transform: translate(23px, 1038px); position: absolute; width: 428.881px; height: 83.0556px;\" t\u003d\"575\"\u003e \u003cregion\u003e \u003crect b\u003d\"621\" l\u003d\"27\" r\u003d\"532\" t\u003d\"575\"\u003e\u003c/rect\u003e  \u003c/region\u003e  \u003ctext\u003e \u003cpar linespacing\u003d\"1200\"\u003e \u003cline b\u003d\"590\" baseline\u003d\"587\" l\u003d\"28\" r\u003d\"101\" style\u003d\"transform: translate(1px, 0px); position: absolute;\" t\u003d\"575\"\u003e \u003cformatting lang\u003d\"EnglishUnitedStates\"\u003e Expenses \u003c/formatting\u003e  \u003c/line\u003e  \u003c/par\u003e  \u003cpar linespacing\u003d\"1200\"\u003e \u003cline b\u003d\"619\" baseline\u003d\"616\" l\u003d\"27\" r\u003d\"530\" style\u003d\"transform: translate(0px, 52px); position: absolute;\" t\u003d\"604\"\u003e \u003cformatting lang\u003d\"EnglishUnitedStates\"\u003e Travel and accommodation to/from client site for May 12, 2009 meeting \u003c/formatting\u003e  \u003c/line\u003e  \u003c/par\u003e  \u003c/text\u003e  \u003c/block\u003e  \u003cblock b\u003d\"755\" blockname\u003d\"\" blocktype\u003d\"Text\" l\u003d\"159\" r\u003d\"458\" style\u003d\"transform: translate(135px, 1266px); position: absolute; width: 253.931px; height: 97.5px;\" t\u003d\"701\"\u003e \u003cregion\u003e \u003crect b\u003d\"755\" l\u003d\"159\" r\u003d\"458\" t\u003d\"701\"\u003e\u003c/rect\u003e  \u003c/region\u003e  \u003ctext\u003e \u003cpar align\u003d\"Center\" leftindent\u003d\"600\" linespacing\u003d\"1800\"\u003e \u003cline b\u003d\"716\" baseline\u003d\"713\" l\u003d\"203\" r\u003d\"408\" style\u003d\"transform: translate(37px, 0px); position: absolute;\" t\u003d\"701\"\u003e \u003cformatting lang\u003d\"EnglishUnitedStates\"\u003e Thank you for your businessl \u003c/formatting\u003e  \u003c/line\u003e  \u003cline b\u003d\"734\" baseline\u003d\"731\" l\u003d\"218\" r\u003d\"389\" style\u003d\"transform: translate(50px, 33px); position: absolute;\" t\u003d\"719\"\u003e \u003cformatting lang\u003d\"EnglishUnitedStates\"\u003e Please pay immediately. \u003c/formatting\u003e  \u003c/line\u003e  \u003c/par\u003e  \u003cpar linespacing\u003d\"1800\"\u003e \u003cline b\u003d\"753\" baseline\u003d\"750\" l\u003d\"160\" r\u003d\"456\" style\u003d\"transform: translate(1px, 67px); position: absolute;\" t\u003d\"738\"\u003e \u003cformatting lang\u003d\"EnglishUnitedStates\"\u003e Overdue amounts charged 1% per month. \u003c/formatting\u003e  \u003c/line\u003e  \u003c/par\u003e  \u003c/text\u003e  \u003c/block\u003e  \u003cblock b\u003d\"650\" blockname\u003d\"\" blocktype\u003d\"Text\" l\u003d\"783\" r\u003d\"868\" style\u003d\"transform: translate(665px, 1036px); position: absolute; width: 72.1879px; height: 137.222px;\" t\u003d\"574\"\u003e \u003cregion\u003e \u003crect b\u003d\"650\" l\u003d\"783\" r\u003d\"868\" t\u003d\"574\"\u003e\u003c/rect\u003e  \u003c/region\u003e  \u003ctext\u003e \u003cpar linespacing\u003d\"2900\"\u003e \u003cline b\u003d\"590\" baseline\u003d\"587\" l\u003d\"783\" r\u003d\"866\" style\u003d\"transform: translate(0px, 2px); position: absolute;\" t\u003d\"575\"\u003e \u003cformatting lang\u003d\"EnglishUnitedStates\"\u003e Amount ($) \u003c/formatting\u003e  \u003c/line\u003e  \u003c/par\u003e  \u003cpar leftindent\u003d\"2300\" linespacing\u003d\"2900\"\u003e \u003cline b\u003d\"618\" baseline\u003d\"616\" l\u003d\"806\" r\u003d\"866\" style\u003d\"transform: translate(20px, 54px); position: absolute;\" t\u003d\"604\"\u003e \u003cformatting lang\u003d\"EnglishUnitedStates\"\u003e 1,298.83 \u003c/formatting\u003e  \u003c/line\u003e  \u003c/par\u003e  \u003cpar leftindent\u003d\"2300\" linespacing\u003d\"2900\"\u003e \u003cline b\u003d\"648\" baseline\u003d\"646\" l\u003d\"806\" r\u003d\"866\" style\u003d\"transform: translate(20px, 108px); position: absolute;\" t\u003d\"634\"\u003e \u003cformatting lang\u003d\"EnglishUnitedStates\"\u003e 1,298.83 \u003c/formatting\u003e  \u003c/line\u003e  \u003c/par\u003e  \u003c/text\u003e  \u003c/block\u003e  \u003cblock b\u003d\"733\" blockname\u003d\"\" blocktype\u003d\"Text\" l\u003d\"644\" r\u003d\"738\" style\u003d\"transform: translate(547px, 1215px); position: absolute; width: 79.8313px; height: 108.333px;\" t\u003d\"673\"\u003e \u003cregion\u003e \u003crect b\u003d\"733\" l\u003d\"644\" r\u003d\"738\" t\u003d\"673\"\u003e\u003c/rect\u003e  \u003c/region\u003e  \u003ctext\u003e \u003cpar align\u003d\"Justified\" linespacing\u003d\"2100\" startindent\u003d\"3200\"\u003e \u003cline b\u003d\"685\" baseline\u003d\"685\" l\u003d\"674\" r\u003d\"736\" style\u003d\"transform: translate(25px, 0px); position: absolute;\" t\u003d\"673\"\u003e \u003cformatting lang\u003d\"EnglishUnitedStates\"\u003e Subtotal \u003c/formatting\u003e  \u003c/line\u003e  \u003cline b\u003d\"709\" baseline\u003d\"706\" l\u003d\"647\" r\u003d\"736\" style\u003d\"transform: translate(3px, 38px); position: absolute;\" t\u003d\"694\"\u003e \u003cformatting lang\u003d\"EnglishUnitedStates\"\u003e PST (5.25%) \u003c/formatting\u003e  \u003c/line\u003e  \u003cline b\u003d\"731\" baseline\u003d\"728\" l\u003d\"645\" r\u003d\"736\" style\u003d\"transform: translate(1px, 78px); position: absolute;\" t\u003d\"716\"\u003e \u003cformatting lang\u003d\"EnglishUnitedStates\"\u003e GST (7.75%) \u003c/formatting\u003e  \u003c/line\u003e  \u003c/par\u003e  \u003c/text\u003e  \u003c/block\u003e  \u003cblock b\u003d\"761\" blockname\u003d\"\" blocktype\u003d\"Text\" l\u003d\"782\" r\u003d\"868\" style\u003d\"transform: translate(664px, 1215px); position: absolute; width: 73.0371px; height: 158.889px;\" t\u003d\"673\"\u003e \u003cregion\u003e \u003crect b\u003d\"761\" l\u003d\"782\" r\u003d\"868\" t\u003d\"673\"\u003e\u003c/rect\u003e  \u003c/region\u003e  \u003ctext\u003e \u003cpar leftindent\u003d\"1500\" linespacing\u003d\"2100\"\u003e \u003cline b\u003d\"687\" baseline\u003d\"685\" l\u003d\"797\" r\u003d\"866\" style\u003d\"transform: translate(13px, 0px); position: absolute;\" t\u003d\"673\"\u003e \u003cformatting lang\u003d\"EnglishUnitedStates\"\u003e 13,298.83 \u003c/formatting\u003e  \u003c/line\u003e  \u003c/par\u003e  \u003cpar leftindent\u003d\"3600\" linespacing\u003d\"2100\"\u003e \u003cline b\u003d\"706\" baseline\u003d\"706\" l\u003d\"818\" r\u003d\"866\" style\u003d\"transform: translate(31px, 38px); position: absolute;\" t\u003d\"694\"\u003e \u003cformatting lang\u003d\"EnglishUnitedStates\"\u003e 630.00 \u003c/formatting\u003e  \u003c/line\u003e  \u003c/par\u003e  \u003cpar leftindent\u003d\"3600\" linespacing\u003d\"2100\"\u003e \u003cline b\u003d\"728\" baseline\u003d\"728\" l\u003d\"818\" r\u003d\"866\" style\u003d\"transform: translate(31px, 78px); position: absolute;\" t\u003d\"716\"\u003e \u003cformatting lang\u003d\"EnglishUnitedStates\"\u003e 930.00 \u003c/formatting\u003e  \u003c/line\u003e  \u003c/par\u003e  \u003cpar linespacing\u003d\"1200\"\u003e \u003cline b\u003d\"759\" baseline\u003d\"757\" l\u003d\"783\" r\u003d\"866\" style\u003d\"transform: translate(1px, 130px); position: absolute;\" t\u003d\"745\"\u003e \u003cformatting lang\u003d\"EnglishUnitedStates\"\u003e S \u003ctotal_amount appendorder\u003d\"17\" class\u003d\"extraction-tag\" confidence\u003d\"1/1\" data-original-title\u003d\"Total amount\" data-toggle\u003d\"tooltip\" data-value\u003d\"14,858.83\" fold-name\u003d\"fold2\" score\u003d\"0.6100885219691154\" style\u003d\"background-color: rgb(27, 182, 226);  color: rgb(0, 0, 0);   border: 2px solid rgb(125, 157, 1); \" tagorder\u003d\"8\"\u003e14,858.83\u003c/total_amount\u003e \u003c/formatting\u003e  \u003c/line\u003e  \u003c/par\u003e  \u003c/text\u003e  \u003c/block\u003e  \u003cblock b\u003d\"759\" blockname\u003d\"\" blocktype\u003d\"Text\" l\u003d\"642\" r\u003d\"739\" style\u003d\"transform: translate(545px, 1345px); position: absolute; width: 82.3791px; height: 25.2778px;\" t\u003d\"745\"\u003e \u003cregion\u003e \u003crect b\u003d\"759\" l\u003d\"642\" r\u003d\"739\" t\u003d\"745\"\u003e\u003c/rect\u003e  \u003c/region\u003e  \u003ctext\u003e \u003cpar linespacing\u003d\"1200\"\u003e \u003cline b\u003d\"757\" baseline\u003d\"757\" l\u003d\"643\" r\u003d\"736\" style\u003d\"transform: translate(1px, 0px); position: absolute;\" t\u003d\"745\"\u003e \u003cformatting lang\u003d\"EnglishUnitedStates\"\u003e Balance Due \u003c/formatting\u003e  \u003c/line\u003e  \u003c/par\u003e  \u003c/text\u003e  \u003c/block\u003e  \u003cblock b\u003d\"369\" blockname\u003d\"\" blocktype\u003d\"SeparatorsBox\" class\u003d\"hidden\" l\u003d\"17\" r\u003d\"878\" style\u003d\"transform: translate(14px, 506px); position: absolute;\" t\u003d\"280\"\u003e \u003cregion\u003e \u003crect b\u003d\"283\" l\u003d\"17\" r\u003d\"878\" t\u003d\"280\"\u003e\u003c/rect\u003e  \u003crect b\u003d\"365\" l\u003d\"17\" r\u003d\"878\" t\u003d\"283\"\u003e\u003c/rect\u003e  \u003crect b\u003d\"368\" l\u003d\"17\" r\u003d\"878\" t\u003d\"365\"\u003e\u003c/rect\u003e  \u003crect b\u003d\"369\" l\u003d\"18\" r\u003d\"878\" t\u003d\"368\"\u003e\u003c/rect\u003e  \u003c/region\u003e  \u003cseparatorsbox\u003e \u003cseparator thickness\u003d\"3\" type\u003d\"Black\"\u003e \u003cstart x\u003d\"18\" y\u003d\"281\"\u003e\u003c/start\u003e \u003cend x\u003d\"878\" y\u003d\"281\"\u003e\u003c/end\u003e \u003c/separator\u003e \u003cseparator thickness\u003d\"3\" type\u003d\"Black\"\u003e \u003cstart x\u003d\"18\" y\u003d\"367\"\u003e\u003c/start\u003e \u003cend x\u003d\"878\" y\u003d\"367\"\u003e\u003c/end\u003e \u003c/separator\u003e \u003cseparator thickness\u003d\"3\" type\u003d\"Black\"\u003e \u003cstart x\u003d\"19\" y\u003d\"280\"\u003e\u003c/start\u003e \u003cend x\u003d\"19\" y\u003d\"368\"\u003e\u003c/end\u003e \u003c/separator\u003e \u003cseparator thickness\u003d\"3\" type\u003d\"Black\"\u003e \u003cstart x\u003d\"876\" y\u003d\"280\"\u003e\u003c/start\u003e \u003cend x\u003d\"876\" y\u003d\"368\"\u003e\u003c/end\u003e \u003c/separator\u003e \u003c/separatorsbox\u003e \u003c/block\u003e  \u003c/page\u003e     \u003c/document\u003e\u003c/body\u003e\u003c/html\u003e","tags":[{"begin":412,"end":424,"text":"May 30, 2009","tag":"invoice_date","fieldType":"DATE","score":0.7506053087550549,"estimatedAccuracy":0.0},{"begin":450,"end":460,"text":"0007429004","tag":"invoice_number","fieldType":"TEXT","score":0.6601727870505006,"estimatedAccuracy":0.0},{"begin":616,"end":622,"text":"250.00","tag":"price","fieldType":"NUMBER","score":0.5695175899687077,"estimatedAccuracy":0.0},{"begin":651,"end":655,"text":"3.25","tag":"price","fieldType":"NUMBER","score":0.654030544027014,"estimatedAccuracy":0.0},{"begin":714,"end":738,"text":"Prepare design documents","tag":"product","fieldType":"TEXT","score":0.549973472395329,"estimatedAccuracy":0.0},{"begin":750,"end":756,"text":"250.00","tag":"price","fieldType":"NUMBER","score":0.7347208575720086,"estimatedAccuracy":0.0},{"begin":815,"end":866,"text":"Review design documents with client on May 30, 2009","tag":"product","fieldType":"TEXT","score":0.5934632149360322,"estimatedAccuracy":0.0},{"begin":878,"end":884,"text":"250.00","tag":"price","fieldType":"NUMBER","score":0.8256114095533725,"estimatedAccuracy":0.0},{"begin":1423,"end":1432,"text":"14,858.83","tag":"total_amount","fieldType":"NUMBER","score":0.6100885219691154,"estimatedAccuracy":0.0}],"group":"invoice_date|invoice_number|price|product|total_amount","limeExplanation":{},"liblinearFeatureImportance":{}}