{"finalScore":0.7945255036439364,"metaInfo":{"model":{"coreVersion":"10.3.0.39"}},"sumScore":8.7397805400833,"tagsCounter":11.0,"taggedText":"\u003chtml\u003e\u003chead\u003e\u003cscript src\u003d\"https://ajax.googleapis.com/ajax/libs/jquery/2.2.0/jquery.min.js\"\u003e\u003c/script\u003e\u003c/head\u003e\u003cbody\u003e\u003cdocument languages\u003d\"\" producer\u003d\"Workfusion\" schemalocation\u003d\"http://ocr.crowdcomputingsystems.com/xml/schema-v1.xml\" version\u003d\"1.0\" xmlns\u003d\"http://ocr.crowdcomputingsystems.com/xml/schema-v1.xml\" xsi\u003d\"http://www.w3.org/2001/XMLSchema-instance\"\u003e \u003clink href\u003d\"https://s3.amazonaws.com/workfusion-resources/ocr/ocr-xml-viewer-0.3-scale-to-width.css\" rel\u003d\"stylesheet\" type\u003d\"text/css\"\u003e\u003c/link\u003e \u003cstyle\u003e\u003c/style\u003e\u003cpage data-pages\u003d\"1\" h\u003d\"691\" resolution\u003d\"96\" style\u003d\"height: 923px;\" w\u003d\"815\"\u003e \u003cblock b\u003d\"67\" blockname\u003d\"\" blocktype\u003d\"Text\" l\u003d\"59\" r\u003d\"195\" style\u003d\"transform: translate(102px, 26px); position: absolute; width: 234.621px; height: 65px;\" t\u003d\"19\"\u003e \u003cregion\u003e \u003crect b\u003d\"67\" l\u003d\"59\" r\u003d\"195\" t\u003d\"19\"\u003e\u003c/rect\u003e  \u003c/region\u003e  \u003ctext\u003e \u003cpar linespacing\u003d\"1880\"\u003e \u003cline b\u003d\"47\" baseline\u003d\"46\" l\u003d\"61\" r\u003d\"193\" style\u003d\"transform: translate(3px, 3px); position: absolute;\" t\u003d\"21\"\u003e \u003cformatting lang\u003d\"EnglishUnitedStates\"\u003e FreshBooks \u003c/formatting\u003e  \u003c/line\u003e  \u003c/par\u003e  \u003cpar leftindent\u003d\"2700\" linespacing\u003d\"830\"\u003e \u003cline b\u003d\"64\" baseline\u003d\"61\" l\u003d\"95\" r\u003d\"191\" style\u003d\"transform: translate(62px, 42px); position: absolute;\" t\u003d\"50\"\u003e \u003cformatting lang\u003d\"EnglishUnitedStates\"\u003e cloud accounting \u003c/formatting\u003e  \u003c/line\u003e  \u003c/par\u003e  \u003c/text\u003e  \u003c/block\u003e  \u003cblock b\u003d\"113\" blockname\u003d\"\" blocktype\u003d\"Text\" l\u003d\"59\" r\u003d\"737\" style\u003d\"transform: translate(102px, 98px); position: absolute; width: 1169.65px; height: 55.5208px;\" t\u003d\"72\"\u003e \u003cregion\u003e \u003crect b\u003d\"113\" l\u003d\"59\" r\u003d\"737\" t\u003d\"72\"\u003e\u003c/rect\u003e  \u003c/region\u003e  \u003ctext\u003e \u003cpar leftindent\u003d\"4600\" linespacing\u003d\"1500\"\u003e \u003cline b\u003d\"108\" baseline\u003d\"98\" l\u003d\"120\" r\u003d\"194\" style\u003d\"transform: translate(105px, 8px); position: absolute;\" t\u003d\"78\"\u003e \u003cformatting lang\u003d\"EnglishUnitedStates\"\u003e ǀ i . :,u i:S ǀ \u003c/formatting\u003e  \u003c/line\u003e  \u003c/par\u003e  \u003c/text\u003e  \u003c/block\u003e  \u003cblock b\u003d\"138\" blockname\u003d\"\" blocktype\u003d\"Text\" l\u003d\"76\" r\u003d\"462\" style\u003d\"transform: translate(131px, 165px); position: absolute; width: 665.909px; height: 21.6667px;\" t\u003d\"122\"\u003e \u003cregion\u003e \u003crect b\u003d\"138\" l\u003d\"76\" r\u003d\"462\" t\u003d\"122\"\u003e\u003c/rect\u003e  \u003c/region\u003e  \u003ctext\u003e \u003cpar linespacing\u003d\"750\"\u003e \u003cline b\u003d\"135\" baseline\u003d\"133\" l\u003d\"78\" r\u003d\"459\" style\u003d\"transform: translate(3px, 1px); position: absolute;\" t\u003d\"123\"\u003e \u003cformatting lang\u003d\"EnglishUnitedStates\"\u003e All Invoices Unpaid Invoices Payments Account Statement \u003c/formatting\u003e  \u003c/line\u003e  \u003c/par\u003e  \u003c/text\u003e  \u003c/block\u003e  \u003cblock b\u003d\"191\" blockname\u003d\"\" blocktype\u003d\"Text\" l\u003d\"60\" r\u003d\"230\" style\u003d\"transform: translate(104px, 233px); position: absolute; width: 293.276px; height: 25.7292px;\" t\u003d\"172\"\u003e \u003cregion\u003e \u003crect b\u003d\"191\" l\u003d\"60\" r\u003d\"230\" t\u003d\"172\"\u003e\u003c/rect\u003e  \u003c/region\u003e  \u003ctext\u003e \u003cpar linespacing\u003d\"1130\"\u003e \u003cline b\u003d\"188\" baseline\u003d\"188\" l\u003d\"61\" r\u003d\"227\" style\u003d\"transform: translate(2px, 1px); position: absolute;\" t\u003d\"173\"\u003e \u003cformatting lang\u003d\"EnglishUnitedStates\"\u003e lnvoice: 0001549 \u003c/formatting\u003e  \u003c/line\u003e  \u003c/par\u003e  \u003c/text\u003e  \u003c/block\u003e  \u003cblock b\u003d\"191\" blockname\u003d\"\" blocktype\u003d\"Text\" l\u003d\"460\" r\u003d\"727\" style\u003d\"transform: translate(794px, 237px); position: absolute; width: 460.616px; height: 21.6667px;\" t\u003d\"175\"\u003e \u003cregion\u003e \u003crect b\u003d\"191\" l\u003d\"460\" r\u003d\"727\" t\u003d\"175\"\u003e\u003c/rect\u003e  \u003c/region\u003e  \u003ctext\u003e \u003cpar linespacing\u003d\"830\"\u003e \u003cline b\u003d\"188\" baseline\u003d\"186\" l\u003d\"462\" r\u003d\"724\" style\u003d\"transform: translate(3px, 0px); position: absolute;\" t\u003d\"175\"\u003e \u003cformatting lang\u003d\"EnglishUnitedStates\"\u003e PDF ■ Print I Forward I Dispute \u003c/formatting\u003e  \u003c/line\u003e  \u003c/par\u003e  \u003c/text\u003e  \u003c/block\u003e  \u003cblock b\u003d\"289\" blockname\u003d\"\" blocktype\u003d\"Text\" l\u003d\"138\" r\u003d\"224\" style\u003d\"transform: translate(238px, 353px); position: absolute; width: 148.363px; height: 37.9167px;\" t\u003d\"261\"\u003e \u003cregion\u003e \u003crect b\u003d\"289\" l\u003d\"138\" r\u003d\"224\" t\u003d\"261\"\u003e\u003c/rect\u003e  \u003c/region\u003e  \u003ctext\u003e \u003cpar leftindent\u003d\"6000\" linespacing\u003d\"1200\" rightindent\u003d\"38700\"\u003e \u003cline b\u003d\"272\" baseline\u003d\"270\" l\u003d\"139\" r\u003d\"221\" style\u003d\"transform: translate(2px, 1px); position: absolute;\" t\u003d\"262\"\u003e \u003cformatting lang\u003d\"EnglishUnitedStates\"\u003e XYZQ Integration \u003c/formatting\u003e  \u003c/line\u003e  \u003cline b\u003d\"286\" baseline\u003d\"286\" l\u003d\"139\" r\u003d\"204\" style\u003d\"transform: translate(2px, 23px); position: absolute;\" t\u003d\"278\"\u003e \u003cformatting lang\u003d\"EnglishUnitedStates\"\u003e United States \u003c/formatting\u003e  \u003c/line\u003e  \u003c/par\u003e  \u003c/text\u003e  \u003c/block\u003e  \u003cblock b\u003d\"354\" blockname\u003d\"\" blocktype\u003d\"Text\" l\u003d\"309\" r\u003d\"320\" style\u003d\"transform: translate(533px, 456px); position: absolute; width: 18.9767px; height: 23.0208px;\" t\u003d\"337\"\u003e \u003cregion\u003e \u003crect b\u003d\"354\" l\u003d\"309\" r\u003d\"320\" t\u003d\"337\"\u003e\u003c/rect\u003e  \u003c/region\u003e  \u003ctext\u003e \u003cpar align\u003d\"Justified\"\u003e \u003cline b\u003d\"351\" baseline\u003d\"351\" l\u003d\"310\" r\u003d\"317\" style\u003d\"transform: translate(2px, 3px); position: absolute;\" t\u003d\"339\"\u003e \u003cformatting lang\u003d\"EnglishUnitedStates\"\u003e * \u003c/formatting\u003e  \u003c/line\u003e  \u003c/par\u003e  \u003c/text\u003e  \u003c/block\u003e  \u003cblock b\u003d\"481\" blockname\u003d\"\" blocktype\u003d\"Text\" l\u003d\"137\" r\u003d\"223\" style\u003d\"transform: translate(236px, 525px); position: absolute; width: 148.363px; height: 125.938px;\" t\u003d\"388\"\u003e \u003cregion\u003e \u003crect b\u003d\"481\" l\u003d\"137\" r\u003d\"223\" t\u003d\"388\"\u003e\u003c/rect\u003e  \u003c/region\u003e  \u003ctext\u003e \u003cpar linespacing\u003d\"1200\"\u003e \u003cline b\u003d\"400\" baseline\u003d\"398\" l\u003d\"139\" r\u003d\"217\" style\u003d\"transform: translate(3px, 3px); position: absolute;\" t\u003d\"390\"\u003e \u003cformatting lang\u003d\"EnglishUnitedStates\"\u003e Abstonish Designing \u003c/formatting\u003e  \u003c/line\u003e  \u003cline b\u003d\"414\" baseline\u003d\"414\" l\u003d\"139\" r\u003d\"186\" style\u003d\"transform: translate(3px, 24px); position: absolute;\" t\u003d\"406\"\u003e \u003cformatting lang\u003d\"EnglishUnitedStates\"\u003e Robber Woo \u003c/formatting\u003e  \u003c/line\u003e  \u003cline b\u003d\"430\" baseline\u003d\"430\" l\u003d\"140\" r\u003d\"199\" style\u003d\"transform: translate(5px, 45px); position: absolute;\" t\u003d\"421\"\u003e \u003cformatting lang\u003d\"EnglishUnitedStates\"\u003e 10 S. First \u003c/formatting\u003e  \u003c/line\u003e  \u003cline b\u003d\"446\" baseline\u003d\"446\" l\u003d\"139\" r\u003d\"184\" style\u003d\"transform: translate(3px, 66px); position: absolute;\" t\u003d\"437\"\u003e \u003cformatting lang\u003d\"EnglishUnitedStates\"\u003e Suite 1 \u003c/formatting\u003e  \u003c/line\u003e  \u003cline b\u003d\"462\" baseline\u003d\"462\" l\u003d\"139\" r\u003d\"220\" style\u003d\"transform: translate(3px, 88px); position: absolute;\" t\u003d\"453\"\u003e \u003cformatting lang\u003d\"EnglishUnitedStates\"\u003e Austin TX 78704 \u003c/formatting\u003e  \u003c/line\u003e  \u003cline b\u003d\"478\" baseline\u003d\"478\" l\u003d\"139\" r\u003d\"161\" style\u003d\"transform: translate(3px, 110px); position: absolute;\" t\u003d\"469\"\u003e \u003cformatting lang\u003d\"EnglishUnitedStates\"\u003e USA \u003c/formatting\u003e  \u003c/line\u003e  \u003c/par\u003e  \u003c/text\u003e  \u003c/block\u003e  \u003cblock b\u003d\"417\" blockname\u003d\"\" blocktype\u003d\"Text\" l\u003d\"444\" r\u003d\"696\" style\u003d\"transform: translate(766px, 525px); position: absolute; width: 434.739px; height: 39.2708px;\" t\u003d\"388\"\u003e \u003cregion\u003e \u003crect b\u003d\"417\" l\u003d\"444\" r\u003d\"696\" t\u003d\"388\"\u003e\u003c/rect\u003e  \u003c/region\u003e  \u003ctext\u003e \u003cpar align\u003d\"Justified\" linespacing\u003d\"1200\"\u003e \u003cline b\u003d\"398\" baseline\u003d\"398\" l\u003d\"446\" r\u003d\"693\" style\u003d\"transform: translate(3px, 3px); position: absolute;\" t\u003d\"390\"\u003e \u003cformatting lang\u003d\"EnglishUnitedStates\"\u003e invoice# \u003cinvoice_number appendorder\u003d\"2\" class\u003d\"extraction-tag\" confidence\u003d\"1/1\" data-original-title\u003d\"Invoice number\" data-toggle\u003d\"tooltip\" data-value\u003d\"0001549\" fold-name\u003d\"fold3\" score\u003d\"0.7359390861885511\" style\u003d\"background-color: rgb(0, 83, 98);  color: rgb(255, 255, 255);   border: 2px solid rgb(125, 157, 1); \" tagorder\u003d\"1\"\u003e0001549\u003c/invoice_number\u003e \u003c/formatting\u003e  \u003c/line\u003e  \u003c/par\u003e  \u003cpar align\u003d\"Justified\" linespacing\u003d\"1200\"\u003e \u003cline b\u003d\"415\" baseline\u003d\"414\" l\u003d\"446\" r\u003d\"693\" style\u003d\"transform: translate(3px, 23px); position: absolute;\" t\u003d\"405\"\u003e \u003cformatting lang\u003d\"EnglishUnitedStates\"\u003e Invoice Date \u003cinvoice_date appendorder\u003d\"3\" class\u003d\"extraction-tag\" confidence\u003d\"1/1\" data-original-title\u003d\"Invoice date\" data-toggle\u003d\"tooltip\" data-value\u003d\"October 25.2012\" fold-name\u003d\"fold1\" score\u003d\"0.6835152454675045\" style\u003d\"background-color: rgb(17, 18, 43);  color: rgb(255, 255, 255);   border: 2px solid rgb(125, 157, 1); \" tagorder\u003d\"2\"\u003eOctober 25.2012\u003c/invoice_date\u003e \u003c/formatting\u003e  \u003c/line\u003e  \u003c/par\u003e  \u003c/text\u003e  \u003c/block\u003e  \u003cblock b\u003d\"437\" blockname\u003d\"\" blocktype\u003d\"Text\" l\u003d\"446\" r\u003d\"512\" style\u003d\"transform: translate(769px, 576px); position: absolute; width: 113.86px; height: 16.25px;\" t\u003d\"425\"\u003e \u003cregion\u003e \u003crect b\u003d\"437\" l\u003d\"446\" r\u003d\"512\" t\u003d\"425\"\u003e\u003c/rect\u003e  \u003c/region\u003e  \u003ctext\u003e \u003cpar linespacing\u003d\"600\"\u003e \u003cline b\u003d\"434\" baseline\u003d\"434\" l\u003d\"447\" r\u003d\"509\" style\u003d\"transform: translate(2px, 1px); position: absolute;\" t\u003d\"426\"\u003e \u003cformatting lang\u003d\"EnglishUnitedStates\"\u003e Amount Due \u003c/formatting\u003e  \u003c/line\u003e  \u003c/par\u003e  \u003c/text\u003e  \u003c/block\u003e  \u003cblock b\u003d\"439\" blockname\u003d\"\" blocktype\u003d\"Text\" l\u003d\"617\" r\u003d\"695\" style\u003d\"transform: translate(1064px, 576px); position: absolute; width: 134.562px; height: 18.9583px;\" t\u003d\"425\"\u003e \u003cregion\u003e \u003crect b\u003d\"439\" l\u003d\"617\" r\u003d\"695\" t\u003d\"425\"\u003e\u003c/rect\u003e  \u003c/region\u003e  \u003ctext\u003e \u003cpar linespacing\u003d\"600\"\u003e \u003cline b\u003d\"436\" baseline\u003d\"434\" l\u003d\"619\" r\u003d\"692\" style\u003d\"transform: translate(3px, 1px); position: absolute;\" t\u003d\"426\"\u003e \u003cformatting lang\u003d\"EnglishUnitedStates\"\u003e $1,250.00 USD \u003c/formatting\u003e  \u003c/line\u003e  \u003c/par\u003e  \u003c/text\u003e  \u003c/block\u003e  \u003cregion xmlns\u003d\"http://ocr.crowdcomputingsystems.com/xml/schema-v1.xml\"\u003e \u003crect b\u003d\"667\" l\u003d\"93\" r\u003d\"699\" t\u003d\"499\"\u003e\u003c/rect\u003e  \u003c/region\u003e \u003ctable b\u003d\"667\" blockname\u003d\"\" blocktype\u003d\"Table\" l\u003d\"93\" r\u003d\"699\" style\u003d\"transform: translate(160px, 676px); position: absolute; user-select: auto;\" t\u003d\"499\" xmlns\u003d\"\"\u003e \u003ctbody\u003e\u003ctr\u003e \u003ctd bottomborder\u003d\"White\" h\u003d\"32\" leftborder\u003d\"White\" rightborder\u003d\"White\" topborder\u003d\"White\" w\u003d\"103\"\u003e \u003ctext xmlns\u003d\"http://ocr.crowdcomputingsystems.com/xml/schema-v1.xml\"\u003e \u003cpar leftindent\u003d\"800\" linespacing\u003d\"530\"\u003e \u003cline b\u003d\"517\" baseline\u003d\"516\" l\u003d\"104\" r\u003d\"125\" t\u003d\"509\"\u003e \u003cformatting lang\u003d\"EnglishUnitedStates\"\u003e Item \u003c/formatting\u003e  \u003c/line\u003e  \u003c/par\u003e  \u003c/text\u003e  \u003c/td\u003e   \u003ctd bottomborder\u003d\"White\" h\u003d\"32\" leftborder\u003d\"White\" rightborder\u003d\"White\" topborder\u003d\"White\" w\u003d\"225\"\u003e \u003ctext xmlns\u003d\"http://ocr.crowdcomputingsystems.com/xml/schema-v1.xml\"\u003e \u003cpar leftindent\u003d\"800\" linespacing\u003d\"600\"\u003e \u003cline b\u003d\"520\" baseline\u003d\"518\" l\u003d\"206\" r\u003d\"264\" t\u003d\"510\"\u003e \u003cformatting lang\u003d\"EnglishUnitedStates\"\u003e Description \u003c/formatting\u003e  \u003c/line\u003e  \u003c/par\u003e  \u003c/text\u003e  \u003c/td\u003e   \u003ctd bottomborder\u003d\"White\" h\u003d\"32\" leftborder\u003d\"White\" rightborder\u003d\"White\" topborder\u003d\"White\" w\u003d\"62\"\u003e \u003ctext xmlns\u003d\"http://ocr.crowdcomputingsystems.com/xml/schema-v1.xml\"\u003e \u003cpar leftindent\u003d\"1800\" linespacing\u003d\"-1\"\u003e\u003c/par\u003e  \u003c/text\u003e  \u003c/td\u003e   \u003ctd bottomborder\u003d\"White\" h\u003d\"32\" leftborder\u003d\"White\" rightborder\u003d\"White\" topborder\u003d\"White\" w\u003d\"74\"\u003e \u003ctext xmlns\u003d\"http://ocr.crowdcomputingsystems.com/xml/schema-v1.xml\"\u003e \u003cpar align\u003d\"Right\" linespacing\u003d\"600\" rightindent\u003d\"1100\"\u003e \u003cline b\u003d\"517\" baseline\u003d\"516\" l\u003d\"496\" r\u003d\"542\" t\u003d\"508\"\u003e \u003cformatting lang\u003d\"EnglishUnitedStates\"\u003e Unit Cost \u003c/formatting\u003e  \u003c/line\u003e  \u003c/par\u003e  \u003c/text\u003e  \u003c/td\u003e   \u003ctd bottomborder\u003d\"White\" h\u003d\"32\" leftborder\u003d\"White\" rightborder\u003d\"White\" topborder\u003d\"White\" w\u003d\"71\"\u003e \u003ctext xmlns\u003d\"http://ocr.crowdcomputingsystems.com/xml/schema-v1.xml\"\u003e \u003cpar align\u003d\"Right\" linespacing\u003d\"680\" rightindent\u003d\"1400\"\u003e \u003cline b\u003d\"519\" baseline\u003d\"517\" l\u003d\"569\" r\u003d\"610\" t\u003d\"508\"\u003e \u003cformatting lang\u003d\"EnglishUnitedStates\"\u003e Quantity \u003c/formatting\u003e  \u003c/line\u003e  \u003c/par\u003e  \u003c/text\u003e  \u003c/td\u003e   \u003ctd bottomborder\u003d\"White\" h\u003d\"32\" leftborder\u003d\"White\" rightborder\u003d\"White\" topborder\u003d\"White\" w\u003d\"71\"\u003e \u003ctext xmlns\u003d\"http://ocr.crowdcomputingsystems.com/xml/schema-v1.xml\"\u003e \u003cpar align\u003d\"Right\" linespacing\u003d\"680\"\u003e \u003cline b\u003d\"517\" baseline\u003d\"517\" l\u003d\"644\" r\u003d\"691\" t\u003d\"508\"\u003e \u003cformatting lang\u003d\"EnglishUnitedStates\"\u003e Line Total \u003c/formatting\u003e  \u003c/line\u003e  \u003c/par\u003e  \u003c/text\u003e  \u003c/td\u003e   \u003c/tr\u003e \n \u003ctr\u003e \u003ctd bottomborder\u003d\"White\" colspan\u003d\"2\" h\u003d\"20\" leftborder\u003d\"White\" rightborder\u003d\"White\" topborder\u003d\"White\" w\u003d\"328\"\u003e \u003ctext xmlns\u003d\"http://ocr.crowdcomputingsystems.com/xml/schema-v1.xml\"\u003e \u003cpar linespacing\u003d\"600\"\u003e \u003cline b\u003d\"543\" baseline\u003d\"543\" l\u003d\"102\" r\u003d\"275\" t\u003d\"535\"\u003eActive Member Dues National Dues\u003c/line\u003e  \u003c/par\u003e  \u003c/text\u003e  \u003c/td\u003e   \u003ctd bottomborder\u003d\"White\" h\u003d\"20\" leftborder\u003d\"White\" rightborder\u003d\"White\" topborder\u003d\"White\" w\u003d\"62\"\u003e \u003ctext xmlns\u003d\"http://ocr.crowdcomputingsystems.com/xml/schema-v1.xml\"\u003e \u003cpar leftindent\u003d\"1800\" linespacing\u003d\"-1\"\u003e\u003c/par\u003e  \u003c/text\u003e  \u003c/td\u003e   \u003ctd bottomborder\u003d\"White\" h\u003d\"20\" leftborder\u003d\"White\" rightborder\u003d\"White\" topborder\u003d\"White\" w\u003d\"74\"\u003e \u003ctext xmlns\u003d\"http://ocr.crowdcomputingsystems.com/xml/schema-v1.xml\"\u003e \u003cpar align\u003d\"Right\" linespacing\u003d\"600\" rightindent\u003d\"1100\"\u003e \u003cline b\u003d\"543\" baseline\u003d\"543\" l\u003d\"510\" r\u003d\"543\" t\u003d\"535\"\u003e\u003cprice appendorder\u003d\"5\" class\u003d\"extraction-tag\" confidence\u003d\"1/1\" data-original-title\u003d\"construction_type\" data-toggle\u003d\"tooltip\" data-value\u003d\"650.00\" fold-name\u003d\"fold2\" injection\u003d\"true\" referencedatausedininjection\u003d\"manual\" score\u003d\"0.702312182471087\" style\u003d\"background-color: rgb(140, 250, 187);  color: rgb(0, 0, 0);   border: 2px solid rgb(125, 157, 1); \" tagorder\u003d\"8712535\"\u003e650.00\u003c/price\u003e\u003c/line\u003e  \u003c/par\u003e  \u003c/text\u003e  \u003c/td\u003e   \u003ctd bottomborder\u003d\"White\" h\u003d\"20\" leftborder\u003d\"White\" rightborder\u003d\"White\" topborder\u003d\"White\" w\u003d\"71\"\u003e \u003ctext xmlns\u003d\"http://ocr.crowdcomputingsystems.com/xml/schema-v1.xml\"\u003e \u003cpar align\u003d\"Right\" linespacing\u003d\"680\" rightindent\u003d\"1400\"\u003e \u003cline b\u003d\"543\" baseline\u003d\"544\" l\u003d\"606\" r\u003d\"610\" t\u003d\"535\"\u003e\u003cquantity appendorder\u003d\"5\" class\u003d\"extraction-tag\" confidence\u003d\"1/1\" data-original-title\u003d\"construction_type\" data-toggle\u003d\"tooltip\" data-value\u003d\"1\" fold-name\u003d\"fold3\" injection\u003d\"true\" referencedatausedininjection\u003d\"manual\" score\u003d\"0.7873066936928682\" style\u003d\"background-color: rgb(11, 47, 140);  color: rgb(255, 255, 255);   border: 2px solid rgb(125, 157, 1); \" tagorder\u003d\"2828122\"\u003e1\u003c/quantity\u003e\u003c/line\u003e  \u003c/par\u003e  \u003c/text\u003e  \u003c/td\u003e   \u003ctd bottomborder\u003d\"White\" h\u003d\"20\" leftborder\u003d\"White\" rightborder\u003d\"White\" topborder\u003d\"White\" w\u003d\"71\"\u003e \u003ctext xmlns\u003d\"http://ocr.crowdcomputingsystems.com/xml/schema-v1.xml\"\u003e \u003cpar align\u003d\"Right\" linespacing\u003d\"600\"\u003e \u003cline b\u003d\"543\" baseline\u003d\"543\" l\u003d\"660\" r\u003d\"693\" t\u003d\"535\"\u003e \u003cformatting lang\u003d\"EnglishUnitedStates\"\u003e 650.00 \u003c/formatting\u003e  \u003c/line\u003e  \u003c/par\u003e  \u003c/text\u003e  \u003c/td\u003e   \u003c/tr\u003e \n \u003ctr\u003e \u003ctd bottomborder\u003d\"White\" h\u003d\"22\" leftborder\u003d\"White\" rightborder\u003d\"White\" topborder\u003d\"White\" w\u003d\"103\"\u003e \u003ctext xmlns\u003d\"http://ocr.crowdcomputingsystems.com/xml/schema-v1.xml\"\u003e \u003cpar leftindent\u003d\"800\" linespacing\u003d\"600\"\u003e \u003cline b\u003d\"567\" baseline\u003d\"565\" l\u003d\"103\" r\u003d\"186\" t\u003d\"557\"\u003e \u003cformatting lang\u003d\"EnglishUnitedStates\"\u003e TX Chapter Duos \u003c/formatting\u003e  \u003c/line\u003e  \u003c/par\u003e  \u003c/text\u003e  \u003c/td\u003e   \u003ctd bottomborder\u003d\"White\" h\u003d\"22\" leftborder\u003d\"White\" rightborder\u003d\"White\" topborder\u003d\"White\" w\u003d\"225\"\u003e \u003ctext xmlns\u003d\"http://ocr.crowdcomputingsystems.com/xml/schema-v1.xml\"\u003e \u003cpar leftindent\u003d\"800\" linespacing\u003d\"600\"\u003e \u003cline b\u003d\"567\" baseline\u003d\"565\" l\u003d\"207\" r\u003d\"274\" t\u003d\"557\"\u003e\u003cproduct appendorder\u003d\"5\" class\u003d\"extraction-tag\" confidence\u003d\"1/1\" data-original-title\u003d\"construction_type\" data-toggle\u003d\"tooltip\" data-value\u003d\"Chapter Dues\" fold-name\u003d\"fold4\" injection\u003d\"true\" referencedatausedininjection\u003d\"manual\" score\u003d\"0.8574713931745456\" style\u003d\"background-color: rgb(78, 135, 105);  color: rgb(0, 0, 0);   border: 2px solid rgb(125, 157, 1); \" tagorder\u003d\"6906222\"\u003eChapter Dues\u003c/product\u003e\u003c/line\u003e  \u003c/par\u003e  \u003c/text\u003e  \u003c/td\u003e   \u003ctd bottomborder\u003d\"White\" h\u003d\"22\" leftborder\u003d\"White\" rightborder\u003d\"White\" topborder\u003d\"White\" w\u003d\"62\"\u003e \u003ctext xmlns\u003d\"http://ocr.crowdcomputingsystems.com/xml/schema-v1.xml\"\u003e \u003cpar leftindent\u003d\"1800\" linespacing\u003d\"-1\"\u003e\u003c/par\u003e  \u003c/text\u003e  \u003c/td\u003e   \u003ctd bottomborder\u003d\"White\" h\u003d\"22\" leftborder\u003d\"White\" rightborder\u003d\"White\" topborder\u003d\"White\" w\u003d\"74\"\u003e \u003ctext xmlns\u003d\"http://ocr.crowdcomputingsystems.com/xml/schema-v1.xml\"\u003e \u003cpar align\u003d\"Right\" linespacing\u003d\"600\" rightindent\u003d\"1100\"\u003e \u003cline b\u003d\"565\" baseline\u003d\"565\" l\u003d\"510\" r\u003d\"543\" t\u003d\"557\"\u003e\u003cprice appendorder\u003d\"5\" class\u003d\"extraction-tag\" confidence\u003d\"1/1\" data-original-title\u003d\"construction_type\" data-toggle\u003d\"tooltip\" data-value\u003d\"350.00\" fold-name\u003d\"fold2\" injection\u003d\"true\" referencedatausedininjection\u003d\"manual\" score\u003d\"0.7578172352395997\" style\u003d\"background-color: rgb(140, 250, 187);  color: rgb(0, 0, 0);   border: 2px solid rgb(125, 157, 1); \" tagorder\u003d\"7145012\"\u003e350.00\u003c/price\u003e\u003c/line\u003e  \u003c/par\u003e  \u003c/text\u003e  \u003c/td\u003e   \u003ctd bottomborder\u003d\"White\" h\u003d\"22\" leftborder\u003d\"White\" rightborder\u003d\"White\" topborder\u003d\"White\" w\u003d\"71\"\u003e \u003ctext xmlns\u003d\"http://ocr.crowdcomputingsystems.com/xml/schema-v1.xml\"\u003e \u003cpar align\u003d\"Right\" linespacing\u003d\"680\" rightindent\u003d\"1400\"\u003e \u003cline b\u003d\"565\" baseline\u003d\"566\" l\u003d\"606\" r\u003d\"610\" t\u003d\"557\"\u003e\u003cquantity appendorder\u003d\"5\" class\u003d\"extraction-tag\" confidence\u003d\"1/1\" data-original-title\u003d\"construction_type\" data-toggle\u003d\"tooltip\" data-value\u003d\"1\" fold-name\u003d\"fold3\" injection\u003d\"true\" referencedatausedininjection\u003d\"manual\" score\u003d\"0.7934989379206965\" style\u003d\"background-color: rgb(11, 47, 140);  color: rgb(255, 255, 255);   border: 2px solid rgb(125, 157, 1); \" tagorder\u003d\"2814405\"\u003e1\u003c/quantity\u003e\u003c/line\u003e  \u003c/par\u003e  \u003c/text\u003e  \u003c/td\u003e   \u003ctd bottomborder\u003d\"White\" h\u003d\"22\" leftborder\u003d\"White\" rightborder\u003d\"White\" topborder\u003d\"White\" w\u003d\"71\"\u003e \u003ctext xmlns\u003d\"http://ocr.crowdcomputingsystems.com/xml/schema-v1.xml\"\u003e \u003cpar align\u003d\"Right\" linespacing\u003d\"600\"\u003e \u003cline b\u003d\"565\" baseline\u003d\"565\" l\u003d\"660\" r\u003d\"693\" t\u003d\"557\"\u003e \u003cformatting lang\u003d\"EnglishUnitedStates\"\u003e 350.00 \u003c/formatting\u003e  \u003c/line\u003e  \u003c/par\u003e  \u003c/text\u003e  \u003c/td\u003e   \u003c/tr\u003e \n \u003ctr\u003e \u003ctd bottomborder\u003d\"White\" h\u003d\"78\" leftborder\u003d\"White\" rightborder\u003d\"White\" topborder\u003d\"White\" w\u003d\"103\"\u003e \u003ctext xmlns\u003d\"http://ocr.crowdcomputingsystems.com/xml/schema-v1.xml\"\u003e \u003cpar leftindent\u003d\"800\" linespacing\u003d\"600\"\u003e \u003cline b\u003d\"588\" baseline\u003d\"587\" l\u003d\"103\" r\u003d\"146\" t\u003d\"579\"\u003e \u003cformatting lang\u003d\"EnglishUnitedStates\"\u003e Donation \u003c/formatting\u003e  \u003c/line\u003e  \u003c/par\u003e  \u003c/text\u003e  \u003c/td\u003e   \u003ctd bottomborder\u003d\"White\" h\u003d\"78\" leftborder\u003d\"White\" rightborder\u003d\"White\" topborder\u003d\"White\" w\u003d\"225\"\u003e \u003ctext xmlns\u003d\"http://ocr.crowdcomputingsystems.com/xml/schema-v1.xml\"\u003e \u003cpar leftindent\u003d\"800\" linespacing\u003d\"1200\" rightindent\u003d\"2000\"\u003e \u003cline b\u003d\"589\" baseline\u003d\"587\" l\u003d\"207\" r\u003d\"326\" t\u003d\"579\"\u003e\u003cproduct appendorder\u003d\"5\" class\u003d\"extraction-tag\" confidence\u003d\"1/1\" data-original-title\u003d\"construction_type\" data-toggle\u003d\"tooltip\" data-value\u003d\"Click to update donation\" fold-name\u003d\"fold4\" injection\u003d\"true\" referencedatausedininjection\u003d\"manual\" score\u003d\"0.8754374004918568\" style\u003d\"background-color: rgb(78, 135, 105);  color: rgb(0, 0, 0);   border: 2px solid rgb(125, 157, 1); \" tagorder\u003d\"6566597\"\u003eClick to update donation\u003c/product\u003e\u003c/line\u003e  \u003c/par\u003e  \u003c/text\u003e  \u003c/td\u003e   \u003ctd bottomborder\u003d\"White\" h\u003d\"78\" leftborder\u003d\"White\" rightborder\u003d\"White\" topborder\u003d\"White\" w\u003d\"62\"\u003e \u003ctext xmlns\u003d\"http://ocr.crowdcomputingsystems.com/xml/schema-v1.xml\"\u003e \u003cpar leftindent\u003d\"1800\" linespacing\u003d\"-1\"\u003e\u003c/par\u003e  \u003c/text\u003e  \u003c/td\u003e   \u003ctd bottomborder\u003d\"White\" h\u003d\"78\" leftborder\u003d\"White\" rightborder\u003d\"White\" topborder\u003d\"White\" w\u003d\"74\"\u003e \u003ctext xmlns\u003d\"http://ocr.crowdcomputingsystems.com/xml/schema-v1.xml\"\u003e \u003cpar align\u003d\"Right\" linespacing\u003d\"680\" rightindent\u003d\"1100\"\u003e \u003cline b\u003d\"588\" baseline\u003d\"588\" l\u003d\"510\" r\u003d\"543\" t\u003d\"579\"\u003e\u003cprice appendorder\u003d\"5\" class\u003d\"extraction-tag\" confidence\u003d\"1/1\" data-original-title\u003d\"construction_type\" data-toggle\u003d\"tooltip\" data-value\u003d\"250.00\" fold-name\u003d\"fold2\" injection\u003d\"true\" referencedatausedininjection\u003d\"manual\" score\u003d\"0.7890233591651483\" style\u003d\"background-color: rgb(140, 250, 187);  color: rgb(0, 0, 0);   border: 2px solid rgb(125, 157, 1); \" tagorder\u003d\"8405523\"\u003e250.00\u003c/price\u003e\u003c/line\u003e  \u003c/par\u003e  \u003c/text\u003e  \u003c/td\u003e   \u003ctd bottomborder\u003d\"White\" h\u003d\"78\" leftborder\u003d\"White\" rightborder\u003d\"White\" topborder\u003d\"White\" w\u003d\"71\"\u003e \u003ctext xmlns\u003d\"http://ocr.crowdcomputingsystems.com/xml/schema-v1.xml\"\u003e \u003cpar align\u003d\"Right\" linespacing\u003d\"600\" rightindent\u003d\"1400\"\u003e \u003cline b\u003d\"587\" baseline\u003d\"588\" l\u003d\"606\" r\u003d\"610\" t\u003d\"580\"\u003e\u003cquantity appendorder\u003d\"5\" class\u003d\"extraction-tag\" confidence\u003d\"1/1\" data-original-title\u003d\"construction_type\" data-toggle\u003d\"tooltip\" data-value\u003d\"1\" fold-name\u003d\"fold3\" injection\u003d\"true\" referencedatausedininjection\u003d\"manual\" score\u003d\"0.8532807835376222\" style\u003d\"background-color: rgb(11, 47, 140);  color: rgb(255, 255, 255);   border: 2px solid rgb(125, 157, 1); \" tagorder\u003d\"4039004\"\u003e1\u003c/quantity\u003e\u003c/line\u003e  \u003c/par\u003e  \u003c/text\u003e  \u003c/td\u003e   \u003ctd bottomborder\u003d\"White\" h\u003d\"78\" leftborder\u003d\"White\" rightborder\u003d\"White\" topborder\u003d\"White\" w\u003d\"71\"\u003e \u003ctext xmlns\u003d\"http://ocr.crowdcomputingsystems.com/xml/schema-v1.xml\"\u003e \u003cpar align\u003d\"Right\" linespacing\u003d\"680\"\u003e \u003cline b\u003d\"588\" baseline\u003d\"588\" l\u003d\"660\" r\u003d\"693\" t\u003d\"579\"\u003e \u003cformatting lang\u003d\"EnglishUnitedStates\"\u003e 250.00 \u003c/formatting\u003e  \u003c/line\u003e  \u003c/par\u003e  \u003c/text\u003e  \u003c/td\u003e   \u003c/tr\u003e \n \u003ctr\u003e \u003ctd bottomborder\u003d\"White\" h\u003d\"16\" leftborder\u003d\"White\" rightborder\u003d\"White\" topborder\u003d\"White\" w\u003d\"103\"\u003e \u003ctext xmlns\u003d\"http://ocr.crowdcomputingsystems.com/xml/schema-v1.xml\"\u003e \u003cpar leftindent\u003d\"800\" linespacing\u003d\"-1\"\u003e\u003c/par\u003e  \u003c/text\u003e  \u003c/td\u003e   \u003ctd bottomborder\u003d\"White\" h\u003d\"16\" leftborder\u003d\"White\" rightborder\u003d\"White\" topborder\u003d\"White\" w\u003d\"225\"\u003e \u003ctext xmlns\u003d\"http://ocr.crowdcomputingsystems.com/xml/schema-v1.xml\"\u003e \u003cpar leftindent\u003d\"800\" linespacing\u003d\"-1\"\u003e\u003c/par\u003e  \u003c/text\u003e  \u003c/td\u003e   \u003ctd bottomborder\u003d\"White\" h\u003d\"16\" leftborder\u003d\"White\" rightborder\u003d\"White\" topborder\u003d\"White\" w\u003d\"62\"\u003e \u003ctext xmlns\u003d\"http://ocr.crowdcomputingsystems.com/xml/schema-v1.xml\"\u003e \u003cpar align\u003d\"Right\" linespacing\u003d\"600\" rightindent\u003d\"1000\"\u003e \u003cline b\u003d\"663\" baseline\u003d\"663\" l\u003d\"445\" r\u003d\"470\" t\u003d\"655\"\u003e \u003cformatting lang\u003d\"EnglishUnitedStates\"\u003e Total \u003c/formatting\u003e  \u003c/line\u003e  \u003c/par\u003e  \u003c/text\u003e  \u003c/td\u003e   \u003ctd bottomborder\u003d\"White\" h\u003d\"16\" leftborder\u003d\"White\" rightborder\u003d\"White\" topborder\u003d\"White\" w\u003d\"74\"\u003e \u003ctext xmlns\u003d\"http://ocr.crowdcomputingsystems.com/xml/schema-v1.xml\"\u003e \u003cpar leftindent\u003d\"1000\" linespacing\u003d\"-1\"\u003e\u003c/par\u003e  \u003c/text\u003e  \u003c/td\u003e   \u003ctd bottomborder\u003d\"White\" h\u003d\"16\" leftborder\u003d\"White\" rightborder\u003d\"White\" topborder\u003d\"White\" w\u003d\"71\"\u003e \u003ctext xmlns\u003d\"http://ocr.crowdcomputingsystems.com/xml/schema-v1.xml\"\u003e \u003cpar leftindent\u003d\"900\" linespacing\u003d\"-1\"\u003e\u003c/par\u003e  \u003c/text\u003e  \u003c/td\u003e   \u003ctd bottomborder\u003d\"White\" h\u003d\"16\" leftborder\u003d\"White\" rightborder\u003d\"White\" topborder\u003d\"White\" w\u003d\"71\"\u003e \u003ctext xmlns\u003d\"http://ocr.crowdcomputingsystems.com/xml/schema-v1.xml\"\u003e \u003cpar align\u003d\"Right\" linespacing\u003d\"600\"\u003e \u003cline b\u003d\"664\" baseline\u003d\"663\" l\u003d\"652\" r\u003d\"693\" t\u003d\"655\"\u003e \u003cformatting lang\u003d\"EnglishUnitedStates\"\u003e \u003ctotal_amount appendorder\u003d\"5\" class\u003d\"extraction-tag\" confidence\u003d\"1/1\" data-original-title\u003d\"Total amount\" data-toggle\u003d\"tooltip\" data-value\u003d\"1,250.00\" fold-name\u003d\"fold4\" score\u003d\"0.9041782227338198\" style\u003d\"background-color: rgb(27, 182, 226);  color: rgb(0, 0, 0);   border: 2px solid rgb(125, 157, 1); \" tagorder\u003d\"4\"\u003e1,250.00\u003c/total_amount\u003e \u003c/formatting\u003e  \u003c/line\u003e  \u003c/par\u003e  \u003c/text\u003e  \u003c/td\u003e   \u003c/tr\u003e \n \u003c/tbody\u003e\u003c/table\u003e\n \u003cblock b\u003d\"682\" blockname\u003d\"\" blocktype\u003d\"Text\" l\u003d\"444\" r\u003d\"696\" style\u003d\"transform: translate(766px, 907px); position: absolute; width: 434.739px; height: 16.25px;\" t\u003d\"670\"\u003e \u003cregion\u003e \u003crect b\u003d\"682\" l\u003d\"444\" r\u003d\"696\" t\u003d\"670\"\u003e\u003c/rect\u003e  \u003c/region\u003e  \u003ctext\u003e \u003cpar align\u003d\"Justified\" linespacing\u003d\"600\"\u003e \u003cline b\u003d\"679\" baseline\u003d\"679\" l\u003d\"445\" r\u003d\"693\" style\u003d\"transform: translate(2px, 1px); position: absolute;\" t\u003d\"671\"\u003e \u003cformatting lang\u003d\"EnglishUnitedStates\"\u003e Amount Paid -0.00 \u003c/formatting\u003e  \u003c/line\u003e  \u003c/par\u003e  \u003c/text\u003e  \u003c/block\u003e  \u003cblock b\u003d\"606\" blockname\u003d\"\" blocktype\u003d\"Separator\" class\u003d\"hidden\" l\u003d\"207\" r\u003d\"397\" style\u003d\"transform: translate(357px, 818px); position: absolute;\" t\u003d\"604\"\u003e \u003cregion\u003e \u003crect b\u003d\"606\" l\u003d\"207\" r\u003d\"397\" t\u003d\"604\"\u003e\u003c/rect\u003e  \u003c/region\u003e  \u003cseparator thickness\u003d\"2\" type\u003d\"Black\"\u003e \u003cstart x\u003d\"207\" y\u003d\"605\"\u003e\u003c/start\u003e \u003cend x\u003d\"397\" y\u003d\"605\"\u003e\u003c/end\u003e \u003c/separator\u003e \u003c/block\u003e  \u003cblock b\u003d\"622\" blockname\u003d\"\" blocktype\u003d\"Separator\" l\u003d\"207\" r\u003d\"371\" style\u003d\"transform: translate(357px, 841px); position: absolute;\" t\u003d\"621\"\u003e \u003cregion\u003e \u003crect b\u003d\"622\" l\u003d\"207\" r\u003d\"371\" t\u003d\"621\"\u003e\u003c/rect\u003e  \u003c/region\u003e  \u003cseparator thickness\u003d\"1\" type\u003d\"Black\"\u003e \u003cstart x\u003d\"207\" y\u003d\"621\"\u003e\u003c/start\u003e \u003cend x\u003d\"371\" y\u003d\"621\"\u003e\u003c/end\u003e \u003c/separator\u003e \u003c/block\u003e  \u003cblock b\u003d\"683\" blockname\u003d\"\" blocktype\u003d\"Separator\" l\u003d\"0\" r\u003d\"328\" style\u003d\"transform: translate(0px, 924px); position: absolute;\" t\u003d\"682\"\u003e \u003cregion\u003e \u003crect b\u003d\"683\" l\u003d\"0\" r\u003d\"328\" t\u003d\"682\"\u003e\u003c/rect\u003e  \u003c/region\u003e  \u003cseparator thickness\u003d\"1\" type\u003d\"Black\"\u003e \u003cstart x\u003d\"0\" y\u003d\"682\"\u003e\u003c/start\u003e \u003cend x\u003d\"328\" y\u003d\"682\"\u003e\u003c/end\u003e \u003c/separator\u003e \u003c/block\u003e  \u003cblock b\u003d\"683\" blockname\u003d\"\" blocktype\u003d\"Separator\" l\u003d\"456\" r\u003d\"497\" style\u003d\"transform: translate(787px, 924px); position: absolute;\" t\u003d\"682\"\u003e \u003cregion\u003e \u003crect b\u003d\"683\" l\u003d\"456\" r\u003d\"497\" t\u003d\"682\"\u003e\u003c/rect\u003e  \u003c/region\u003e  \u003cseparator thickness\u003d\"1\" type\u003d\"Black\"\u003e \u003cstart x\u003d\"456\" y\u003d\"682\"\u003e\u003c/start\u003e \u003cend x\u003d\"497\" y\u003d\"682\"\u003e\u003c/end\u003e \u003c/separator\u003e \u003c/block\u003e  \u003cblock b\u003d\"683\" blockname\u003d\"\" blocktype\u003d\"Separator\" l\u003d\"561\" r\u003d\"815\" style\u003d\"transform: translate(968px, 924px); position: absolute;\" t\u003d\"682\"\u003e \u003cregion\u003e \u003crect b\u003d\"683\" l\u003d\"561\" r\u003d\"815\" t\u003d\"682\"\u003e\u003c/rect\u003e  \u003c/region\u003e  \u003cseparator thickness\u003d\"1\" type\u003d\"Black\"\u003e \u003cstart x\u003d\"561\" y\u003d\"682\"\u003e\u003c/start\u003e \u003cend x\u003d\"815\" y\u003d\"682\"\u003e\u003c/end\u003e \u003c/separator\u003e \u003c/block\u003e  \u003cblock b\u003d\"108\" blockname\u003d\"\" blocktype\u003d\"Text\" l\u003d\"63\" r\u003d\"120\" style\u003d\"transform: translate(109px, 107px); position: absolute; width: 98.3337px; height: 39.2708px;\" t\u003d\"79\"\u003e \u003cregion\u003e \u003crect b\u003d\"108\" l\u003d\"63\" r\u003d\"120\" t\u003d\"79\"\u003e\u003c/rect\u003e  \u003c/region\u003e  \u003ctext\u003e \u003cpar linespacing\u003d\"-1\"\u003e\u003c/par\u003e  \u003c/text\u003e  \u003c/block\u003e  \u003cblock b\u003d\"195\" blockname\u003d\"\" blocktype\u003d\"Text\" class\u003d\"hidden\" l\u003d\"518\" r\u003d\"582\" style\u003d\"transform: translate(894px, 232px); position: absolute; width: 110.41px; height: 32.5px;\" t\u003d\"171\"\u003e \u003cregion\u003e \u003crect b\u003d\"195\" l\u003d\"518\" r\u003d\"582\" t\u003d\"171\"\u003e\u003c/rect\u003e  \u003c/region\u003e  \u003ctext\u003e \u003cpar linespacing\u003d\"-1\"\u003e\u003c/par\u003e  \u003c/text\u003e  \u003c/block\u003e  \u003cblock b\u003d\"195\" blockname\u003d\"\" blocktype\u003d\"Text\" class\u003d\"hidden\" l\u003d\"593\" r\u003d\"659\" style\u003d\"transform: translate(1023px, 232px); position: absolute; width: 113.86px; height: 32.5px;\" t\u003d\"171\"\u003e \u003cregion\u003e \u003crect b\u003d\"195\" l\u003d\"593\" r\u003d\"659\" t\u003d\"171\"\u003e\u003c/rect\u003e  \u003c/region\u003e  \u003ctext\u003e \u003cpar linespacing\u003d\"-1\"\u003e\u003c/par\u003e  \u003c/text\u003e  \u003c/block\u003e  \u003cblock b\u003d\"195\" blockname\u003d\"\" blocktype\u003d\"Text\" class\u003d\"hidden\" l\u003d\"670\" r\u003d\"734\" style\u003d\"transform: translate(1156px, 232px); position: absolute; width: 110.41px; height: 32.5px;\" t\u003d\"171\"\u003e \u003cregion\u003e \u003crect b\u003d\"195\" l\u003d\"670\" r\u003d\"734\" t\u003d\"171\"\u003e\u003c/rect\u003e  \u003c/region\u003e  \u003ctext\u003e \u003cpar linespacing\u003d\"-1\"\u003e\u003c/par\u003e  \u003c/text\u003e  \u003c/block\u003e  \u003cblock b\u003d\"533\" blockname\u003d\"\" blocktype\u003d\"Text\" class\u003d\"hidden\" l\u003d\"95\" r\u003d\"702\" style\u003d\"transform: translate(164px, 676px); position: absolute; width: 1047.17px; height: 46.0417px;\" t\u003d\"499\"\u003e \u003cregion\u003e \u003crect b\u003d\"533\" l\u003d\"95\" r\u003d\"702\" t\u003d\"499\"\u003e\u003c/rect\u003e  \u003c/region\u003e  \u003ctext\u003e \u003cpar align\u003d\"Justified\" linespacing\u003d\"680\"\u003e \u003cline b\u003d\"520\" baseline\u003d\"517\" l\u003d\"104\" r\u003d\"692\" style\u003d\"transform: translate(16px, 12px); position: absolute;\" t\u003d\"508\"\u003e \u003cformatting lang\u003d\"EnglishUnitedStates\"\u003e Item Description Unit Cost Quantity Line Total \u003c/formatting\u003e  \u003c/line\u003e  \u003c/par\u003e  \u003c/text\u003e  \u003c/block\u003e  \u003cblock b\u003d\"113\" blockname\u003d\"\" blocktype\u003d\"Text\" class\u003d\"hidden\" l\u003d\"189\" r\u003d\"737\" style\u003d\"transform: translate(326px, 103px); position: absolute; width: 945.384px; height: 50.1042px;\" t\u003d\"76\"\u003e \u003cregion\u003e \u003crect b\u003d\"113\" l\u003d\"189\" r\u003d\"737\" t\u003d\"76\"\u003e\u003c/rect\u003e  \u003c/region\u003e  \u003ctext\u003e \u003cpar linespacing\u003d\"-1\"\u003e\u003c/par\u003e  \u003c/text\u003e  \u003c/block\u003e  \u003cblock b\u003d\"200\" blockname\u003d\"\" blocktype\u003d\"Text\" class\u003d\"hidden\" l\u003d\"439\" r\u003d\"738\" style\u003d\"transform: translate(757px, 228px); position: absolute; width: 515.821px; height: 43.3333px;\" t\u003d\"168\"\u003e \u003cregion\u003e \u003crect b\u003d\"200\" l\u003d\"439\" r\u003d\"738\" t\u003d\"168\"\u003e\u003c/rect\u003e  \u003c/region\u003e  \u003ctext\u003e \u003cpar linespacing\u003d\"-1\"\u003e\u003c/par\u003e  \u003c/text\u003e  \u003c/block\u003e  \u003cblock b\u003d\"446\" blockname\u003d\"\" blocktype\u003d\"Text\" class\u003d\"hidden\" l\u003d\"440\" r\u003d\"701\" style\u003d\"transform: translate(759px, 565px); position: absolute; width: 450.265px; height: 39.2708px;\" t\u003d\"417\"\u003e \u003cregion\u003e \u003crect b\u003d\"446\" l\u003d\"440\" r\u003d\"701\" t\u003d\"417\"\u003e\u003c/rect\u003e  \u003c/region\u003e  \u003ctext\u003e \u003cpar align\u003d\"Justified\" linespacing\u003d\"600\"\u003e \u003cline b\u003d\"435\" baseline\u003d\"434\" l\u003d\"447\" r\u003d\"692\" style\u003d\"transform: translate(12px, 12px); position: absolute;\" t\u003d\"426\"\u003e \u003cformatting lang\u003d\"EnglishUnitedStates\"\u003e Amount Due $1,250.00 USD \u003c/formatting\u003e  \u003c/line\u003e  \u003c/par\u003e  \u003c/text\u003e  \u003c/block\u003e  \u003cblock b\u003d\"145\" blockname\u003d\"\" blocktype\u003d\"Text\" class\u003d\"hidden\" l\u003d\"68\" r\u003d\"152\" style\u003d\"transform: translate(117px, 156px); position: absolute; width: 144.913px; height: 40.625px;\" t\u003d\"115\"\u003e \u003cregion\u003e \u003crect b\u003d\"145\" l\u003d\"68\" r\u003d\"152\" t\u003d\"115\"\u003e\u003c/rect\u003e  \u003c/region\u003e  \u003ctext\u003e \u003cpar leftindent\u003d\"800\" linespacing\u003d\"750\"\u003e \u003cline b\u003d\"133\" baseline\u003d\"133\" l\u003d\"78\" r\u003d\"140\" style\u003d\"transform: translate(17px, 11px); position: absolute;\" t\u003d\"123\"\u003e \u003cformatting lang\u003d\"EnglishUnitedStates\"\u003e All Invoices \u003c/formatting\u003e  \u003c/line\u003e  \u003c/par\u003e  \u003c/text\u003e  \u003c/block\u003e  \u003cblock b\u003d\"113\" blockname\u003d\"\" blocktype\u003d\"Text\" class\u003d\"hidden\" l\u003d\"59\" r\u003d\"125\" style\u003d\"transform: translate(102px, 103px); position: absolute; width: 113.86px; height: 50.1042px;\" t\u003d\"76\"\u003e \u003cregion\u003e \u003crect b\u003d\"113\" l\u003d\"59\" r\u003d\"125\" t\u003d\"76\"\u003e\u003c/rect\u003e  \u003c/region\u003e  \u003ctext\u003e \u003cpar linespacing\u003d\"-1\"\u003e\u003c/par\u003e  \u003c/text\u003e  \u003c/block\u003e  \u003c/page\u003e             \u003c/document\u003e\u003c/body\u003e\u003c/html\u003e","tags":[{"begin":480,"end":487,"text":"0001549","tag":"invoice_number","fieldType":"TEXT","score":0.7359390861885511,"estimatedAccuracy":0.0},{"begin":510,"end":525,"text":"October 25.2012","tag":"invoice_date","fieldType":"DATE","score":0.6835152454675045,"estimatedAccuracy":0.0},{"begin":803,"end":809,"text":"650.00","tag":"price","fieldType":"NUMBER","score":0.702312182471087,"estimatedAccuracy":0.0},{"begin":821,"end":822,"text":"1","tag":"quantity","fieldType":"NUMBER","score":0.7873066936928682,"estimatedAccuracy":0.0},{"begin":893,"end":905,"text":"Chapter Dues","tag":"product","fieldType":"TEXT","score":0.8574713931745456,"estimatedAccuracy":0.0},{"begin":926,"end":932,"text":"350.00","tag":"price","fieldType":"NUMBER","score":0.7578172352395997,"estimatedAccuracy":0.0},{"begin":944,"end":945,"text":"1","tag":"quantity","fieldType":"NUMBER","score":0.7934989379206965,"estimatedAccuracy":0.0},{"begin":1009,"end":1033,"text":"Click to update donation","tag":"product","fieldType":"TEXT","score":0.8754374004918568,"estimatedAccuracy":0.0},{"begin":1054,"end":1060,"text":"250.00","tag":"price","fieldType":"NUMBER","score":0.7890233591651483,"estimatedAccuracy":0.0},{"begin":1072,"end":1073,"text":"1","tag":"quantity","fieldType":"NUMBER","score":0.8532807835376222,"estimatedAccuracy":0.0},{"begin":1172,"end":1180,"text":"1,250.00","tag":"total_amount","fieldType":"NUMBER","score":0.9041782227338198,"estimatedAccuracy":0.0}],"group":"invoice_date|invoice_number|price|product|quantity|total_amount","limeExplanation":{},"liblinearFeatureImportance":{}}