{"finalScore":0.627464161339489,"metaInfo":{"model":{"coreVersion":"10.3.0.39"}},"sumScore":6.902105774734379,"tagsCounter":11.0,"taggedText":"\u003chtml\u003e\u003chead\u003e\u003cscript src\u003d\"https://ajax.googleapis.com/ajax/libs/jquery/2.2.0/jquery.min.js\"\u003e\u003c/script\u003e\u003c/head\u003e\u003cbody\u003e\u003cdocument languages\u003d\"\" producer\u003d\"Workfusion\" schemalocation\u003d\"http://ocr.crowdcomputingsystems.com/xml/schema-v1.xml\" version\u003d\"1.0\" xmlns\u003d\"http://ocr.crowdcomputingsystems.com/xml/schema-v1.xml\" xsi\u003d\"http://www.w3.org/2001/XMLSchema-instance\"\u003e \u003clink href\u003d\"https://s3.amazonaws.com/workfusion-resources/ocr/ocr-xml-viewer-0.3-scale-to-width.css\" rel\u003d\"stylesheet\" type\u003d\"text/css\"\u003e\u003c/link\u003e \u003cstyle\u003e\u003c/style\u003e\u003cpage data-pages\u003d\"1\" h\u003d\"630\" resolution\u003d\"96\" style\u003d\"height: 513px;\" w\u003d\"640\"\u003e \u003cblock b\u003d\"131\" blockname\u003d\"\" blocktype\u003d\"Text\" l\u003d\"457\" r\u003d\"581\" style\u003d\"transform: translate(1004px, 111px); position: absolute; width: 272.413px; height: 66.3542px;\" t\u003d\"82\"\u003e \u003cregion\u003e \u003crect b\u003d\"131\" l\u003d\"457\" r\u003d\"581\" t\u003d\"82\"\u003e\u003c/rect\u003e  \u003c/region\u003e  \u003ctext\u003e \u003cpar linespacing\u003d\"1430\"\u003e \u003cline b\u003d\"103\" baseline\u003d\"103\" l\u003d\"459\" r\u003d\"525\" style\u003d\"transform: translate(4px, 3px); position: absolute;\" t\u003d\"84\"\u003e \u003cformatting lang\u003d\"EnglishUnitedStates\"\u003e JUST \u003c/formatting\u003e  \u003c/line\u003e  \u003c/par\u003e  \u003cpar linespacing\u003d\"1430\"\u003e \u003cline b\u003d\"128\" baseline\u003d\"128\" l\u003d\"460\" r\u003d\"578\" style\u003d\"transform: translate(7px, 37px); position: absolute;\" t\u003d\"109\"\u003e \u003cformatting lang\u003d\"EnglishUnitedStates\"\u003e CREATIVE \u003c/formatting\u003e  \u003c/line\u003e  \u003c/par\u003e  \u003c/text\u003e  \u003c/block\u003e  \u003cblock b\u003d\"124\" blockname\u003d\"\" blocktype\u003d\"Text\" l\u003d\"57\" r\u003d\"124\" style\u003d\"transform: translate(125px, 88px); position: absolute; width: 147.191px; height: 79.8958px;\" t\u003d\"65\"\u003e \u003cregion\u003e \u003crect b\u003d\"124\" l\u003d\"57\" r\u003d\"124\" t\u003d\"65\"\u003e\u003c/rect\u003e  \u003c/region\u003e  \u003ctext\u003e \u003cpar linespacing\u003d\"825\"\u003e \u003cline b\u003d\"74\" baseline\u003d\"74\" l\u003d\"59\" r\u003d\"121\" style\u003d\"transform: translate(4px, 1px); position: absolute;\" t\u003d\"66\"\u003e \u003cformatting lang\u003d\"EnglishUnitedStates\"\u003e Just Creative \u003c/formatting\u003e  \u003c/line\u003e  \u003cline b\u003d\"86\" baseline\u003d\"86\" l\u003d\"59\" r\u003d\"116\" style\u003d\"transform: translate(4px, 18px); position: absolute;\" t\u003d\"78\"\u003e \u003cformatting lang\u003d\"EnglishUnitedStates\"\u003e PO Box 170 \u003c/formatting\u003e  \u003c/line\u003e  \u003cline b\u003d\"98\" baseline\u003d\"98\" l\u003d\"59\" r\u003d\"90\" style\u003d\"transform: translate(4px, 33px); position: absolute;\" t\u003d\"89\"\u003e \u003cformatting lang\u003d\"EnglishUnitedStates\"\u003e Cardiff \u003c/formatting\u003e  \u003c/line\u003e  \u003cline b\u003d\"109\" baseline\u003d\"109\" l\u003d\"59\" r\u003d\"113\" style\u003d\"transform: translate(4px, 49px); position: absolute;\" t\u003d\"101\"\u003e \u003cformatting lang\u003d\"EnglishUnitedStates\"\u003e NSW 2285 \u003c/formatting\u003e  \u003c/line\u003e  \u003cline b\u003d\"121\" baseline\u003d\"121\" l\u003d\"59\" r\u003d\"100\" style\u003d\"transform: translate(4px, 65px); position: absolute;\" t\u003d\"113\"\u003e \u003cformatting lang\u003d\"EnglishUnitedStates\"\u003e Australia \u003c/formatting\u003e  \u003c/line\u003e  \u003c/par\u003e  \u003c/text\u003e  \u003c/block\u003e  \u003cblock b\u003d\"227\" blockname\u003d\"\" blocktype\u003d\"Text\" l\u003d\"58\" r\u003d\"167\" style\u003d\"transform: translate(127px, 228px); position: absolute; width: 239.459px; height: 79.8958px;\" t\u003d\"168\"\u003e \u003cregion\u003e \u003crect b\u003d\"227\" l\u003d\"58\" r\u003d\"167\" t\u003d\"168\"\u003e\u003c/rect\u003e  \u003c/region\u003e  \u003ctext\u003e \u003cpar linespacing\u003d\"825\"\u003e \u003cline b\u003d\"180\" baseline\u003d\"177\" l\u003d\"59\" r\u003d\"158\" style\u003d\"transform: translate(2px, 1px); position: absolute;\" t\u003d\"169\"\u003e \u003cformatting lang\u003d\"EnglishUnitedStates\"\u003e Sample Organization \u003c/formatting\u003e  \u003c/line\u003e  \u003cline b\u003d\"189\" baseline\u003d\"189\" l\u003d\"59\" r\u003d\"112\" style\u003d\"transform: translate(2px, 18px); position: absolute;\" t\u003d\"181\"\u003e \u003cformatting lang\u003d\"EnglishUnitedStates\"\u003e John Smith \u003c/formatting\u003e  \u003c/line\u003e  \u003cline b\u003d\"201\" baseline\u003d\"201\" l\u003d\"59\" r\u003d\"146\" style\u003d\"transform: translate(2px, 33px); position: absolute;\" t\u003d\"192\"\u003e \u003cformatting lang\u003d\"EnglishUnitedStates\"\u003e 2790 Dufferin Ave. \u003c/formatting\u003e  \u003c/line\u003e  \u003cline b\u003d\"212\" baseline\u003d\"212\" l\u003d\"59\" r\u003d\"164\" style\u003d\"transform: translate(2px, 49px); position: absolute;\" t\u003d\"204\"\u003e \u003cformatting lang\u003d\"EnglishUnitedStates\"\u003e Toronto ON M6B 3R7 \u003c/formatting\u003e  \u003c/line\u003e  \u003cline b\u003d\"224\" baseline\u003d\"224\" l\u003d\"59\" r\u003d\"96\" style\u003d\"transform: translate(2px, 65px); position: absolute;\" t\u003d\"216\"\u003e \u003cformatting lang\u003d\"EnglishUnitedStates\"\u003e Canada \u003c/formatting\u003e  \u003c/line\u003e  \u003c/par\u003e  \u003c/text\u003e  \u003c/block\u003e  \u003cblock b\u003d\"167\" blockname\u003d\"\" blocktype\u003d\"Text\" l\u003d\"497\" r\u003d\"581\" style\u003d\"transform: translate(1092px, 211px); position: absolute; width: 184.537px; height: 14.8958px;\" t\u003d\"156\"\u003e \u003cregion\u003e \u003crect b\u003d\"167\" l\u003d\"497\" r\u003d\"581\" t\u003d\"156\"\u003e\u003c/rect\u003e  \u003c/region\u003e  \u003ctext\u003e \u003cpar linespacing\u003d\"530\"\u003e \u003cline b\u003d\"164\" baseline\u003d\"164\" l\u003d\"499\" r\u003d\"578\" style\u003d\"transform: translate(4px, 1px); position: absolute;\" t\u003d\"157\"\u003e \u003cformatting lang\u003d\"EnglishUnitedStates\"\u003e ABN: 32517150981 \u003c/formatting\u003e  \u003c/line\u003e  \u003c/par\u003e  \u003c/text\u003e  \u003c/block\u003e  \u003cregion xmlns\u003d\"http://ocr.crowdcomputingsystems.com/xml/schema-v1.xml\"\u003e \u003crect b\u003d\"219\" l\u003d\"349\" r\u003d\"581\" t\u003d\"171\"\u003e\u003c/rect\u003e  \u003c/region\u003e \u003ctable b\u003d\"219\" blockname\u003d\"\" blocktype\u003d\"Table\" l\u003d\"349\" r\u003d\"581\" style\u003d\"transform: translate(767px, 232px); position: absolute; user-select: auto;\" t\u003d\"171\" xmlns\u003d\"\"\u003e \u003ctbody\u003e\u003ctr\u003e \u003ctd h\u003d\"16\" w\u003d\"115\"\u003e \u003ctext xmlns\u003d\"http://ocr.crowdcomputingsystems.com/xml/schema-v1.xml\"\u003e \u003cpar linespacing\u003d\"530\"\u003e \u003cline b\u003d\"182\" baseline\u003d\"182\" l\u003d\"351\" r\u003d\"392\" t\u003d\"175\"\u003e \u003cformatting lang\u003d\"EnglishUnitedStates\"\u003e Invoice #: \u003c/formatting\u003e  \u003c/line\u003e  \u003c/par\u003e  \u003c/text\u003e  \u003c/td\u003e   \u003ctd h\u003d\"16\" w\u003d\"117\"\u003e \u003ctext xmlns\u003d\"http://ocr.crowdcomputingsystems.com/xml/schema-v1.xml\"\u003e \u003cpar align\u003d\"Right\" linespacing\u003d\"530\"\u003e \u003cline b\u003d\"182\" baseline\u003d\"182\" l\u003d\"542\" r\u003d\"576\" t\u003d\"175\"\u003e \u003cformatting lang\u003d\"EnglishUnitedStates\"\u003e \u003cinvoice_number appendorder\u003d\"7\" class\u003d\"extraction-tag\" confidence\u003d\"1/1\" data-original-title\u003d\"Invoice number\" data-toggle\u003d\"tooltip\" data-value\u003d\"0000001\" fold-name\u003d\"fold1\" score\u003d\"0.6030185671843399\" style\u003d\"background-color: rgb(0, 83, 98);  color: rgb(255, 255, 255);   border: 2px solid rgb(125, 157, 1); \" tagorder\u003d\"5\"\u003e0000001\u003c/invoice_number\u003e \u003c/formatting\u003e  \u003c/line\u003e  \u003c/par\u003e  \u003c/text\u003e  \u003c/td\u003e   \u003c/tr\u003e \n \u003ctr\u003e \u003ctd h\u003d\"15\" w\u003d\"115\"\u003e \u003ctext xmlns\u003d\"http://ocr.crowdcomputingsystems.com/xml/schema-v1.xml\"\u003e \u003cpar linespacing\u003d\"450\"\u003e \u003cline b\u003d\"197\" baseline\u003d\"197\" l\u003d\"351\" r\u003d\"372\" t\u003d\"191\"\u003e \u003cformatting lang\u003d\"EnglishUnitedStates\"\u003e Dato: \u003c/formatting\u003e  \u003c/line\u003e  \u003c/par\u003e  \u003c/text\u003e  \u003c/td\u003e   \u003ctd h\u003d\"15\" w\u003d\"117\"\u003e \u003ctext xmlns\u003d\"http://ocr.crowdcomputingsystems.com/xml/schema-v1.xml\"\u003e \u003cpar align\u003d\"Right\" linespacing\u003d\"530\"\u003e \u003cline b\u003d\"199\" baseline\u003d\"197\" l\u003d\"511\" r\u003d\"577\" t\u003d\"190\"\u003e \u003cformatting lang\u003d\"EnglishUnitedStates\"\u003e \u003cinvoice_date appendorder\u003d\"8\" class\u003d\"extraction-tag\" confidence\u003d\"1/1\" data-original-title\u003d\"Invoice date\" data-toggle\u003d\"tooltip\" data-value\u003d\"August 23. 2008\" fold-name\u003d\"fold1\" score\u003d\"0.77117579034517\" style\u003d\"background-color: rgb(17, 18, 43);  color: rgb(255, 255, 255);   border: 2px solid rgb(125, 157, 1); \" tagorder\u003d\"6\"\u003eAugust 23. 2008\u003c/invoice_date\u003e \u003c/formatting\u003e  \u003c/line\u003e  \u003c/par\u003e  \u003c/text\u003e  \u003c/td\u003e   \u003c/tr\u003e \n \u003ctr\u003e \u003ctd h\u003d\"17\" w\u003d\"115\"\u003e \u003ctext xmlns\u003d\"http://ocr.crowdcomputingsystems.com/xml/schema-v1.xml\"\u003e \u003cpar linespacing\u003d\"530\"\u003e \u003cline b\u003d\"213\" baseline\u003d\"213\" l\u003d\"351\" r\u003d\"429\" t\u003d\"206\"\u003e \u003cformatting lang\u003d\"EnglishUnitedStates\"\u003e Amount Due AUD: \u003c/formatting\u003e  \u003c/line\u003e  \u003c/par\u003e  \u003c/text\u003e  \u003c/td\u003e   \u003ctd h\u003d\"17\" w\u003d\"117\"\u003e \u003ctext xmlns\u003d\"http://ocr.crowdcomputingsystems.com/xml/schema-v1.xml\"\u003e \u003cpar align\u003d\"Right\" linespacing\u003d\"530\"\u003e \u003cline b\u003d\"214\" baseline\u003d\"213\" l\u003d\"545\" r\u003d\"577\" t\u003d\"206\"\u003e \u003cformatting lang\u003d\"EnglishUnitedStates\"\u003e $\u003ctotal_amount class\u003d\"extraction-tag\" data-value\u003d\"323.90\" fold-name\u003d\"fold4\" ml-tagorder\u003d\"8107318\" score\u003d\"0.5384800311405382\" tagorder\u003d\"8107318\"\u003e323.90\u003c/total_amount\u003e \u003c/formatting\u003e  \u003c/line\u003e  \u003c/par\u003e  \u003c/text\u003e  \u003c/td\u003e   \u003c/tr\u003e \n \u003c/tbody\u003e\u003c/table\u003e\n \u003cregion xmlns\u003d\"http://ocr.crowdcomputingsystems.com/xml/schema-v1.xml\"\u003e \u003crect b\u003d\"558\" l\u003d\"59\" r\u003d\"581\" t\u003d\"255\"\u003e\u003c/rect\u003e  \u003c/region\u003e \u003ctable b\u003d\"558\" blockname\u003d\"\" blocktype\u003d\"Table\" l\u003d\"59\" r\u003d\"581\" style\u003d\"transform: translate(130px, 345px); position: absolute; user-select: auto;\" t\u003d\"255\" xmlns\u003d\"\"\u003e \u003ctbody\u003e\u003ctr\u003e \u003ctd h\u003d\"25\" w\u003d\"79\"\u003e \u003ctext xmlns\u003d\"http://ocr.crowdcomputingsystems.com/xml/schema-v1.xml\"\u003e \u003cpar align\u003d\"Center\" leftindent\u003d\"200\" linespacing\u003d\"530\"\u003e \u003cline b\u003d\"271\" baseline\u003d\"271\" l\u003d\"88\" r\u003d\"106\" t\u003d\"264\"\u003e \u003cformatting lang\u003d\"EnglishUnitedStates\"\u003e Itom \u003c/formatting\u003e  \u003c/line\u003e  \u003c/par\u003e  \u003c/text\u003e  \u003c/td\u003e   \u003ctd colspan\u003d\"2\" h\u003d\"25\" w\u003d\"258\"\u003e \u003ctext xmlns\u003d\"http://ocr.crowdcomputingsystems.com/xml/schema-v1.xml\"\u003e \u003cpar align\u003d\"Center\" leftindent\u003d\"200\" linespacing\u003d\"530\"\u003e \u003cline b\u003d\"272\" baseline\u003d\"271\" l\u003d\"241\" r\u003d\"290\" t\u003d\"264\"\u003e \u003cformatting lang\u003d\"EnglishUnitedStates\"\u003e Description \u003c/formatting\u003e  \u003c/line\u003e  \u003c/par\u003e  \u003c/text\u003e  \u003c/td\u003e   \u003ctd h\u003d\"25\" w\u003d\"70\"\u003e \u003ctext xmlns\u003d\"http://ocr.crowdcomputingsystems.com/xml/schema-v1.xml\"\u003e \u003cpar align\u003d\"Right\" linespacing\u003d\"530\"\u003e \u003cline b\u003d\"273\" baseline\u003d\"271\" l\u003d\"403\" r\u003d\"457\" t\u003d\"264\"\u003e \u003cformatting lang\u003d\"EnglishUnitedStates\"\u003e Unit Cost (S) \u003c/formatting\u003e  \u003c/line\u003e  \u003c/par\u003e  \u003c/text\u003e  \u003c/td\u003e   \u003ctd h\u003d\"25\" w\u003d\"44\"\u003e \u003ctext xmlns\u003d\"http://ocr.crowdcomputingsystems.com/xml/schema-v1.xml\"\u003e \u003cpar linespacing\u003d\"530\"\u003e \u003cline b\u003d\"273\" baseline\u003d\"271\" l\u003d\"469\" r\u003d\"505\" t\u003d\"264\"\u003e \u003cformatting lang\u003d\"EnglishUnitedStates\"\u003e Quantity \u003c/formatting\u003e  \u003c/line\u003e  \u003c/par\u003e  \u003c/text\u003e  \u003c/td\u003e   \u003ctd h\u003d\"25\" w\u003d\"71\"\u003e \u003ctext xmlns\u003d\"http://ocr.crowdcomputingsystems.com/xml/schema-v1.xml\"\u003e \u003cpar align\u003d\"Center\" leftindent\u003d\"200\" linespacing\u003d\"530\"\u003e \u003cline b\u003d\"273\" baseline\u003d\"271\" l\u003d\"527\" r\u003d\"562\" t\u003d\"264\"\u003e \u003cformatting lang\u003d\"EnglishUnitedStates\"\u003e Price (!) \u003c/formatting\u003e  \u003c/line\u003e  \u003c/par\u003e  \u003c/text\u003e  \u003c/td\u003e   \u003c/tr\u003e \n \u003ctr\u003e \u003ctd bottomborder\u003d\"White\" h\u003d\"93\" rightborder\u003d\"White\" w\u003d\"79\"\u003e \u003ctext xmlns\u003d\"http://ocr.crowdcomputingsystems.com/xml/schema-v1.xml\"\u003e \u003cpar linespacing\u003d\"530\"\u003e \u003cline b\u003d\"291\" baseline\u003d\"291\" l\u003d\"67\" r\u003d\"96\" t\u003d\"284\"\u003e \u003cformatting lang\u003d\"EnglishUnitedStates\"\u003e Service \u003c/formatting\u003e  \u003c/line\u003e  \u003c/par\u003e  \u003cpar linespacing\u003d\"530\"\u003e \u003cline b\u003d\"306\" baseline\u003d\"306\" l\u003d\"67\" r\u003d\"97\" t\u003d\"299\"\u003e \u003cformatting lang\u003d\"EnglishUnitedStates\"\u003e Product \u003c/formatting\u003e  \u003c/line\u003e  \u003c/par\u003e  \u003c/text\u003e  \u003c/td\u003e   \u003ctd bottomborder\u003d\"White\" h\u003d\"93\" leftborder\u003d\"White\" rightborder\u003d\"White\" w\u003d\"183\"\u003e \u003ctext xmlns\u003d\"http://ocr.crowdcomputingsystems.com/xml/schema-v1.xml\"\u003e \u003cpar linespacing\u003d\"1050\"\u003e \u003cline b\u003d\"292\" baseline\u003d\"291\" l\u003d\"138\" r\u003d\"295\" t\u003d\"284\"\u003e\u003cproduct class\u003d\"extraction-tag\" data-value\u003d\"Sample invoice for two hours of service     Sample product Item     A case of Doer\" fold-name\u003d\"fold3\" ml-tagorder\u003d\"8107319\" score\u003d\"0.588924609294253\" tagorder\u003d\"8107319\"\u003eSample invoice for two hours of service\u003c/product\u003e\u003c/line\u003e  \u003c/par\u003e  \u003cpar linespacing\u003d\"1050\"\u003e \u003cline b\u003d\"307\" baseline\u003d\"306\" l\u003d\"138\" r\u003d\"220\" t\u003d\"299\"\u003e\u003cproduct class\u003d\"extraction-tag\" data-value\u003d\"Sample invoice for two hours of service     Sample product Item     A case of Doer\" fold-name\u003d\"fold3\" ml-tagorder\u003d\"8107319\" score\u003d\"0.588924609294253\" tagorder\u003d\"8107319\"\u003eSample product Item\u003c/product\u003e\u003c/line\u003e  \u003c/par\u003e  \u003cpar linespacing\u003d\"1050\"\u003e \u003cline b\u003d\"321\" baseline\u003d\"320\" l\u003d\"138\" r\u003d\"196\" t\u003d\"314\"\u003e\u003cproduct class\u003d\"extraction-tag\" data-value\u003d\"Sample invoice for two hours of service     Sample product Item     A case of Doer\" fold-name\u003d\"fold3\" ml-tagorder\u003d\"8107319\" score\u003d\"0.588924609294253\" tagorder\u003d\"8107319\"\u003eA case of Doer\u003c/product\u003e\u003c/line\u003e  \u003c/par\u003e  \u003c/text\u003e  \u003c/td\u003e   \u003ctd bottomborder\u003d\"White\" h\u003d\"93\" leftborder\u003d\"White\" rightborder\u003d\"White\" w\u003d\"75\"\u003e \u003ctext xmlns\u003d\"http://ocr.crowdcomputingsystems.com/xml/schema-v1.xml\"\u003e \u003cpar linespacing\u003d\"-1\"\u003e\u003c/par\u003e  \u003c/text\u003e  \u003c/td\u003e   \u003ctd bottomborder\u003d\"White\" h\u003d\"93\" leftborder\u003d\"White\" rightborder\u003d\"White\" w\u003d\"70\"\u003e \u003ctext xmlns\u003d\"http://ocr.crowdcomputingsystems.com/xml/schema-v1.xml\"\u003e \u003cpar align\u003d\"Right\" linespacing\u003d\"1125\"\u003e \u003cline b\u003d\"291\" baseline\u003d\"291\" l\u003d\"431\" r\u003d\"457\" t\u003d\"284\"\u003e\u003cquantity class\u003d\"extraction-tag\" data-value\u003d\"100\" fold-name\u003d\"fold4\" ml-tagorder\u003d\"8107320\" score\u003d\"0.6596844281030244\" tagorder\u003d\"8107320\"\u003e100\u003c/quantity\u003e \u003cquantity class\u003d\"extraction-tag\" data-value\u003d\"00\" fold-name\u003d\"fold4\" ml-tagorder\u003d\"8107321\" score\u003d\"0.6348348363017339\" tagorder\u003d\"8107321\"\u003e00\u003c/quantity\u003e\u003c/line\u003e  \u003c/par\u003e  \u003cpar align\u003d\"Right\" linespacing\u003d\"1125\"\u003e \u003cline b\u003d\"306\" baseline\u003d\"306\" l\u003d\"440\" r\u003d\"457\" t\u003d\"299\"\u003e999\u003c/line\u003e  \u003c/par\u003e  \u003cpar align\u003d\"Right\" linespacing\u003d\"1125\"\u003e \u003cline b\u003d\"321\" baseline\u003d\"321\" l\u003d\"440\" r\u003d\"457\" t\u003d\"313\"\u003e\u003cprice appendorder\u003d\"5\" class\u003d\"extraction-tag\" confidence\u003d\"1/1\" data-original-title\u003d\"construction_type\" data-toggle\u003d\"tooltip\" data-value\u003d\"100\" fold-name\u003d\"fold1\" injection\u003d\"true\" referencedatausedininjection\u003d\"manual\" score\u003d\"0.6998997613175301\" style\u003d\"background-color: rgb(140, 250, 187);  color: rgb(0, 0, 0);   border: 2px solid rgb(125, 157, 1); \" tagorder\u003d\"2737230\"\u003e100\u003c/price\u003e\u003c/line\u003e  \u003c/par\u003e  \u003c/text\u003e  \u003c/td\u003e   \u003ctd bottomborder\u003d\"White\" h\u003d\"93\" leftborder\u003d\"White\" rightborder\u003d\"White\" w\u003d\"44\"\u003e \u003ctext xmlns\u003d\"http://ocr.crowdcomputingsystems.com/xml/schema-v1.xml\"\u003e \u003cpar align\u003d\"Center\" leftindent\u003d\"100\" linespacing\u003d\"1125\"\u003e \u003cline b\u003d\"291\" baseline\u003d\"292\" l\u003d\"485\" r\u003d\"490\" t\u003d\"284\"\u003e\u003cquantity appendorder\u003d\"5\" class\u003d\"extraction-tag\" confidence\u003d\"1/1\" data-original-title\u003d\"construction_type\" data-toggle\u003d\"tooltip\" data-value\u003d\"2\" fold-name\u003d\"fold4\" injection\u003d\"true\" referencedatausedininjection\u003d\"manual\" score\u003d\"0.5154651585705344\" style\u003d\"background-color: rgb(11, 47, 140);  color: rgb(255, 255, 255);   border: 2px solid rgb(125, 157, 1); \" tagorder\u003d\"3547935\"\u003e2\u003c/quantity\u003e\u003c/line\u003e  \u003c/par\u003e  \u003cpar align\u003d\"Center\" leftindent\u003d\"100\" linespacing\u003d\"1125\"\u003e \u003cline b\u003d\"306\" baseline\u003d\"306\" l\u003d\"484\" r\u003d\"493\" t\u003d\"299\"\u003e\u003cquantity appendorder\u003d\"5\" class\u003d\"extraction-tag\" confidence\u003d\"1/1\" data-original-title\u003d\"construction_type\" data-toggle\u003d\"tooltip\" data-value\u003d\"10\" fold-name\u003d\"fold4\" injection\u003d\"true\" referencedatausedininjection\u003d\"manual\" score\u003d\"0.6729937551033299\" style\u003d\"background-color: rgb(11, 47, 140);  color: rgb(255, 255, 255);   border: 2px solid rgb(125, 157, 1); \" tagorder\u003d\"8107316\"\u003e10\u003c/quantity\u003e\u003c/line\u003e  \u003c/par\u003e  \u003cpar align\u003d\"Center\" leftindent\u003d\"100\" linespacing\u003d\"1125\"\u003e \u003cline b\u003d\"321\" baseline\u003d\"320\" l\u003d\"483\" r\u003d\"492\" t\u003d\"314\"\u003e\u003cquantity appendorder\u003d\"5\" class\u003d\"extraction-tag\" confidence\u003d\"1/1\" data-original-title\u003d\"construction_type\" data-toggle\u003d\"tooltip\" data-value\u003d\"24\" fold-name\u003d\"fold4\" injection\u003d\"true\" referencedatausedininjection\u003d\"manual\" score\u003d\"0.6755516712724029\" style\u003d\"background-color: rgb(11, 47, 140);  color: rgb(255, 255, 255);   border: 2px solid rgb(125, 157, 1); \" tagorder\u003d\"1856890\"\u003e24\u003c/quantity\u003e\u003c/line\u003e  \u003c/par\u003e  \u003c/text\u003e  \u003c/td\u003e   \u003ctd bottomborder\u003d\"White\" h\u003d\"93\" leftborder\u003d\"White\" w\u003d\"71\"\u003e \u003ctext xmlns\u003d\"http://ocr.crowdcomputingsystems.com/xml/schema-v1.xml\"\u003e \u003cpar align\u003d\"Right\" linespacing\u003d\"1125\"\u003e \u003cline b\u003d\"291\" baseline\u003d\"291\" l\u003d\"545\" r\u003d\"572\" t\u003d\"284\"\u003e \u003cformatting lang\u003d\"EnglishUnitedStates\"\u003e 200 00 \u003c/formatting\u003e  \u003c/line\u003e  \u003c/par\u003e  \u003cpar align\u003d\"Right\" linespacing\u003d\"1125\"\u003e \u003cline b\u003d\"306\" baseline\u003d\"306\" l\u003d\"550\" r\u003d\"572\" t\u003d\"299\"\u003e \u003cformatting lang\u003d\"EnglishUnitedStates\"\u003e 99 90 \u003c/formatting\u003e  \u003c/line\u003e  \u003c/par\u003e  \u003cpar align\u003d\"Right\" linespacing\u003d\"1125\"\u003e \u003cline b\u003d\"321\" baseline\u003d\"321\" l\u003d\"550\" r\u003d\"572\" t\u003d\"314\"\u003e \u003cformatting lang\u003d\"EnglishUnitedStates\"\u003e 24 00 \u003c/formatting\u003e  \u003c/line\u003e  \u003c/par\u003e  \u003c/text\u003e  \u003c/td\u003e   \u003c/tr\u003e \n \u003ctr\u003e \u003ctd colspan\u003d\"6\" h\u003d\"78\" topborder\u003d\"White\" w\u003d\"522\"\u003e \u003ctext xmlns\u003d\"http://ocr.crowdcomputingsystems.com/xml/schema-v1.xml\"\u003e \u003cpar leftindent\u003d\"3300\" linespacing\u003d\"825\" startindent\u003d\"-3300\"\u003e \u003cline b\u003d\"434\" baseline\u003d\"432\" l\u003d\"67\" r\u003d\"571\" t\u003d\"425\"\u003e \u003cformatting lang\u003d\"EnglishUnitedStates\"\u003e NOTES: This is a sample invo\u0026gt;co. To remove \u0026lt; go to \u0027List of Invoices\u0027 select the invoice and dick the UELETE\u0027 button at the \u003c/formatting\u003e  \u003c/line\u003e  \u003cline b\u003d\"445\" baseline\u003d\"444\" l\u003d\"103\" r\u003d\"156\" t\u003d\"437\"\u003e \u003cformatting lang\u003d\"EnglishUnitedStates\"\u003e top of the list \u003c/formatting\u003e  \u003c/line\u003e  \u003c/par\u003e  \u003c/text\u003e  \u003c/td\u003e   \u003c/tr\u003e \n \u003ctr\u003e \u003ctd bottomborder\u003d\"White\" h\u003d\"16\" rightborder\u003d\"White\" w\u003d\"79\"\u003e \u003ctext xmlns\u003d\"http://ocr.crowdcomputingsystems.com/xml/schema-v1.xml\"\u003e \u003cpar linespacing\u003d\"-1\"\u003e\u003c/par\u003e  \u003c/text\u003e  \u003c/td\u003e   \u003ctd bottomborder\u003d\"White\" h\u003d\"16\" leftborder\u003d\"White\" w\u003d\"183\"\u003e \u003ctext xmlns\u003d\"http://ocr.crowdcomputingsystems.com/xml/schema-v1.xml\"\u003e \u003cpar linespacing\u003d\"-1\"\u003e\u003c/par\u003e  \u003c/text\u003e  \u003c/td\u003e   \u003ctd h\u003d\"16\" rightborder\u003d\"White\" w\u003d\"75\"\u003e \u003ctext xmlns\u003d\"http://ocr.crowdcomputingsystems.com/xml/schema-v1.xml\"\u003e \u003cpar linespacing\u003d\"-1\"\u003e\u003c/par\u003e  \u003c/text\u003e  \u003c/td\u003e   \u003ctd colspan\u003d\"2\" h\u003d\"16\" leftborder\u003d\"White\" rightborder\u003d\"White\" w\u003d\"114\"\u003e \u003ctext xmlns\u003d\"http://ocr.crowdcomputingsystems.com/xml/schema-v1.xml\"\u003e \u003cpar align\u003d\"Right\" linespacing\u003d\"530\" rightindent\u003d\"1400\"\u003e \u003cline b\u003d\"462\" baseline\u003d\"462\" l\u003d\"453\" r\u003d\"491\" t\u003d\"455\"\u003e \u003cformatting lang\u003d\"EnglishUnitedStates\"\u003e Subtotal \u003c/formatting\u003e  \u003c/line\u003e  \u003c/par\u003e  \u003c/text\u003e  \u003c/td\u003e   \u003ctd h\u003d\"16\" leftborder\u003d\"White\" w\u003d\"71\"\u003e \u003ctext xmlns\u003d\"http://ocr.crowdcomputingsystems.com/xml/schema-v1.xml\"\u003e \u003cpar align\u003d\"Right\" linespacing\u003d\"530\"\u003e \u003cline b\u003d\"462\" baseline\u003d\"462\" l\u003d\"545\" r\u003d\"572\" t\u003d\"455\"\u003e \u003cformatting lang\u003d\"EnglishUnitedStates\"\u003e 323 90 \u003c/formatting\u003e  \u003c/line\u003e  \u003c/par\u003e  \u003c/text\u003e  \u003c/td\u003e   \u003c/tr\u003e \n \u003ctr\u003e \u003ctd bottomborder\u003d\"White\" h\u003d\"32\" rightborder\u003d\"White\" topborder\u003d\"White\" w\u003d\"79\"\u003e \u003ctext xmlns\u003d\"http://ocr.crowdcomputingsystems.com/xml/schema-v1.xml\"\u003e \u003cpar linespacing\u003d\"-1\"\u003e\u003c/par\u003e  \u003c/text\u003e  \u003c/td\u003e   \u003ctd bottomborder\u003d\"White\" h\u003d\"32\" leftborder\u003d\"White\" topborder\u003d\"White\" w\u003d\"183\"\u003e \u003ctext xmlns\u003d\"http://ocr.crowdcomputingsystems.com/xml/schema-v1.xml\"\u003e \u003cpar linespacing\u003d\"-1\"\u003e\u003c/par\u003e  \u003c/text\u003e  \u003c/td\u003e   \u003ctd h\u003d\"32\" rightborder\u003d\"White\" w\u003d\"75\"\u003e \u003ctext xmlns\u003d\"http://ocr.crowdcomputingsystems.com/xml/schema-v1.xml\"\u003e \u003cpar linespacing\u003d\"-1\"\u003e\u003c/par\u003e  \u003c/text\u003e  \u003c/td\u003e   \u003ctd colspan\u003d\"2\" h\u003d\"32\" leftborder\u003d\"White\" rightborder\u003d\"White\" w\u003d\"114\"\u003e \u003ctext xmlns\u003d\"http://ocr.crowdcomputingsystems.com/xml/schema-v1.xml\"\u003e \u003cpar align\u003d\"Right\" linespacing\u003d\"450\" rightindent\u003d\"1400\"\u003e \u003cline b\u003d\"477\" baseline\u003d\"477\" l\u003d\"468\" r\u003d\"491\" t\u003d\"471\"\u003e \u003cformatting lang\u003d\"EnglishUnitedStates\"\u003e Total: \u003c/formatting\u003e  \u003c/line\u003e  \u003c/par\u003e  \u003cpar align\u003d\"Right\" linespacing\u003d\"530\" rightindent\u003d\"1400\"\u003e \u003cline b\u003d\"492\" baseline\u003d\"492\" l\u003d\"432\" r\u003d\"491\" t\u003d\"485\"\u003e \u003cformatting lang\u003d\"EnglishUnitedStates\"\u003e Amount Pald: \u003c/formatting\u003e  \u003c/line\u003e  \u003c/par\u003e  \u003c/text\u003e  \u003c/td\u003e   \u003ctd h\u003d\"32\" leftborder\u003d\"White\" w\u003d\"71\"\u003e \u003ctext xmlns\u003d\"http://ocr.crowdcomputingsystems.com/xml/schema-v1.xml\"\u003e \u003cpar align\u003d\"Right\" linespacing\u003d\"450\"\u003e \u003cline b\u003d\"477\" baseline\u003d\"477\" l\u003d\"545\" r\u003d\"572\" t\u003d\"471\"\u003e \u003cformatting lang\u003d\"EnglishUnitedStates\"\u003e 323.90 \u003c/formatting\u003e  \u003c/line\u003e  \u003c/par\u003e  \u003cpar align\u003d\"Right\" linespacing\u003d\"530\"\u003e \u003cline b\u003d\"492\" baseline\u003d\"492\" l\u003d\"552\" r\u003d\"572\" t\u003d\"485\"\u003e \u003cformatting lang\u003d\"EnglishUnitedStates\"\u003e -0.00 \u003c/formatting\u003e  \u003c/line\u003e  \u003c/par\u003e  \u003c/text\u003e  \u003c/td\u003e   \u003c/tr\u003e \n \u003ctr\u003e \u003ctd h\u003d\"30\" rightborder\u003d\"White\" topborder\u003d\"White\" w\u003d\"79\"\u003e \u003ctext xmlns\u003d\"http://ocr.crowdcomputingsystems.com/xml/schema-v1.xml\"\u003e \u003cpar linespacing\u003d\"-1\"\u003e\u003c/par\u003e  \u003c/text\u003e  \u003c/td\u003e   \u003ctd h\u003d\"30\" leftborder\u003d\"White\" topborder\u003d\"White\" w\u003d\"183\"\u003e \u003ctext xmlns\u003d\"http://ocr.crowdcomputingsystems.com/xml/schema-v1.xml\"\u003e \u003cpar linespacing\u003d\"-1\"\u003e\u003c/par\u003e  \u003c/text\u003e  \u003c/td\u003e   \u003ctd h\u003d\"30\" rightborder\u003d\"White\" w\u003d\"75\"\u003e \u003ctext xmlns\u003d\"http://ocr.crowdcomputingsystems.com/xml/schema-v1.xml\"\u003e \u003cpar linespacing\u003d\"-1\"\u003e\u003c/par\u003e  \u003c/text\u003e  \u003c/td\u003e   \u003ctd colspan\u003d\"2\" h\u003d\"30\" leftborder\u003d\"White\" rightborder\u003d\"White\" w\u003d\"114\"\u003e \u003ctext xmlns\u003d\"http://ocr.crowdcomputingsystems.com/xml/schema-v1.xml\"\u003e \u003cpar align\u003d\"Right\" linespacing\u003d\"530\" rightindent\u003d\"1400\"\u003e \u003cline b\u003d\"516\" baseline\u003d\"516\" l\u003d\"412\" r\u003d\"491\" t\u003d\"509\"\u003e \u003cformatting lang\u003d\"EnglishUnitedStates\"\u003e Balance Due AUD: \u003c/formatting\u003e  \u003c/line\u003e  \u003c/par\u003e  \u003c/text\u003e  \u003c/td\u003e   \u003ctd h\u003d\"30\" leftborder\u003d\"White\" w\u003d\"71\"\u003e \u003ctext xmlns\u003d\"http://ocr.crowdcomputingsystems.com/xml/schema-v1.xml\"\u003e \u003cpar align\u003d\"Right\" linespacing\u003d\"530\"\u003e \u003cline b\u003d\"517\" baseline\u003d\"516\" l\u003d\"540\" r\u003d\"572\" t\u003d\"509\"\u003e \u003cformatting lang\u003d\"EnglishUnitedStates\"\u003e $\u003cprice class\u003d\"extraction-tag\" data-value\u003d\"323.90\" fold-name\u003d\"fold1\" ml-tagorder\u003d\"8107326\" score\u003d\"0.542077166101523\" tagorder\u003d\"8107326\"\u003e323.90\u003c/price\u003e \u003c/formatting\u003e  \u003c/line\u003e  \u003c/par\u003e  \u003c/text\u003e  \u003c/td\u003e   \u003c/tr\u003e \n \u003ctr\u003e \u003ctd colspan\u003d\"6\" h\u003d\"29\" w\u003d\"522\"\u003e \u003ctext xmlns\u003d\"http://ocr.crowdcomputingsystems.com/xml/schema-v1.xml\"\u003e \u003cpar align\u003d\"Center\" leftindent\u003d\"200\" linespacing\u003d\"530\"\u003e \u003cline b\u003d\"547\" baseline\u003d\"545\" l\u003d\"267\" r\u003d\"371\" t\u003d\"538\"\u003e \u003cformatting lang\u003d\"EnglishUnitedStates\"\u003e Payment due in 30 days. \u003c/formatting\u003e  \u003c/line\u003e  \u003c/par\u003e  \u003c/text\u003e  \u003c/td\u003e   \u003c/tr\u003e \n \u003c/tbody\u003e\u003c/table\u003e\n \u003cblock b\u003d\"558\" blockname\u003d\"\" blocktype\u003d\"SeparatorsBox\" class\u003d\"hidden\" l\u003d\"59\" r\u003d\"581\" style\u003d\"transform: translate(130px, 347px); position: absolute;\" t\u003d\"256\"\u003e \u003cregion\u003e \u003crect b\u003d\"258\" l\u003d\"59\" r\u003d\"581\" t\u003d\"256\"\u003e\u003c/rect\u003e  \u003crect b\u003d\"557\" l\u003d\"59\" r\u003d\"581\" t\u003d\"258\"\u003e\u003c/rect\u003e  \u003crect b\u003d\"558\" l\u003d\"59\" r\u003d\"581\" t\u003d\"557\"\u003e\u003c/rect\u003e  \u003c/region\u003e  \u003cseparatorsbox\u003e \u003cseparator thickness\u003d\"2\" type\u003d\"Black\"\u003e \u003cstart x\u003d\"59\" y\u003d\"257\"\u003e\u003c/start\u003e \u003cend x\u003d\"581\" y\u003d\"257\"\u003e\u003c/end\u003e \u003c/separator\u003e \u003cseparator thickness\u003d\"1\" type\u003d\"Black\"\u003e \u003cstart x\u003d\"59\" y\u003d\"557\"\u003e\u003c/start\u003e \u003cend x\u003d\"581\" y\u003d\"557\"\u003e\u003c/end\u003e \u003c/separator\u003e \u003cseparator thickness\u003d\"3\" type\u003d\"Black\"\u003e \u003cstart x\u003d\"60\" y\u003d\"256\"\u003e\u003c/start\u003e \u003cend x\u003d\"60\" y\u003d\"558\"\u003e\u003c/end\u003e \u003c/separator\u003e \u003cseparator thickness\u003d\"3\" type\u003d\"Black\"\u003e \u003cstart x\u003d\"579\" y\u003d\"256\"\u003e\u003c/start\u003e \u003cend x\u003d\"579\" y\u003d\"558\"\u003e\u003c/end\u003e \u003c/separator\u003e \u003c/separatorsbox\u003e \u003c/block\u003e  \u003cblock b\u003d\"219\" blockname\u003d\"\" blocktype\u003d\"SeparatorsBox\" class\u003d\"hidden\" l\u003d\"349\" r\u003d\"581\" style\u003d\"transform: translate(767px, 232px); position: absolute;\" t\u003d\"171\"\u003e \u003cregion\u003e \u003crect b\u003d\"172\" l\u003d\"349\" r\u003d\"581\" t\u003d\"171\"\u003e\u003c/rect\u003e  \u003crect b\u003d\"218\" l\u003d\"349\" r\u003d\"581\" t\u003d\"172\"\u003e\u003c/rect\u003e  \u003crect b\u003d\"219\" l\u003d\"349\" r\u003d\"581\" t\u003d\"218\"\u003e\u003c/rect\u003e  \u003c/region\u003e  \u003cseparatorsbox\u003e \u003cseparator thickness\u003d\"1\" type\u003d\"Black\"\u003e \u003cstart x\u003d\"349\" y\u003d\"171\"\u003e\u003c/start\u003e \u003cend x\u003d\"581\" y\u003d\"171\"\u003e\u003c/end\u003e \u003c/separator\u003e \u003cseparator thickness\u003d\"1\" type\u003d\"Black\"\u003e \u003cstart x\u003d\"349\" y\u003d\"218\"\u003e\u003c/start\u003e \u003cend x\u003d\"581\" y\u003d\"218\"\u003e\u003c/end\u003e \u003c/separator\u003e \u003cseparator thickness\u003d\"1\" type\u003d\"Black\"\u003e \u003cstart x\u003d\"349\" y\u003d\"171\"\u003e\u003c/start\u003e \u003cend x\u003d\"349\" y\u003d\"219\"\u003e\u003c/end\u003e \u003c/separator\u003e \u003cseparator thickness\u003d\"2\" type\u003d\"Black\"\u003e \u003cstart x\u003d\"580\" y\u003d\"171\"\u003e\u003c/start\u003e \u003cend x\u003d\"580\" y\u003d\"219\"\u003e\u003c/end\u003e \u003c/separator\u003e \u003c/separatorsbox\u003e \u003c/block\u003e  \u003cblock b\u003d\"188\" blockname\u003d\"\" blocktype\u003d\"Separator\" l\u003d\"349\" r\u003d\"581\" style\u003d\"transform: translate(767px, 252px); position: absolute;\" t\u003d\"186\"\u003e \u003cregion\u003e \u003crect b\u003d\"188\" l\u003d\"349\" r\u003d\"581\" t\u003d\"186\"\u003e\u003c/rect\u003e  \u003c/region\u003e  \u003cseparator thickness\u003d\"2\" type\u003d\"Black\"\u003e \u003cstart x\u003d\"349\" y\u003d\"187\"\u003e\u003c/start\u003e \u003cend x\u003d\"581\" y\u003d\"187\"\u003e\u003c/end\u003e \u003c/separator\u003e \u003c/block\u003e  \u003cblock b\u003d\"203\" blockname\u003d\"\" blocktype\u003d\"Separator\" l\u003d\"349\" r\u003d\"581\" style\u003d\"transform: translate(767px, 274px); position: absolute;\" t\u003d\"202\"\u003e \u003cregion\u003e \u003crect b\u003d\"203\" l\u003d\"349\" r\u003d\"581\" t\u003d\"202\"\u003e\u003c/rect\u003e  \u003c/region\u003e  \u003cseparator thickness\u003d\"1\" type\u003d\"Black\"\u003e \u003cstart x\u003d\"349\" y\u003d\"202\"\u003e\u003c/start\u003e \u003cend x\u003d\"581\" y\u003d\"202\"\u003e\u003c/end\u003e \u003c/separator\u003e \u003c/block\u003e  \u003cblock b\u003d\"282\" blockname\u003d\"\" blocktype\u003d\"Separator\" l\u003d\"59\" r\u003d\"581\" style\u003d\"transform: translate(130px, 378px); position: absolute;\" t\u003d\"279\"\u003e \u003cregion\u003e \u003crect b\u003d\"282\" l\u003d\"59\" r\u003d\"581\" t\u003d\"279\"\u003e\u003c/rect\u003e  \u003c/region\u003e  \u003cseparator thickness\u003d\"3\" type\u003d\"Black\"\u003e \u003cstart x\u003d\"59\" y\u003d\"280\"\u003e\u003c/start\u003e \u003cend x\u003d\"581\" y\u003d\"280\"\u003e\u003c/end\u003e \u003c/separator\u003e \u003c/block\u003e  \u003cblock b\u003d\"453\" blockname\u003d\"\" blocktype\u003d\"Separator\" l\u003d\"59\" r\u003d\"581\" style\u003d\"transform: translate(130px, 609px); position: absolute;\" t\u003d\"450\"\u003e \u003cregion\u003e \u003crect b\u003d\"453\" l\u003d\"59\" r\u003d\"581\" t\u003d\"450\"\u003e\u003c/rect\u003e  \u003c/region\u003e  \u003cseparator thickness\u003d\"3\" type\u003d\"Black\"\u003e \u003cstart x\u003d\"59\" y\u003d\"451\"\u003e\u003c/start\u003e \u003cend x\u003d\"581\" y\u003d\"451\"\u003e\u003c/end\u003e \u003c/separator\u003e \u003c/block\u003e  \u003cblock b\u003d\"468\" blockname\u003d\"\" blocktype\u003d\"Separator\" l\u003d\"320\" r\u003d\"581\" style\u003d\"transform: translate(703px, 632px); position: absolute;\" t\u003d\"467\"\u003e \u003cregion\u003e \u003crect b\u003d\"468\" l\u003d\"320\" r\u003d\"581\" t\u003d\"467\"\u003e\u003c/rect\u003e  \u003c/region\u003e  \u003cseparator thickness\u003d\"1\" type\u003d\"Black\"\u003e \u003cstart x\u003d\"320\" y\u003d\"467\"\u003e\u003c/start\u003e \u003cend x\u003d\"581\" y\u003d\"467\"\u003e\u003c/end\u003e \u003c/separator\u003e \u003c/block\u003e  \u003cblock b\u003d\"501\" blockname\u003d\"\" blocktype\u003d\"Separator\" l\u003d\"320\" r\u003d\"581\" style\u003d\"transform: translate(703px, 674px); position: absolute;\" t\u003d\"498\"\u003e \u003cregion\u003e \u003crect b\u003d\"501\" l\u003d\"320\" r\u003d\"581\" t\u003d\"498\"\u003e\u003c/rect\u003e  \u003c/region\u003e  \u003cseparator thickness\u003d\"3\" type\u003d\"Black\"\u003e \u003cstart x\u003d\"320\" y\u003d\"499\"\u003e\u003c/start\u003e \u003cend x\u003d\"581\" y\u003d\"499\"\u003e\u003c/end\u003e \u003c/separator\u003e \u003c/block\u003e  \u003cblock b\u003d\"530\" blockname\u003d\"\" blocktype\u003d\"Separator\" l\u003d\"59\" r\u003d\"581\" style\u003d\"transform: translate(130px, 715px); position: absolute;\" t\u003d\"528\"\u003e \u003cregion\u003e \u003crect b\u003d\"530\" l\u003d\"59\" r\u003d\"581\" t\u003d\"528\"\u003e\u003c/rect\u003e  \u003c/region\u003e  \u003cseparator thickness\u003d\"2\" type\u003d\"Black\"\u003e \u003cstart x\u003d\"59\" y\u003d\"529\"\u003e\u003c/start\u003e \u003cend x\u003d\"581\" y\u003d\"529\"\u003e\u003c/end\u003e \u003c/separator\u003e \u003c/block\u003e  \u003cblock b\u003d\"529\" blockname\u003d\"\" blocktype\u003d\"Separator\" l\u003d\"320\" r\u003d\"322\" style\u003d\"transform: translate(703px, 611px); position: absolute;\" t\u003d\"451\"\u003e \u003cregion\u003e \u003crect b\u003d\"529\" l\u003d\"320\" r\u003d\"322\" t\u003d\"451\"\u003e\u003c/rect\u003e  \u003c/region\u003e  \u003cseparator thickness\u003d\"2\" type\u003d\"Black\"\u003e \u003cstart x\u003d\"321\" y\u003d\"451\"\u003e\u003c/start\u003e \u003cend x\u003d\"321\" y\u003d\"529\"\u003e\u003c/end\u003e \u003c/separator\u003e \u003c/block\u003e  \u003cblock b\u003d\"219\" blockname\u003d\"\" blocktype\u003d\"Separator\" l\u003d\"464\" r\u003d\"465\" style\u003d\"transform: translate(1019px, 232px); position: absolute;\" t\u003d\"171\"\u003e \u003cregion\u003e \u003crect b\u003d\"219\" l\u003d\"464\" r\u003d\"465\" t\u003d\"171\"\u003e\u003c/rect\u003e  \u003c/region\u003e  \u003cseparator thickness\u003d\"1\" type\u003d\"Black\"\u003e \u003cstart x\u003d\"464\" y\u003d\"171\"\u003e\u003c/start\u003e \u003cend x\u003d\"464\" y\u003d\"219\"\u003e\u003c/end\u003e \u003c/separator\u003e \u003c/block\u003e  \u003cblock b\u003d\"282\" blockname\u003d\"\" blocktype\u003d\"Separator\" l\u003d\"510\" r\u003d\"511\" style\u003d\"transform: translate(1120px, 347px); position: absolute;\" t\u003d\"256\"\u003e \u003cregion\u003e \u003crect b\u003d\"282\" l\u003d\"510\" r\u003d\"511\" t\u003d\"256\"\u003e\u003c/rect\u003e  \u003c/region\u003e  \u003cseparator thickness\u003d\"1\" type\u003d\"Black\"\u003e \u003cstart x\u003d\"510\" y\u003d\"256\"\u003e\u003c/start\u003e \u003cend x\u003d\"510\" y\u003d\"282\"\u003e\u003c/end\u003e \u003c/separator\u003e \u003c/block\u003e  \u003cblock b\u003d\"282\" blockname\u003d\"\" blocktype\u003d\"Separator\" l\u003d\"135\" r\u003d\"137\" style\u003d\"transform: translate(297px, 347px); position: absolute;\" t\u003d\"256\"\u003e \u003cregion\u003e \u003crect b\u003d\"282\" l\u003d\"135\" r\u003d\"137\" t\u003d\"256\"\u003e\u003c/rect\u003e  \u003c/region\u003e  \u003cseparator thickness\u003d\"2\" type\u003d\"Black\"\u003e \u003cstart x\u003d\"136\" y\u003d\"256\"\u003e\u003c/start\u003e \u003cend x\u003d\"136\" y\u003d\"282\"\u003e\u003c/end\u003e \u003c/separator\u003e \u003c/block\u003e  \u003cblock b\u003d\"282\" blockname\u003d\"\" blocktype\u003d\"Separator\" l\u003d\"395\" r\u003d\"397\" style\u003d\"transform: translate(868px, 347px); position: absolute;\" t\u003d\"256\"\u003e \u003cregion\u003e \u003crect b\u003d\"282\" l\u003d\"395\" r\u003d\"397\" t\u003d\"256\"\u003e\u003c/rect\u003e  \u003c/region\u003e  \u003cseparator thickness\u003d\"2\" type\u003d\"Black\"\u003e \u003cstart x\u003d\"396\" y\u003d\"256\"\u003e\u003c/start\u003e \u003cend x\u003d\"396\" y\u003d\"282\"\u003e\u003c/end\u003e \u003c/separator\u003e \u003c/block\u003e  \u003cblock b\u003d\"282\" blockname\u003d\"\" blocktype\u003d\"Separator\" l\u003d\"465\" r\u003d\"467\" style\u003d\"transform: translate(1022px, 347px); position: absolute;\" t\u003d\"256\"\u003e \u003cregion\u003e \u003crect b\u003d\"282\" l\u003d\"465\" r\u003d\"467\" t\u003d\"256\"\u003e\u003c/rect\u003e  \u003c/region\u003e  \u003cseparator thickness\u003d\"2\" type\u003d\"Black\"\u003e \u003cstart x\u003d\"466\" y\u003d\"256\"\u003e\u003c/start\u003e \u003cend x\u003d\"466\" y\u003d\"282\"\u003e\u003c/end\u003e \u003c/separator\u003e \u003c/block\u003e  \u003c/page\u003e       \u003c/document\u003e\u003c/body\u003e\u003c/html\u003e","tags":[{"begin":337,"end":344,"text":"0000001","tag":"invoice_number","fieldType":"TEXT","score":0.6030185671843399,"estimatedAccuracy":0.0},{"begin":387,"end":402,"text":"August 23. 2008","tag":"invoice_date","fieldType":"DATE","score":0.77117579034517,"estimatedAccuracy":0.0},{"begin":456,"end":462,"text":"323.90","tag":"total_amount","fieldType":"NUMBER","score":0.5384800311405382,"estimatedAccuracy":0.0},{"begin":663,"end":745,"text":"Sample invoice for two hours of service     Sample product Item     A case of Doer","tag":"product","fieldType":"TEXT","score":0.588924609294253,"estimatedAccuracy":0.0},{"begin":766,"end":769,"text":"100","tag":"quantity","fieldType":"NUMBER","score":0.6596844281030244,"estimatedAccuracy":0.0},{"begin":770,"end":772,"text":"00","tag":"quantity","fieldType":"NUMBER","score":0.6348348363017339,"estimatedAccuracy":0.0},{"begin":785,"end":788,"text":"100","tag":"price","fieldType":"NUMBER","score":0.6998997613175301,"estimatedAccuracy":0.0},{"begin":800,"end":801,"text":"2","tag":"quantity","fieldType":"NUMBER","score":0.5154651585705344,"estimatedAccuracy":0.0},{"begin":806,"end":808,"text":"10","tag":"quantity","fieldType":"NUMBER","score":0.6729937551033299,"estimatedAccuracy":0.0},{"begin":813,"end":815,"text":"24","tag":"quantity","fieldType":"NUMBER","score":0.6755516712724029,"estimatedAccuracy":0.0},{"begin":1306,"end":1312,"text":"323.90","tag":"price","fieldType":"NUMBER","score":0.542077166101523,"estimatedAccuracy":0.0}],"group":"invoice_date|invoice_number|price|product|quantity|total_amount","limeExplanation":{},"liblinearFeatureImportance":{}}