{"finalScore":0.5917366304617876,"metaInfo":{"model":{"coreVersion":"10.3.0.39"}},"sumScore":2.3669465218471504,"tagsCounter":4.0,"taggedText":"\u003chtml\u003e\u003chead\u003e\u003c/head\u003e\u003cbody\u003e\u003cdocument languages\u003d\"\" producer\u003d\"Workfusion\" schemalocation\u003d\"http://ocr.crowdcomputingsystems.com/xml/schema-v1.xml\" version\u003d\"1.0\" xmlns\u003d\"http://ocr.crowdcomputingsystems.com/xml/schema-v1.xml\" xsi\u003d\"http://www.w3.org/2001/XMLSchema-instance\"\u003e \u003clink href\u003d\"https://s3.amazonaws.com/workfusion-resources/ocr/ocr-xml-viewer-0.3-scale-to-width.css\" rel\u003d\"stylesheet\" type\u003d\"text/css\"\u003e\u003c/link\u003e \u003cstyle\u003e\u003c/style\u003e\u003cpage data-pages\u003d\"1\" h\u003d\"760\" resolution\u003d\"72\" style\u003d\"height: 1367px;\" w\u003d\"689\"\u003e \u003cblock b\u003d\"79\" blockname\u003d\"\" blocktype\u003d\"Text\" l\u003d\"99\" r\u003d\"180\" style\u003d\"transform: translate(202px, 23px); position: absolute; width: 165.292px; height: 119.167px;\" t\u003d\"13\"\u003e \u003cregion\u003e \u003crect b\u003d\"79\" l\u003d\"99\" r\u003d\"180\" t\u003d\"13\"\u003e\u003c/rect\u003e  \u003c/region\u003e  \u003ctext\u003e \u003cpar linespacing\u003d\"3000\"\u003e \u003cline b\u003d\"76\" baseline\u003d\"76\" l\u003d\"100\" r\u003d\"177\" style\u003d\"transform: translate(2px, 60px); position: absolute;\" t\u003d\"46\"\u003e \u003cformatting lang\u003d\"EnglishUnitedStates\"\u003e urdH \u003c/formatting\u003e  \u003c/line\u003e  \u003c/par\u003e  \u003c/text\u003e  \u003c/block\u003e  \u003cblock b\u003d\"81\" blockname\u003d\"\" blocktype\u003d\"Text\" l\u003d\"433\" r\u003d\"573\" style\u003d\"transform: translate(884px, 107px); position: absolute; width: 285.689px; height: 39.7222px;\" t\u003d\"59\"\u003e \u003cregion\u003e \u003crect b\u003d\"81\" l\u003d\"433\" r\u003d\"573\" t\u003d\"59\"\u003e\u003c/rect\u003e  \u003c/region\u003e  \u003ctext\u003e \u003cpar linespacing\u003d\"1300\"\u003e \u003cline b\u003d\"79\" baseline\u003d\"72\" l\u003d\"434\" r\u003d\"571\" style\u003d\"transform: translate(2px, 0px); position: absolute;\" t\u003d\"59\"\u003e \u003cformatting lang\u003d\"EnglishUnitedStates\"\u003e Powered by PayPal \u003c/formatting\u003e  \u003c/line\u003e  \u003c/par\u003e  \u003c/text\u003e  \u003c/block\u003e  \u003cblock b\u003d\"128\" blockname\u003d\"\" blocktype\u003d\"Text\" l\u003d\"50\" r\u003d\"251\" style\u003d\"transform: translate(102px, 206px); position: absolute; width: 410.168px; height: 25.2778px;\" t\u003d\"114\"\u003e \u003cregion\u003e \u003crect b\u003d\"128\" l\u003d\"50\" r\u003d\"251\" t\u003d\"114\"\u003e\u003c/rect\u003e  \u003c/region\u003e  \u003ctext\u003e \u003cpar leftindent\u003d\"2700\" linespacing\u003d\"1200\"\u003e \u003cline b\u003d\"126\" baseline\u003d\"126\" l\u003d\"51\" r\u003d\"249\" style\u003d\"transform: translate(2px, 0px); position: absolute;\" t\u003d\"114\"\u003e \u003cformatting lang\u003d\"EnglishUnitedStates\"\u003e You\u0027ve received an invoice \u003c/formatting\u003e  \u003c/line\u003e  \u003c/par\u003e  \u003c/text\u003e  \u003c/block\u003e  \u003cblock b\u003d\"160\" blockname\u003d\"\" blocktype\u003d\"Text\" l\u003d\"48\" r\u003d\"161\" style\u003d\"transform: translate(98px, 265px); position: absolute; width: 230.592px; height: 23.4722px;\" t\u003d\"147\"\u003e \u003cregion\u003e \u003crect b\u003d\"160\" l\u003d\"48\" r\u003d\"161\" t\u003d\"147\"\u003e\u003c/rect\u003e  \u003c/region\u003e  \u003ctext\u003e \u003cpar leftindent\u003d\"2700\" linespacing\u003d\"900\"\u003e \u003cline b\u003d\"158\" baseline\u003d\"156\" l\u003d\"49\" r\u003d\"159\" style\u003d\"transform: translate(2px, 0px); position: absolute;\" t\u003d\"147\"\u003e \u003cformatting lang\u003d\"EnglishUnitedStates\"\u003e Dear Franklin Ugwu, \u003c/formatting\u003e  \u003c/line\u003e  \u003c/par\u003e  \u003c/text\u003e  \u003c/block\u003e  \u003cblock b\u003d\"191\" blockname\u003d\"\" blocktype\u003d\"Text\" l\u003d\"48\" r\u003d\"356\" style\u003d\"transform: translate(98px, 321px); position: absolute; width: 628.517px; height: 23.4722px;\" t\u003d\"178\"\u003e \u003cregion\u003e \u003crect b\u003d\"191\" l\u003d\"48\" r\u003d\"356\" t\u003d\"178\"\u003e\u003c/rect\u003e  \u003c/region\u003e  \u003ctext\u003e \u003cpar leftindent\u003d\"2700\" linespacing\u003d\"900\"\u003e \u003cline b\u003d\"189\" baseline\u003d\"187\" l\u003d\"48\" r\u003d\"354\" style\u003d\"transform: translate(0px, 0px); position: absolute;\" t\u003d\"178\"\u003e \u003cformatting lang\u003d\"EnglishUnitedStates\"\u003e \u003csupplier_name class\u003d\"extraction-tag\" data-value\u003d\"Capetune Limited\" fold-name\u003d\"fold1\" ml-tagorder\u003d\"444\" score\u003d\"0.372341853807598\" tagorder\u003d\"444\"\u003eCapetune Limited\u003c/supplier_name\u003e sent you an invoice for \u0026pound;300.92 GBP. \u003c/formatting\u003e  \u003c/line\u003e  \u003c/par\u003e  \u003c/text\u003e  \u003c/block\u003e  \u003cblock b\u003d\"260\" blockname\u003d\"\" blocktype\u003d\"Text\" l\u003d\"47\" r\u003d\"123\" style\u003d\"transform: translate(96px, 430px); position: absolute; width: 155.089px; height: 39.7222px;\" t\u003d\"238\"\u003e \u003cregion\u003e \u003crect b\u003d\"260\" l\u003d\"47\" r\u003d\"123\" t\u003d\"238\"\u003e\u003c/rect\u003e  \u003c/region\u003e  \u003ctext\u003e \u003cpar leftindent\u003d\"3700\" linespacing\u003d\"900\"\u003e \u003cline b\u003d\"253\" baseline\u003d\"252\" l\u003d\"59\" r\u003d\"121\" style\u003d\"transform: translate(24px, 9px); position: absolute;\" t\u003d\"243\"\u003e \u003cformatting lang\u003d\"EnglishUnitedStates\"\u003e Pay Invoice \u003c/formatting\u003e  \u003c/line\u003e  \u003c/par\u003e  \u003c/text\u003e  \u003c/block\u003e  \u003cblock b\u003d\"299\" blockname\u003d\"\" blocktype\u003d\"Text\" l\u003d\"51\" r\u003d\"141\" style\u003d\"transform: translate(104px, 513px); position: absolute; width: 183.657px; height: 27.0833px;\" t\u003d\"284\"\u003e \u003cregion\u003e \u003crect b\u003d\"299\" l\u003d\"51\" r\u003d\"141\" t\u003d\"284\"\u003e\u003c/rect\u003e  \u003c/region\u003e  \u003ctext\u003e \u003cpar leftindent\u003d\"2700\" linespacing\u003d\"1100\"\u003e \u003cline b\u003d\"297\" baseline\u003d\"295\" l\u003d\"52\" r\u003d\"139\" style\u003d\"transform: translate(2px, 0px); position: absolute;\" t\u003d\"284\"\u003e \u003cformatting lang\u003d\"EnglishUnitedStates\"\u003e Pay with VISA \u003c/formatting\u003e  \u003c/line\u003e  \u003c/par\u003e  \u003c/text\u003e  \u003c/block\u003e  \u003cblock b\u003d\"304\" blockname\u003d\"\" blocktype\u003d\"Text\" l\u003d\"141\" r\u003d\"363\" style\u003d\"transform: translate(288px, 498px); position: absolute; width: 453.022px; height: 50.5556px;\" t\u003d\"276\"\u003e \u003cregion\u003e \u003crect b\u003d\"304\" l\u003d\"141\" r\u003d\"363\" t\u003d\"276\"\u003e\u003c/rect\u003e  \u003c/region\u003e  \u003ctext\u003e \u003cpar linespacing\u003d\"-1\"\u003e\u003c/par\u003e  \u003c/text\u003e  \u003c/block\u003e  \u003cblock b\u003d\"518\" blockname\u003d\"\" blocktype\u003d\"Text\" l\u003d\"47\" r\u003d\"568\" style\u003d\"transform: translate(96px, 560px); position: absolute; width: 1063.17px; height: 375.556px;\" t\u003d\"310\"\u003e \u003cregion\u003e \u003crect b\u003d\"518\" l\u003d\"47\" r\u003d\"568\" t\u003d\"310\"\u003e\u003c/rect\u003e  \u003c/region\u003e  \u003ctext\u003e \u003cpar leftindent\u003d\"2700\" linespacing\u003d\"1600\" rightindent\u003d\"2900\"\u003e \u003cline b\u003d\"321\" baseline\u003d\"319\" l\u003d\"48\" r\u003d\"566\" style\u003d\"transform: translate(2px, 0px); position: absolute;\" t\u003d\"310\"\u003e \u003cformatting lang\u003d\"EnglishUnitedStates\"\u003e To view the details of this invoice or send Capetune Limited your payment, you can also copy \u003c/formatting\u003e  \u003c/line\u003e  \u003cline b\u003d\"337\" baseline\u003d\"335\" l\u003d\"48\" r\u003d\"510\" style\u003d\"transform: translate(2px, 29px); position: absolute;\" t\u003d\"326\"\u003e \u003cformatting lang\u003d\"EnglishUnitedStates\"\u003e and paste this link into your web browsers https://www.paypal.com/uk/cmd\u003d_pay- \u003c/formatting\u003e  \u003c/line\u003e  \u003cline b\u003d\"353\" baseline\u003d\"351\" l\u003d\"48\" r\u003d\"257\" style\u003d\"transform: translate(2px, 58px); position: absolute;\" t\u003d\"342\"\u003e \u003cformatting lang\u003d\"EnglishUnitedStates\"\u003e inv\u0026amp;id \u003d INCC-KKTM-DW33-BRHQ-C2J4 \u003c/formatting\u003e  \u003c/line\u003e  \u003c/par\u003e  \u003cpar leftindent\u003d\"2700\" linespacing\u003d\"900\"\u003e \u003cline b\u003d\"384\" baseline\u003d\"382\" l\u003d\"48\" r\u003d\"196\" style\u003d\"transform: translate(2px, 114px); position: absolute;\" t\u003d\"373\"\u003e \u003cformatting lang\u003d\"EnglishUnitedStates\"\u003e Summary of this invoice \u003c/formatting\u003e  \u003c/line\u003e  \u003c/par\u003e  \u003cpar leftindent\u003d\"13400\" linespacing\u003d\"2100\"\u003e \u003cline b\u003d\"409\" baseline\u003d\"409\" l\u003d\"157\" r\u003d\"196\" style\u003d\"transform: translate(224px, 164px); position: absolute;\" t\u003d\"401\"\u003e \u003cformatting lang\u003d\"EnglishUnitedStates\"\u003e Sent to \u003c/formatting\u003e  \u003c/line\u003e  \u003c/par\u003e  \u003cpar leftindent\u003d\"6100\" linespacing\u003d\"2100\" rightindent\u003d\"23000\" startindent\u003d\"13500\"\u003e \u003cline b\u003d\"432\" baseline\u003d\"430\" l\u003d\"217\" r\u003d\"365\" style\u003d\"transform: translate(347px, 200px); position: absolute;\" t\u003d\"421\"\u003e \u003cformatting lang\u003d\"EnglishUnitedStates\"\u003e \u003cemail appendorder\u003d\"6\" class\u003d\"extraction-tag\" confidence\u003d\"1/1\" data-original-title\u003d\"email\" data-toggle\u003d\"tooltip\" data-value\u003d\"frankywright@hotmail.com\" fold-name\u003d\"fold2\" score\u003d\"0.5478061375256392\" style\u003d\"background-color: rgb(4, 0, 38);  color: rgb(255, 255, 255);   border: 2px solid rgb(125, 157, 1); \" tagorder\u003d\"444\"\u003efrankywright@hotmail.com\u003c/email\u003e \u003c/formatting\u003e  \u003c/line\u003e  \u003cline b\u003d\"453\" baseline\u003d\"451\" l\u003d\"142\" r\u003d\"313\" style\u003d\"transform: translate(194px, 238px); position: absolute;\" t\u003d\"442\"\u003e \u003cformatting lang\u003d\"EnglishUnitedStates\"\u003e Sent from Capetune Limited \u003c/formatting\u003e  \u003c/line\u003e  \u003cline b\u003d\"493\" baseline\u003d\"493\" l\u003d\"111\" r\u003d\"244\" style\u003d\"transform: translate(131px, 314px); position: absolute;\" t\u003d\"484\"\u003e \u003cformatting lang\u003d\"EnglishUnitedStates\"\u003e Invoice number \u003cinvoice_number appendorder\u003d\"3\" class\u003d\"extraction-tag\" confidence\u003d\"1/1\" data-original-title\u003d\"Invoice number\" data-toggle\u003d\"tooltip\" data-value\u003d\"8604\" fold-name\u003d\"fold2\" score\u003d\"0.867727575922376\" style\u003d\"background-color: rgb(0, 83, 98);  color: rgb(255, 255, 255);   border: 2px solid rgb(125, 157, 1); \" tagorder\u003d\"2\"\u003e8604\u003c/invoice_number\u003e \u003c/formatting\u003e  \u003c/line\u003e  \u003cline b\u003d\"516\" baseline\u003d\"514\" l\u003d\"83\" r\u003d\"288\" style\u003d\"transform: translate(73px, 352px); position: absolute;\" t\u003d\"505\"\u003e \u003cformatting lang\u003d\"EnglishUnitedStates\"\u003e Date payment is due \u003cinvoice_date class\u003d\"extraction-tag\" data-value\u003d\"31 May 2013\" fold-name\u003d\"fold1\" ml-tagorder\u003d\"447\" score\u003d\"0.579070954591537\" tagorder\u003d\"447\"\u003e31 May 2013\u003c/invoice_date\u003e \u003c/formatting\u003e  \u003c/line\u003e  \u003c/par\u003e  \u003c/text\u003e  \u003c/block\u003e  \u003cblock b\u003d\"537\" blockname\u003d\"\" blocktype\u003d\"Text\" l\u003d\"153\" r\u003d\"291\" style\u003d\"transform: translate(312px, 952px); position: absolute; width: 281.608px; height: 18.0556px;\" t\u003d\"527\"\u003e \u003cregion\u003e \u003crect b\u003d\"537\" l\u003d\"153\" r\u003d\"291\" t\u003d\"527\"\u003e\u003c/rect\u003e  \u003c/region\u003e  \u003ctext\u003e \u003cpar leftindent\u003d\"13400\" linespacing\u003d\"800\"\u003e \u003cline b\u003d\"535\" baseline\u003d\"535\" l\u003d\"154\" r\u003d\"289\" style\u003d\"transform: translate(2px, 0px); position: absolute;\" t\u003d\"527\"\u003e \u003cformatting lang\u003d\"EnglishUnitedStates\"\u003e Amount \u0026pound;300.92 GBP \u003c/formatting\u003e  \u003c/line\u003e  \u003c/par\u003e  \u003c/text\u003e  \u003c/block\u003e  \u003cblock b\u003d\"577\" blockname\u003d\"\" blocktype\u003d\"Text\" l\u003d\"47\" r\u003d\"136\" style\u003d\"transform: translate(96px, 989px); position: absolute; width: 181.617px; height: 52.3611px;\" t\u003d\"548\"\u003e \u003cregion\u003e \u003crect b\u003d\"577\" l\u003d\"47\" r\u003d\"136\" t\u003d\"548\"\u003e\u003c/rect\u003e  \u003c/region\u003e  \u003ctext\u003e \u003cpar leftindent\u003d\"2700\" linespacing\u003d\"1600\" rightindent\u003d\"2900\"\u003e \u003cline b\u003d\"559\" baseline\u003d\"557\" l\u003d\"48\" r\u003d\"134\" style\u003d\"transform: translate(2px, 0px); position: absolute;\" t\u003d\"548\"\u003e \u003cformatting lang\u003d\"EnglishUnitedStates\"\u003e Yours sincerely, \u003c/formatting\u003e  \u003c/line\u003e  \u003cline b\u003d\"575\" baseline\u003d\"573\" l\u003d\"49\" r\u003d\"82\" style\u003d\"transform: translate(4px, 29px); position: absolute;\" t\u003d\"564\"\u003e \u003cformatting lang\u003d\"EnglishUnitedStates\"\u003e PayPal \u003c/formatting\u003e  \u003c/line\u003e  \u003c/par\u003e  \u003c/text\u003e  \u003c/block\u003e  \u003cblock b\u003d\"685\" blockname\u003d\"\" blocktype\u003d\"Text\" l\u003d\"23\" r\u003d\"595\" style\u003d\"transform: translate(47px, 1163px); position: absolute; width: 1167.25px; height: 74.0278px;\" t\u003d\"644\"\u003e \u003cregion\u003e \u003crect b\u003d\"685\" l\u003d\"23\" r\u003d\"595\" t\u003d\"644\"\u003e\u003c/rect\u003e  \u003c/region\u003e  \u003ctext\u003e \u003cpar linespacing\u003d\"1500\"\u003e \u003cline b\u003d\"652\" baseline\u003d\"651\" l\u003d\"23\" r\u003d\"161\" style\u003d\"transform: translate(0px, 0px); position: absolute;\" t\u003d\"644\"\u003e \u003cformatting lang\u003d\"EnglishUnitedStates\"\u003e Help Centre Safety Advice \u003c/formatting\u003e  \u003c/line\u003e  \u003c/par\u003e  \u003cpar linespacing\u003d\"1500\"\u003e \u003cline b\u003d\"668\" baseline\u003d\"666\" l\u003d\"24\" r\u003d\"594\" style\u003d\"transform: translate(2px, 25px); position: absolute;\" t\u003d\"658\"\u003e \u003cformatting lang\u003d\"EnglishUnitedStates\"\u003e Please do not reply to this email because v/e are not monitoring this inbox. To get in touch v/ith us, log in to your \u003c/formatting\u003e  \u003c/line\u003e  \u003cline b\u003d\"683\" baseline\u003d\"681\" l\u003d\"23\" r\u003d\"314\" style\u003d\"transform: translate(0px, 52px); position: absolute;\" t\u003d\"673\"\u003e \u003cformatting lang\u003d\"EnglishUnitedStates\"\u003e account and click \u0026quot;Contact Us\u0026quot; at the bottom of any page. \u003c/formatting\u003e  \u003c/line\u003e  \u003c/par\u003e  \u003c/text\u003e  \u003c/block\u003e  \u003cblock b\u003d\"713\" blockname\u003d\"\" blocktype\u003d\"Text\" l\u003d\"22\" r\u003d\"253\" style\u003d\"transform: translate(45px, 1266px); position: absolute; width: 471.388px; height: 21.6667px;\" t\u003d\"701\"\u003e \u003cregion\u003e \u003crect b\u003d\"713\" l\u003d\"22\" r\u003d\"253\" t\u003d\"701\"\u003e\u003c/rect\u003e  \u003c/region\u003e  \u003ctext\u003e \u003cpar linespacing\u003d\"800\"\u003e \u003cline b\u003d\"711\" baseline\u003d\"709\" l\u003d\"23\" r\u003d\"251\" style\u003d\"transform: translate(2px, 0px); position: absolute;\" t\u003d\"701\"\u003e \u003cformatting lang\u003d\"EnglishUnitedStates\"\u003e Copyright \u0026copy; 2013 PayPaL All rights reserved, \u003c/formatting\u003e  \u003c/line\u003e  \u003c/par\u003e  \u003c/text\u003e  \u003c/block\u003e  \u003cblock b\u003d\"757\" blockname\u003d\"\" blocktype\u003d\"Text\" l\u003d\"22\" r\u003d\"213\" style\u003d\"transform: translate(45px, 1318px); position: absolute; width: 389.762px; height: 48.75px;\" t\u003d\"730\"\u003e \u003cregion\u003e \u003crect b\u003d\"757\" l\u003d\"22\" r\u003d\"213\" t\u003d\"730\"\u003e\u003c/rect\u003e  \u003c/region\u003e  \u003ctext\u003e \u003cpar linespacing\u003d\"1500\"\u003e \u003cline b\u003d\"740\" baseline\u003d\"738\" l\u003d\"24\" r\u003d\"211\" style\u003d\"transform: translate(4px, 0px); position: absolute;\" t\u003d\"730\"\u003e \u003cformatting lang\u003d\"EnglishUnitedStates\"\u003e PayPal (Europe) S.a r.l. et Cie, S.C.A. \u003c/formatting\u003e  \u003c/line\u003e  \u003cline b\u003d\"755\" baseline\u003d\"753\" l\u003d\"23\" r\u003d\"202\" style\u003d\"transform: translate(2px, 27px); position: absolute;\" t\u003d\"745\"\u003e \u003cformatting lang\u003d\"EnglishUnitedStates\"\u003e Societe en Commandite par Actions \u003c/formatting\u003e  \u003c/line\u003e  \u003c/par\u003e  \u003c/text\u003e  \u003c/block\u003e  \u003cblock b\u003d\"85\" blockname\u003d\"\" blocktype\u003d\"Separator\" l\u003d\"34\" r\u003d\"591\" style\u003d\"transform: translate(69px, 148px); position: absolute;\" t\u003d\"82\"\u003e \u003cregion\u003e \u003crect b\u003d\"85\" l\u003d\"34\" r\u003d\"591\" t\u003d\"82\"\u003e\u003c/rect\u003e  \u003c/region\u003e  \u003cseparator thickness\u003d\"3\" type\u003d\"Black\"\u003e \u003cstart x\u003d\"34\" y\u003d\"83\"\u003e\u003c/start\u003e \u003cend x\u003d\"591\" y\u003d\"83\"\u003e\u003c/end\u003e \u003c/separator\u003e \u003c/block\u003e  \u003cblock b\u003d\"255\" blockname\u003d\"\" blocktype\u003d\"Separator\" l\u003d\"59\" r\u003d\"123\" style\u003d\"transform: translate(120px, 457px); position: absolute;\" t\u003d\"253\"\u003e \u003cregion\u003e \u003crect b\u003d\"255\" l\u003d\"59\" r\u003d\"123\" t\u003d\"253\"\u003e\u003c/rect\u003e  \u003c/region\u003e  \u003cseparator thickness\u003d\"2\" type\u003d\"Black\"\u003e \u003cstart x\u003d\"59\" y\u003d\"254\"\u003e\u003c/start\u003e \u003cend x\u003d\"123\" y\u003d\"254\"\u003e\u003c/end\u003e \u003c/separator\u003e \u003c/block\u003e  \u003cblock b\u003d\"259\" blockname\u003d\"\" blocktype\u003d\"Separator\" l\u003d\"56\" r\u003d\"126\" style\u003d\"transform: translate(114px, 464px); position: absolute;\" t\u003d\"257\"\u003e \u003cregion\u003e \u003crect b\u003d\"259\" l\u003d\"56\" r\u003d\"126\" t\u003d\"257\"\u003e\u003c/rect\u003e  \u003c/region\u003e  \u003cseparator thickness\u003d\"2\" type\u003d\"Black\"\u003e \u003cstart x\u003d\"56\" y\u003d\"258\"\u003e\u003c/start\u003e \u003cend x\u003d\"126\" y\u003d\"258\"\u003e\u003c/end\u003e \u003c/separator\u003e \u003c/block\u003e  \u003cblock b\u003d\"280\" blockname\u003d\"\" blocktype\u003d\"Separator\" l\u003d\"217\" r\u003d\"289\" style\u003d\"transform: translate(443px, 502px); position: absolute;\" t\u003d\"278\"\u003e \u003cregion\u003e \u003crect b\u003d\"280\" l\u003d\"217\" r\u003d\"289\" t\u003d\"278\"\u003e\u003c/rect\u003e  \u003c/region\u003e  \u003cseparator thickness\u003d\"1\" type\u003d\"Black\"\u003e \u003cstart x\u003d\"217\" y\u003d\"279\"\u003e\u003c/start\u003e \u003cend x\u003d\"289\" y\u003d\"279\"\u003e\u003c/end\u003e \u003c/separator\u003e \u003c/block\u003e  \u003cblock b\u003d\"618\" blockname\u003d\"\" blocktype\u003d\"Separator\" l\u003d\"34\" r\u003d\"590\" style\u003d\"transform: translate(69px, 1110px); position: absolute;\" t\u003d\"615\"\u003e \u003cregion\u003e \u003crect b\u003d\"618\" l\u003d\"34\" r\u003d\"590\" t\u003d\"615\"\u003e\u003c/rect\u003e  \u003c/region\u003e  \u003cseparator thickness\u003d\"3\" type\u003d\"Black\"\u003e \u003cstart x\u003d\"34\" y\u003d\"616\"\u003e\u003c/start\u003e \u003cend x\u003d\"590\" y\u003d\"616\"\u003e\u003c/end\u003e \u003c/separator\u003e \u003c/block\u003e  \u003cblock b\u003d\"654\" blockname\u003d\"\" blocktype\u003d\"Separator\" l\u003d\"23\" r\u003d\"82\" style\u003d\"transform: translate(47px, 1177px); position: absolute;\" t\u003d\"652\"\u003e \u003cregion\u003e \u003crect b\u003d\"654\" l\u003d\"23\" r\u003d\"82\" t\u003d\"652\"\u003e\u003c/rect\u003e  \u003c/region\u003e  \u003cseparator thickness\u003d\"2\" type\u003d\"Black\"\u003e \u003cstart x\u003d\"23\" y\u003d\"653\"\u003e\u003c/start\u003e \u003cend x\u003d\"82\" y\u003d\"653\"\u003e\u003c/end\u003e \u003c/separator\u003e \u003c/block\u003e  \u003cblock b\u003d\"654\" blockname\u003d\"\" blocktype\u003d\"Separator\" l\u003d\"94\" r\u003d\"163\" style\u003d\"transform: translate(192px, 1177px); position: absolute;\" t\u003d\"652\"\u003e \u003cregion\u003e \u003crect b\u003d\"654\" l\u003d\"94\" r\u003d\"163\" t\u003d\"652\"\u003e\u003c/rect\u003e  \u003c/region\u003e  \u003cseparator thickness\u003d\"2\" type\u003d\"Black\"\u003e \u003cstart x\u003d\"94\" y\u003d\"653\"\u003e\u003c/start\u003e \u003cend x\u003d\"163\" y\u003d\"653\"\u003e\u003c/end\u003e \u003c/separator\u003e \u003c/block\u003e  \u003cblock b\u003d\"256\" blockname\u003d\"\" blocktype\u003d\"Separator\" l\u003d\"0\" r\u003d\"2\" style\u003d\"transform: translate(0px, 347px); position: absolute;\" t\u003d\"192\"\u003e \u003cregion\u003e \u003crect b\u003d\"256\" l\u003d\"0\" r\u003d\"2\" t\u003d\"192\"\u003e\u003c/rect\u003e  \u003c/region\u003e  \u003cseparator thickness\u003d\"2\" type\u003d\"Black\"\u003e \u003cstart x\u003d\"1\" y\u003d\"192\"\u003e\u003c/start\u003e \u003cend x\u003d\"1\" y\u003d\"256\"\u003e\u003c/end\u003e \u003c/separator\u003e \u003c/block\u003e  \u003cblock b\u003d\"301\" blockname\u003d\"\" blocktype\u003d\"Separator\" l\u003d\"217\" r\u003d\"218\" style\u003d\"transform: translate(443px, 502px); position: absolute;\" t\u003d\"278\"\u003e \u003cregion\u003e \u003crect b\u003d\"301\" l\u003d\"217\" r\u003d\"218\" t\u003d\"278\"\u003e\u003c/rect\u003e  \u003c/region\u003e  \u003cseparator thickness\u003d\"1\" type\u003d\"Black\"\u003e \u003cstart x\u003d\"217\" y\u003d\"278\"\u003e\u003c/start\u003e \u003cend x\u003d\"217\" y\u003d\"301\"\u003e\u003c/end\u003e \u003c/separator\u003e \u003c/block\u003e  \u003cblock b\u003d\"300\" blockname\u003d\"\" blocktype\u003d\"Separator\" l\u003d\"293\" r\u003d\"294\" style\u003d\"transform: translate(598px, 504px); position: absolute;\" t\u003d\"279\"\u003e \u003cregion\u003e \u003crect b\u003d\"300\" l\u003d\"293\" r\u003d\"294\" t\u003d\"279\"\u003e\u003c/rect\u003e  \u003c/region\u003e  \u003cseparator thickness\u003d\"1\" type\u003d\"Black\"\u003e \u003cstart x\u003d\"293\" y\u003d\"279\"\u003e\u003c/start\u003e \u003cend x\u003d\"293\" y\u003d\"300\"\u003e\u003c/end\u003e \u003c/separator\u003e \u003c/block\u003e  \u003cblock b\u003d\"300\" blockname\u003d\"\" blocktype\u003d\"Text\" l\u003d\"144\" r\u003d\"179\" style\u003d\"transform: translate(294px, 504px); position: absolute; width: 71.4224px; height: 37.9167px;\" t\u003d\"279\"\u003e \u003cregion\u003e \u003crect b\u003d\"300\" l\u003d\"144\" r\u003d\"179\" t\u003d\"279\"\u003e\u003c/rect\u003e  \u003c/region\u003e  \u003ctext\u003e \u003cpar linespacing\u003d\"-1\"\u003e\u003c/par\u003e  \u003c/text\u003e  \u003c/block\u003e  \u003c/page\u003e               \u003c/document\u003e\u003c/body\u003e\u003c/html\u003e","tags":[{"begin":163,"end":179,"text":"Capetune Limited","tag":"supplier_name","fieldType":"COMPANY_NAME","score":0.372341853807598,"estimatedAccuracy":0.0},{"begin":593,"end":617,"text":"frankywright@hotmail.com","tag":"email","fieldType":"EMAIL","score":0.5478061375256392,"estimatedAccuracy":0.0},{"begin":672,"end":676,"text":"8604","tag":"invoice_number","fieldType":"TEXT","score":0.867727575922376,"estimatedAccuracy":0.0},{"begin":703,"end":714,"text":"31 May 2013","tag":"invoice_date","fieldType":"DATE","score":0.579070954591537,"estimatedAccuracy":0.0}],"group":"email|invoice_date|invoice_number|supplier_name","limeExplanation":{},"liblinearFeatureImportance":{}}