{"finalScore":0.6915303362196566,"metaInfo":{"model":{"coreVersion":"10.3.0.39"}},"sumScore":7.606833698416223,"tagsCounter":11.0,"taggedText":"\u003chtml\u003e\u003chead\u003e\u003cscript src\u003d\"https://ajax.googleapis.com/ajax/libs/jquery/2.2.0/jquery.min.js\"\u003e\u003c/script\u003e\u003c/head\u003e\u003cbody\u003e\u003cdocument languages\u003d\"\" producer\u003d\"Workfusion\" schemalocation\u003d\"http://ocr.crowdcomputingsystems.com/xml/schema-v1.xml\" version\u003d\"1.0\" xmlns\u003d\"http://ocr.crowdcomputingsystems.com/xml/schema-v1.xml\" xsi\u003d\"http://www.w3.org/2001/XMLSchema-instance\"\u003e \u003clink href\u003d\"https://s3.amazonaws.com/workfusion-resources/ocr/ocr-xml-viewer-0.3-scale-to-width.css\" rel\u003d\"stylesheet\" type\u003d\"text/css\"\u003e\u003c/link\u003e \u003cstyle\u003e\u003c/style\u003e\u003cpage data-pages\u003d\"1\" h\u003d\"978\" resolution\u003d\"120\" style\u003d\"height: 1049px;\" w\u003d\"707\"\u003e \u003cblock b\u003d\"42\" blockname\u003d\"\" blocktype\u003d\"Text\" l\u003d\"588\" r\u003d\"693\" style\u003d\"transform: translate(628px, 20px); position: absolute; width: 112.129px; height: 26px;\" t\u003d\"18\"\u003e \u003cregion\u003e \u003crect b\u003d\"42\" l\u003d\"588\" r\u003d\"693\" t\u003d\"18\"\u003e\u003c/rect\u003e  \u003c/region\u003e  \u003ctext\u003e \u003cpar linespacing\u003d\"1200\"\u003e \u003cline b\u003d\"39\" baseline\u003d\"39\" l\u003d\"590\" r\u003d\"691\" style\u003d\"transform: translate(2px, 1px); position: absolute;\" t\u003d\"19\"\u003e \u003cformatting lang\u003d\"EnglishUnitedStates\"\u003e INVOICE \u003c/formatting\u003e  \u003c/line\u003e  \u003c/par\u003e  \u003c/text\u003e  \u003c/block\u003e  \u003cblock b\u003d\"189\" blockname\u003d\"\" blocktype\u003d\"Text\" l\u003d\"24\" r\u003d\"154\" style\u003d\"transform: translate(26px, 75px); position: absolute; width: 138.826px; height: 130px;\" t\u003d\"69\"\u003e \u003cregion\u003e \u003crect b\u003d\"189\" l\u003d\"24\" r\u003d\"154\" t\u003d\"69\"\u003e\u003c/rect\u003e  \u003c/region\u003e  \u003ctext\u003e \u003cpar linespacing\u003d\"2580\"\u003e \u003cline b\u003d\"111\" baseline\u003d\"118\" l\u003d\"40\" r\u003d\"124\" style\u003d\"transform: translate(17px, 7px); position: absolute;\" t\u003d\"75\"\u003e \u003cformatting lang\u003d\"EnglishUnitedStates\"\u003e \u0026diams; \u003c/formatting\u003e  \u003c/line\u003e  \u003c/par\u003e  \u003cpar linespacing\u003d\"2580\"\u003e \u003cline b\u003d\"168\" baseline\u003d\"154\" l\u003d\"32\" r\u003d\"154\" style\u003d\"transform: translate(9px, 52px); position: absolute;\" t\u003d\"117\"\u003e \u003cformatting lang\u003d\"EnglishUnitedStates\"\u003e S/S$D tx \u003c/formatting\u003e  \u003c/line\u003e  \u003c/par\u003e  \u003cpar align\u003d\"Justified\" linespacing\u003d\"480\"\u003e \u003cline b\u003d\"178\" baseline\u003d\"177\" l\u003d\"24\" r\u003d\"152\" style\u003d\"transform: translate(0px, 108px); position: absolute;\" t\u003d\"169\"\u003e \u003cformatting lang\u003d\"EnglishUnitedStates\"\u003e 771. itCtsJ m J \u003c/formatting\u003e  \u003c/line\u003e  \u003c/par\u003e  \u003c/text\u003e  \u003c/block\u003e  \u003cblock b\u003d\"196\" blockname\u003d\"\" blocktype\u003d\"Text\" l\u003d\"236\" r\u003d\"321\" style\u003d\"transform: translate(252px, 197px); position: absolute; width: 90.7709px; height: 15.1667px;\" t\u003d\"182\"\u003e \u003cregion\u003e \u003crect b\u003d\"196\" l\u003d\"236\" r\u003d\"321\" t\u003d\"182\"\u003e\u003c/rect\u003e  \u003c/region\u003e  \u003ctext\u003e \u003cpar linespacing\u003d\"600\"\u003e \u003cline b\u003d\"193\" baseline\u003d\"193\" l\u003d\"237\" r\u003d\"318\" style\u003d\"transform: translate(1px, 1px); position: absolute;\" t\u003d\"183\"\u003e \u003cformatting lang\u003d\"EnglishUnitedStates\"\u003e Inv# 06888 \u003c/formatting\u003e  \u003c/line\u003e  \u003c/par\u003e  \u003c/text\u003e  \u003c/block\u003e  \u003cblock b\u003d\"234\" blockname\u003d\"\" blocktype\u003d\"Text\" l\u003d\"551\" r\u003d\"693\" style\u003d\"transform: translate(588px, 238px); position: absolute; width: 151.641px; height: 15.1667px;\" t\u003d\"220\"\u003e \u003cregion\u003e \u003crect b\u003d\"234\" l\u003d\"551\" r\u003d\"693\" t\u003d\"220\"\u003e\u003c/rect\u003e  \u003c/region\u003e  \u003ctext\u003e \u003cpar align\u003d\"Right\" linespacing\u003d\"480\"\u003e \u003cline b\u003d\"231\" baseline\u003d\"229\" l\u003d\"552\" r\u003d\"690\" style\u003d\"transform: translate(1px, 1px); position: absolute;\" t\u003d\"221\"\u003e \u003cformatting lang\u003d\"EnglishUnitedStates\"\u003e DATE: \u003cinvoice_date appendorder\u003d\"2\" class\u003d\"extraction-tag\" confidence\u003d\"1/1\" data-original-title\u003d\"Invoice date\" data-toggle\u003d\"tooltip\" data-value\u003d\"DECEMBER 19,2011\" fold-name\u003d\"fold2\" score\u003d\"0.7272256303668296\" style\u003d\"background-color: rgb(17, 18, 43);  color: rgb(255, 255, 255);   border: 2px solid rgb(125, 157, 1); \" tagorder\u003d\"1\"\u003eDECEMBER 19,2011\u003c/invoice_date\u003e \u003c/formatting\u003e  \u003c/line\u003e  \u003c/par\u003e  \u003c/text\u003e  \u003c/block\u003e  \u003cregion xmlns\u003d\"http://ocr.crowdcomputingsystems.com/xml/schema-v1.xml\"\u003e \u003crect b\u003d\"344\" l\u003d\"44\" r\u003d\"600\" t\u003d\"259\"\u003e\u003c/rect\u003e  \u003c/region\u003e  \u003cregion xmlns\u003d\"http://ocr.crowdcomputingsystems.com/xml/schema-v1.xml\"\u003e \u003crect b\u003d\"441\" l\u003d\"6\" r\u003d\"701\" t\u003d\"380\"\u003e\u003c/rect\u003e  \u003c/region\u003e \u003ctable b\u003d\"441\" blockname\u003d\"\" blocktype\u003d\"Table\" l\u003d\"6\" r\u003d\"701\" style\u003d\"transform: translate(6px, 412px); position: absolute; user-select: auto;\" t\u003d\"380\" xmlns\u003d\"\"\u003e \u003ctbody\u003e\u003ctr\u003e \u003ctd h\u003d\"33\" w\u003d\"152\"\u003e \u003ctext xmlns\u003d\"http://ocr.crowdcomputingsystems.com/xml/schema-v1.xml\"\u003e \u003cpar align\u003d\"Center\" linespacing\u003d\"420\"\u003e \u003cline b\u003d\"401\" baseline\u003d\"401\" l\u003d\"48\" r\u003d\"116\" t\u003d\"394\"\u003e \u003cformatting lang\u003d\"EnglishUnitedStates\"\u003e SALESPERSON \u003c/formatting\u003e  \u003c/line\u003e  \u003c/par\u003e  \u003c/text\u003e  \u003c/td\u003e   \u003ctd h\u003d\"33\" w\u003d\"127\"\u003e \u003ctext xmlns\u003d\"http://ocr.crowdcomputingsystems.com/xml/schema-v1.xml\"\u003e \u003cpar align\u003d\"Center\" leftindent\u003d\"100\" linespacing\u003d\"420\"\u003e \u003cline b\u003d\"400\" baseline\u003d\"400\" l\u003d\"175\" r\u003d\"266\" t\u003d\"393\"\u003e \u003cformatting lang\u003d\"EnglishUnitedStates\"\u003e SHIPPING METHOD \u003c/formatting\u003e  \u003c/line\u003e  \u003c/par\u003e  \u003c/text\u003e  \u003c/td\u003e   \u003ctd h\u003d\"33\" w\u003d\"118\"\u003e \u003ctext xmlns\u003d\"http://ocr.crowdcomputingsystems.com/xml/schema-v1.xml\"\u003e \u003cpar align\u003d\"Center\" leftindent\u003d\"100\" linespacing\u003d\"420\"\u003e \u003cline b\u003d\"401\" baseline\u003d\"401\" l\u003d\"302\" r\u003d\"384\" t\u003d\"394\"\u003e \u003cformatting lang\u003d\"EnglishUnitedStates\"\u003e SHIPPING TERMS \u003c/formatting\u003e  \u003c/line\u003e  \u003c/par\u003e  \u003c/text\u003e  \u003c/td\u003e   \u003ctd h\u003d\"33\" w\u003d\"99\"\u003e \u003ctext xmlns\u003d\"http://ocr.crowdcomputingsystems.com/xml/schema-v1.xml\"\u003e \u003cpar linespacing\u003d\"420\"\u003e \u003cline b\u003d\"401\" baseline\u003d\"401\" l\u003d\"413\" r\u003d\"491\" t\u003d\"394\"\u003e \u003cformatting lang\u003d\"EnglishUnitedStates\"\u003e DELIVERY DATE \u003c/formatting\u003e  \u003c/line\u003e  \u003c/par\u003e  \u003c/text\u003e  \u003c/td\u003e   \u003ctd h\u003d\"33\" w\u003d\"100\"\u003e \u003ctext xmlns\u003d\"http://ocr.crowdcomputingsystems.com/xml/schema-v1.xml\"\u003e \u003cpar align\u003d\"Center\" leftindent\u003d\"100\" linespacing\u003d\"420\"\u003e \u003cline b\u003d\"394\" baseline\u003d\"394\" l\u003d\"528\" r\u003d\"574\" t\u003d\"387\"\u003e \u003cformatting lang\u003d\"EnglishUnitedStates\"\u003e PAYMENT \u003c/formatting\u003e  \u003c/line\u003e  \u003c/par\u003e  \u003cpar align\u003d\"Center\" leftindent\u003d\"100\" linespacing\u003d\"420\"\u003e \u003cline b\u003d\"406\" baseline\u003d\"406\" l\u003d\"535\" r\u003d\"567\" t\u003d\"399\"\u003e \u003cformatting lang\u003d\"EnglishUnitedStates\"\u003e TERMS \u003c/formatting\u003e  \u003c/line\u003e  \u003c/par\u003e  \u003c/text\u003e  \u003c/td\u003e   \u003ctd h\u003d\"33\" w\u003d\"99\"\u003e \u003ctext xmlns\u003d\"http://ocr.crowdcomputingsystems.com/xml/schema-v1.xml\"\u003e \u003cpar align\u003d\"Center\" leftindent\u003d\"200\" linespacing\u003d\"420\"\u003e \u003cline b\u003d\"401\" baseline\u003d\"401\" l\u003d\"625\" r\u003d\"674\" t\u003d\"394\"\u003e \u003cformatting lang\u003d\"EnglishUnitedStates\"\u003e DUE DATE \u003c/formatting\u003e  \u003c/line\u003e  \u003c/par\u003e  \u003c/text\u003e  \u003c/td\u003e   \u003c/tr\u003e \n \u003ctr\u003e \u003ctd h\u003d\"28\" w\u003d\"152\"\u003e \u003ctext xmlns\u003d\"http://ocr.crowdcomputingsystems.com/xml/schema-v1.xml\"\u003e \u003cpar align\u003d\"Center\" linespacing\u003d\"540\"\u003e \u003cline b\u003d\"431\" baseline\u003d\"429\" l\u003d\"47\" r\u003d\"116\" t\u003d\"420\"\u003e \u003cformatting lang\u003d\"EnglishUnitedStates\"\u003e Jane Peterson \u003c/formatting\u003e  \u003c/line\u003e  \u003c/par\u003e  \u003c/text\u003e  \u003c/td\u003e   \u003ctd h\u003d\"28\" w\u003d\"127\"\u003e \u003ctext xmlns\u003d\"http://ocr.crowdcomputingsystems.com/xml/schema-v1.xml\"\u003e \u003cpar align\u003d\"Center\" leftindent\u003d\"100\" linespacing\u003d\"540\"\u003e \u003cline b\u003d\"429\" baseline\u003d\"429\" l\u003d\"211\" r\u003d\"231\" t\u003d\"420\"\u003e \u003cformatting lang\u003d\"EnglishUnitedStates\"\u003e UPS \u003c/formatting\u003e  \u003c/line\u003e  \u003c/par\u003e  \u003c/text\u003e  \u003c/td\u003e   \u003ctd h\u003d\"28\" w\u003d\"118\"\u003e \u003ctext xmlns\u003d\"http://ocr.crowdcomputingsystems.com/xml/schema-v1.xml\"\u003e \u003cpar align\u003d\"Center\" leftindent\u003d\"100\" linespacing\u003d\"540\"\u003e \u003cline b\u003d\"431\" baseline\u003d\"429\" l\u003d\"303\" r\u003d\"383\" t\u003d\"420\"\u003e \u003cformatting lang\u003d\"EnglishUnitedStates\"\u003e Due on receipt \u003c/formatting\u003e  \u003c/line\u003e  \u003c/par\u003e  \u003c/text\u003e  \u003c/td\u003e   \u003ctd h\u003d\"28\" w\u003d\"99\"\u003e \u003ctext xmlns\u003d\"http://ocr.crowdcomputingsystems.com/xml/schema-v1.xml\"\u003e \u003cpar leftindent\u003d\"1000\" linespacing\u003d\"540\"\u003e \u003cline b\u003d\"429\" baseline\u003d\"429\" l\u003d\"420\" r\u003d\"482\" t\u003d\"420\"\u003e \u003cformatting lang\u003d\"EnglishUnitedStates\"\u003e 01/07/2011 \u003c/formatting\u003e  \u003c/line\u003e  \u003c/par\u003e  \u003c/text\u003e  \u003c/td\u003e   \u003ctd h\u003d\"28\" w\u003d\"100\"\u003e \u003ctext xmlns\u003d\"http://ocr.crowdcomputingsystems.com/xml/schema-v1.xml\"\u003e \u003cpar linespacing\u003d\"540\"\u003e \u003cline b\u003d\"431\" baseline\u003d\"429\" l\u003d\"512\" r\u003d\"590\" t\u003d\"420\"\u003e \u003cformatting lang\u003d\"EnglishUnitedStates\"\u003e by Credit Card \u003c/formatting\u003e  \u003c/line\u003e  \u003c/par\u003e  \u003c/text\u003e  \u003c/td\u003e   \u003ctd h\u003d\"28\" w\u003d\"99\"\u003e \u003ctext xmlns\u003d\"http://ocr.crowdcomputingsystems.com/xml/schema-v1.xml\"\u003e \u003cpar align\u003d\"Center\" leftindent\u003d\"200\" linespacing\u003d\"540\"\u003e \u003cline b\u003d\"429\" baseline\u003d\"429\" l\u003d\"618\" r\u003d\"682\" t\u003d\"420\"\u003e \u003cformatting lang\u003d\"EnglishUnitedStates\"\u003e 03/04/2012 \u003c/formatting\u003e  \u003c/line\u003e  \u003c/par\u003e  \u003c/text\u003e  \u003c/td\u003e   \u003c/tr\u003e \n \u003c/tbody\u003e\u003c/table\u003e\n \u003cregion xmlns\u003d\"http://ocr.crowdcomputingsystems.com/xml/schema-v1.xml\"\u003e \u003crect b\u003d\"827\" l\u003d\"6\" r\u003d\"701\" t\u003d\"455\"\u003e\u003c/rect\u003e  \u003c/region\u003e \u003ctable b\u003d\"827\" blockname\u003d\"\" blocktype\u003d\"Table\" l\u003d\"6\" r\u003d\"701\" style\u003d\"transform: translate(6px, 493px); position: absolute; user-select: auto;\" t\u003d\"455\" xmlns\u003d\"\"\u003e \u003ctbody\u003e\u003ctr\u003e \u003ctd h\u003d\"28\" w\u003d\"76\"\u003e \u003ctext xmlns\u003d\"http://ocr.crowdcomputingsystems.com/xml/schema-v1.xml\"\u003e \u003cpar align\u003d\"Center\" leftindent\u003d\"100\" linespacing\u003d\"420\"\u003e \u003cline b\u003d\"474\" baseline\u003d\"473\" l\u003d\"33\" r\u003d\"54\" t\u003d\"466\"\u003e \u003cformatting lang\u003d\"EnglishUnitedStates\"\u003e QTY \u003c/formatting\u003e  \u003c/line\u003e  \u003c/par\u003e  \u003c/text\u003e  \u003c/td\u003e   \u003ctd h\u003d\"28\" w\u003d\"74\"\u003e \u003ctext xmlns\u003d\"http://ocr.crowdcomputingsystems.com/xml/schema-v1.xml\"\u003e \u003cpar align\u003d\"Center\" leftindent\u003d\"200\" linespacing\u003d\"420\"\u003e \u003cline b\u003d\"473\" baseline\u003d\"473\" l\u003d\"101\" r\u003d\"134\" t\u003d\"466\"\u003e \u003cformatting lang\u003d\"EnglishUnitedStates\"\u003e ITEM # \u003c/formatting\u003e  \u003c/line\u003e  \u003c/par\u003e  \u003c/text\u003e  \u003c/td\u003e   \u003ctd h\u003d\"28\" w\u003d\"303\"\u003e \u003ctext xmlns\u003d\"http://ocr.crowdcomputingsystems.com/xml/schema-v1.xml\"\u003e \u003cpar align\u003d\"Center\" leftindent\u003d\"100\" linespacing\u003d\"420\"\u003e \u003cline b\u003d\"473\" baseline\u003d\"473\" l\u003d\"274\" r\u003d\"339\" t\u003d\"466\"\u003e \u003cformatting lang\u003d\"EnglishUnitedStates\"\u003e DESCRIPTION \u003c/formatting\u003e  \u003c/line\u003e  \u003c/par\u003e  \u003c/text\u003e  \u003c/td\u003e   \u003ctd h\u003d\"28\" w\u003d\"81\"\u003e \u003ctext xmlns\u003d\"http://ocr.crowdcomputingsystems.com/xml/schema-v1.xml\"\u003e \u003cpar align\u003d\"Right\" linespacing\u003d\"420\" rightindent\u003d\"900\"\u003e \u003cline b\u003d\"473\" baseline\u003d\"473\" l\u003d\"471\" r\u003d\"526\" t\u003d\"466\"\u003e \u003cformatting lang\u003d\"EnglishUnitedStates\"\u003e UNIT PRICE \u003c/formatting\u003e  \u003c/line\u003e  \u003c/par\u003e  \u003c/text\u003e  \u003c/td\u003e   \u003ctd h\u003d\"28\" w\u003d\"80\"\u003e \u003ctext xmlns\u003d\"http://ocr.crowdcomputingsystems.com/xml/schema-v1.xml\"\u003e \u003cpar align\u003d\"Right\" linespacing\u003d\"420\" rightindent\u003d\"1000\"\u003e \u003cline b\u003d\"473\" baseline\u003d\"473\" l\u003d\"554\" r\u003d\"604\" t\u003d\"466\"\u003e \u003cformatting lang\u003d\"EnglishUnitedStates\"\u003e DISCOUNT \u003c/formatting\u003e  \u003c/line\u003e  \u003c/par\u003e  \u003c/text\u003e  \u003c/td\u003e   \u003ctd h\u003d\"28\" w\u003d\"81\"\u003e \u003ctext xmlns\u003d\"http://ocr.crowdcomputingsystems.com/xml/schema-v1.xml\"\u003e \u003cpar align\u003d\"Right\" linespacing\u003d\"420\" rightindent\u003d\"1000\"\u003e \u003cline b\u003d\"473\" baseline\u003d\"473\" l\u003d\"630\" r\u003d\"688\" t\u003d\"466\"\u003e \u003cformatting lang\u003d\"EnglishUnitedStates\"\u003e LINE TOTAL \u003c/formatting\u003e  \u003c/line\u003e  \u003c/par\u003e  \u003c/text\u003e  \u003c/td\u003e   \u003c/tr\u003e \n \u003ctr\u003e \u003ctd h\u003d\"238\" w\u003d\"76\"\u003e \u003ctext xmlns\u003d\"http://ocr.crowdcomputingsystems.com/xml/schema-v1.xml\"\u003e \u003cpar linespacing\u003d\"540\"\u003e \u003cline b\u003d\"504\" baseline\u003d\"505\" l\u003d\"16\" r\u003d\"19\" t\u003d\"496\"\u003e\u003cquantity appendorder\u003d\"5\" class\u003d\"extraction-tag\" confidence\u003d\"1/1\" data-original-title\u003d\"construction_type\" data-toggle\u003d\"tooltip\" data-value\u003d\"1\" fold-name\u003d\"fold5\" injection\u003d\"true\" referencedatausedininjection\u003d\"manual\" score\u003d\"0.9027070754316306\" style\u003d\"background-color: rgb(11, 47, 140);  color: rgb(255, 255, 255);   border: 2px solid rgb(125, 157, 1); \" tagorder\u003d\"2730592\"\u003e1\u003c/quantity\u003e\u003c/line\u003e  \u003c/par\u003e  \u003cpar linespacing\u003d\"1560\"\u003e \u003cline b\u003d\"534\" baseline\u003d\"534\" l\u003d\"16\" r\u003d\"40\" t\u003d\"525\"\u003e\u003cquantity appendorder\u003d\"5\" class\u003d\"extraction-tag\" confidence\u003d\"1/1\" data-original-title\u003d\"construction_type\" data-toggle\u003d\"tooltip\" data-value\u003d\"1000\" fold-name\u003d\"fold5\" injection\u003d\"true\" referencedatausedininjection\u003d\"manual\" score\u003d\"0.7262309742976794\" style\u003d\"background-color: rgb(11, 47, 140);  color: rgb(255, 255, 255);   border: 2px solid rgb(125, 157, 1); \" tagorder\u003d\"8614282\"\u003e1000\u003c/quantity\u003e\u003c/line\u003e  \u003c/par\u003e  \u003cpar linespacing\u003d\"1560\"\u003e \u003cline b\u003d\"560\" baseline\u003d\"560\" l\u003d\"15\" r\u003d\"20\" t\u003d\"551\"\u003e\u003cquantity appendorder\u003d\"5\" class\u003d\"extraction-tag\" confidence\u003d\"1/1\" data-original-title\u003d\"construction_type\" data-toggle\u003d\"tooltip\" data-value\u003d\"3\" fold-name\u003d\"fold5\" injection\u003d\"true\" referencedatausedininjection\u003d\"manual\" score\u003d\"0.5971253411412466\" style\u003d\"background-color: rgb(11, 47, 140);  color: rgb(255, 255, 255);   border: 2px solid rgb(125, 157, 1); \" tagorder\u003d\"8197618\"\u003e3\u003c/quantity\u003e\u003c/line\u003e  \u003c/par\u003e  \u003cpar linespacing\u003d\"1560\"\u003e \u003cline b\u003d\"586\" baseline\u003d\"587\" l\u003d\"16\" r\u003d\"19\" t\u003d\"577\"\u003e\u003cquantity appendorder\u003d\"5\" class\u003d\"extraction-tag\" confidence\u003d\"1/1\" data-original-title\u003d\"construction_type\" data-toggle\u003d\"tooltip\" data-value\u003d\"1\" fold-name\u003d\"fold5\" injection\u003d\"true\" referencedatausedininjection\u003d\"manual\" score\u003d\"0.9069654470913909\" style\u003d\"background-color: rgb(11, 47, 140);  color: rgb(255, 255, 255);   border: 2px solid rgb(125, 157, 1); \" tagorder\u003d\"8006427\"\u003e1\u003c/quantity\u003e\u003c/line\u003e  \u003c/par\u003e  \u003c/text\u003e  \u003c/td\u003e   \u003ctd h\u003d\"238\" w\u003d\"74\"\u003e \u003ctext xmlns\u003d\"http://ocr.crowdcomputingsystems.com/xml/schema-v1.xml\"\u003e \u003cpar linespacing\u003d\"540\"\u003e \u003cline b\u003d\"504\" baseline\u003d\"504\" l\u003d\"89\" r\u003d\"132\" t\u003d\"495\"\u003e \u003cformatting lang\u003d\"EnglishUnitedStates\"\u003e LP150-C \u003c/formatting\u003e  \u003c/line\u003e  \u003c/par\u003e  \u003cpar linespacing\u003d\"540\"\u003e \u003cline b\u003d\"534\" baseline\u003d\"534\" l\u003d\"89\" r\u003d\"122\" t\u003d\"525\"\u003e \u003cformatting lang\u003d\"EnglishUnitedStates\"\u003e VD90a \u003c/formatting\u003e  \u003c/line\u003e  \u003c/par\u003e  \u003cpar linespacing\u003d\"540\"\u003e \u003cline b\u003d\"560\" baseline\u003d\"560\" l\u003d\"88\" r\u003d\"122\" t\u003d\"551\"\u003e \u003cformatting lang\u003d\"EnglishUnitedStates\"\u003e TYDE3 \u003c/formatting\u003e  \u003c/line\u003e  \u003c/par\u003e  \u003c/text\u003e  \u003c/td\u003e   \u003ctd h\u003d\"238\" w\u003d\"303\"\u003e \u003ctext xmlns\u003d\"http://ocr.crowdcomputingsystems.com/xml/schema-v1.xml\"\u003e \u003cpar linespacing\u003d\"540\"\u003e \u003cline b\u003d\"498\" baseline\u003d\"496\" l\u003d\"164\" r\u003d\"420\" t\u003d\"487\"\u003e\u003cproduct class\u003d\"extraction-tag\" data-value\u003d\"PS150-Centric SJ5_8, Lorentz Pump/Controller     AXC200 syringes     JIN 21 reagent     Overnight shipping \u0026amp; icepack packaging\" fold-name\u003d\"fold4\" ml-tagorder\u003d\"8614287\" score\u003d\"0.6641585669088715\" tagorder\u003d\"8614287\"\u003ePS150-Centric SJ5_8, Lorentz Pump/Controller\u003c/product\u003e\u003c/line\u003e  \u003c/par\u003e  \u003cpar linespacing\u003d\"1560\"\u003e \u003cline b\u003d\"536\" baseline\u003d\"534\" l\u003d\"163\" r\u003d\"251\" t\u003d\"525\"\u003e\u003cproduct class\u003d\"extraction-tag\" data-value\u003d\"PS150-Centric SJ5_8, Lorentz Pump/Controller     AXC200 syringes     JIN 21 reagent     Overnight shipping \u0026amp; icepack packaging\" fold-name\u003d\"fold4\" ml-tagorder\u003d\"8614287\" score\u003d\"0.6641585669088715\" tagorder\u003d\"8614287\"\u003eAXC200 syringes\u003c/product\u003e\u003c/line\u003e  \u003c/par\u003e  \u003cpar linespacing\u003d\"1560\"\u003e \u003cline b\u003d\"562\" baseline\u003d\"560\" l\u003d\"163\" r\u003d\"239\" t\u003d\"551\"\u003e\u003cproduct class\u003d\"extraction-tag\" data-value\u003d\"PS150-Centric SJ5_8, Lorentz Pump/Controller     AXC200 syringes     JIN 21 reagent     Overnight shipping \u0026amp; icepack packaging\" fold-name\u003d\"fold4\" ml-tagorder\u003d\"8614287\" score\u003d\"0.6641585669088715\" tagorder\u003d\"8614287\"\u003eJIN 21 reagent\u003c/product\u003e\u003c/line\u003e  \u003c/par\u003e  \u003cpar linespacing\u003d\"1560\"\u003e \u003cline b\u003d\"588\" baseline\u003d\"586\" l\u003d\"163\" r\u003d\"381\" t\u003d\"577\"\u003e\u003cproduct class\u003d\"extraction-tag\" data-value\u003d\"PS150-Centric SJ5_8, Lorentz Pump/Controller     AXC200 syringes     JIN 21 reagent     Overnight shipping \u0026amp; icepack packaging\" fold-name\u003d\"fold4\" ml-tagorder\u003d\"8614287\" score\u003d\"0.6641585669088715\" tagorder\u003d\"8614287\"\u003eOvernight shipping \u0026amp; icepack packaging\u003c/product\u003e\u003c/line\u003e  \u003c/par\u003e  \u003c/text\u003e  \u003c/td\u003e   \u003ctd h\u003d\"238\" w\u003d\"81\"\u003e \u003ctext xmlns\u003d\"http://ocr.crowdcomputingsystems.com/xml/schema-v1.xml\"\u003e \u003cpar align\u003d\"Right\" linespacing\u003d\"540\" rightindent\u003d\"900\"\u003e \u003cline b\u003d\"505\" baseline\u003d\"504\" l\u003d\"482\" r\u003d\"524\" t\u003d\"495\"\u003e\u003cprice appendorder\u003d\"5\" class\u003d\"extraction-tag\" confidence\u003d\"1/1\" data-original-title\u003d\"construction_type\" data-toggle\u003d\"tooltip\" data-value\u003d\"S268.00\" fold-name\u003d\"fold2\" injection\u003d\"true\" referencedatausedininjection\u003d\"manual\" score\u003d\"0.629932530853419\" style\u003d\"background-color: rgb(140, 250, 187);  color: rgb(0, 0, 0);   border: 2px solid rgb(125, 157, 1); \" tagorder\u003d\"2292188\"\u003eS268.00\u003c/price\u003e\u003c/line\u003e  \u003c/par\u003e  \u003cpar align\u003d\"Right\" linespacing\u003d\"1560\" rightindent\u003d\"900\"\u003e \u003cline b\u003d\"535\" baseline\u003d\"534\" l\u003d\"494\" r\u003d\"523\" t\u003d\"524\"\u003e$\u003cprice class\u003d\"extraction-tag\" data-value\u003d\"2.99\" fold-name\u003d\"fold2\" ml-tagorder\u003d\"8614289\" score\u003d\"0.7591094666262227\" tagorder\u003d\"8614289\"\u003e2.99\u003c/price\u003e\u003c/line\u003e  \u003c/par\u003e  \u003cpar align\u003d\"Right\" linespacing\u003d\"1560\" rightindent\u003d\"900\"\u003e \u003cline b\u003d\"561\" baseline\u003d\"560\" l\u003d\"488\" r\u003d\"524\" t\u003d\"551\"\u003e\u003cprice appendorder\u003d\"5\" class\u003d\"extraction-tag\" confidence\u003d\"1/1\" data-original-title\u003d\"construction_type\" data-toggle\u003d\"tooltip\" data-value\u003d\"S98.00\" fold-name\u003d\"fold2\" injection\u003d\"true\" referencedatausedininjection\u003d\"manual\" score\u003d\"0.4291922364281834\" style\u003d\"background-color: rgb(140, 250, 187);  color: rgb(0, 0, 0);   border: 2px solid rgb(125, 157, 1); \" tagorder\u003d\"8150926\"\u003eS98.00\u003c/price\u003e\u003c/line\u003e  \u003c/par\u003e  \u003cpar align\u003d\"Right\" linespacing\u003d\"1560\" rightindent\u003d\"900\"\u003e \u003cline b\u003d\"587\" baseline\u003d\"586\" l\u003d\"482\" r\u003d\"524\" t\u003d\"576\"\u003e$\u003cprice class\u003d\"extraction-tag\" data-value\u003d\"238.00\" fold-name\u003d\"fold2\" ml-tagorder\u003d\"8614291\" score\u003d\"0.5628976111199187\" tagorder\u003d\"8614291\"\u003e238.00\u003c/price\u003e\u003c/line\u003e  \u003c/par\u003e  \u003c/text\u003e  \u003c/td\u003e   \u003ctd h\u003d\"238\" w\u003d\"80\"\u003e \u003ctext xmlns\u003d\"http://ocr.crowdcomputingsystems.com/xml/schema-v1.xml\"\u003e \u003cpar leftindent\u003d\"800\" linespacing\u003d\"-1\"\u003e\u003c/par\u003e  \u003c/text\u003e  \u003c/td\u003e   \u003ctd h\u003d\"238\" w\u003d\"81\"\u003e \u003ctext xmlns\u003d\"http://ocr.crowdcomputingsystems.com/xml/schema-v1.xml\"\u003e \u003cpar align\u003d\"Right\" linespacing\u003d\"600\" rightindent\u003d\"1000\"\u003e \u003cline b\u003d\"505\" baseline\u003d\"504\" l\u003d\"642\" r\u003d\"685\" t\u003d\"494\"\u003e \u003cformatting lang\u003d\"EnglishUnitedStates\"\u003e $268.00 \u003c/formatting\u003e  \u003c/line\u003e  \u003c/par\u003e  \u003cpar align\u003d\"Right\" linespacing\u003d\"1560\" rightindent\u003d\"1000\"\u003e \u003cline b\u003d\"535\" baseline\u003d\"534\" l\u003d\"654\" r\u003d\"685\" t\u003d\"524\"\u003e \u003cformatting lang\u003d\"EnglishUnitedStates\"\u003e $2990 \u003c/formatting\u003e  \u003c/line\u003e  \u003c/par\u003e  \u003cpar align\u003d\"Right\" linespacing\u003d\"1560\" rightindent\u003d\"1000\"\u003e \u003cline b\u003d\"561\" baseline\u003d\"560\" l\u003d\"642\" r\u003d\"685\" t\u003d\"550\"\u003e \u003cformatting lang\u003d\"EnglishUnitedStates\"\u003e $294.00 \u003c/formatting\u003e  \u003c/line\u003e  \u003c/par\u003e  \u003cpar align\u003d\"Right\" linespacing\u003d\"1560\" rightindent\u003d\"1000\"\u003e \u003cline b\u003d\"587\" baseline\u003d\"586\" l\u003d\"642\" r\u003d\"685\" t\u003d\"576\"\u003e \u003cformatting lang\u003d\"EnglishUnitedStates\"\u003e $238.00 \u003c/formatting\u003e  \u003c/line\u003e  \u003c/par\u003e  \u003c/text\u003e  \u003c/td\u003e   \u003c/tr\u003e \n \u003ctr\u003e \u003ctd bottomborder\u003d\"White\" h\u003d\"26\" leftborder\u003d\"White\" rightborder\u003d\"White\" w\u003d\"76\"\u003e \u003ctext xmlns\u003d\"http://ocr.crowdcomputingsystems.com/xml/schema-v1.xml\"\u003e \u003cpar linespacing\u003d\"-1\"\u003e\u003c/par\u003e  \u003c/text\u003e  \u003c/td\u003e   \u003ctd bottomborder\u003d\"White\" h\u003d\"26\" leftborder\u003d\"White\" rightborder\u003d\"White\" w\u003d\"74\"\u003e \u003ctext xmlns\u003d\"http://ocr.crowdcomputingsystems.com/xml/schema-v1.xml\"\u003e \u003cpar linespacing\u003d\"-1\"\u003e\u003c/par\u003e  \u003c/text\u003e  \u003c/td\u003e   \u003ctd bottomborder\u003d\"White\" colspan\u003d\"2\" h\u003d\"26\" leftborder\u003d\"White\" w\u003d\"384\"\u003e \u003ctext xmlns\u003d\"http://ocr.crowdcomputingsystems.com/xml/schema-v1.xml\"\u003e \u003cpar align\u003d\"Right\" linespacing\u003d\"420\"\u003e \u003cline b\u003d\"737\" baseline\u003d\"737\" l\u003d\"443\" r\u003d\"530\" t\u003d\"730\"\u003e \u003cformatting lang\u003d\"EnglishUnitedStates\"\u003e TOTAL DISCOUNT \u003c/formatting\u003e  \u003c/line\u003e  \u003c/par\u003e  \u003c/text\u003e  \u003c/td\u003e   \u003ctd h\u003d\"26\" w\u003d\"80\"\u003e \u003ctext xmlns\u003d\"http://ocr.crowdcomputingsystems.com/xml/schema-v1.xml\"\u003e \u003cpar align\u003d\"Right\" linespacing\u003d\"540\" rightindent\u003d\"1000\"\u003e \u003cline b\u003d\"736\" baseline\u003d\"736\" l\u003d\"591\" r\u003d\"604\" t\u003d\"727\"\u003e \u003cformatting lang\u003d\"EnglishUnitedStates\"\u003e 6% \u003c/formatting\u003e  \u003c/line\u003e  \u003c/par\u003e  \u003c/text\u003e  \u003c/td\u003e   \u003ctd h\u003d\"26\" w\u003d\"81\"\u003e \u003ctext xmlns\u003d\"http://ocr.crowdcomputingsystems.com/xml/schema-v1.xml\"\u003e \u003cpar align\u003d\"Right\" linespacing\u003d\"600\" rightindent\u003d\"1000\"\u003e \u003cline b\u003d\"737\" baseline\u003d\"736\" l\u003d\"642\" r\u003d\"685\" t\u003d\"726\"\u003e \u003cformatting lang\u003d\"EnglishUnitedStates\"\u003e $227.40 \u003c/formatting\u003e  \u003c/line\u003e  \u003c/par\u003e  \u003c/text\u003e  \u003c/td\u003e   \u003c/tr\u003e \n \u003ctr\u003e \u003ctd bottomborder\u003d\"White\" h\u003d\"26\" leftborder\u003d\"White\" rightborder\u003d\"White\" topborder\u003d\"White\" w\u003d\"76\"\u003e \u003ctext xmlns\u003d\"http://ocr.crowdcomputingsystems.com/xml/schema-v1.xml\"\u003e \u003cpar linespacing\u003d\"-1\"\u003e\u003c/par\u003e  \u003c/text\u003e  \u003c/td\u003e   \u003ctd bottomborder\u003d\"White\" h\u003d\"26\" leftborder\u003d\"White\" rightborder\u003d\"White\" topborder\u003d\"White\" w\u003d\"74\"\u003e \u003ctext xmlns\u003d\"http://ocr.crowdcomputingsystems.com/xml/schema-v1.xml\"\u003e \u003cpar linespacing\u003d\"-1\"\u003e\u003c/par\u003e  \u003c/text\u003e  \u003c/td\u003e   \u003ctd bottomborder\u003d\"White\" h\u003d\"26\" leftborder\u003d\"White\" rightborder\u003d\"White\" topborder\u003d\"White\" w\u003d\"303\"\u003e \u003ctext xmlns\u003d\"http://ocr.crowdcomputingsystems.com/xml/schema-v1.xml\"\u003e \u003cpar linespacing\u003d\"-1\"\u003e\u003c/par\u003e  \u003c/text\u003e  \u003c/td\u003e   \u003ctd bottomborder\u003d\"White\" h\u003d\"26\" leftborder\u003d\"White\" rightborder\u003d\"White\" topborder\u003d\"White\" w\u003d\"81\"\u003e \u003ctext xmlns\u003d\"http://ocr.crowdcomputingsystems.com/xml/schema-v1.xml\"\u003e \u003cpar leftindent\u003d\"700\" linespacing\u003d\"-1\"\u003e\u003c/par\u003e  \u003c/text\u003e  \u003c/td\u003e   \u003ctd bottomborder\u003d\"White\" h\u003d\"26\" leftborder\u003d\"White\" w\u003d\"80\"\u003e \u003ctext xmlns\u003d\"http://ocr.crowdcomputingsystems.com/xml/schema-v1.xml\"\u003e \u003cpar align\u003d\"Right\" linespacing\u003d\"420\"\u003e \u003cline b\u003d\"763\" baseline\u003d\"763\" l\u003d\"559\" r\u003d\"610\" t\u003d\"756\"\u003e \u003cformatting lang\u003d\"EnglishUnitedStates\"\u003e SUBTOTAL \u003c/formatting\u003e  \u003c/line\u003e  \u003c/par\u003e  \u003c/text\u003e  \u003c/td\u003e   \u003ctd h\u003d\"26\" w\u003d\"81\"\u003e \u003ctext xmlns\u003d\"http://ocr.crowdcomputingsystems.com/xml/schema-v1.xml\"\u003e \u003cpar align\u003d\"Right\" linespacing\u003d\"600\" rightindent\u003d\"1000\"\u003e \u003cline b\u003d\"763\" baseline\u003d\"762\" l\u003d\"636\" r\u003d\"684\" t\u003d\"752\"\u003e \u003cformatting lang\u003d\"EnglishUnitedStates\"\u003e $3562.60 \u003c/formatting\u003e  \u003c/line\u003e  \u003c/par\u003e  \u003c/text\u003e  \u003c/td\u003e   \u003c/tr\u003e \n \u003ctr\u003e \u003ctd bottomborder\u003d\"White\" h\u003d\"27\" leftborder\u003d\"White\" rightborder\u003d\"White\" topborder\u003d\"White\" w\u003d\"76\"\u003e \u003ctext xmlns\u003d\"http://ocr.crowdcomputingsystems.com/xml/schema-v1.xml\"\u003e \u003cpar linespacing\u003d\"-1\"\u003e\u003c/par\u003e  \u003c/text\u003e  \u003c/td\u003e   \u003ctd bottomborder\u003d\"White\" h\u003d\"27\" leftborder\u003d\"White\" rightborder\u003d\"White\" topborder\u003d\"White\" w\u003d\"74\"\u003e \u003ctext xmlns\u003d\"http://ocr.crowdcomputingsystems.com/xml/schema-v1.xml\"\u003e \u003cpar linespacing\u003d\"-1\"\u003e\u003c/par\u003e  \u003c/text\u003e  \u003c/td\u003e   \u003ctd bottomborder\u003d\"White\" h\u003d\"27\" leftborder\u003d\"White\" rightborder\u003d\"White\" topborder\u003d\"White\" w\u003d\"303\"\u003e \u003ctext xmlns\u003d\"http://ocr.crowdcomputingsystems.com/xml/schema-v1.xml\"\u003e \u003cpar linespacing\u003d\"-1\"\u003e\u003c/par\u003e  \u003c/text\u003e  \u003c/td\u003e   \u003ctd bottomborder\u003d\"White\" h\u003d\"27\" leftborder\u003d\"White\" rightborder\u003d\"White\" topborder\u003d\"White\" w\u003d\"81\"\u003e \u003ctext xmlns\u003d\"http://ocr.crowdcomputingsystems.com/xml/schema-v1.xml\"\u003e \u003cpar leftindent\u003d\"700\" linespacing\u003d\"-1\"\u003e\u003c/par\u003e  \u003c/text\u003e  \u003c/td\u003e   \u003ctd bottomborder\u003d\"White\" h\u003d\"27\" leftborder\u003d\"White\" topborder\u003d\"White\" w\u003d\"80\"\u003e \u003ctext xmlns\u003d\"http://ocr.crowdcomputingsystems.com/xml/schema-v1.xml\"\u003e \u003cpar align\u003d\"Right\" linespacing\u003d\"420\"\u003e \u003cline b\u003d\"790\" baseline\u003d\"790\" l\u003d\"592\" r\u003d\"611\" t\u003d\"783\"\u003e \u003cformatting lang\u003d\"EnglishUnitedStates\"\u003e GST \u003c/formatting\u003e  \u003c/line\u003e  \u003c/par\u003e  \u003c/text\u003e  \u003c/td\u003e   \u003ctd h\u003d\"27\" w\u003d\"81\"\u003e \u003ctext xmlns\u003d\"http://ocr.crowdcomputingsystems.com/xml/schema-v1.xml\"\u003e \u003cpar align\u003d\"Right\" linespacing\u003d\"600\" rightindent\u003d\"1000\"\u003e \u003cline b\u003d\"790\" baseline\u003d\"789\" l\u003d\"639\" r\u003d\"681\" t\u003d\"779\"\u003e \u003cformatting lang\u003d\"EnglishUnitedStates\"\u003e $534.39 \u003c/formatting\u003e  \u003c/line\u003e  \u003c/par\u003e  \u003c/text\u003e  \u003c/td\u003e   \u003c/tr\u003e \n \u003ctr\u003e \u003ctd bottomborder\u003d\"White\" h\u003d\"27\" leftborder\u003d\"White\" rightborder\u003d\"White\" topborder\u003d\"White\" w\u003d\"76\"\u003e \u003ctext xmlns\u003d\"http://ocr.crowdcomputingsystems.com/xml/schema-v1.xml\"\u003e \u003cpar linespacing\u003d\"-1\"\u003e\u003c/par\u003e  \u003c/text\u003e  \u003c/td\u003e   \u003ctd bottomborder\u003d\"White\" h\u003d\"27\" leftborder\u003d\"White\" rightborder\u003d\"White\" topborder\u003d\"White\" w\u003d\"74\"\u003e \u003ctext xmlns\u003d\"http://ocr.crowdcomputingsystems.com/xml/schema-v1.xml\"\u003e \u003cpar linespacing\u003d\"-1\"\u003e\u003c/par\u003e  \u003c/text\u003e  \u003c/td\u003e   \u003ctd bottomborder\u003d\"White\" h\u003d\"27\" leftborder\u003d\"White\" rightborder\u003d\"White\" topborder\u003d\"White\" w\u003d\"303\"\u003e \u003ctext xmlns\u003d\"http://ocr.crowdcomputingsystems.com/xml/schema-v1.xml\"\u003e \u003cpar linespacing\u003d\"-1\"\u003e\u003c/par\u003e  \u003c/text\u003e  \u003c/td\u003e   \u003ctd bottomborder\u003d\"White\" h\u003d\"27\" leftborder\u003d\"White\" rightborder\u003d\"White\" topborder\u003d\"White\" w\u003d\"81\"\u003e \u003ctext xmlns\u003d\"http://ocr.crowdcomputingsystems.com/xml/schema-v1.xml\"\u003e \u003cpar leftindent\u003d\"700\" linespacing\u003d\"-1\"\u003e\u003c/par\u003e  \u003c/text\u003e  \u003c/td\u003e   \u003ctd bottomborder\u003d\"White\" h\u003d\"27\" leftborder\u003d\"White\" topborder\u003d\"White\" w\u003d\"80\"\u003e \u003ctext xmlns\u003d\"http://ocr.crowdcomputingsystems.com/xml/schema-v1.xml\"\u003e \u003cpar align\u003d\"Right\" linespacing\u003d\"420\"\u003e \u003cline b\u003d\"816\" baseline\u003d\"816\" l\u003d\"578\" r\u003d\"610\" t\u003d\"809\"\u003e \u003cformatting lang\u003d\"EnglishUnitedStates\"\u003e TOTAL \u003c/formatting\u003e  \u003c/line\u003e  \u003c/par\u003e  \u003c/text\u003e  \u003c/td\u003e   \u003ctd h\u003d\"27\" w\u003d\"81\"\u003e \u003ctext xmlns\u003d\"http://ocr.crowdcomputingsystems.com/xml/schema-v1.xml\"\u003e \u003cpar align\u003d\"Right\" linespacing\u003d\"600\" rightindent\u003d\"1000\"\u003e \u003cline b\u003d\"816\" baseline\u003d\"815\" l\u003d\"636\" r\u003d\"684\" t\u003d\"805\"\u003e \u003cformatting lang\u003d\"EnglishUnitedStates\"\u003e $\u003ctotal_amount appendorder\u003d\"7\" class\u003d\"extraction-tag\" confidence\u003d\"1/1\" data-original-title\u003d\"Total amount\" data-toggle\u003d\"tooltip\" data-value\u003d\"4096.99\" fold-name\u003d\"fold5\" score\u003d\"0.7012888181508297\" style\u003d\"background-color: rgb(27, 182, 226);  color: rgb(0, 0, 0);   border: 2px solid rgb(125, 157, 1); \" tagorder\u003d\"5\"\u003e4096.99\u003c/total_amount\u003e \u003c/formatting\u003e  \u003c/line\u003e  \u003c/par\u003e  \u003c/text\u003e  \u003c/td\u003e   \u003c/tr\u003e \n \u003c/tbody\u003e\u003c/table\u003e\n \u003cblock b\u003d\"930\" blockname\u003d\"\" blocktype\u003d\"Text\" l\u003d\"108\" r\u003d\"582\" style\u003d\"transform: translate(115px, 951px); position: absolute; width: 506.181px; height: 56.3333px;\" t\u003d\"878\"\u003e \u003cregion\u003e \u003crect b\u003d\"930\" l\u003d\"108\" r\u003d\"582\" t\u003d\"878\"\u003e\u003c/rect\u003e  \u003c/region\u003e  \u003ctext\u003e \u003cpar align\u003d\"Center\" leftindent\u003d\"1100\" linespacing\u003d\"480\"\u003e \u003cline b\u003d\"890\" baseline\u003d\"887\" l\u003d\"120\" r\u003d\"568\" style\u003d\"transform: translate(13px, 1px); position: absolute;\" t\u003d\"879\"\u003e \u003cformatting lang\u003d\"EnglishUnitedStates\"\u003e *** Direct Credit payment preferred - National Bank Account No. 06 0302 0223323 01 *** \u003c/formatting\u003e  \u003c/line\u003e  \u003c/par\u003e  \u003cpar align\u003d\"Center\" leftindent\u003d\"1100\" linespacing\u003d\"480\"\u003e \u003cline b\u003d\"914\" baseline\u003d\"912\" l\u003d\"169\" r\u003d\"519\" style\u003d\"transform: translate(65px, 28px); position: absolute;\" t\u003d\"904\"\u003e \u003cformatting lang\u003d\"EnglishUnitedStates\"\u003e This invoice is due for payment on 20th of month following date of invoice. \u003c/formatting\u003e  \u003c/line\u003e  \u003c/par\u003e  \u003cpar align\u003d\"Center\" leftindent\u003d\"1100\" linespacing\u003d\"480\"\u003e \u003cline b\u003d\"927\" baseline\u003d\"925\" l\u003d\"109\" r\u003d\"579\" style\u003d\"transform: translate(1px, 42px); position: absolute;\" t\u003d\"917\"\u003e \u003cformatting lang\u003d\"EnglishUnitedStates\"\u003e Remittance Advice can be emailed to assistance@sadex.com or look at FAQs at www.sadex.com \u003c/formatting\u003e  \u003c/line\u003e  \u003c/par\u003e  \u003c/text\u003e  \u003c/block\u003e  \u003cblock b\u003d\"969\" blockname\u003d\"\" blocktype\u003d\"Text\" l\u003d\"239\" r\u003d\"453\" style\u003d\"transform: translate(255px, 1030px); position: absolute; width: 228.529px; height: 19.5px;\" t\u003d\"951\"\u003e \u003cregion\u003e \u003crect b\u003d\"969\" l\u003d\"239\" r\u003d\"453\" t\u003d\"951\"\u003e\u003c/rect\u003e  \u003c/region\u003e  \u003ctext\u003e \u003cpar align\u003d\"Center\" leftindent\u003d\"1100\" linespacing\u003d\"660\"\u003e \u003cline b\u003d\"966\" baseline\u003d\"963\" l\u003d\"240\" r\u003d\"450\" style\u003d\"transform: translate(1px, 1px); position: absolute;\" t\u003d\"952\"\u003e \u003cformatting lang\u003d\"EnglishUnitedStates\"\u003e Thank you for your businessl \u003c/formatting\u003e  \u003c/line\u003e  \u003c/par\u003e  \u003c/text\u003e  \u003c/block\u003e  \u003cblock b\u003d\"940\" blockname\u003d\"\" blocktype\u003d\"SeparatorsBox\" class\u003d\"hidden\" l\u003d\"10\" r\u003d\"679\" style\u003d\"transform: translate(11px, 943px); position: absolute;\" t\u003d\"870\"\u003e \u003cregion\u003e \u003crect b\u003d\"873\" l\u003d\"10\" r\u003d\"679\" t\u003d\"870\"\u003e\u003c/rect\u003e  \u003crect b\u003d\"879\" l\u003d\"10\" r\u003d\"13\" t\u003d\"873\"\u003e\u003c/rect\u003e  \u003crect b\u003d\"935\" l\u003d\"10\" r\u003d\"678\" t\u003d\"879\"\u003e\u003c/rect\u003e  \u003crect b\u003d\"937\" l\u003d\"10\" r\u003d\"13\" t\u003d\"935\"\u003e\u003c/rect\u003e  \u003crect b\u003d\"940\" l\u003d\"10\" r\u003d\"679\" t\u003d\"937\"\u003e\u003c/rect\u003e  \u003c/region\u003e  \u003cseparatorsbox\u003e \u003cseparator thickness\u003d\"2\" type\u003d\"Black\"\u003e \u003cstart x\u003d\"10\" y\u003d\"871\"\u003e\u003c/start\u003e \u003cend x\u003d\"679\" y\u003d\"871\"\u003e\u003c/end\u003e \u003c/separator\u003e \u003cseparator thickness\u003d\"2\" type\u003d\"Black\"\u003e \u003cstart x\u003d\"10\" y\u003d\"938\"\u003e\u003c/start\u003e \u003cend x\u003d\"679\" y\u003d\"938\"\u003e\u003c/end\u003e \u003c/separator\u003e \u003cseparator thickness\u003d\"3\" type\u003d\"Black\"\u003e \u003cstart x\u003d\"11\" y\u003d\"870\"\u003e\u003c/start\u003e \u003cend x\u003d\"11\" y\u003d\"940\"\u003e\u003c/end\u003e \u003c/separator\u003e \u003cseparator thickness\u003d\"2\" type\u003d\"Black\"\u003e \u003cstart x\u003d\"677\" y\u003d\"879\"\u003e\u003c/start\u003e \u003cend x\u003d\"677\" y\u003d\"935\"\u003e\u003c/end\u003e \u003c/separator\u003e \u003c/separatorsbox\u003e \u003c/block\u003e  \u003cblock b\u003d\"7\" blockname\u003d\"\" blocktype\u003d\"Separator\" l\u003d\"7\" r\u003d\"701\" style\u003d\"transform: translate(7px, 5px); position: absolute;\" t\u003d\"5\"\u003e \u003cregion\u003e \u003crect b\u003d\"7\" l\u003d\"7\" r\u003d\"701\" t\u003d\"5\"\u003e\u003c/rect\u003e  \u003c/region\u003e  \u003cseparator thickness\u003d\"2\" type\u003d\"Black\"\u003e \u003cstart x\u003d\"7\" y\u003d\"6\"\u003e\u003c/start\u003e \u003cend x\u003d\"701\" y\u003d\"6\"\u003e\u003c/end\u003e \u003c/separator\u003e \u003c/block\u003e  \u003cblock b\u003d\"382\" blockname\u003d\"\" blocktype\u003d\"Separator\" l\u003d\"6\" r\u003d\"701\" style\u003d\"transform: translate(6px, 412px); position: absolute;\" t\u003d\"380\"\u003e \u003cregion\u003e \u003crect b\u003d\"382\" l\u003d\"6\" r\u003d\"701\" t\u003d\"380\"\u003e\u003c/rect\u003e  \u003c/region\u003e  \u003cseparator thickness\u003d\"2\" type\u003d\"Black\"\u003e \u003cstart x\u003d\"6\" y\u003d\"381\"\u003e\u003c/start\u003e \u003cend x\u003d\"701\" y\u003d\"381\"\u003e\u003c/end\u003e \u003c/separator\u003e \u003c/block\u003e  \u003cblock b\u003d\"414\" blockname\u003d\"\" blocktype\u003d\"Separator\" l\u003d\"6\" r\u003d\"701\" style\u003d\"transform: translate(6px, 447px); position: absolute;\" t\u003d\"413\"\u003e \u003cregion\u003e \u003crect b\u003d\"414\" l\u003d\"6\" r\u003d\"701\" t\u003d\"413\"\u003e\u003c/rect\u003e  \u003c/region\u003e  \u003cseparator thickness\u003d\"1\" type\u003d\"Black\"\u003e \u003cstart x\u003d\"6\" y\u003d\"413\"\u003e\u003c/start\u003e \u003cend x\u003d\"701\" y\u003d\"413\"\u003e\u003c/end\u003e \u003c/separator\u003e \u003c/block\u003e  \u003cblock b\u003d\"441\" blockname\u003d\"\" blocktype\u003d\"Separator\" l\u003d\"6\" r\u003d\"701\" style\u003d\"transform: translate(6px, 476px); position: absolute;\" t\u003d\"439\"\u003e \u003cregion\u003e \u003crect b\u003d\"441\" l\u003d\"6\" r\u003d\"701\" t\u003d\"439\"\u003e\u003c/rect\u003e  \u003c/region\u003e  \u003cseparator thickness\u003d\"2\" type\u003d\"Black\"\u003e \u003cstart x\u003d\"6\" y\u003d\"440\"\u003e\u003c/start\u003e \u003cend x\u003d\"701\" y\u003d\"440\"\u003e\u003c/end\u003e \u003c/separator\u003e \u003c/block\u003e  \u003cblock b\u003d\"457\" blockname\u003d\"\" blocktype\u003d\"Separator\" l\u003d\"6\" r\u003d\"701\" style\u003d\"transform: translate(6px, 493px); position: absolute;\" t\u003d\"455\"\u003e \u003cregion\u003e \u003crect b\u003d\"457\" l\u003d\"6\" r\u003d\"701\" t\u003d\"455\"\u003e\u003c/rect\u003e  \u003c/region\u003e  \u003cseparator thickness\u003d\"2\" type\u003d\"Black\"\u003e \u003cstart x\u003d\"6\" y\u003d\"456\"\u003e\u003c/start\u003e \u003cend x\u003d\"701\" y\u003d\"456\"\u003e\u003c/end\u003e \u003c/separator\u003e \u003c/block\u003e  \u003cblock b\u003d\"484\" blockname\u003d\"\" blocktype\u003d\"Separator\" l\u003d\"6\" r\u003d\"701\" style\u003d\"transform: translate(6px, 523px); position: absolute;\" t\u003d\"483\"\u003e \u003cregion\u003e \u003crect b\u003d\"484\" l\u003d\"6\" r\u003d\"701\" t\u003d\"483\"\u003e\u003c/rect\u003e  \u003c/region\u003e  \u003cseparator thickness\u003d\"1\" type\u003d\"Black\"\u003e \u003cstart x\u003d\"6\" y\u003d\"483\"\u003e\u003c/start\u003e \u003cend x\u003d\"701\" y\u003d\"483\"\u003e\u003c/end\u003e \u003c/separator\u003e \u003c/block\u003e  \u003cblock b\u003d\"722\" blockname\u003d\"\" blocktype\u003d\"Separator\" l\u003d\"6\" r\u003d\"701\" style\u003d\"transform: translate(6px, 780px); position: absolute;\" t\u003d\"720\"\u003e \u003cregion\u003e \u003crect b\u003d\"722\" l\u003d\"6\" r\u003d\"701\" t\u003d\"720\"\u003e\u003c/rect\u003e  \u003c/region\u003e  \u003cseparator thickness\u003d\"2\" type\u003d\"Black\"\u003e \u003cstart x\u003d\"6\" y\u003d\"721\"\u003e\u003c/start\u003e \u003cend x\u003d\"701\" y\u003d\"721\"\u003e\u003c/end\u003e \u003c/separator\u003e \u003c/block\u003e  \u003cblock b\u003d\"748\" blockname\u003d\"\" blocktype\u003d\"Separator\" l\u003d\"539\" r\u003d\"701\" style\u003d\"transform: translate(576px, 808px); position: absolute;\" t\u003d\"746\"\u003e \u003cregion\u003e \u003crect b\u003d\"748\" l\u003d\"539\" r\u003d\"701\" t\u003d\"746\"\u003e\u003c/rect\u003e  \u003c/region\u003e  \u003cseparator thickness\u003d\"2\" type\u003d\"Black\"\u003e \u003cstart x\u003d\"539\" y\u003d\"747\"\u003e\u003c/start\u003e \u003cend x\u003d\"701\" y\u003d\"747\"\u003e\u003c/end\u003e \u003c/separator\u003e \u003c/block\u003e  \u003cblock b\u003d\"774\" blockname\u003d\"\" blocktype\u003d\"Separator\" l\u003d\"619\" r\u003d\"701\" style\u003d\"transform: translate(661px, 837px); position: absolute;\" t\u003d\"773\"\u003e \u003cregion\u003e \u003crect b\u003d\"774\" l\u003d\"619\" r\u003d\"701\" t\u003d\"773\"\u003e\u003c/rect\u003e  \u003c/region\u003e  \u003cseparator thickness\u003d\"1\" type\u003d\"Black\"\u003e \u003cstart x\u003d\"619\" y\u003d\"773\"\u003e\u003c/start\u003e \u003cend x\u003d\"701\" y\u003d\"773\"\u003e\u003c/end\u003e \u003c/separator\u003e \u003c/block\u003e  \u003cblock b\u003d\"801\" blockname\u003d\"\" blocktype\u003d\"Separator\" l\u003d\"619\" r\u003d\"701\" style\u003d\"transform: translate(661px, 866px); position: absolute;\" t\u003d\"799\"\u003e \u003cregion\u003e \u003crect b\u003d\"801\" l\u003d\"619\" r\u003d\"701\" t\u003d\"799\"\u003e\u003c/rect\u003e  \u003c/region\u003e  \u003cseparator thickness\u003d\"2\" type\u003d\"Black\"\u003e \u003cstart x\u003d\"619\" y\u003d\"800\"\u003e\u003c/start\u003e \u003cend x\u003d\"701\" y\u003d\"800\"\u003e\u003c/end\u003e \u003c/separator\u003e \u003c/block\u003e  \u003cblock b\u003d\"827\" blockname\u003d\"\" blocktype\u003d\"Separator\" l\u003d\"619\" r\u003d\"701\" style\u003d\"transform: translate(661px, 895px); position: absolute;\" t\u003d\"826\"\u003e \u003cregion\u003e \u003crect b\u003d\"827\" l\u003d\"619\" r\u003d\"701\" t\u003d\"826\"\u003e\u003c/rect\u003e  \u003c/region\u003e  \u003cseparator thickness\u003d\"1\" type\u003d\"Black\"\u003e \u003cstart x\u003d\"619\" y\u003d\"826\"\u003e\u003c/start\u003e \u003cend x\u003d\"701\" y\u003d\"826\"\u003e\u003c/end\u003e \u003c/separator\u003e \u003c/block\u003e  \u003cblock b\u003d\"441\" blockname\u003d\"\" blocktype\u003d\"Separator\" l\u003d\"6\" r\u003d\"8\" style\u003d\"transform: translate(6px, 412px); position: absolute;\" t\u003d\"380\"\u003e \u003cregion\u003e \u003crect b\u003d\"441\" l\u003d\"6\" r\u003d\"8\" t\u003d\"380\"\u003e\u003c/rect\u003e  \u003c/region\u003e  \u003cseparator thickness\u003d\"2\" type\u003d\"Black\"\u003e \u003cstart x\u003d\"7\" y\u003d\"380\"\u003e\u003c/start\u003e \u003cend x\u003d\"7\" y\u003d\"441\"\u003e\u003c/end\u003e \u003c/separator\u003e \u003c/block\u003e  \u003cblock b\u003d\"722\" blockname\u003d\"\" blocktype\u003d\"Separator\" l\u003d\"6\" r\u003d\"8\" style\u003d\"transform: translate(6px, 493px); position: absolute;\" t\u003d\"455\"\u003e \u003cregion\u003e \u003crect b\u003d\"722\" l\u003d\"6\" r\u003d\"8\" t\u003d\"455\"\u003e\u003c/rect\u003e  \u003c/region\u003e  \u003cseparator thickness\u003d\"2\" type\u003d\"Black\"\u003e \u003cstart x\u003d\"7\" y\u003d\"455\"\u003e\u003c/start\u003e \u003cend x\u003d\"7\" y\u003d\"722\"\u003e\u003c/end\u003e \u003c/separator\u003e \u003c/block\u003e  \u003cblock b\u003d\"722\" blockname\u003d\"\" blocktype\u003d\"Separator\" l\u003d\"81\" r\u003d\"83\" style\u003d\"transform: translate(86px, 493px); position: absolute;\" t\u003d\"455\"\u003e \u003cregion\u003e \u003crect b\u003d\"722\" l\u003d\"81\" r\u003d\"83\" t\u003d\"455\"\u003e\u003c/rect\u003e  \u003c/region\u003e  \u003cseparator thickness\u003d\"2\" type\u003d\"Black\"\u003e \u003cstart x\u003d\"82\" y\u003d\"455\"\u003e\u003c/start\u003e \u003cend x\u003d\"82\" y\u003d\"722\"\u003e\u003c/end\u003e \u003c/separator\u003e \u003c/block\u003e  \u003cblock b\u003d\"722\" blockname\u003d\"\" blocktype\u003d\"Separator\" l\u003d\"155\" r\u003d\"157\" style\u003d\"transform: translate(166px, 493px); position: absolute;\" t\u003d\"455\"\u003e \u003cregion\u003e \u003crect b\u003d\"722\" l\u003d\"155\" r\u003d\"157\" t\u003d\"455\"\u003e\u003c/rect\u003e  \u003c/region\u003e  \u003cseparator thickness\u003d\"2\" type\u003d\"Black\"\u003e \u003cstart x\u003d\"156\" y\u003d\"455\"\u003e\u003c/start\u003e \u003cend x\u003d\"156\" y\u003d\"722\"\u003e\u003c/end\u003e \u003c/separator\u003e \u003c/block\u003e  \u003cblock b\u003d\"441\" blockname\u003d\"\" blocktype\u003d\"Separator\" l\u003d\"157\" r\u003d\"159\" style\u003d\"transform: translate(168px, 412px); position: absolute;\" t\u003d\"380\"\u003e \u003cregion\u003e \u003crect b\u003d\"441\" l\u003d\"157\" r\u003d\"159\" t\u003d\"380\"\u003e\u003c/rect\u003e  \u003c/region\u003e  \u003cseparator thickness\u003d\"2\" type\u003d\"Black\"\u003e \u003cstart x\u003d\"158\" y\u003d\"380\"\u003e\u003c/start\u003e \u003cend x\u003d\"158\" y\u003d\"441\"\u003e\u003c/end\u003e \u003c/separator\u003e \u003c/block\u003e  \u003cblock b\u003d\"441\" blockname\u003d\"\" blocktype\u003d\"Separator\" l\u003d\"284\" r\u003d\"286\" style\u003d\"transform: translate(303px, 412px); position: absolute;\" t\u003d\"380\"\u003e \u003cregion\u003e \u003crect b\u003d\"441\" l\u003d\"284\" r\u003d\"286\" t\u003d\"380\"\u003e\u003c/rect\u003e  \u003c/region\u003e  \u003cseparator thickness\u003d\"2\" type\u003d\"Black\"\u003e \u003cstart x\u003d\"285\" y\u003d\"380\"\u003e\u003c/start\u003e \u003cend x\u003d\"285\" y\u003d\"441\"\u003e\u003c/end\u003e \u003c/separator\u003e \u003c/block\u003e  \u003cblock b\u003d\"441\" blockname\u003d\"\" blocktype\u003d\"Separator\" l\u003d\"403\" r\u003d\"404\" style\u003d\"transform: translate(430px, 412px); position: absolute;\" t\u003d\"380\"\u003e \u003cregion\u003e \u003crect b\u003d\"441\" l\u003d\"403\" r\u003d\"404\" t\u003d\"380\"\u003e\u003c/rect\u003e  \u003c/region\u003e  \u003cseparator thickness\u003d\"1\" type\u003d\"Black\"\u003e \u003cstart x\u003d\"403\" y\u003d\"380\"\u003e\u003c/start\u003e \u003cend x\u003d\"403\" y\u003d\"441\"\u003e\u003c/end\u003e \u003c/separator\u003e \u003c/block\u003e  \u003cblock b\u003d\"722\" blockname\u003d\"\" blocktype\u003d\"Separator\" l\u003d\"458\" r\u003d\"460\" style\u003d\"transform: translate(489px, 493px); position: absolute;\" t\u003d\"455\"\u003e \u003cregion\u003e \u003crect b\u003d\"722\" l\u003d\"458\" r\u003d\"460\" t\u003d\"455\"\u003e\u003c/rect\u003e  \u003c/region\u003e  \u003cseparator thickness\u003d\"2\" type\u003d\"Black\"\u003e \u003cstart x\u003d\"459\" y\u003d\"455\"\u003e\u003c/start\u003e \u003cend x\u003d\"459\" y\u003d\"722\"\u003e\u003c/end\u003e \u003c/separator\u003e \u003c/block\u003e  \u003cblock b\u003d\"441\" blockname\u003d\"\" blocktype\u003d\"Separator\" l\u003d\"502\" r\u003d\"503\" style\u003d\"transform: translate(536px, 412px); position: absolute;\" t\u003d\"380\"\u003e \u003cregion\u003e \u003crect b\u003d\"441\" l\u003d\"502\" r\u003d\"503\" t\u003d\"380\"\u003e\u003c/rect\u003e  \u003c/region\u003e  \u003cseparator thickness\u003d\"1\" type\u003d\"Black\"\u003e \u003cstart x\u003d\"502\" y\u003d\"380\"\u003e\u003c/start\u003e \u003cend x\u003d\"502\" y\u003d\"441\"\u003e\u003c/end\u003e \u003c/separator\u003e \u003c/block\u003e  \u003cblock b\u003d\"748\" blockname\u003d\"\" blocktype\u003d\"Separator\" l\u003d\"539\" r\u003d\"541\" style\u003d\"transform: translate(576px, 493px); position: absolute;\" t\u003d\"455\"\u003e \u003cregion\u003e \u003crect b\u003d\"748\" l\u003d\"539\" r\u003d\"541\" t\u003d\"455\"\u003e\u003c/rect\u003e  \u003c/region\u003e  \u003cseparator thickness\u003d\"2\" type\u003d\"Black\"\u003e \u003cstart x\u003d\"540\" y\u003d\"455\"\u003e\u003c/start\u003e \u003cend x\u003d\"540\" y\u003d\"748\"\u003e\u003c/end\u003e \u003c/separator\u003e \u003c/block\u003e  \u003cblock b\u003d\"441\" blockname\u003d\"\" blocktype\u003d\"Separator\" l\u003d\"601\" r\u003d\"603\" style\u003d\"transform: translate(642px, 412px); position: absolute;\" t\u003d\"380\"\u003e \u003cregion\u003e \u003crect b\u003d\"441\" l\u003d\"601\" r\u003d\"603\" t\u003d\"380\"\u003e\u003c/rect\u003e  \u003c/region\u003e  \u003cseparator thickness\u003d\"2\" type\u003d\"Black\"\u003e \u003cstart x\u003d\"602\" y\u003d\"380\"\u003e\u003c/start\u003e \u003cend x\u003d\"602\" y\u003d\"441\"\u003e\u003c/end\u003e \u003c/separator\u003e \u003c/block\u003e  \u003cblock b\u003d\"827\" blockname\u003d\"\" blocktype\u003d\"Separator\" l\u003d\"619\" r\u003d\"621\" style\u003d\"transform: translate(661px, 493px); position: absolute;\" t\u003d\"455\"\u003e \u003cregion\u003e \u003crect b\u003d\"827\" l\u003d\"619\" r\u003d\"621\" t\u003d\"455\"\u003e\u003c/rect\u003e  \u003c/region\u003e  \u003cseparator thickness\u003d\"2\" type\u003d\"Black\"\u003e \u003cstart x\u003d\"620\" y\u003d\"455\"\u003e\u003c/start\u003e \u003cend x\u003d\"620\" y\u003d\"827\"\u003e\u003c/end\u003e \u003c/separator\u003e \u003c/block\u003e  \u003cblock b\u003d\"441\" blockname\u003d\"\" blocktype\u003d\"Separator\" l\u003d\"700\" r\u003d\"701\" style\u003d\"transform: translate(748px, 412px); position: absolute;\" t\u003d\"380\"\u003e \u003cregion\u003e \u003crect b\u003d\"441\" l\u003d\"700\" r\u003d\"701\" t\u003d\"380\"\u003e\u003c/rect\u003e  \u003c/region\u003e  \u003cseparator thickness\u003d\"1\" type\u003d\"Black\"\u003e \u003cstart x\u003d\"700\" y\u003d\"380\"\u003e\u003c/start\u003e \u003cend x\u003d\"700\" y\u003d\"441\"\u003e\u003c/end\u003e \u003c/separator\u003e \u003c/block\u003e  \u003cblock b\u003d\"827\" blockname\u003d\"\" blocktype\u003d\"Separator\" l\u003d\"700\" r\u003d\"701\" style\u003d\"transform: translate(748px, 493px); position: absolute;\" t\u003d\"455\"\u003e \u003cregion\u003e \u003crect b\u003d\"827\" l\u003d\"700\" r\u003d\"701\" t\u003d\"455\"\u003e\u003c/rect\u003e  \u003c/region\u003e  \u003cseparator thickness\u003d\"1\" type\u003d\"Black\"\u003e \u003cstart x\u003d\"700\" y\u003d\"455\"\u003e\u003c/start\u003e \u003cend x\u003d\"700\" y\u003d\"827\"\u003e\u003c/end\u003e \u003c/separator\u003e \u003c/block\u003e  \u003c/page\u003e         \u003c/document\u003e\u003c/body\u003e\u003c/html\u003e","tags":[{"begin":143,"end":159,"text":"DECEMBER 19,2011","tag":"invoice_date","fieldType":"DATE","score":0.7272256303668296,"estimatedAccuracy":0.0},{"begin":704,"end":705,"text":"1","tag":"quantity","fieldType":"NUMBER","score":0.9027070754316306,"estimatedAccuracy":0.0},{"begin":710,"end":714,"text":"1000","tag":"quantity","fieldType":"NUMBER","score":0.7262309742976794,"estimatedAccuracy":0.0},{"begin":719,"end":720,"text":"3","tag":"quantity","fieldType":"NUMBER","score":0.5971253411412466,"estimatedAccuracy":0.0},{"begin":725,"end":726,"text":"1","tag":"quantity","fieldType":"NUMBER","score":0.9069654470913909,"estimatedAccuracy":0.0},{"begin":792,"end":918,"text":"PS150-Centric SJ5_8, Lorentz Pump/Controller     AXC200 syringes     JIN 21 reagent     Overnight shipping \u0026 icepack packaging","tag":"product","fieldType":"TEXT","score":0.6641585669088715,"estimatedAccuracy":0.0},{"begin":930,"end":937,"text":"S268.00","tag":"price","fieldType":"NUMBER","score":0.629932530853419,"estimatedAccuracy":0.0},{"begin":943,"end":947,"text":"2.99","tag":"price","fieldType":"NUMBER","score":0.7591094666262227,"estimatedAccuracy":0.0},{"begin":952,"end":958,"text":"S98.00","tag":"price","fieldType":"NUMBER","score":0.4291922364281834,"estimatedAccuracy":0.0},{"begin":964,"end":970,"text":"238.00","tag":"price","fieldType":"NUMBER","score":0.5628976111199187,"estimatedAccuracy":0.0},{"begin":1399,"end":1406,"text":"4096.99","tag":"total_amount","fieldType":"NUMBER","score":0.7012888181508297,"estimatedAccuracy":0.0}],"group":"invoice_date|price|product|quantity|total_amount","limeExplanation":{},"liblinearFeatureImportance":{}}