{"finalScore":0.666936054963796,"metaInfo":{"model":{"coreVersion":"10.3.0.39"}},"sumScore":14.672593209203512,"tagsCounter":22.0,"taggedText":"\u003chtml\u003e\u003chead\u003e\u003cscript src\u003d\"https://ajax.googleapis.com/ajax/libs/jquery/2.2.0/jquery.min.js\"\u003e\u003c/script\u003e\u003c/head\u003e\u003cbody\u003e\u003cdocument languages\u003d\"\" producer\u003d\"Workfusion\" schemalocation\u003d\"http://ocr.crowdcomputingsystems.com/xml/schema-v1.xml\" version\u003d\"1.0\" xmlns\u003d\"http://ocr.crowdcomputingsystems.com/xml/schema-v1.xml\" xsi\u003d\"http://www.w3.org/2001/XMLSchema-instance\"\u003e \u003clink href\u003d\"https://s3.amazonaws.com/workfusion-resources/ocr/ocr-xml-viewer-0.3-scale-to-width.css\" rel\u003d\"stylesheet\" type\u003d\"text/css\"\u003e\u003c/link\u003e \u003cstyle\u003e\u003c/style\u003e\u003cpage data-pages\u003d\"1\" h\u003d\"441\" resolution\u003d\"96\" style\u003d\"height: 587px;\" w\u003d\"450\"\u003e \u003cblock b\u003d\"38\" blockname\u003d\"\" blocktype\u003d\"Text\" l\u003d\"240\" r\u003d\"385\" style\u003d\"transform: translate(739px, 20px); position: absolute; width: 446.278px; height: 31.1458px;\" t\u003d\"15\"\u003e \u003cregion\u003e \u003crect b\u003d\"38\" l\u003d\"240\" r\u003d\"385\" t\u003d\"15\"\u003e\u003c/rect\u003e  \u003c/region\u003e  \u003ctext\u003e \u003cpar linespacing\u003d\"900\"\u003e \u003cline b\u003d\"33\" baseline\u003d\"29\" l\u003d\"242\" r\u003d\"381\" style\u003d\"transform: translate(6px, 3px); position: absolute;\" t\u003d\"17\"\u003e \u003cformatting lang\u003d\"EnglishUnitedStates\"\u003e \u003csupplier_name class\u003d\"extraction-tag\" data-value\u003d\"Your Company\" fold-name\u003d\"fold1\" ml-tagorder\u003d\"8516461\" score\u003d\"0.61793870913186\" tagorder\u003d\"8516461\"\u003eYour Company\u003c/supplier_name\u003e Logo \u003c/formatting\u003e  \u003c/line\u003e  \u003c/par\u003e  \u003c/text\u003e  \u003c/block\u003e  \u003cblock b\u003d\"50\" blockname\u003d\"\" blocktype\u003d\"Text\" l\u003d\"6\" r\u003d\"35\" style\u003d\"transform: translate(18px, 15px); position: absolute; width: 89.2556px; height: 52.8125px;\" t\u003d\"11\"\u003e \u003cregion\u003e \u003crect b\u003d\"50\" l\u003d\"6\" r\u003d\"35\" t\u003d\"11\"\u003e\u003c/rect\u003e  \u003c/region\u003e  \u003ctext\u003e \u003cpar linespacing\u003d\"-1\"\u003e\u003c/par\u003e  \u003c/text\u003e  \u003c/block\u003e  \u003cblock b\u003d\"39\" blockname\u003d\"\" blocktype\u003d\"Text\" l\u003d\"46\" r\u003d\"147\" style\u003d\"transform: translate(142px, 41px); position: absolute; width: 310.856px; height: 12.1875px;\" t\u003d\"30\"\u003e \u003cregion\u003e \u003crect b\u003d\"39\" l\u003d\"46\" r\u003d\"147\" t\u003d\"30\"\u003e\u003c/rect\u003e  \u003c/region\u003e  \u003ctext\u003e \u003cpar align\u003d\"Justified\" linespacing\u003d\"300\"\u003e \u003cline b\u003d\"36\" baseline\u003d\"35\" l\u003d\"49\" r\u003d\"146\" style\u003d\"transform: translate(9px, 1px); position: absolute;\" t\u003d\"31\"\u003e \u003cformatting lang\u003d\"EnglishUnitedStates\"\u003e W# ir\u0026laquo; to \u0026laquo;ur tuuwu a \u003c/formatting\u003e  \u003c/line\u003e  \u003c/par\u003e  \u003c/text\u003e  \u003c/block\u003e  \u003cblock b\u003d\"43\" blockname\u003d\"\" blocktype\u003d\"Text\" l\u003d\"182\" r\u003d\"236\" style\u003d\"transform: translate(560px, 19px); position: absolute; width: 166.2px; height: 39.2708px;\" t\u003d\"14\"\u003e \u003cregion\u003e \u003crect b\u003d\"43\" l\u003d\"182\" r\u003d\"236\" t\u003d\"14\"\u003e\u003c/rect\u003e  \u003c/region\u003e  \u003ctext\u003e \u003cpar linespacing\u003d\"-1\"\u003e\u003c/par\u003e  \u003c/text\u003e  \u003c/block\u003e  \u003cblock b\u003d\"108\" blockname\u003d\"\" blocktype\u003d\"Text\" l\u003d\"2\" r\u003d\"89\" style\u003d\"transform: translate(6px, 84px); position: absolute; width: 267.767px; height: 62.2917px;\" t\u003d\"62\"\u003e \u003cregion\u003e \u003crect b\u003d\"108\" l\u003d\"2\" r\u003d\"89\" t\u003d\"62\"\u003e\u003c/rect\u003e  \u003c/region\u003e  \u003ctext\u003e \u003cpar linespacing\u003d\"675\"\u003e \u003cline b\u003d\"70\" baseline\u003d\"69\" l\u003d\"4\" r\u003d\"71\" style\u003d\"transform: translate(6px, 1px); position: absolute;\" t\u003d\"63\"\u003e \u003cformatting lang\u003d\"EnglishUnitedStates\"\u003e Vour Company Inc \u003c/formatting\u003e  \u003c/line\u003e  \u003cline b\u003d\"79\" baseline\u003d\"78\" l\u003d\"4\" r\u003d\"75\" style\u003d\"transform: translate(6px, 14px); position: absolute;\" t\u003d\"72\"\u003e \u003cformatting lang\u003d\"EnglishUnitedStates\"\u003e 29, Greseve Ave \u003c/formatting\u003e  \u003c/line\u003e  \u003cline b\u003d\"87\" baseline\u003d\"87\" l\u003d\"4\" r\u003d\"46\" style\u003d\"transform: translate(6px, 26px); position: absolute;\" t\u003d\"81\"\u003e \u003cformatting lang\u003d\"EnglishUnitedStates\"\u003e Park Street \u003c/formatting\u003e  \u003c/line\u003e  \u003cline b\u003d\"98\" baseline\u003d\"96\" l\u003d\"4\" r\u003d\"86\" style\u003d\"transform: translate(6px, 38px); position: absolute;\" t\u003d\"90\"\u003e \u003cformatting lang\u003d\"EnglishUnitedStates\"\u003e LOS Angeles CA 90080 \u003c/formatting\u003e  \u003c/line\u003e  \u003cline b\u003d\"105\" baseline\u003d\"105\" l\u003d\"4\" r\u003d\"19\" style\u003d\"transform: translate(6px, 50px); position: absolute;\" t\u003d\"99\"\u003e \u003cformatting lang\u003d\"EnglishUnitedStates\"\u003e USA \u003c/formatting\u003e  \u003c/line\u003e  \u003c/par\u003e  \u003c/text\u003e  \u003c/block\u003e  \u003cblock b\u003d\"156\" blockname\u003d\"\" blocktype\u003d\"Text\" l\u003d\"3\" r\u003d\"166\" style\u003d\"transform: translate(9px, 158px); position: absolute; width: 501.678px; height: 52.8125px;\" t\u003d\"117\"\u003e \u003cregion\u003e \u003crect b\u003d\"156\" l\u003d\"3\" r\u003d\"166\" t\u003d\"117\"\u003e\u003c/rect\u003e  \u003c/region\u003e  \u003ctext\u003e \u003cpar linespacing\u003d\"675\"\u003e \u003cline b\u003d\"126\" baseline\u003d\"125\" l\u003d\"4\" r\u003d\"94\" style\u003d\"transform: translate(3px, 3px); position: absolute;\" t\u003d\"119\"\u003e \u003cformatting lang\u003d\"EnglishUnitedStates\"\u003e Pticne : (213) 123-1234 \u003c/formatting\u003e  \u003c/line\u003e  \u003c/par\u003e  \u003cpar linespacing\u003d\"675\"\u003e \u003cline b\u003d\"135\" baseline\u003d\"134\" l\u003d\"4\" r\u003d\"84\" style\u003d\"transform: translate(3px, 15px); position: absolute;\" t\u003d\"128\"\u003e \u003cformatting lang\u003d\"EnglishUnitedStates\"\u003e Fax : (213) 123-1235 \u003c/formatting\u003e  \u003c/line\u003e  \u003c/par\u003e  \u003cpar linespacing\u003d\"675\"\u003e \u003cline b\u003d\"145\" baseline\u003d\"143\" l\u003d\"4\" r\u003d\"109\" style\u003d\"transform: translate(3px, 27px); position: absolute;\" t\u003d\"137\"\u003e \u003cformatting lang\u003d\"EnglishUnitedStates\"\u003e Email: )ona\u0026raquo;Bia\u0026lt;vj\u0026amp;yc*\u0026gt;c.net \u003c/formatting\u003e  \u003c/line\u003e  \u003c/par\u003e  \u003cpar linespacing\u003d\"675\"\u003e \u003cline b\u003d\"153\" baseline\u003d\"152\" l\u003d\"4\" r\u003d\"163\" style\u003d\"transform: translate(3px, 39px); position: absolute;\" t\u003d\"146\"\u003e \u003cformatting lang\u003d\"EnglishUnitedStates\"\u003e Web : http://wnw.dreameesoft.com/ycoc \u003c/formatting\u003e  \u003c/line\u003e  \u003c/par\u003e  \u003c/text\u003e  \u003c/block\u003e  \u003cblock b\u003d\"74\" blockname\u003d\"\" blocktype\u003d\"Text\" l\u003d\"342\" r\u003d\"421\" style\u003d\"transform: translate(1053px, 87px); position: absolute; width: 243.144px; height: 13.5417px;\" t\u003d\"64\"\u003e \u003cregion\u003e \u003crect b\u003d\"74\" l\u003d\"342\" r\u003d\"421\" t\u003d\"64\"\u003e\u003c/rect\u003e  \u003c/region\u003e  \u003ctext\u003e \u003cpar linespacing\u003d\"380\"\u003e \u003cline b\u003d\"71\" baseline\u003d\"70\" l\u003d\"343\" r\u003d\"418\" style\u003d\"transform: translate(3px, 1px); position: absolute;\" t\u003d\"65\"\u003e \u003cformatting lang\u003d\"EnglishUnitedStates\"\u003e INVOICE \u0026raquo; \u003cinvoice_number appendorder\u003d\"2\" class\u003d\"extraction-tag\" confidence\u003d\"1/1\" data-original-title\u003d\"Invoice number\" data-toggle\u003d\"tooltip\" data-value\u003d\"INV125\" fold-name\u003d\"fold4\" score\u003d\"0.5056039113411206\" style\u003d\"background-color: rgb(0, 83, 98);  color: rgb(255, 255, 255);   border: 2px solid rgb(125, 157, 1); \" tagorder\u003d\"1\"\u003eINV125\u003c/invoice_number\u003e \u003c/formatting\u003e  \u003c/line\u003e  \u003c/par\u003e  \u003c/text\u003e  \u003c/block\u003e  \u003cregion xmlns\u003d\"http://ocr.crowdcomputingsystems.com/xml/schema-v1.xml\"\u003e \u003crect b\u003d\"122\" l\u003d\"312\" r\u003d\"448\" t\u003d\"70\"\u003e\u003c/rect\u003e  \u003c/region\u003e \u003ctable b\u003d\"122\" blockname\u003d\"\" blocktype\u003d\"Table\" class\u003d\"hidden\" l\u003d\"312\" r\u003d\"448\" style\u003d\"transform: translate(960px, 95px); position: absolute; user-select: auto;\" t\u003d\"70\" xmlns\u003d\"\"\u003e \u003ctbody\u003e\u003ctr\u003e \u003ctd h\u003d\"16\" w\u003d\"66\"\u003e \u003ctext xmlns\u003d\"http://ocr.crowdcomputingsystems.com/xml/schema-v1.xml\"\u003e \u003cpar linespacing\u003d\"380\"\u003e \u003cline b\u003d\"82\" baseline\u003d\"82\" l\u003d\"316\" r\u003d\"363\" t\u003d\"77\"\u003e \u003cformatting lang\u003d\"EnglishUnitedStates\"\u003e Customer m \u003c/formatting\u003e  \u003c/line\u003e  \u003c/par\u003e  \u003c/text\u003e  \u003c/td\u003e   \u003ctd h\u003d\"16\" w\u003d\"70\"\u003e \u003ctext xmlns\u003d\"http://ocr.crowdcomputingsystems.com/xml/schema-v1.xml\"\u003e \u003cpar linespacing\u003d\"380\"\u003e \u003cline b\u003d\"82\" baseline\u003d\"82\" l\u003d\"379\" r\u003d\"402\" t\u003d\"77\"\u003e \u003cformatting lang\u003d\"EnglishUnitedStates\"\u003e 0007 \u003c/formatting\u003e  \u003c/line\u003e  \u003c/par\u003e  \u003c/text\u003e  \u003c/td\u003e   \u003c/tr\u003e \n \u003ctr\u003e \u003ctd h\u003d\"12\" w\u003d\"66\"\u003e \u003ctext xmlns\u003d\"http://ocr.crowdcomputingsystems.com/xml/schema-v1.xml\"\u003e \u003cpar linespacing\u003d\"450\"\u003e \u003cline b\u003d\"94\" baseline\u003d\"94\" l\u003d\"316\" r\u003d\"367\" t\u003d\"88\"\u003e \u003cformatting lang\u003d\"EnglishUnitedStates\"\u003e Invoice Date \u003c/formatting\u003e  \u003c/line\u003e  \u003c/par\u003e  \u003c/text\u003e  \u003c/td\u003e   \u003ctd h\u003d\"12\" w\u003d\"70\"\u003e \u003ctext xmlns\u003d\"http://ocr.crowdcomputingsystems.com/xml/schema-v1.xml\"\u003e \u003cpar linespacing\u003d\"380\"\u003e \u003cline b\u003d\"95\" baseline\u003d\"94\" l\u003d\"380\" r\u003d\"408\" t\u003d\"89\"\u003e \u003cformatting lang\u003d\"EnglishUnitedStates\"\u003e \u003cinvoice_date class\u003d\"extraction-tag\" data-value\u003d\"3/15/08\" fold-name\u003d\"fold4\" ml-tagorder\u003d\"8516463\" score\u003d\"0.511196533258768\" tagorder\u003d\"8516463\"\u003e3/15/08\u003c/invoice_date\u003e \u003c/formatting\u003e  \u003c/line\u003e  \u003c/par\u003e  \u003c/text\u003e  \u003c/td\u003e   \u003c/tr\u003e \n \u003ctr\u003e \u003ctd h\u003d\"12\" w\u003d\"66\"\u003e \u003ctext xmlns\u003d\"http://ocr.crowdcomputingsystems.com/xml/schema-v1.xml\"\u003e \u003cpar linespacing\u003d\"380\"\u003e \u003cline b\u003d\"106\" baseline\u003d\"106\" l\u003d\"316\" r\u003d\"352\" t\u003d\"101\"\u003e \u003cformatting lang\u003d\"EnglishUnitedStates\"\u003e Due Dote \u003c/formatting\u003e  \u003c/line\u003e  \u003c/par\u003e  \u003c/text\u003e  \u003c/td\u003e   \u003ctd h\u003d\"12\" w\u003d\"70\"\u003e \u003ctext xmlns\u003d\"http://ocr.crowdcomputingsystems.com/xml/schema-v1.xml\"\u003e \u003cpar linespacing\u003d\"450\"\u003e \u003cline b\u003d\"107\" baseline\u003d\"106\" l\u003d\"380\" r\u003d\"408\" t\u003d\"100\"\u003e \u003cformatting lang\u003d\"EnglishUnitedStates\"\u003e 3/22/08 \u003c/formatting\u003e  \u003c/line\u003e  \u003c/par\u003e  \u003c/text\u003e  \u003c/td\u003e   \u003c/tr\u003e \n \u003ctr\u003e \u003ctd h\u003d\"12\" w\u003d\"66\"\u003e \u003ctext xmlns\u003d\"http://ocr.crowdcomputingsystems.com/xml/schema-v1.xml\"\u003e \u003cpar linespacing\u003d\"450\"\u003e \u003cline b\u003d\"118\" baseline\u003d\"118\" l\u003d\"316\" r\u003d\"341\" t\u003d\"112\"\u003e \u003cformatting lang\u003d\"EnglishUnitedStates\"\u003e Terms \u003c/formatting\u003e  \u003c/line\u003e  \u003c/par\u003e  \u003c/text\u003e  \u003c/td\u003e   \u003ctd h\u003d\"12\" w\u003d\"70\"\u003e \u003ctext xmlns\u003d\"http://ocr.crowdcomputingsystems.com/xml/schema-v1.xml\"\u003e \u003cpar linespacing\u003d\"450\"\u003e \u003cline b\u003d\"119\" baseline\u003d\"118\" l\u003d\"379\" r\u003d\"445\" t\u003d\"112\"\u003e \u003cformatting lang\u003d\"EnglishUnitedStates\"\u003e Ove upon Receipt \u003c/formatting\u003e  \u003c/line\u003e  \u003c/par\u003e  \u003c/text\u003e  \u003c/td\u003e   \u003c/tr\u003e \n \u003c/tbody\u003e\u003c/table\u003e\n \u003cblock b\u003d\"229\" blockname\u003d\"\" blocktype\u003d\"Text\" l\u003d\"3\" r\u003d\"139\" style\u003d\"transform: translate(9px, 236px); position: absolute; width: 418.578px; height: 74.4792px;\" t\u003d\"174\"\u003e \u003cregion\u003e \u003crect b\u003d\"229\" l\u003d\"3\" r\u003d\"139\" t\u003d\"174\"\u003e\u003c/rect\u003e  \u003c/region\u003e  \u003ctext\u003e \u003cpar align\u003d\"Justified\" linespacing\u003d\"675\"\u003e \u003cline b\u003d\"181\" baseline\u003d\"181\" l\u003d\"4\" r\u003d\"28\" style\u003d\"transform: translate(3px, 1px); position: absolute;\" t\u003d\"175\"\u003e \u003cformatting lang\u003d\"EnglishUnitedStates\"\u003e Bill To: \u003c/formatting\u003e  \u003c/line\u003e  \u003c/par\u003e  \u003cpar align\u003d\"Justified\" linespacing\u003d\"675\"\u003e \u003cline b\u003d\"190\" baseline\u003d\"190\" l\u003d\"4\" r\u003d\"61\" style\u003d\"transform: translate(3px, 14px); position: absolute;\" t\u003d\"184\"\u003e \u003cformatting lang\u003d\"EnglishUnitedStates\"\u003e Stcv^ Johnson \u003c/formatting\u003e  \u003c/line\u003e  \u003c/par\u003e  \u003cpar linespacing\u003d\"675\" rightindent\u003d\"5900\"\u003e \u003cline b\u003d\"200\" baseline\u003d\"199\" l\u003d\"5\" r\u003d\"54\" style\u003d\"transform: translate(6px, 26px); position: absolute;\" t\u003d\"193\"\u003e \u003cformatting lang\u003d\"EnglishUnitedStates\"\u003e 7, II Avenue \u003c/formatting\u003e  \u003c/line\u003e  \u003cline b\u003d\"209\" baseline\u003d\"208\" l\u003d\"4\" r\u003d\"55\" style\u003d\"transform: translate(3px, 38px); position: absolute;\" t\u003d\"202\"\u003e \u003cformatting lang\u003d\"EnglishUnitedStates\"\u003e lucky Street \u003c/formatting\u003e  \u003c/line\u003e  \u003c/par\u003e  \u003cpar align\u003d\"Justified\" linespacing\u003d\"675\"\u003e \u003cline b\u003d\"218\" baseline\u003d\"217\" l\u003d\"4\" r\u003d\"136\" style\u003d\"transform: translate(3px, 50px); position: absolute;\" t\u003d\"211\"\u003e \u003cformatting lang\u003d\"EnglishUnitedStates\"\u003e Newport MIDs Washington 98438 \u003c/formatting\u003e  \u003c/line\u003e  \u003cline b\u003d\"226\" baseline\u003d\"226\" l\u003d\"4\" r\u003d\"20\" style\u003d\"transform: translate(3px, 62px); position: absolute;\" t\u003d\"220\"\u003e \u003cformatting lang\u003d\"EnglishUnitedStates\"\u003e USA \u003c/formatting\u003e  \u003c/line\u003e  \u003c/par\u003e  \u003c/text\u003e  \u003c/block\u003e  \u003cblock b\u003d\"229\" blockname\u003d\"\" blocktype\u003d\"Text\" l\u003d\"224\" r\u003d\"342\" style\u003d\"transform: translate(689px, 236px); position: absolute; width: 363.178px; height: 74.4792px;\" t\u003d\"174\"\u003e \u003cregion\u003e \u003crect b\u003d\"229\" l\u003d\"224\" r\u003d\"342\" t\u003d\"174\"\u003e\u003c/rect\u003e  \u003c/region\u003e  \u003ctext\u003e \u003cpar align\u003d\"Justified\" linespacing\u003d\"675\"\u003e \u003cline b\u003d\"181\" baseline\u003d\"181\" l\u003d\"225\" r\u003d\"256\" style\u003d\"transform: translate(3px, 1px); position: absolute;\" t\u003d\"175\"\u003e \u003cformatting lang\u003d\"EnglishUnitedStates\"\u003e Ship To: \u003c/formatting\u003e  \u003c/line\u003e  \u003c/par\u003e  \u003cpar align\u003d\"Justified\" linespacing\u003d\"675\"\u003e \u003cline b\u003d\"190\" baseline\u003d\"190\" l\u003d\"225\" r\u003d\"253\" style\u003d\"transform: translate(3px, 14px); position: absolute;\" t\u003d\"184\"\u003e \u003cformatting lang\u003d\"EnglishUnitedStates\"\u003e Steve J \u003c/formatting\u003e  \u003c/line\u003e  \u003c/par\u003e  \u003cpar linespacing\u003d\"675\" rightindent\u003d\"5000\"\u003e \u003cline b\u003d\"199\" baseline\u003d\"199\" l\u003d\"225\" r\u003d\"274\" style\u003d\"transform: translate(3px, 26px); position: absolute;\" t\u003d\"193\"\u003e \u003cformatting lang\u003d\"EnglishUnitedStates\"\u003e Suite #3559 \u003c/formatting\u003e  \u003c/line\u003e  \u003cline b\u003d\"208\" baseline\u003d\"208\" l\u003d\"225\" r\u003d\"277\" style\u003d\"transform: translate(3px, 38px); position: absolute;\" t\u003d\"202\"\u003e \u003cformatting lang\u003d\"EnglishUnitedStates\"\u003e Green Street \u003c/formatting\u003e  \u003c/line\u003e  \u003c/par\u003e  \u003cpar align\u003d\"Justified\" linespacing\u003d\"675\"\u003e \u003cline b\u003d\"218\" baseline\u003d\"217\" l\u003d\"226\" r\u003d\"339\" style\u003d\"transform: translate(6px, 50px); position: absolute;\" t\u003d\"211\"\u003e \u003cformatting lang\u003d\"EnglishUnitedStates\"\u003e Parkland Washington 98445 \u003c/formatting\u003e  \u003c/line\u003e  \u003cline b\u003d\"226\" baseline\u003d\"226\" l\u003d\"226\" r\u003d\"241\" style\u003d\"transform: translate(6px, 62px); position: absolute;\" t\u003d\"220\"\u003e \u003cformatting lang\u003d\"EnglishUnitedStates\"\u003e USA \u003c/formatting\u003e  \u003c/line\u003e  \u003c/par\u003e  \u003c/text\u003e  \u003c/block\u003e  \u003cregion xmlns\u003d\"http://ocr.crowdcomputingsystems.com/xml/schema-v1.xml\"\u003e \u003crect b\u003d\"341\" l\u003d\"4\" r\u003d\"448\" t\u003d\"239\"\u003e\u003c/rect\u003e  \u003c/region\u003e \u003ctable b\u003d\"341\" blockname\u003d\"\" blocktype\u003d\"Table\" l\u003d\"4\" r\u003d\"448\" style\u003d\"transform: translate(12px, 324px); position: absolute; user-select: auto;\" t\u003d\"239\" xmlns\u003d\"\"\u003e \u003ctbody\u003e\u003ctr\u003e \u003ctd h\u003d\"11\" w\u003d\"32\"\u003e \u003ctext xmlns\u003d\"http://ocr.crowdcomputingsystems.com/xml/schema-v1.xml\"\u003e \u003cpar linespacing\u003d\"450\"\u003e \u003cline b\u003d\"249\" baseline\u003d\"248\" l\u003d\"13\" r\u003d\"27\" t\u003d\"242\"\u003e \u003cformatting lang\u003d\"EnglishUnitedStates\"\u003e Qty \u003c/formatting\u003e  \u003c/line\u003e  \u003c/par\u003e  \u003c/text\u003e  \u003c/td\u003e   \u003ctd h\u003d\"11\" w\u003d\"173\"\u003e \u003ctext xmlns\u003d\"http://ocr.crowdcomputingsystems.com/xml/schema-v1.xml\"\u003e \u003cpar align\u003d\"Center\" leftindent\u003d\"200\" linespacing\u003d\"380\"\u003e \u003cline b\u003d\"247\" baseline\u003d\"247\" l\u003d\"112\" r\u003d\"131\" t\u003d\"242\"\u003e \u003cformatting lang\u003d\"EnglishUnitedStates\"\u003e Item \u003c/formatting\u003e  \u003c/line\u003e  \u003c/par\u003e  \u003c/text\u003e  \u003c/td\u003e   \u003ctd h\u003d\"11\" w\u003d\"106\"\u003e \u003ctext xmlns\u003d\"http://ocr.crowdcomputingsystems.com/xml/schema-v1.xml\"\u003e \u003cpar align\u003d\"Center\" leftindent\u003d\"200\" linespacing\u003d\"380\"\u003e \u003cline b\u003d\"247\" baseline\u003d\"247\" l\u003d\"253\" r\u003d\"268\" t\u003d\"242\"\u003e \u003cformatting lang\u003d\"EnglishUnitedStates\"\u003e SKU \u003c/formatting\u003e  \u003c/line\u003e  \u003c/par\u003e  \u003c/text\u003e  \u003c/td\u003e   \u003ctd h\u003d\"11\" w\u003d\"70\"\u003e \u003ctext xmlns\u003d\"http://ocr.crowdcomputingsystems.com/xml/schema-v1.xml\"\u003e \u003cpar align\u003d\"Center\" leftindent\u003d\"200\" linespacing\u003d\"450\"\u003e \u003cline b\u003d\"247\" baseline\u003d\"247\" l\u003d\"330\" r\u003d\"368\" t\u003d\"241\"\u003e \u003cformatting lang\u003d\"EnglishUnitedStates\"\u003e Unit Price \u003c/formatting\u003e  \u003c/line\u003e  \u003c/par\u003e  \u003c/text\u003e  \u003c/td\u003e   \u003ctd h\u003d\"11\" w\u003d\"63\"\u003e \u003ctext xmlns\u003d\"http://ocr.crowdcomputingsystems.com/xml/schema-v1.xml\"\u003e \u003cpar align\u003d\"Center\" leftindent\u003d\"200\" linespacing\u003d\"450\"\u003e \u003cline b\u003d\"247\" baseline\u003d\"247\" l\u003d\"406\" r\u003d\"425\" t\u003d\"241\"\u003e \u003cformatting lang\u003d\"EnglishUnitedStates\"\u003e Total \u003c/formatting\u003e  \u003c/line\u003e  \u003c/par\u003e  \u003c/text\u003e  \u003c/td\u003e   \u003c/tr\u003e \n \u003ctr\u003e \u003ctd h\u003d\"22\" w\u003d\"32\"\u003e \u003ctext xmlns\u003d\"http://ocr.crowdcomputingsystems.com/xml/schema-v1.xml\"\u003e \u003cpar align\u003d\"Center\" linespacing\u003d\"450\"\u003e \u003cline b\u003d\"264\" baseline\u003d\"264\" l\u003d\"18\" r\u003d\"21\" t\u003d\"258\"\u003e \u003cformatting lang\u003d\"EnglishUnitedStates\"\u003e \u003cquantity class\u003d\"extraction-tag\" data-value\u003d\"3\" fold-name\u003d\"fold1\" ml-tagorder\u003d\"8516464\" score\u003d\"0.6383393412507933\" tagorder\u003d\"8516464\"\u003e3\u003c/quantity\u003e \u003c/formatting\u003e  \u003c/line\u003e  \u003c/par\u003e  \u003c/text\u003e  \u003c/td\u003e   \u003ctd h\u003d\"22\" w\u003d\"173\"\u003e \u003ctext xmlns\u003d\"http://ocr.crowdcomputingsystems.com/xml/schema-v1.xml\"\u003e \u003cpar align\u003d\"Justified\" linespacing\u003d\"675\"\u003e \u003cline b\u003d\"259\" baseline\u003d\"259\" l\u003d\"37\" r\u003d\"200\" t\u003d\"253\"\u003e\u003cproduct class\u003d\"extraction-tag\" data-value\u003d\"BT Headset Bfuetooth Headset for Windows  «able Devices\" fold-name\u003d\"fold1\" ml-tagorder\u003d\"8516465\" score\u003d\"0.6678068613771263\" tagorder\u003d\"8516465\"\u003eBT Headset Bfuetooth Headset for Windows\u003c/product\u003e\u003c/line\u003e  \u003cline b\u003d\"268\" baseline\u003d\"268\" l\u003d\"37\" r\u003d\"92\" t\u003d\"262\"\u003e\u003cproduct class\u003d\"extraction-tag\" data-value\u003d\"BT Headset Bfuetooth Headset for Windows  «able Devices\" fold-name\u003d\"fold1\" ml-tagorder\u003d\"8516465\" score\u003d\"0.6678068613771263\" tagorder\u003d\"8516465\"\u003e\u0026laquo;able Devices\u003c/product\u003e\u003c/line\u003e  \u003c/par\u003e  \u003c/text\u003e  \u003c/td\u003e   \u003ctd h\u003d\"22\" w\u003d\"106\"\u003e \u003ctext xmlns\u003d\"http://ocr.crowdcomputingsystems.com/xml/schema-v1.xml\"\u003e \u003cpar linespacing\u003d\"450\"\u003e \u003cline b\u003d\"265\" baseline\u003d\"264\" l\u003d\"209\" r\u003d\"231\" t\u003d\"258\"\u003e \u003cformatting lang\u003d\"EnglishUnitedStates\"\u003e \u003cquantity class\u003d\"extraction-tag\" data-value\u003d\"plOOl\" fold-name\u003d\"fold1\" ml-tagorder\u003d\"8516466\" score\u003d\"0.5716679483601915\" tagorder\u003d\"8516466\"\u003eplOOl\u003c/quantity\u003e \u003c/formatting\u003e  \u003c/line\u003e  \u003c/par\u003e  \u003c/text\u003e  \u003c/td\u003e   \u003ctd h\u003d\"22\" w\u003d\"70\"\u003e \u003ctext xmlns\u003d\"http://ocr.crowdcomputingsystems.com/xml/schema-v1.xml\"\u003e \u003cpar align\u003d\"Right\" linespacing\u003d\"450\"\u003e \u003cline b\u003d\"264\" baseline\u003d\"264\" l\u003d\"358\" r\u003d\"383\" t\u003d\"258\"\u003e$\u003cprice class\u003d\"extraction-tag\" data-value\u003d\"12.00\" fold-name\u003d\"fold4\" ml-tagorder\u003d\"8516467\" score\u003d\"0.9399829322489021\" tagorder\u003d\"8516467\"\u003e12.00\u003c/price\u003e\u003c/line\u003e  \u003c/par\u003e  \u003c/text\u003e  \u003c/td\u003e   \u003ctd h\u003d\"22\" w\u003d\"63\"\u003e \u003ctext xmlns\u003d\"http://ocr.crowdcomputingsystems.com/xml/schema-v1.xml\"\u003e \u003cpar align\u003d\"Right\" linespacing\u003d\"450\"\u003e \u003cline b\u003d\"264\" baseline\u003d\"264\" l\u003d\"420\" r\u003d\"445\" t\u003d\"258\"\u003e \u003cformatting lang\u003d\"EnglishUnitedStates\"\u003e $36.00 \u003c/formatting\u003e  \u003c/line\u003e  \u003c/par\u003e  \u003c/text\u003e  \u003c/td\u003e   \u003c/tr\u003e \n \u003ctr\u003e \u003ctd h\u003d\"20\" w\u003d\"32\"\u003e \u003ctext xmlns\u003d\"http://ocr.crowdcomputingsystems.com/xml/schema-v1.xml\"\u003e \u003cpar align\u003d\"Center\" linespacing\u003d\"450\"\u003e \u003cline b\u003d\"285\" baseline\u003d\"285\" l\u003d\"18\" r\u003d\"21\" t\u003d\"279\"\u003e \u003cformatting lang\u003d\"EnglishUnitedStates\"\u003e \u003cquantity class\u003d\"extraction-tag\" data-value\u003d\"1\" fold-name\u003d\"fold1\" ml-tagorder\u003d\"8516468\" score\u003d\"0.5933776642072842\" tagorder\u003d\"8516468\"\u003e1\u003c/quantity\u003e \u003c/formatting\u003e  \u003c/line\u003e  \u003c/par\u003e  \u003c/text\u003e  \u003c/td\u003e   \u003ctd h\u003d\"20\" w\u003d\"173\"\u003e \u003ctext xmlns\u003d\"http://ocr.crowdcomputingsystems.com/xml/schema-v1.xml\"\u003e \u003cpar align\u003d\"Justified\" linespacing\u003d\"675\"\u003e \u003cline b\u003d\"281\" baseline\u003d\"280\" l\u003d\"37\" r\u003d\"201\" t\u003d\"274\"\u003e\u003cproduct class\u003d\"extraction-tag\" data-value\u003d\"BT Speakers Bluetooth Speakers for lenova  Laptop\" fold-name\u003d\"fold1\" ml-tagorder\u003d\"8516469\" score\u003d\"0.6211681814708393\" tagorder\u003d\"8516469\"\u003eBT Speakers Bluetooth Speakers for lenova\u003c/product\u003e\u003c/line\u003e  \u003cline b\u003d\"290\" baseline\u003d\"289\" l\u003d\"37\" r\u003d\"62\" t\u003d\"284\"\u003e\u003cproduct class\u003d\"extraction-tag\" data-value\u003d\"BT Speakers Bluetooth Speakers for lenova  Laptop\" fold-name\u003d\"fold1\" ml-tagorder\u003d\"8516469\" score\u003d\"0.6211681814708393\" tagorder\u003d\"8516469\"\u003eLaptop\u003c/product\u003e\u003c/line\u003e  \u003c/par\u003e  \u003c/text\u003e  \u003c/td\u003e   \u003ctd h\u003d\"20\" w\u003d\"106\"\u003e \u003ctext xmlns\u003d\"http://ocr.crowdcomputingsystems.com/xml/schema-v1.xml\"\u003e \u003cpar linespacing\u003d\"450\"\u003e \u003cline b\u003d\"286\" baseline\u003d\"285\" l\u003d\"209\" r\u003d\"232\" t\u003d\"279\"\u003e \u003cformatting lang\u003d\"EnglishUnitedStates\"\u003e \u003cquantity class\u003d\"extraction-tag\" data-value\u003d\"p8736\" fold-name\u003d\"fold1\" ml-tagorder\u003d\"8516470\" score\u003d\"0.5827129520344393\" tagorder\u003d\"8516470\"\u003ep8736\u003c/quantity\u003e \u003c/formatting\u003e  \u003c/line\u003e  \u003c/par\u003e  \u003c/text\u003e  \u003c/td\u003e   \u003ctd h\u003d\"20\" w\u003d\"70\"\u003e \u003ctext xmlns\u003d\"http://ocr.crowdcomputingsystems.com/xml/schema-v1.xml\"\u003e \u003cpar align\u003d\"Right\" linespacing\u003d\"450\"\u003e \u003cline b\u003d\"285\" baseline\u003d\"285\" l\u003d\"358\" r\u003d\"383\" t\u003d\"279\"\u003e$\u003cprice class\u003d\"extraction-tag\" data-value\u003d\"26.00\" fold-name\u003d\"fold4\" ml-tagorder\u003d\"8516471\" score\u003d\"0.9491098690961184\" tagorder\u003d\"8516471\"\u003e26.00\u003c/price\u003e\u003c/line\u003e  \u003c/par\u003e  \u003c/text\u003e  \u003c/td\u003e   \u003ctd h\u003d\"20\" w\u003d\"63\"\u003e \u003ctext xmlns\u003d\"http://ocr.crowdcomputingsystems.com/xml/schema-v1.xml\"\u003e \u003cpar align\u003d\"Right\" linespacing\u003d\"450\"\u003e \u003cline b\u003d\"285\" baseline\u003d\"285\" l\u003d\"420\" r\u003d\"445\" t\u003d\"279\"\u003e \u003cformatting lang\u003d\"EnglishUnitedStates\"\u003e $26.00 \u003c/formatting\u003e  \u003c/line\u003e  \u003c/par\u003e  \u003c/text\u003e  \u003c/td\u003e   \u003c/tr\u003e \n \u003ctr\u003e \u003ctd h\u003d\"12\" w\u003d\"32\"\u003e \u003ctext xmlns\u003d\"http://ocr.crowdcomputingsystems.com/xml/schema-v1.xml\"\u003e \u003cpar align\u003d\"Center\" linespacing\u003d\"530\"\u003e \u003cline b\u003d\"301\" baseline\u003d\"302\" l\u003d\"18\" r\u003d\"21\" t\u003d\"295\"\u003e \u003cformatting lang\u003d\"EnglishUnitedStates\"\u003e \u003cquantity class\u003d\"extraction-tag\" data-value\u003d\"2\" fold-name\u003d\"fold1\" ml-tagorder\u003d\"8516472\" score\u003d\"0.5886737215553192\" tagorder\u003d\"8516472\"\u003e2\u003c/quantity\u003e \u003c/formatting\u003e  \u003c/line\u003e  \u003c/par\u003e  \u003c/text\u003e  \u003c/td\u003e   \u003ctd h\u003d\"12\" w\u003d\"173\"\u003e \u003ctext xmlns\u003d\"http://ocr.crowdcomputingsystems.com/xml/schema-v1.xml\"\u003e \u003cpar align\u003d\"Justified\" linespacing\u003d\"450\"\u003e \u003cline b\u003d\"301\" baseline\u003d\"301\" l\u003d\"37\" r\u003d\"98\" t\u003d\"295\"\u003e\u003cproduct appendorder\u003d\"5\" class\u003d\"extraction-tag\" confidence\u003d\"1/1\" data-original-title\u003d\"construction_type\" data-toggle\u003d\"tooltip\" data-value\u003d\"DRAM 1G8 DRAM\" fold-name\u003d\"fold1\" injection\u003d\"true\" referencedatausedininjection\u003d\"manual\" score\u003d\"0.5465760713803309\" style\u003d\"background-color: rgb(78, 135, 105);  color: rgb(0, 0, 0);   border: 2px solid rgb(125, 157, 1); \" tagorder\u003d\"4074338\"\u003eDRAM 1G8 DRAM\u003c/product\u003e\u003c/line\u003e  \u003c/par\u003e  \u003c/text\u003e  \u003c/td\u003e   \u003ctd h\u003d\"12\" w\u003d\"106\"\u003e \u003ctext xmlns\u003d\"http://ocr.crowdcomputingsystems.com/xml/schema-v1.xml\"\u003e \u003cpar linespacing\u003d\"450\"\u003e \u003cline b\u003d\"302\" baseline\u003d\"301\" l\u003d\"209\" r\u003d\"232\" t\u003d\"295\"\u003e \u003cformatting lang\u003d\"EnglishUnitedStates\"\u003e P6745 \u003c/formatting\u003e  \u003c/line\u003e  \u003c/par\u003e  \u003c/text\u003e  \u003c/td\u003e   \u003ctd h\u003d\"12\" w\u003d\"70\"\u003e \u003ctext xmlns\u003d\"http://ocr.crowdcomputingsystems.com/xml/schema-v1.xml\"\u003e \u003cpar align\u003d\"Right\" linespacing\u003d\"450\"\u003e \u003cline b\u003d\"301\" baseline\u003d\"301\" l\u003d\"358\" r\u003d\"383\" t\u003d\"295\"\u003e\u003cprice appendorder\u003d\"5\" class\u003d\"extraction-tag\" confidence\u003d\"1/1\" data-original-title\u003d\"construction_type\" data-toggle\u003d\"tooltip\" data-value\u003d\"SSS.00\" fold-name\u003d\"fold4\" injection\u003d\"true\" referencedatausedininjection\u003d\"manual\" score\u003d\"0.8374836506086205\" style\u003d\"background-color: rgb(140, 250, 187);  color: rgb(0, 0, 0);   border: 2px solid rgb(125, 157, 1); \" tagorder\u003d\"7076583\"\u003eSSS.00\u003c/price\u003e\u003c/line\u003e  \u003c/par\u003e  \u003c/text\u003e  \u003c/td\u003e   \u003ctd h\u003d\"12\" w\u003d\"63\"\u003e \u003ctext xmlns\u003d\"http://ocr.crowdcomputingsystems.com/xml/schema-v1.xml\"\u003e \u003cpar align\u003d\"Right\" linespacing\u003d\"450\"\u003e \u003cline b\u003d\"302\" baseline\u003d\"301\" l\u003d\"416\" r\u003d\"445\" t\u003d\"295\"\u003e \u003cformatting lang\u003d\"EnglishUnitedStates\"\u003e $110.00 \u003c/formatting\u003e  \u003c/line\u003e  \u003c/par\u003e  \u003c/text\u003e  \u003c/td\u003e   \u003c/tr\u003e \n \u003ctr\u003e \u003ctd h\u003d\"12\" w\u003d\"32\"\u003e \u003ctext xmlns\u003d\"http://ocr.crowdcomputingsystems.com/xml/schema-v1.xml\"\u003e \u003cpar align\u003d\"Center\" linespacing\u003d\"450\"\u003e \u003cline b\u003d\"313\" baseline\u003d\"313\" l\u003d\"18\" r\u003d\"22\" t\u003d\"307\"\u003e \u003cformatting lang\u003d\"EnglishUnitedStates\"\u003e S \u003c/formatting\u003e  \u003c/line\u003e  \u003c/par\u003e  \u003c/text\u003e  \u003c/td\u003e   \u003ctd h\u003d\"12\" w\u003d\"173\"\u003e \u003ctext xmlns\u003d\"http://ocr.crowdcomputingsystems.com/xml/schema-v1.xml\"\u003e \u003cpar align\u003d\"Justified\" linespacing\u003d\"450\"\u003e \u003cline b\u003d\"313\" baseline\u003d\"313\" l\u003d\"37\" r\u003d\"168\" t\u003d\"307\"\u003e\u003cproduct appendorder\u003d\"5\" class\u003d\"extraction-tag\" confidence\u003d\"1/1\" data-original-title\u003d\"construction_type\" data-toggle\u003d\"tooltip\" data-value\u003d\"tOO 320GB 320GB SATA Hard Onve\" fold-name\u003d\"fold1\" injection\u003d\"true\" referencedatausedininjection\u003d\"manual\" score\u003d\"0.6474214583278755\" style\u003d\"background-color: rgb(78, 135, 105);  color: rgb(0, 0, 0);   border: 2px solid rgb(125, 157, 1); \" tagorder\u003d\"1455015\"\u003etOO 320GB 320GB SATA Hard Onve\u003c/product\u003e\u003c/line\u003e  \u003c/par\u003e  \u003c/text\u003e  \u003c/td\u003e   \u003ctd h\u003d\"12\" w\u003d\"106\"\u003e \u003ctext xmlns\u003d\"http://ocr.crowdcomputingsystems.com/xml/schema-v1.xml\"\u003e \u003cpar linespacing\u003d\"450\"\u003e \u003cline b\u003d\"314\" baseline\u003d\"313\" l\u003d\"209\" r\u003d\"231\" t\u003d\"307\"\u003e \u003cformatting lang\u003d\"EnglishUnitedStates\"\u003e P9832 \u003c/formatting\u003e  \u003c/line\u003e  \u003c/par\u003e  \u003c/text\u003e  \u003c/td\u003e   \u003ctd h\u003d\"12\" w\u003d\"70\"\u003e \u003ctext xmlns\u003d\"http://ocr.crowdcomputingsystems.com/xml/schema-v1.xml\"\u003e \u003cpar align\u003d\"Right\" linespacing\u003d\"450\"\u003e \u003cline b\u003d\"313\" baseline\u003d\"313\" l\u003d\"358\" r\u003d\"383\" t\u003d\"307\"\u003e$\u003cprice class\u003d\"extraction-tag\" data-value\u003d\"79.00\" fold-name\u003d\"fold4\" ml-tagorder\u003d\"8516476\" score\u003d\"0.8986828189850443\" tagorder\u003d\"8516476\"\u003e79.00\u003c/price\u003e\u003c/line\u003e  \u003c/par\u003e  \u003c/text\u003e  \u003c/td\u003e   \u003ctd h\u003d\"12\" w\u003d\"63\"\u003e \u003ctext xmlns\u003d\"http://ocr.crowdcomputingsystems.com/xml/schema-v1.xml\"\u003e \u003cpar align\u003d\"Right\" linespacing\u003d\"450\"\u003e \u003cline b\u003d\"313\" baseline\u003d\"313\" l\u003d\"416\" r\u003d\"445\" t\u003d\"307\"\u003e \u003cformatting lang\u003d\"EnglishUnitedStates\"\u003e S39S.00 \u003c/formatting\u003e  \u003c/line\u003e  \u003c/par\u003e  \u003c/text\u003e  \u003c/td\u003e   \u003c/tr\u003e \n \u003ctr\u003e \u003ctd h\u003d\"12\" w\u003d\"32\"\u003e \u003ctext xmlns\u003d\"http://ocr.crowdcomputingsystems.com/xml/schema-v1.xml\"\u003e \u003cpar align\u003d\"Center\" linespacing\u003d\"450\"\u003e \u003cline b\u003d\"325\" baseline\u003d\"325\" l\u003d\"19\" r\u003d\"21\" t\u003d\"319\"\u003e \u003cformatting lang\u003d\"EnglishUnitedStates\"\u003e \u003cquantity class\u003d\"extraction-tag\" data-value\u003d\"1\" fold-name\u003d\"fold1\" ml-tagorder\u003d\"8516477\" score\u003d\"0.6168916569580057\" tagorder\u003d\"8516477\"\u003e1\u003c/quantity\u003e \u003c/formatting\u003e  \u003c/line\u003e  \u003c/par\u003e  \u003c/text\u003e  \u003c/td\u003e   \u003ctd h\u003d\"12\" w\u003d\"173\"\u003e \u003ctext xmlns\u003d\"http://ocr.crowdcomputingsystems.com/xml/schema-v1.xml\"\u003e \u003cpar align\u003d\"Justified\" linespacing\u003d\"450\"\u003e \u003cline b\u003d\"325\" baseline\u003d\"325\" l\u003d\"39\" r\u003d\"155\" t\u003d\"319\"\u003e\u003cproduct appendorder\u003d\"5\" class\u003d\"extraction-tag\" confidence\u003d\"1/1\" data-original-title\u003d\"construction_type\" data-toggle\u003d\"tooltip\" data-value\u003d\".G Montor ICO 21* wide screen\" fold-name\u003d\"fold1\" injection\u003d\"true\" referencedatausedininjection\u003d\"manual\" score\u003d\"0.6316768181085162\" style\u003d\"background-color: rgb(78, 135, 105);  color: rgb(0, 0, 0);   border: 2px solid rgb(125, 157, 1); \" tagorder\u003d\"8516461\"\u003e.G Montor ICO 21* wide screen\u003c/product\u003e\u003c/line\u003e  \u003c/par\u003e  \u003c/text\u003e  \u003c/td\u003e   \u003ctd h\u003d\"12\" w\u003d\"106\"\u003e \u003ctext xmlns\u003d\"http://ocr.crowdcomputingsystems.com/xml/schema-v1.xml\"\u003e \u003cpar linespacing\u003d\"450\"\u003e \u003cline b\u003d\"326\" baseline\u003d\"325\" l\u003d\"209\" r\u003d\"232\" t\u003d\"319\"\u003e \u003cformatting lang\u003d\"EnglishUnitedStates\"\u003e PS392 \u003c/formatting\u003e  \u003c/line\u003e  \u003c/par\u003e  \u003c/text\u003e  \u003c/td\u003e   \u003ctd h\u003d\"12\" w\u003d\"70\"\u003e \u003ctext xmlns\u003d\"http://ocr.crowdcomputingsystems.com/xml/schema-v1.xml\"\u003e \u003cpar align\u003d\"Right\" linespacing\u003d\"450\"\u003e \u003cline b\u003d\"325\" baseline\u003d\"325\" l\u003d\"354\" r\u003d\"383\" t\u003d\"319\"\u003e$\u003cprice class\u003d\"extraction-tag\" data-value\u003d\"250.00\" fold-name\u003d\"fold4\" ml-tagorder\u003d\"8516479\" score\u003d\"0.9681946536820173\" tagorder\u003d\"8516479\"\u003e250.00\u003c/price\u003e\u003c/line\u003e  \u003c/par\u003e  \u003c/text\u003e  \u003c/td\u003e   \u003ctd h\u003d\"12\" w\u003d\"63\"\u003e \u003ctext xmlns\u003d\"http://ocr.crowdcomputingsystems.com/xml/schema-v1.xml\"\u003e \u003cpar align\u003d\"Right\" linespacing\u003d\"450\"\u003e \u003cline b\u003d\"325\" baseline\u003d\"325\" l\u003d\"416\" r\u003d\"445\" t\u003d\"319\"\u003e \u003cformatting lang\u003d\"EnglishUnitedStates\"\u003e $250.00 \u003c/formatting\u003e  \u003c/line\u003e  \u003c/par\u003e  \u003c/text\u003e  \u003c/td\u003e   \u003c/tr\u003e \n \u003ctr\u003e \u003ctd h\u003d\"13\" w\u003d\"32\"\u003e \u003ctext xmlns\u003d\"http://ocr.crowdcomputingsystems.com/xml/schema-v1.xml\"\u003e \u003cpar align\u003d\"Center\" linespacing\u003d\"450\"\u003e \u003cline b\u003d\"337\" baseline\u003d\"337\" l\u003d\"18\" r\u003d\"21\" t\u003d\"331\"\u003e \u003cformatting lang\u003d\"EnglishUnitedStates\"\u003e \u003cquantity class\u003d\"extraction-tag\" data-value\u003d\"1\" fold-name\u003d\"fold1\" ml-tagorder\u003d\"8516480\" score\u003d\"0.6053493494840213\" tagorder\u003d\"8516480\"\u003e1\u003c/quantity\u003e \u003c/formatting\u003e  \u003c/line\u003e  \u003c/par\u003e  \u003c/text\u003e  \u003c/td\u003e   \u003ctd h\u003d\"13\" w\u003d\"173\"\u003e \u003ctext xmlns\u003d\"http://ocr.crowdcomputingsystems.com/xml/schema-v1.xml\"\u003e \u003cpar align\u003d\"Justified\" linespacing\u003d\"380\"\u003e \u003cline b\u003d\"338\" baseline\u003d\"336\" l\u003d\"37\" r\u003d\"175\" t\u003d\"331\"\u003eLogitech Sc amor Document Scanner\u003c/line\u003e  \u003c/par\u003e  \u003c/text\u003e  \u003c/td\u003e   \u003ctd h\u003d\"13\" w\u003d\"106\"\u003e \u003ctext xmlns\u003d\"http://ocr.crowdcomputingsystems.com/xml/schema-v1.xml\"\u003e \u003cpar linespacing\u003d\"380\"\u003e \u003cline b\u003d\"338\" baseline\u003d\"336\" l\u003d\"209\" r\u003d\"232\" t\u003d\"331\"\u003e \u003cformatting lang\u003d\"EnglishUnitedStates\"\u003e p6719 \u003c/formatting\u003e  \u003c/line\u003e  \u003c/par\u003e  \u003c/text\u003e  \u003c/td\u003e   \u003ctd h\u003d\"13\" w\u003d\"70\"\u003e \u003ctext xmlns\u003d\"http://ocr.crowdcomputingsystems.com/xml/schema-v1.xml\"\u003e \u003cpar align\u003d\"Right\" linespacing\u003d\"450\"\u003e \u003cline b\u003d\"337\" baseline\u003d\"337\" l\u003d\"354\" r\u003d\"383\" t\u003d\"331\"\u003e\u003cprice appendorder\u003d\"5\" class\u003d\"extraction-tag\" confidence\u003d\"1/1\" data-original-title\u003d\"construction_type\" data-toggle\u003d\"tooltip\" data-value\u003d\"SI 50.00\" fold-name\u003d\"fold4\" injection\u003d\"true\" referencedatausedininjection\u003d\"manual\" score\u003d\"0.5259852724738485\" style\u003d\"background-color: rgb(140, 250, 187);  color: rgb(0, 0, 0);   border: 2px solid rgb(125, 157, 1); \" tagorder\u003d\"5319141\"\u003eSI 50.00\u003c/price\u003e\u003c/line\u003e  \u003c/par\u003e  \u003c/text\u003e  \u003c/td\u003e   \u003ctd h\u003d\"13\" w\u003d\"63\"\u003e \u003ctext xmlns\u003d\"http://ocr.crowdcomputingsystems.com/xml/schema-v1.xml\"\u003e \u003cpar align\u003d\"Right\" linespacing\u003d\"450\"\u003e \u003cline b\u003d\"337\" baseline\u003d\"337\" l\u003d\"416\" r\u003d\"445\" t\u003d\"331\"\u003e \u003cformatting lang\u003d\"EnglishUnitedStates\"\u003e $150.00 \u003c/formatting\u003e  \u003c/line\u003e  \u003c/par\u003e  \u003c/text\u003e  \u003c/td\u003e   \u003c/tr\u003e \n \u003c/tbody\u003e\u003c/table\u003e\n \u003cblock b\u003d\"400\" blockname\u003d\"\" blocktype\u003d\"Text\" l\u003d\"21\" r\u003d\"215\" style\u003d\"transform: translate(65px, 492px); position: absolute; width: 597.089px; height: 50.1042px;\" t\u003d\"363\"\u003e \u003cregion\u003e \u003crect b\u003d\"400\" l\u003d\"21\" r\u003d\"215\" t\u003d\"363\"\u003e\u003c/rect\u003e  \u003c/region\u003e  \u003ctext\u003e \u003cpar align\u003d\"Center\" linespacing\u003d\"1350\"\u003e \u003cline b\u003d\"379\" baseline\u003d\"376\" l\u003d\"23\" r\u003d\"212\" style\u003d\"transform: translate(6px, 1px); position: absolute;\" t\u003d\"364\"\u003e \u003cformatting lang\u003d\"EnglishUnitedStates\"\u003e Invoice Report Generated \u003c/formatting\u003e  \u003c/line\u003e  \u003cline b\u003d\"397\" baseline\u003d\"394\" l\u003d\"47\" r\u003d\"179\" style\u003d\"transform: translate(80px, 26px); position: absolute;\" t\u003d\"382\"\u003e \u003cformatting lang\u003d\"EnglishUnitedStates\"\u003e by Invoice Master \u003c/formatting\u003e  \u003c/line\u003e  \u003c/par\u003e  \u003c/text\u003e  \u003c/block\u003e  \u003cregion xmlns\u003d\"http://ocr.crowdcomputingsystems.com/xml/schema-v1.xml\"\u003e \u003crect b\u003d\"411\" l\u003d\"314\" r\u003d\"448\" t\u003d\"351\"\u003e\u003c/rect\u003e  \u003c/region\u003e \u003ctable b\u003d\"411\" blockname\u003d\"\" blocktype\u003d\"Table\" l\u003d\"314\" r\u003d\"448\" style\u003d\"transform: translate(966px, 475px); position: absolute; user-select: auto;\" t\u003d\"351\" xmlns\u003d\"\"\u003e \u003ctbody\u003e\u003ctr\u003e \u003ctd h\u003d\"12\" w\u003d\"67\"\u003e \u003ctext xmlns\u003d\"http://ocr.crowdcomputingsystems.com/xml/schema-v1.xml\"\u003e \u003cpar linespacing\u003d\"380\"\u003e \u003cline b\u003d\"360\" baseline\u003d\"359\" l\u003d\"316\" r\u003d\"350\" t\u003d\"354\"\u003e \u003cformatting lang\u003d\"EnglishUnitedStates\"\u003e Subtotal \u003c/formatting\u003e  \u003c/line\u003e  \u003c/par\u003e  \u003c/text\u003e  \u003c/td\u003e   \u003ctd h\u003d\"12\" w\u003d\"67\"\u003e \u003ctext xmlns\u003d\"http://ocr.crowdcomputingsystems.com/xml/schema-v1.xml\"\u003e \u003cpar align\u003d\"Right\" linespacing\u003d\"380\"\u003e \u003cline b\u003d\"360\" baseline\u003d\"359\" l\u003d\"412\" r\u003d\"445\" t\u003d\"354\"\u003e \u003cformatting lang\u003d\"EnglishUnitedStates\"\u003e $967.00 \u003c/formatting\u003e  \u003c/line\u003e  \u003c/par\u003e  \u003c/text\u003e  \u003c/td\u003e   \u003c/tr\u003e \n \u003ctr\u003e \u003ctd h\u003d\"12\" w\u003d\"67\"\u003e \u003ctext xmlns\u003d\"http://ocr.crowdcomputingsystems.com/xml/schema-v1.xml\"\u003e \u003cpar linespacing\u003d\"380\"\u003e \u003cline b\u003d\"371\" baseline\u003d\"371\" l\u003d\"316\" r\u003d\"354\" t\u003d\"366\"\u003e \u003cformatting lang\u003d\"EnglishUnitedStates\"\u003e Sales Tax \u003c/formatting\u003e  \u003c/line\u003e  \u003c/par\u003e  \u003c/text\u003e  \u003c/td\u003e   \u003ctd h\u003d\"12\" w\u003d\"67\"\u003e \u003ctext xmlns\u003d\"http://ocr.crowdcomputingsystems.com/xml/schema-v1.xml\"\u003e \u003cpar align\u003d\"Right\" linespacing\u003d\"450\"\u003e \u003cline b\u003d\"372\" baseline\u003d\"371\" l\u003d\"417\" r\u003d\"445\" t\u003d\"365\"\u003e \u003cformatting lang\u003d\"EnglishUnitedStates\"\u003e $67.86 \u003c/formatting\u003e  \u003c/line\u003e  \u003c/par\u003e  \u003c/text\u003e  \u003c/td\u003e   \u003c/tr\u003e \n \u003ctr\u003e \u003ctd h\u003d\"12\" w\u003d\"67\"\u003e \u003ctext xmlns\u003d\"http://ocr.crowdcomputingsystems.com/xml/schema-v1.xml\"\u003e \u003cpar linespacing\u003d\"380\"\u003e \u003cline b\u003d\"383\" baseline\u003d\"383\" l\u003d\"316\" r\u003d\"331\" t\u003d\"378\"\u003e \u003cformatting lang\u003d\"EnglishUnitedStates\"\u003e VAT \u003c/formatting\u003e  \u003c/line\u003e  \u003c/par\u003e  \u003c/text\u003e  \u003c/td\u003e   \u003ctd h\u003d\"12\" w\u003d\"67\"\u003e \u003ctext xmlns\u003d\"http://ocr.crowdcomputingsystems.com/xml/schema-v1.xml\"\u003e \u003cpar align\u003d\"Right\" linespacing\u003d\"450\"\u003e \u003cline b\u003d\"384\" baseline\u003d\"383\" l\u003d\"417\" r\u003d\"445\" t\u003d\"377\"\u003e \u003cformatting lang\u003d\"EnglishUnitedStates\"\u003e $38.68 \u003c/formatting\u003e  \u003c/line\u003e  \u003c/par\u003e  \u003c/text\u003e  \u003c/td\u003e   \u003c/tr\u003e \n \u003ctr\u003e \u003ctd h\u003d\"11\" w\u003d\"67\"\u003e \u003ctext xmlns\u003d\"http://ocr.crowdcomputingsystems.com/xml/schema-v1.xml\"\u003e \u003cpar linespacing\u003d\"450\"\u003e \u003cline b\u003d\"397\" baseline\u003d\"395\" l\u003d\"316\" r\u003d\"350\" t\u003d\"389\"\u003e \u003cformatting lang\u003d\"EnglishUnitedStates\"\u003e Shipping \u003c/formatting\u003e  \u003c/line\u003e  \u003c/par\u003e  \u003c/text\u003e  \u003c/td\u003e   \u003ctd h\u003d\"11\" w\u003d\"67\"\u003e \u003ctext xmlns\u003d\"http://ocr.crowdcomputingsystems.com/xml/schema-v1.xml\"\u003e \u003cpar align\u003d\"Right\" linespacing\u003d\"450\"\u003e \u003cline b\u003d\"396\" baseline\u003d\"395\" l\u003d\"418\" r\u003d\"445\" t\u003d\"389\"\u003e \u003cformatting lang\u003d\"EnglishUnitedStates\"\u003e $15.00 \u003c/formatting\u003e  \u003c/line\u003e  \u003c/par\u003e  \u003c/text\u003e  \u003c/td\u003e   \u003c/tr\u003e \n \u003ctr\u003e \u003ctd h\u003d\"13\" w\u003d\"67\"\u003e \u003ctext xmlns\u003d\"http://ocr.crowdcomputingsystems.com/xml/schema-v1.xml\"\u003e \u003cpar linespacing\u003d\"450\"\u003e \u003cline b\u003d\"407\" baseline\u003d\"407\" l\u003d\"317\" r\u003d\"353\" t\u003d\"401\"\u003e \u003cformatting lang\u003d\"EnglishUnitedStates\"\u003e lotal Due \u003c/formatting\u003e  \u003c/line\u003e  \u003c/par\u003e  \u003c/text\u003e  \u003c/td\u003e   \u003ctd h\u003d\"13\" w\u003d\"67\"\u003e \u003ctext xmlns\u003d\"http://ocr.crowdcomputingsystems.com/xml/schema-v1.xml\"\u003e \u003cpar align\u003d\"Right\" linespacing\u003d\"450\"\u003e \u003cline b\u003d\"408\" baseline\u003d\"407\" l\u003d\"405\" r\u003d\"445\" t\u003d\"401\"\u003e \u003cformatting lang\u003d\"EnglishUnitedStates\"\u003e $\u003ctotal_amount appendorder\u003d\"9\" class\u003d\"extraction-tag\" confidence\u003d\"1/1\" data-original-title\u003d\"Total amount\" data-toggle\u003d\"tooltip\" data-value\u003d\"1,083.54\" fold-name\u003d\"fold2\" score\u003d\"0.6067528338624726\" style\u003d\"background-color: rgb(27, 182, 226);  color: rgb(0, 0, 0);   border: 2px solid rgb(125, 157, 1); \" tagorder\u003d\"6\"\u003e1,083.54\u003c/total_amount\u003e \u003c/formatting\u003e  \u003c/line\u003e  \u003c/par\u003e  \u003c/text\u003e  \u003c/td\u003e   \u003c/tr\u003e \n \u003c/tbody\u003e\u003c/table\u003e\n \u003cblock b\u003d\"434\" blockname\u003d\"\" blocktype\u003d\"Text\" l\u003d\"170\" r\u003d\"281\" style\u003d\"transform: translate(523px, 571px); position: absolute; width: 341.633px; height: 16.25px;\" t\u003d\"422\"\u003e \u003cregion\u003e \u003crect b\u003d\"434\" l\u003d\"170\" r\u003d\"281\" t\u003d\"422\"\u003e\u003c/rect\u003e  \u003c/region\u003e  \u003ctext\u003e \u003cpar align\u003d\"Center\" linespacing\u003d\"450\" rightindent\u003d\"400\"\u003e \u003cline b\u003d\"430\" baseline\u003d\"429\" l\u003d\"171\" r\u003d\"278\" style\u003d\"transform: translate(3px, 1px); position: absolute;\" t\u003d\"423\"\u003e \u003cformatting lang\u003d\"EnglishUnitedStates\"\u003e Thank you for your businessl \u003c/formatting\u003e  \u003c/line\u003e  \u003c/par\u003e  \u003c/text\u003e  \u003c/block\u003e  \u003cblock b\u003d\"49\" blockname\u003d\"\" blocktype\u003d\"SeparatorsBox\" class\u003d\"hidden\" l\u003d\"4\" r\u003d\"174\" style\u003d\"transform: translate(12px, 8px); position: absolute;\" t\u003d\"6\"\u003e \u003cregion\u003e \u003crect b\u003d\"7\" l\u003d\"4\" r\u003d\"174\" t\u003d\"6\"\u003e\u003c/rect\u003e  \u003crect b\u003d\"48\" l\u003d\"4\" r\u003d\"174\" t\u003d\"7\"\u003e\u003c/rect\u003e  \u003crect b\u003d\"49\" l\u003d\"4\" r\u003d\"174\" t\u003d\"48\"\u003e\u003c/rect\u003e  \u003c/region\u003e  \u003cseparatorsbox\u003e \u003cseparator thickness\u003d\"1\" type\u003d\"Black\"\u003e \u003cstart x\u003d\"4\" y\u003d\"6\"\u003e\u003c/start\u003e \u003cend x\u003d\"174\" y\u003d\"6\"\u003e\u003c/end\u003e \u003c/separator\u003e \u003cseparator thickness\u003d\"1\" type\u003d\"Black\"\u003e \u003cstart x\u003d\"4\" y\u003d\"48\"\u003e\u003c/start\u003e \u003cend x\u003d\"174\" y\u003d\"48\"\u003e\u003c/end\u003e \u003c/separator\u003e \u003cseparator thickness\u003d\"2\" type\u003d\"Black\"\u003e \u003cstart x\u003d\"5\" y\u003d\"6\"\u003e\u003c/start\u003e \u003cend x\u003d\"5\" y\u003d\"49\"\u003e\u003c/end\u003e \u003c/separator\u003e \u003cseparator thickness\u003d\"1\" type\u003d\"Black\"\u003e \u003cstart x\u003d\"173\" y\u003d\"6\"\u003e\u003c/start\u003e \u003cend x\u003d\"173\" y\u003d\"49\"\u003e\u003c/end\u003e \u003c/separator\u003e \u003c/separatorsbox\u003e \u003c/block\u003e  \u003cblock b\u003d\"122\" blockname\u003d\"\" blocktype\u003d\"SeparatorsBox\" class\u003d\"hidden\" l\u003d\"314\" r\u003d\"448\" style\u003d\"transform: translate(966px, 102px); position: absolute;\" t\u003d\"75\"\u003e \u003cregion\u003e \u003crect b\u003d\"85\" l\u003d\"314\" r\u003d\"448\" t\u003d\"75\"\u003e\u003c/rect\u003e  \u003crect b\u003d\"87\" l\u003d\"314\" r\u003d\"448\" t\u003d\"85\"\u003e\u003c/rect\u003e  \u003crect b\u003d\"121\" l\u003d\"314\" r\u003d\"448\" t\u003d\"87\"\u003e\u003c/rect\u003e  \u003crect b\u003d\"122\" l\u003d\"314\" r\u003d\"448\" t\u003d\"121\"\u003e\u003c/rect\u003e  \u003c/region\u003e  \u003cseparatorsbox\u003e \u003cseparator thickness\u003d\"2\" type\u003d\"Black\"\u003e \u003cstart x\u003d\"314\" y\u003d\"86\"\u003e\u003c/start\u003e \u003cend x\u003d\"448\" y\u003d\"86\"\u003e\u003c/end\u003e \u003c/separator\u003e \u003cseparator thickness\u003d\"1\" type\u003d\"Black\"\u003e \u003cstart x\u003d\"314\" y\u003d\"121\"\u003e\u003c/start\u003e \u003cend x\u003d\"448\" y\u003d\"121\"\u003e\u003c/end\u003e \u003c/separator\u003e \u003cseparator thickness\u003d\"1\" type\u003d\"Black\"\u003e \u003cstart x\u003d\"314\" y\u003d\"75\"\u003e\u003c/start\u003e \u003cend x\u003d\"314\" y\u003d\"122\"\u003e\u003c/end\u003e \u003c/separator\u003e \u003cseparator thickness\u003d\"1\" type\u003d\"Black\"\u003e \u003cstart x\u003d\"447\" y\u003d\"75\"\u003e\u003c/start\u003e \u003cend x\u003d\"447\" y\u003d\"122\"\u003e\u003c/end\u003e \u003c/separator\u003e \u003c/separatorsbox\u003e \u003c/block\u003e  \u003cblock b\u003d\"63\" blockname\u003d\"\" blocktype\u003d\"Separator\" l\u003d\"334\" r\u003d\"428\" style\u003d\"transform: translate(1028px, 84px); position: absolute;\" t\u003d\"62\"\u003e \u003cregion\u003e \u003crect b\u003d\"63\" l\u003d\"334\" r\u003d\"428\" t\u003d\"62\"\u003e\u003c/rect\u003e  \u003c/region\u003e  \u003cseparator thickness\u003d\"1\" type\u003d\"Black\"\u003e \u003cstart x\u003d\"334\" y\u003d\"62\"\u003e\u003c/start\u003e \u003cend x\u003d\"428\" y\u003d\"62\"\u003e\u003c/end\u003e \u003c/separator\u003e \u003c/block\u003e  \u003cblock b\u003d\"75\" blockname\u003d\"\" blocktype\u003d\"Separator\" l\u003d\"334\" r\u003d\"428\" style\u003d\"transform: translate(1028px, 99px); position: absolute;\" t\u003d\"73\"\u003e \u003cregion\u003e \u003crect b\u003d\"75\" l\u003d\"334\" r\u003d\"428\" t\u003d\"73\"\u003e\u003c/rect\u003e  \u003c/region\u003e  \u003cseparator thickness\u003d\"2\" type\u003d\"Black\"\u003e \u003cstart x\u003d\"334\" y\u003d\"74\"\u003e\u003c/start\u003e \u003cend x\u003d\"428\" y\u003d\"74\"\u003e\u003c/end\u003e \u003c/separator\u003e \u003c/block\u003e  \u003cblock b\u003d\"99\" blockname\u003d\"\" blocktype\u003d\"Separator\" l\u003d\"314\" r\u003d\"448\" style\u003d\"transform: translate(966px, 131px); position: absolute;\" t\u003d\"97\"\u003e \u003cregion\u003e \u003crect b\u003d\"99\" l\u003d\"314\" r\u003d\"448\" t\u003d\"97\"\u003e\u003c/rect\u003e  \u003c/region\u003e  \u003cseparator thickness\u003d\"2\" type\u003d\"Black\"\u003e \u003cstart x\u003d\"314\" y\u003d\"98\"\u003e\u003c/start\u003e \u003cend x\u003d\"448\" y\u003d\"98\"\u003e\u003c/end\u003e \u003c/separator\u003e \u003c/block\u003e  \u003cblock b\u003d\"111\" blockname\u003d\"\" blocktype\u003d\"Separator\" l\u003d\"314\" r\u003d\"448\" style\u003d\"transform: translate(966px, 148px); position: absolute;\" t\u003d\"109\"\u003e \u003cregion\u003e \u003crect b\u003d\"111\" l\u003d\"314\" r\u003d\"448\" t\u003d\"109\"\u003e\u003c/rect\u003e  \u003c/region\u003e  \u003cseparator thickness\u003d\"2\" type\u003d\"Black\"\u003e \u003cstart x\u003d\"314\" y\u003d\"110\"\u003e\u003c/start\u003e \u003cend x\u003d\"448\" y\u003d\"110\"\u003e\u003c/end\u003e \u003c/separator\u003e \u003c/block\u003e  \u003cblock b\u003d\"240\" blockname\u003d\"\" blocktype\u003d\"Separator\" l\u003d\"4\" r\u003d\"448\" style\u003d\"transform: translate(12px, 324px); position: absolute;\" t\u003d\"239\"\u003e \u003cregion\u003e \u003crect b\u003d\"240\" l\u003d\"4\" r\u003d\"448\" t\u003d\"239\"\u003e\u003c/rect\u003e  \u003c/region\u003e  \u003cseparator thickness\u003d\"1\" type\u003d\"Black\"\u003e \u003cstart x\u003d\"4\" y\u003d\"239\"\u003e\u003c/start\u003e \u003cend x\u003d\"448\" y\u003d\"239\"\u003e\u003c/end\u003e \u003c/separator\u003e \u003c/block\u003e  \u003cblock b\u003d\"252\" blockname\u003d\"\" blocktype\u003d\"Separator\" l\u003d\"4\" r\u003d\"448\" style\u003d\"transform: translate(12px, 337px); position: absolute;\" t\u003d\"249\"\u003e \u003cregion\u003e \u003crect b\u003d\"250\" l\u003d\"16\" r\u003d\"35\" t\u003d\"249\"\u003e\u003c/rect\u003e  \u003crect b\u003d\"251\" l\u003d\"4\" r\u003d\"448\" t\u003d\"250\"\u003e\u003c/rect\u003e  \u003crect b\u003d\"252\" l\u003d\"4\" r\u003d\"448\" t\u003d\"251\"\u003e\u003c/rect\u003e  \u003c/region\u003e  \u003cseparator thickness\u003d\"2\" type\u003d\"Black\"\u003e \u003cstart x\u003d\"4\" y\u003d\"250\"\u003e\u003c/start\u003e \u003cend x\u003d\"448\" y\u003d\"250\"\u003e\u003c/end\u003e \u003c/separator\u003e \u003c/block\u003e  \u003cblock b\u003d\"273\" blockname\u003d\"\" blocktype\u003d\"Separator\" l\u003d\"4\" r\u003d\"448\" style\u003d\"transform: translate(12px, 367px); position: absolute;\" t\u003d\"271\"\u003e \u003cregion\u003e \u003crect b\u003d\"273\" l\u003d\"4\" r\u003d\"448\" t\u003d\"271\"\u003e\u003c/rect\u003e  \u003c/region\u003e  \u003cseparator thickness\u003d\"2\" type\u003d\"Black\"\u003e \u003cstart x\u003d\"4\" y\u003d\"272\"\u003e\u003c/start\u003e \u003cend x\u003d\"448\" y\u003d\"272\"\u003e\u003c/end\u003e \u003c/separator\u003e \u003c/block\u003e  \u003cblock b\u003d\"293\" blockname\u003d\"\" blocktype\u003d\"Separator\" l\u003d\"4\" r\u003d\"448\" style\u003d\"transform: translate(12px, 395px); position: absolute;\" t\u003d\"292\"\u003e \u003cregion\u003e \u003crect b\u003d\"293\" l\u003d\"4\" r\u003d\"448\" t\u003d\"292\"\u003e\u003c/rect\u003e  \u003c/region\u003e  \u003cseparator thickness\u003d\"1\" type\u003d\"Black\"\u003e \u003cstart x\u003d\"4\" y\u003d\"292\"\u003e\u003c/start\u003e \u003cend x\u003d\"448\" y\u003d\"292\"\u003e\u003c/end\u003e \u003c/separator\u003e \u003c/block\u003e  \u003cblock b\u003d\"305\" blockname\u003d\"\" blocktype\u003d\"Separator\" l\u003d\"4\" r\u003d\"448\" style\u003d\"transform: translate(12px, 412px); position: absolute;\" t\u003d\"304\"\u003e \u003cregion\u003e \u003crect b\u003d\"305\" l\u003d\"4\" r\u003d\"448\" t\u003d\"304\"\u003e\u003c/rect\u003e  \u003c/region\u003e  \u003cseparator thickness\u003d\"1\" type\u003d\"Black\"\u003e \u003cstart x\u003d\"4\" y\u003d\"304\"\u003e\u003c/start\u003e \u003cend x\u003d\"448\" y\u003d\"304\"\u003e\u003c/end\u003e \u003c/separator\u003e \u003c/block\u003e  \u003cblock b\u003d\"317\" blockname\u003d\"\" blocktype\u003d\"Separator\" l\u003d\"4\" r\u003d\"448\" style\u003d\"transform: translate(12px, 428px); position: absolute;\" t\u003d\"316\"\u003e \u003cregion\u003e \u003crect b\u003d\"317\" l\u003d\"4\" r\u003d\"448\" t\u003d\"316\"\u003e\u003c/rect\u003e  \u003c/region\u003e  \u003cseparator thickness\u003d\"1\" type\u003d\"Black\"\u003e \u003cstart x\u003d\"4\" y\u003d\"316\"\u003e\u003c/start\u003e \u003cend x\u003d\"448\" y\u003d\"316\"\u003e\u003c/end\u003e \u003c/separator\u003e \u003c/block\u003e  \u003cblock b\u003d\"329\" blockname\u003d\"\" blocktype\u003d\"Separator\" l\u003d\"4\" r\u003d\"448\" style\u003d\"transform: translate(12px, 444px); position: absolute;\" t\u003d\"328\"\u003e \u003cregion\u003e \u003crect b\u003d\"329\" l\u003d\"4\" r\u003d\"448\" t\u003d\"328\"\u003e\u003c/rect\u003e  \u003c/region\u003e  \u003cseparator thickness\u003d\"1\" type\u003d\"Black\"\u003e \u003cstart x\u003d\"4\" y\u003d\"328\"\u003e\u003c/start\u003e \u003cend x\u003d\"448\" y\u003d\"328\"\u003e\u003c/end\u003e \u003c/separator\u003e \u003c/block\u003e  \u003cblock b\u003d\"341\" blockname\u003d\"\" blocktype\u003d\"Separator\" l\u003d\"5\" r\u003d\"448\" style\u003d\"transform: translate(15px, 459px); position: absolute;\" t\u003d\"339\"\u003e \u003cregion\u003e \u003crect b\u003d\"341\" l\u003d\"5\" r\u003d\"448\" t\u003d\"339\"\u003e\u003c/rect\u003e  \u003c/region\u003e  \u003cseparator thickness\u003d\"2\" type\u003d\"Black\"\u003e \u003cstart x\u003d\"5\" y\u003d\"340\"\u003e\u003c/start\u003e \u003cend x\u003d\"448\" y\u003d\"340\"\u003e\u003c/end\u003e \u003c/separator\u003e \u003c/block\u003e  \u003cblock b\u003d\"352\" blockname\u003d\"\" blocktype\u003d\"Separator\" l\u003d\"314\" r\u003d\"448\" style\u003d\"transform: translate(966px, 475px); position: absolute;\" t\u003d\"351\"\u003e \u003cregion\u003e \u003crect b\u003d\"352\" l\u003d\"314\" r\u003d\"448\" t\u003d\"351\"\u003e\u003c/rect\u003e  \u003c/region\u003e  \u003cseparator thickness\u003d\"1\" type\u003d\"Black\"\u003e \u003cstart x\u003d\"314\" y\u003d\"351\"\u003e\u003c/start\u003e \u003cend x\u003d\"448\" y\u003d\"351\"\u003e\u003c/end\u003e \u003c/separator\u003e \u003c/block\u003e  \u003cblock b\u003d\"364\" blockname\u003d\"\" blocktype\u003d\"Separator\" l\u003d\"314\" r\u003d\"448\" style\u003d\"transform: translate(966px, 492px); position: absolute;\" t\u003d\"363\"\u003e \u003cregion\u003e \u003crect b\u003d\"364\" l\u003d\"314\" r\u003d\"448\" t\u003d\"363\"\u003e\u003c/rect\u003e  \u003c/region\u003e  \u003cseparator thickness\u003d\"1\" type\u003d\"Black\"\u003e \u003cstart x\u003d\"314\" y\u003d\"363\"\u003e\u003c/start\u003e \u003cend x\u003d\"448\" y\u003d\"363\"\u003e\u003c/end\u003e \u003c/separator\u003e \u003c/block\u003e  \u003cblock b\u003d\"376\" blockname\u003d\"\" blocktype\u003d\"Separator\" l\u003d\"314\" r\u003d\"448\" style\u003d\"transform: translate(966px, 508px); position: absolute;\" t\u003d\"375\"\u003e \u003cregion\u003e \u003crect b\u003d\"376\" l\u003d\"314\" r\u003d\"448\" t\u003d\"375\"\u003e\u003c/rect\u003e  \u003c/region\u003e  \u003cseparator thickness\u003d\"1\" type\u003d\"Black\"\u003e \u003cstart x\u003d\"314\" y\u003d\"375\"\u003e\u003c/start\u003e \u003cend x\u003d\"448\" y\u003d\"375\"\u003e\u003c/end\u003e \u003c/separator\u003e \u003c/block\u003e  \u003cblock b\u003d\"388\" blockname\u003d\"\" blocktype\u003d\"Separator\" l\u003d\"314\" r\u003d\"448\" style\u003d\"transform: translate(966px, 523px); position: absolute;\" t\u003d\"386\"\u003e \u003cregion\u003e \u003crect b\u003d\"388\" l\u003d\"314\" r\u003d\"448\" t\u003d\"386\"\u003e\u003c/rect\u003e  \u003c/region\u003e  \u003cseparator thickness\u003d\"2\" type\u003d\"Black\"\u003e \u003cstart x\u003d\"314\" y\u003d\"387\"\u003e\u003c/start\u003e \u003cend x\u003d\"448\" y\u003d\"387\"\u003e\u003c/end\u003e \u003c/separator\u003e \u003c/block\u003e  \u003cblock b\u003d\"400\" blockname\u003d\"\" blocktype\u003d\"Separator\" l\u003d\"314\" r\u003d\"448\" style\u003d\"transform: translate(966px, 538px); position: absolute;\" t\u003d\"397\"\u003e \u003cregion\u003e \u003crect b\u003d\"400\" l\u003d\"314\" r\u003d\"448\" t\u003d\"397\"\u003e\u003c/rect\u003e  \u003c/region\u003e  \u003cseparator thickness\u003d\"3\" type\u003d\"Black\"\u003e \u003cstart x\u003d\"314\" y\u003d\"398\"\u003e\u003c/start\u003e \u003cend x\u003d\"448\" y\u003d\"398\"\u003e\u003c/end\u003e \u003c/separator\u003e \u003c/block\u003e  \u003cblock b\u003d\"411\" blockname\u003d\"\" blocktype\u003d\"Separator\" l\u003d\"314\" r\u003d\"448\" style\u003d\"transform: translate(966px, 555px); position: absolute;\" t\u003d\"410\"\u003e \u003cregion\u003e \u003crect b\u003d\"411\" l\u003d\"314\" r\u003d\"448\" t\u003d\"410\"\u003e\u003c/rect\u003e  \u003c/region\u003e  \u003cseparator thickness\u003d\"1\" type\u003d\"Black\"\u003e \u003cstart x\u003d\"314\" y\u003d\"410\"\u003e\u003c/start\u003e \u003cend x\u003d\"448\" y\u003d\"410\"\u003e\u003c/end\u003e \u003c/separator\u003e \u003c/block\u003e  \u003cblock b\u003d\"340\" blockname\u003d\"\" blocktype\u003d\"Separator\" l\u003d\"4\" r\u003d\"6\" style\u003d\"transform: translate(12px, 324px); position: absolute;\" t\u003d\"239\"\u003e \u003cregion\u003e \u003crect b\u003d\"340\" l\u003d\"4\" r\u003d\"6\" t\u003d\"239\"\u003e\u003c/rect\u003e  \u003c/region\u003e  \u003cseparator thickness\u003d\"2\" type\u003d\"Black\"\u003e \u003cstart x\u003d\"5\" y\u003d\"239\"\u003e\u003c/start\u003e \u003cend x\u003d\"5\" y\u003d\"340\"\u003e\u003c/end\u003e \u003c/separator\u003e \u003c/block\u003e  \u003cblock b\u003d\"341\" blockname\u003d\"\" blocktype\u003d\"Separator\" l\u003d\"36\" r\u003d\"37\" style\u003d\"transform: translate(111px, 324px); position: absolute;\" t\u003d\"239\"\u003e \u003cregion\u003e \u003crect b\u003d\"341\" l\u003d\"36\" r\u003d\"37\" t\u003d\"239\"\u003e\u003c/rect\u003e  \u003c/region\u003e  \u003cseparator thickness\u003d\"1\" type\u003d\"Black\"\u003e \u003cstart x\u003d\"36\" y\u003d\"239\"\u003e\u003c/start\u003e \u003cend x\u003d\"36\" y\u003d\"341\"\u003e\u003c/end\u003e \u003c/separator\u003e \u003c/block\u003e  \u003cblock b\u003d\"341\" blockname\u003d\"\" blocktype\u003d\"Separator\" class\u003d\"hidden\" l\u003d\"208\" r\u003d\"210\" style\u003d\"transform: translate(640px, 324px); position: absolute;\" t\u003d\"239\"\u003e \u003cregion\u003e \u003crect b\u003d\"341\" l\u003d\"208\" r\u003d\"210\" t\u003d\"239\"\u003e\u003c/rect\u003e  \u003c/region\u003e  \u003cseparator thickness\u003d\"2\" type\u003d\"Black\"\u003e \u003cstart x\u003d\"209\" y\u003d\"239\"\u003e\u003c/start\u003e \u003cend x\u003d\"209\" y\u003d\"341\"\u003e\u003c/end\u003e \u003c/separator\u003e \u003c/block\u003e  \u003cblock b\u003d\"341\" blockname\u003d\"\" blocktype\u003d\"Separator\" l\u003d\"314\" r\u003d\"316\" style\u003d\"transform: translate(966px, 324px); position: absolute;\" t\u003d\"239\"\u003e \u003cregion\u003e \u003crect b\u003d\"341\" l\u003d\"314\" r\u003d\"316\" t\u003d\"239\"\u003e\u003c/rect\u003e  \u003c/region\u003e  \u003cseparator thickness\u003d\"2\" type\u003d\"Black\"\u003e \u003cstart x\u003d\"315\" y\u003d\"239\"\u003e\u003c/start\u003e \u003cend x\u003d\"315\" y\u003d\"341\"\u003e\u003c/end\u003e \u003c/separator\u003e \u003c/block\u003e  \u003cblock b\u003d\"411\" blockname\u003d\"\" blocktype\u003d\"Separator\" l\u003d\"314\" r\u003d\"315\" style\u003d\"transform: translate(966px, 475px); position: absolute;\" t\u003d\"351\"\u003e \u003cregion\u003e \u003crect b\u003d\"411\" l\u003d\"314\" r\u003d\"315\" t\u003d\"351\"\u003e\u003c/rect\u003e  \u003c/region\u003e  \u003cseparator thickness\u003d\"1\" type\u003d\"Black\"\u003e \u003cstart x\u003d\"314\" y\u003d\"351\"\u003e\u003c/start\u003e \u003cend x\u003d\"314\" y\u003d\"411\"\u003e\u003c/end\u003e \u003c/separator\u003e \u003c/block\u003e  \u003cblock b\u003d\"122\" blockname\u003d\"\" blocktype\u003d\"Separator\" l\u003d\"378\" r\u003d\"379\" style\u003d\"transform: translate(1163px, 100px); position: absolute;\" t\u003d\"74\"\u003e \u003cregion\u003e \u003crect b\u003d\"122\" l\u003d\"378\" r\u003d\"379\" t\u003d\"74\"\u003e\u003c/rect\u003e  \u003c/region\u003e  \u003cseparator thickness\u003d\"1\" type\u003d\"Black\"\u003e \u003cstart x\u003d\"378\" y\u003d\"74\"\u003e\u003c/start\u003e \u003cend x\u003d\"378\" y\u003d\"122\"\u003e\u003c/end\u003e \u003c/separator\u003e \u003c/block\u003e  \u003cblock b\u003d\"411\" blockname\u003d\"\" blocktype\u003d\"Separator\" l\u003d\"381\" r\u003d\"382\" style\u003d\"transform: translate(1173px, 475px); position: absolute;\" t\u003d\"351\"\u003e \u003cregion\u003e \u003crect b\u003d\"411\" l\u003d\"381\" r\u003d\"382\" t\u003d\"351\"\u003e\u003c/rect\u003e  \u003c/region\u003e  \u003cseparator thickness\u003d\"1\" type\u003d\"Black\"\u003e \u003cstart x\u003d\"381\" y\u003d\"351\"\u003e\u003c/start\u003e \u003cend x\u003d\"381\" y\u003d\"411\"\u003e\u003c/end\u003e \u003c/separator\u003e \u003c/block\u003e  \u003cblock b\u003d\"341\" blockname\u003d\"\" blocktype\u003d\"Separator\" l\u003d\"384\" r\u003d\"386\" style\u003d\"transform: translate(1182px, 324px); position: absolute;\" t\u003d\"239\"\u003e \u003cregion\u003e \u003crect b\u003d\"341\" l\u003d\"384\" r\u003d\"386\" t\u003d\"239\"\u003e\u003c/rect\u003e  \u003c/region\u003e  \u003cseparator thickness\u003d\"2\" type\u003d\"Black\"\u003e \u003cstart x\u003d\"385\" y\u003d\"239\"\u003e\u003c/start\u003e \u003cend x\u003d\"385\" y\u003d\"341\"\u003e\u003c/end\u003e \u003c/separator\u003e \u003c/block\u003e  \u003cblock b\u003d\"341\" blockname\u003d\"\" blocktype\u003d\"Separator\" l\u003d\"447\" r\u003d\"448\" style\u003d\"transform: translate(1376px, 324px); position: absolute;\" t\u003d\"239\"\u003e \u003cregion\u003e \u003crect b\u003d\"341\" l\u003d\"447\" r\u003d\"448\" t\u003d\"239\"\u003e\u003c/rect\u003e  \u003c/region\u003e  \u003cseparator thickness\u003d\"1\" type\u003d\"Black\"\u003e \u003cstart x\u003d\"447\" y\u003d\"239\"\u003e\u003c/start\u003e \u003cend x\u003d\"447\" y\u003d\"341\"\u003e\u003c/end\u003e \u003c/separator\u003e \u003c/block\u003e  \u003cblock b\u003d\"411\" blockname\u003d\"\" blocktype\u003d\"Separator\" l\u003d\"447\" r\u003d\"448\" style\u003d\"transform: translate(1376px, 475px); position: absolute;\" t\u003d\"351\"\u003e \u003cregion\u003e \u003crect b\u003d\"411\" l\u003d\"447\" r\u003d\"448\" t\u003d\"351\"\u003e\u003c/rect\u003e  \u003c/region\u003e  \u003cseparator thickness\u003d\"1\" type\u003d\"Black\"\u003e \u003cstart x\u003d\"447\" y\u003d\"351\"\u003e\u003c/start\u003e \u003cend x\u003d\"447\" y\u003d\"411\"\u003e\u003c/end\u003e \u003c/separator\u003e \u003c/block\u003e  \u003c/page\u003e       \u003c/document\u003e\u003c/body\u003e\u003c/html\u003e","tags":[{"begin":13,"end":25,"text":"Your Company","tag":"supplier_name","fieldType":"COMPANY_NAME","score":0.61793870913186,"estimatedAccuracy":0.0},{"begin":402,"end":408,"text":"INV125","tag":"invoice_number","fieldType":"TEXT","score":0.5056039113411206,"estimatedAccuracy":0.0},{"begin":511,"end":518,"text":"3/15/08","tag":"invoice_date","fieldType":"DATE","score":0.511196533258768,"estimatedAccuracy":0.0},{"begin":1045,"end":1046,"text":"3","tag":"quantity","fieldType":"NUMBER","score":0.6383393412507933,"estimatedAccuracy":0.0},{"begin":1061,"end":1116,"text":"BT Headset Bfuetooth Headset for Windows  «able Devices","tag":"product","fieldType":"TEXT","score":0.6678068613771263,"estimatedAccuracy":0.0},{"begin":1130,"end":1135,"text":"plOOl","tag":"quantity","fieldType":"NUMBER","score":0.5716679483601915,"estimatedAccuracy":0.0},{"begin":1151,"end":1156,"text":"12.00","tag":"price","fieldType":"NUMBER","score":0.9399829322489021,"estimatedAccuracy":0.0},{"begin":1197,"end":1198,"text":"1","tag":"quantity","fieldType":"NUMBER","score":0.5933776642072842,"estimatedAccuracy":0.0},{"begin":1213,"end":1262,"text":"BT Speakers Bluetooth Speakers for lenova  Laptop","tag":"product","fieldType":"TEXT","score":0.6211681814708393,"estimatedAccuracy":0.0},{"begin":1276,"end":1281,"text":"p8736","tag":"quantity","fieldType":"NUMBER","score":0.5827129520344393,"estimatedAccuracy":0.0},{"begin":1297,"end":1302,"text":"26.00","tag":"price","fieldType":"NUMBER","score":0.9491098690961184,"estimatedAccuracy":0.0},{"begin":1343,"end":1344,"text":"2","tag":"quantity","fieldType":"NUMBER","score":0.5886737215553192,"estimatedAccuracy":0.0},{"begin":1359,"end":1372,"text":"DRAM 1G8 DRAM","tag":"product","fieldType":"TEXT","score":0.5465760713803309,"estimatedAccuracy":0.0},{"begin":1406,"end":1412,"text":"SSS.00","tag":"price","fieldType":"NUMBER","score":0.8374836506086205,"estimatedAccuracy":0.0},{"begin":1470,"end":1500,"text":"tOO 320GB 320GB SATA Hard Onve","tag":"product","fieldType":"TEXT","score":0.6474214583278755,"estimatedAccuracy":0.0},{"begin":1535,"end":1540,"text":"79.00","tag":"price","fieldType":"NUMBER","score":0.8986828189850443,"estimatedAccuracy":0.0},{"begin":1582,"end":1583,"text":"1","tag":"quantity","fieldType":"NUMBER","score":0.6168916569580057,"estimatedAccuracy":0.0},{"begin":1598,"end":1627,"text":".G Montor ICO 21* wide screen","tag":"product","fieldType":"TEXT","score":0.6316768181085162,"estimatedAccuracy":0.0},{"begin":1662,"end":1668,"text":"250.00","tag":"price","fieldType":"NUMBER","score":0.9681946536820173,"estimatedAccuracy":0.0},{"begin":1710,"end":1711,"text":"1","tag":"quantity","fieldType":"NUMBER","score":0.6053493494840213,"estimatedAccuracy":0.0},{"begin":1793,"end":1801,"text":"SI 50.00","tag":"price","fieldType":"NUMBER","score":0.5259852724738485,"estimatedAccuracy":0.0},{"begin":2151,"end":2159,"text":"1,083.54","tag":"total_amount","fieldType":"NUMBER","score":0.6067528338624726,"estimatedAccuracy":0.0}],"group":"invoice_date|invoice_number|price|product|quantity|supplier_name|total_amount","limeExplanation":{},"liblinearFeatureImportance":{}}