{"finalScore":0.6315523353348826,"metaInfo":{"model":{"coreVersion":"10.3.0.39"}},"sumScore":5.052418682679061,"tagsCounter":8.0,"taggedText":"\u003chtml\u003e\u003chead\u003e\u003cscript src\u003d\"https://ajax.googleapis.com/ajax/libs/jquery/2.2.0/jquery.min.js\"\u003e\u003c/script\u003e\u003c/head\u003e\u003cbody\u003e\u003cdocument languages\u003d\"\" producer\u003d\"Workfusion\" schemalocation\u003d\"http://ocr.crowdcomputingsystems.com/xml/schema-v1.xml\" version\u003d\"1.0\" xmlns\u003d\"http://ocr.crowdcomputingsystems.com/xml/schema-v1.xml\" xsi\u003d\"http://www.w3.org/2001/XMLSchema-instance\"\u003e \u003clink href\u003d\"https://s3.amazonaws.com/workfusion-resources/ocr/ocr-xml-viewer-0.3-scale-to-width.css\" rel\u003d\"stylesheet\" type\u003d\"text/css\"\u003e\u003c/link\u003e \u003cstyle\u003e\u003c/style\u003e\u003cpage data-pages\u003d\"1\" h\u003d\"1648\" resolution\u003d\"200\" style\u003d\"height: 1071px;\" w\u003d\"1300\"\u003e \u003cblock b\u003d\"80\" blockname\u003d\"\" blocktype\u003d\"Text\" l\u003d\"135\" r\u003d\"614\" style\u003d\"transform: translate(80px, 0px); position: absolute; width: 284.821px; height: 52px;\" t\u003d\"0\"\u003e \u003cregion\u003e \u003crect b\u003d\"80\" l\u003d\"135\" r\u003d\"614\" t\u003d\"0\"\u003e\u003c/rect\u003e  \u003c/region\u003e  \u003ctext\u003e \u003cpar leftindent\u003d\"5100\" linespacing\u003d\"1580\"\u003e \u003cline b\u003d\"44\" baseline\u003d\"44\" l\u003d\"139\" r\u003d\"610\" style\u003d\"transform: translate(2px, 0px); position: absolute;\" t\u003d\"0\"\u003e \u003cformatting lang\u003d\"EnglishUnitedStates\"\u003e \u003csupplier_name class\u003d\"extraction-tag\" data-value\u003d\"I\u0026apos;m Graeme Duckett          Freelance Design And Development\" fold-name\u003d\"fold2\" ml-tagorder\u003d\"8508043\" score\u003d\"0.639868571008001\" tagorder\u003d\"8508043\"\u003eI\u0027m Graeme Duckett \u003c/supplier_name\u003e\u003c/formatting\u003e  \u003c/line\u003e  \u003c/par\u003e  \u003cpar align\u003d\"Justified\" leftindent\u003d\"5100\" linespacing\u003d\"610\"\u003e \u003cline b\u003d\"75\" baseline\u003d\"70\" l\u003d\"139\" r\u003d\"491\" style\u003d\"transform: translate(2px, 34px); position: absolute;\" t\u003d\"53\"\u003e \u003cformatting lang\u003d\"EnglishUnitedStates\"\u003e\u003csupplier_name class\u003d\"extraction-tag\" data-value\u003d\"I\u0026apos;m Graeme Duckett          Freelance Design And Development\" fold-name\u003d\"fold2\" ml-tagorder\u003d\"8508043\" score\u003d\"0.639868571008001\" tagorder\u003d\"8508043\"\u003e Freelance Design And Development\u003c/supplier_name\u003e \u003c/formatting\u003e  \u003c/line\u003e  \u003c/par\u003e  \u003c/text\u003e  \u003c/block\u003e  \u003cblock b\u003d\"337\" blockname\u003d\"\" blocktype\u003d\"Text\" l\u003d\"0\" r\u003d\"685\" style\u003d\"transform: translate(0px, 115px); position: absolute; width: 407.312px; height: 104px;\" t\u003d\"177\"\u003e \u003cregion\u003e \u003crect b\u003d\"337\" l\u003d\"0\" r\u003d\"685\" t\u003d\"177\"\u003e\u003c/rect\u003e  \u003c/region\u003e  \u003ctext\u003e \u003cpar leftindent\u003d\"5100\" linespacing\u003d\"-1\"\u003e\u003c/par\u003e  \u003c/text\u003e  \u003c/block\u003e  \u003cblock b\u003d\"317\" blockname\u003d\"\" blocktype\u003d\"Text\" l\u003d\"892\" r\u003d\"1166\" style\u003d\"transform: translate(530px, 131px); position: absolute; width: 162.925px; height: 74.75px;\" t\u003d\"202\"\u003e \u003cregion\u003e \u003crect b\u003d\"317\" l\u003d\"892\" r\u003d\"1166\" t\u003d\"202\"\u003e\u003c/rect\u003e  \u003c/region\u003e  \u003ctext\u003e \u003cpar linespacing\u003d\"2560\"\u003e \u003cline b\u003d\"279\" baseline\u003d\"278\" l\u003d\"897\" r\u003d\"1163\" style\u003d\"transform: translate(3px, 3px); position: absolute;\" t\u003d\"207\"\u003e \u003cformatting lang\u003d\"EnglishUnitedStates\"\u003e Invoice \u003c/formatting\u003e  \u003c/line\u003e  \u003c/par\u003e  \u003cpar align\u003d\"Center\" leftindent\u003d\"100\" linespacing\u003d\"680\"\u003e \u003cline b\u003d\"312\" baseline\u003d\"306\" l\u003d\"946\" r\u003d\"1107\" style\u003d\"transform: translate(32px, 55px); position: absolute;\" t\u003d\"287\"\u003e \u003cformatting lang\u003d\"EnglishUnitedStates\"\u003e \u003cinvoice_date appendorder\u003d\"6\" class\u003d\"extraction-tag\" confidence\u003d\"1/1\" data-original-title\u003d\"Invoice date\" data-toggle\u003d\"tooltip\" data-value\u003d\"January 1,2009\" fold-name\u003d\"fold1\" score\u003d\"0.6646730390103298\" style\u003d\"background-color: rgb(17, 18, 43);  color: rgb(255, 255, 255);   border: 2px solid rgb(125, 157, 1); \" tagorder\u003d\"2\"\u003eJanuary 1,2009\u003c/invoice_date\u003e \u003c/formatting\u003e  \u003c/line\u003e  \u003c/par\u003e  \u003c/text\u003e  \u003c/block\u003e  \u003cblock b\u003d\"562\" blockname\u003d\"\" blocktype\u003d\"Text\" l\u003d\"136\" r\u003d\"546\" style\u003d\"transform: translate(81px, 293px); position: absolute; width: 243.792px; height: 72.15px;\" t\u003d\"451\"\u003e \u003cregion\u003e \u003crect b\u003d\"562\" l\u003d\"136\" r\u003d\"546\" t\u003d\"451\"\u003e\u003c/rect\u003e  \u003c/region\u003e  \u003ctext\u003e \u003cpar leftindent\u003d\"5100\" linespacing\u003d\"1120\"\u003e \u003cline b\u003d\"496\" baseline\u003d\"486\" l\u003d\"140\" r\u003d\"439\" style\u003d\"transform: translate(2px, 3px); position: absolute;\" t\u003d\"455\"\u003e \u003cformatting lang\u003d\"EnglishUnitedStates\"\u003e Company Name \u003c/formatting\u003e  \u003c/line\u003e  \u003c/par\u003e  \u003cpar align\u003d\"Justified\" leftindent\u003d\"5100\" linespacing\u003d\"680\"\u003e \u003cline b\u003d\"534\" baseline\u003d\"529\" l\u003d\"140\" r\u003d\"541\" style\u003d\"transform: translate(2px, 38px); position: absolute;\" t\u003d\"510\"\u003e \u003cformatting lang\u003d\"EnglishUnitedStates\"\u003e Project Website: Basic Company Site \u003c/formatting\u003e  \u003c/line\u003e  \u003c/par\u003e  \u003cpar align\u003d\"Justified\" leftindent\u003d\"5100\" linespacing\u003d\"610\"\u003e \u003cline b\u003d\"557\" baseline\u003d\"557\" l\u003d\"140\" r\u003d\"339\" style\u003d\"transform: translate(2px, 58px); position: absolute;\" t\u003d\"540\"\u003e \u003cformatting lang\u003d\"EnglishUnitedStates\"\u003e Invoice Number #\u003cinvoice_number appendorder\u003d\"7\" class\u003d\"extraction-tag\" confidence\u003d\"1/1\" data-original-title\u003d\"Invoice number\" data-toggle\u003d\"tooltip\" data-value\u003d\"101\" fold-name\u003d\"fold3\" score\u003d\"0.8950057021245434\" style\u003d\"background-color: rgb(0, 83, 98);  color: rgb(255, 255, 255);   border: 2px solid rgb(125, 157, 1); \" tagorder\u003d\"3\"\u003e101\u003c/invoice_number\u003e \u003c/formatting\u003e  \u003c/line\u003e  \u003c/par\u003e  \u003c/text\u003e  \u003c/block\u003e  \u003cregion xmlns\u003d\"http://ocr.crowdcomputingsystems.com/xml/schema-v1.xml\"\u003e \u003crect b\u003d\"1008\" l\u003d\"135\" r\u003d\"1267\" t\u003d\"670\"\u003e\u003c/rect\u003e  \u003c/region\u003e \u003ctable b\u003d\"1008\" blockname\u003d\"\" blocktype\u003d\"Table\" l\u003d\"135\" r\u003d\"1267\" style\u003d\"transform: translate(80px, 436px); position: absolute;\" t\u003d\"670\" xmlns\u003d\"\"\u003e \u003ctbody\u003e\u003ctr\u003e \u003ctd bottomborder\u003d\"White\" h\u003d\"36\" leftborder\u003d\"White\" rightborder\u003d\"White\" topborder\u003d\"White\" w\u003d\"679\"\u003e \u003ctext xmlns\u003d\"http://ocr.crowdcomputingsystems.com/xml/schema-v1.xml\"\u003e \u003cpar linespacing\u003d\"610\"\u003e \u003cline b\u003d\"691\" baseline\u003d\"691\" l\u003d\"139\" r\u003d\"396\" t\u003d\"674\"\u003e \u003cformatting lang\u003d\"EnglishUnitedStates\"\u003e PROJECT BREAKDOWN \u003c/formatting\u003e  \u003c/line\u003e  \u003c/par\u003e  \u003c/text\u003e  \u003c/td\u003e   \u003ctd bottomborder\u003d\"White\" h\u003d\"36\" leftborder\u003d\"White\" rightborder\u003d\"White\" topborder\u003d\"White\" w\u003d\"141\"\u003e \u003ctext xmlns\u003d\"http://ocr.crowdcomputingsystems.com/xml/schema-v1.xml\"\u003e \u003cpar align\u003d\"Center\" leftindent\u003d\"400\" linespacing\u003d\"610\"\u003e \u003cline b\u003d\"691\" baseline\u003d\"691\" l\u003d\"862\" r\u003d\"906\" t\u003d\"674\"\u003e \u003cformatting lang\u003d\"EnglishUnitedStates\"\u003e HRS \u003c/formatting\u003e  \u003c/line\u003e  \u003c/par\u003e  \u003c/text\u003e  \u003c/td\u003e   \u003ctd bottomborder\u003d\"White\" h\u003d\"36\" leftborder\u003d\"White\" rightborder\u003d\"White\" topborder\u003d\"White\" w\u003d\"147\"\u003e \u003ctext xmlns\u003d\"http://ocr.crowdcomputingsystems.com/xml/schema-v1.xml\"\u003e \u003cpar align\u003d\"Center\" leftindent\u003d\"200\" linespacing\u003d\"610\"\u003e \u003cline b\u003d\"691\" baseline\u003d\"691\" l\u003d\"1004\" r\u003d\"1059\" t\u003d\"674\"\u003e \u003cformatting lang\u003d\"EnglishUnitedStates\"\u003e RATE \u003c/formatting\u003e  \u003c/line\u003e  \u003c/par\u003e  \u003c/text\u003e  \u003c/td\u003e   \u003ctd bottomborder\u003d\"White\" h\u003d\"36\" leftborder\u003d\"White\" rightborder\u003d\"White\" topborder\u003d\"White\" w\u003d\"165\"\u003e \u003ctext xmlns\u003d\"http://ocr.crowdcomputingsystems.com/xml/schema-v1.xml\"\u003e \u003cpar align\u003d\"Right\" linespacing\u003d\"610\"\u003e \u003cline b\u003d\"691\" baseline\u003d\"691\" l\u003d\"1145\" r\u003d\"1262\" t\u003d\"674\"\u003e \u003cformatting lang\u003d\"EnglishUnitedStates\"\u003e SUBTOTAL \u003c/formatting\u003e  \u003c/line\u003e  \u003c/par\u003e  \u003c/text\u003e  \u003c/td\u003e   \u003c/tr\u003e \n \u003ctr\u003e \u003ctd bottomborder\u003d\"White\" h\u003d\"111\" leftborder\u003d\"White\" rightborder\u003d\"White\" topborder\u003d\"White\" w\u003d\"679\"\u003e \u003ctext xmlns\u003d\"http://ocr.crowdcomputingsystems.com/xml/schema-v1.xml\"\u003e \u003cpar leftindent\u003d\"700\" linespacing\u003d\"610\"\u003e \u003cline b\u003d\"741\" baseline\u003d\"737\" l\u003d\"154\" r\u003d\"328\" t\u003d\"720\"\u003eTemplate Design\u003c/line\u003e  \u003c/par\u003e  \u003cpar leftindent\u003d\"700\" linespacing\u003d\"756\"\u003e \u003cline b\u003d\"781\" baseline\u003d\"777\" l\u003d\"155\" r\u003d\"766\" t\u003d\"763\"\u003eSimple design based on logo and corporate colors given. One design with two\u003c/line\u003e  \u003cline b\u003d\"802\" baseline\u003d\"798\" l\u003d\"155\" r\u003d\"273\" t\u003d\"785\"\u003erevision stages.\u003c/line\u003e  \u003c/par\u003e  \u003c/text\u003e  \u003c/td\u003e   \u003ctd bottomborder\u003d\"White\" h\u003d\"111\" leftborder\u003d\"White\" rightborder\u003d\"White\" topborder\u003d\"White\" w\u003d\"141\"\u003e \u003ctext xmlns\u003d\"http://ocr.crowdcomputingsystems.com/xml/schema-v1.xml\"\u003e \u003cpar align\u003d\"Center\" leftindent\u003d\"400\" linespacing\u003d\"580\"\u003e \u003cline b\u003d\"737\" baseline\u003d\"737\" l\u003d\"865\" r\u003d\"887\" t\u003d\"721\"\u003e\u003cquantity appendorder\u003d\"5\" class\u003d\"extraction-tag\" confidence\u003d\"1/1\" data-original-title\u003d\"construction_type\" data-toggle\u003d\"tooltip\" data-value\u003d\"15\" fold-name\u003d\"fold4\" injection\u003d\"true\" referencedatausedininjection\u003d\"manual\" score\u003d\"0.7014867700885408\" style\u003d\"background-color: rgb(11, 47, 140);  color: rgb(255, 255, 255);   border: 2px solid rgb(125, 157, 1); \" tagorder\u003d\"6513614\"\u003e15\u003c/quantity\u003e\u003c/line\u003e  \u003c/par\u003e  \u003c/text\u003e  \u003c/td\u003e   \u003ctd bottomborder\u003d\"White\" h\u003d\"111\" leftborder\u003d\"White\" rightborder\u003d\"White\" topborder\u003d\"White\" w\u003d\"147\"\u003e \u003ctext xmlns\u003d\"http://ocr.crowdcomputingsystems.com/xml/schema-v1.xml\"\u003e \u003cpar align\u003d\"Center\" leftindent\u003d\"200\" linespacing\u003d\"650\"\u003e \u003cline b\u003d\"739\" baseline\u003d\"737\" l\u003d\"1006\" r\u003d\"1042\" t\u003d\"719\"\u003e$\u003cprice class\u003d\"extraction-tag\" data-value\u003d\"75\" fold-name\u003d\"fold4\" ml-tagorder\u003d\"8508039\" score\u003d\"0.45540291754457163\" tagorder\u003d\"8508039\"\u003e75\u003c/price\u003e\u003c/line\u003e  \u003c/par\u003e  \u003c/text\u003e  \u003c/td\u003e   \u003ctd bottomborder\u003d\"White\" h\u003d\"111\" leftborder\u003d\"White\" rightborder\u003d\"White\" topborder\u003d\"White\" w\u003d\"165\"\u003e \u003ctext xmlns\u003d\"http://ocr.crowdcomputingsystems.com/xml/schema-v1.xml\"\u003e \u003cpar align\u003d\"Right\" linespacing\u003d\"650\" rightindent\u003d\"900\"\u003e \u003cline b\u003d\"739\" baseline\u003d\"737\" l\u003d\"1147\" r\u003d\"1243\" t\u003d\"719\"\u003e \u003cformatting lang\u003d\"EnglishUnitedStates\"\u003e $1125.00 \u003c/formatting\u003e  \u003c/line\u003e  \u003c/par\u003e  \u003c/text\u003e  \u003c/td\u003e   \u003c/tr\u003e \n \u003ctr\u003e \u003ctd bottomborder\u003d\"White\" h\u003d\"109\" leftborder\u003d\"White\" rightborder\u003d\"White\" topborder\u003d\"White\" w\u003d\"679\"\u003e \u003ctext xmlns\u003d\"http://ocr.crowdcomputingsystems.com/xml/schema-v1.xml\"\u003e \u003cpar leftindent\u003d\"700\" linespacing\u003d\"610\"\u003e \u003cline b\u003d\"852\" baseline\u003d\"848\" l\u003d\"154\" r\u003d\"399\" t\u003d\"831\"\u003eTemplate Development\u003c/line\u003e  \u003c/par\u003e  \u003cpar leftindent\u003d\"700\" linespacing\u003d\"756\" rightindent\u003d\"1700\"\u003e \u003cline b\u003d\"892\" baseline\u003d\"888\" l\u003d\"155\" r\u003d\"736\" t\u003d\"874\"\u003eBasic XHTML, CSS, and PHP static website. Includes single auto responding\u003c/line\u003e  \u003cline b\u003d\"909\" baseline\u003d\"909\" l\u003d\"154\" r\u003d\"258\" t\u003d\"895\"\u003econtact form.\u003c/line\u003e  \u003c/par\u003e  \u003c/text\u003e  \u003c/td\u003e   \u003ctd bottomborder\u003d\"White\" h\u003d\"109\" leftborder\u003d\"White\" rightborder\u003d\"White\" topborder\u003d\"White\" w\u003d\"141\"\u003e \u003ctext xmlns\u003d\"http://ocr.crowdcomputingsystems.com/xml/schema-v1.xml\"\u003e \u003cpar align\u003d\"Center\" leftindent\u003d\"400\" linespacing\u003d\"580\"\u003e \u003cline b\u003d\"848\" baseline\u003d\"848\" l\u003d\"865\" r\u003d\"887\" t\u003d\"832\"\u003e\u003cquantity appendorder\u003d\"5\" class\u003d\"extraction-tag\" confidence\u003d\"1/1\" data-original-title\u003d\"construction_type\" data-toggle\u003d\"tooltip\" data-value\u003d\"15\" fold-name\u003d\"fold4\" injection\u003d\"true\" referencedatausedininjection\u003d\"manual\" score\u003d\"0.617936177284041\" style\u003d\"background-color: rgb(11, 47, 140);  color: rgb(255, 255, 255);   border: 2px solid rgb(125, 157, 1); \" tagorder\u003d\"8508036\"\u003e15\u003c/quantity\u003e\u003c/line\u003e  \u003c/par\u003e  \u003c/text\u003e  \u003c/td\u003e   \u003ctd bottomborder\u003d\"White\" h\u003d\"109\" leftborder\u003d\"White\" rightborder\u003d\"White\" topborder\u003d\"White\" w\u003d\"147\"\u003e \u003ctext xmlns\u003d\"http://ocr.crowdcomputingsystems.com/xml/schema-v1.xml\"\u003e \u003cpar align\u003d\"Center\" leftindent\u003d\"200\" linespacing\u003d\"650\"\u003e \u003cline b\u003d\"849\" baseline\u003d\"848\" l\u003d\"1006\" r\u003d\"1042\" t\u003d\"830\"\u003e$\u003cprice class\u003d\"extraction-tag\" data-value\u003d\"75\" fold-name\u003d\"fold4\" ml-tagorder\u003d\"8508041\" score\u003d\"0.4426973672877926\" tagorder\u003d\"8508041\"\u003e75\u003c/price\u003e\u003c/line\u003e  \u003c/par\u003e  \u003c/text\u003e  \u003c/td\u003e   \u003ctd bottomborder\u003d\"White\" h\u003d\"109\" leftborder\u003d\"White\" rightborder\u003d\"White\" topborder\u003d\"White\" w\u003d\"165\"\u003e \u003ctext xmlns\u003d\"http://ocr.crowdcomputingsystems.com/xml/schema-v1.xml\"\u003e \u003cpar align\u003d\"Right\" linespacing\u003d\"650\" rightindent\u003d\"900\"\u003e \u003cline b\u003d\"850\" baseline\u003d\"848\" l\u003d\"1147\" r\u003d\"1243\" t\u003d\"830\"\u003e \u003cformatting lang\u003d\"EnglishUnitedStates\"\u003e $1125.00 \u003c/formatting\u003e  \u003c/line\u003e  \u003c/par\u003e  \u003c/text\u003e  \u003c/td\u003e   \u003c/tr\u003e \n \u003ctr\u003e \u003ctd bottomborder\u003d\"White\" h\u003d\"82\" leftborder\u003d\"White\" rightborder\u003d\"White\" topborder\u003d\"White\" w\u003d\"679\"\u003e \u003ctext xmlns\u003d\"http://ocr.crowdcomputingsystems.com/xml/schema-v1.xml\"\u003e \u003cpar leftindent\u003d\"700\" linespacing\u003d\"610\"\u003e \u003cline b\u003d\"963\" baseline\u003d\"959\" l\u003d\"154\" r\u003d\"229\" t\u003d\"942\"\u003eTesting\u003c/line\u003e  \u003c/par\u003e  \u003cpar leftindent\u003d\"700\" linespacing\u003d\"500\"\u003e \u003cline b\u003d\"1003\" baseline\u003d\"999\" l\u003d\"155\" r\u003d\"585\" t\u003d\"985\"\u003eBasic cross browser testing and php testing performed.\u003c/line\u003e  \u003c/par\u003e  \u003c/text\u003e  \u003c/td\u003e   \u003ctd bottomborder\u003d\"White\" h\u003d\"82\" leftborder\u003d\"White\" rightborder\u003d\"White\" topborder\u003d\"White\" w\u003d\"141\"\u003e \u003ctext xmlns\u003d\"http://ocr.crowdcomputingsystems.com/xml/schema-v1.xml\"\u003e \u003cpar align\u003d\"Center\" leftindent\u003d\"1100\" linespacing\u003d\"580\"\u003e \u003cline b\u003d\"959\" baseline\u003d\"959\" l\u003d\"864\" r\u003d\"874\" t\u003d\"943\"\u003e\u003cquantity appendorder\u003d\"5\" class\u003d\"extraction-tag\" confidence\u003d\"1/1\" data-original-title\u003d\"construction_type\" data-toggle\u003d\"tooltip\" data-value\u003d\"2\" fold-name\u003d\"fold4\" injection\u003d\"true\" referencedatausedininjection\u003d\"manual\" score\u003d\"0.6353481383312414\" style\u003d\"background-color: rgb(11, 47, 140);  color: rgb(255, 255, 255);   border: 2px solid rgb(125, 157, 1); \" tagorder\u003d\"43133\"\u003e2\u003c/quantity\u003e\u003c/line\u003e  \u003c/par\u003e  \u003c/text\u003e  \u003c/td\u003e   \u003ctd bottomborder\u003d\"White\" h\u003d\"82\" leftborder\u003d\"White\" rightborder\u003d\"White\" topborder\u003d\"White\" w\u003d\"147\"\u003e \u003ctext xmlns\u003d\"http://ocr.crowdcomputingsystems.com/xml/schema-v1.xml\"\u003e \u003cpar align\u003d\"Center\" leftindent\u003d\"200\" linespacing\u003d\"650\"\u003e \u003cline b\u003d\"961\" baseline\u003d\"959\" l\u003d\"1006\" r\u003d\"1042\" t\u003d\"941\"\u003e$75\u003c/line\u003e  \u003c/par\u003e  \u003c/text\u003e  \u003c/td\u003e   \u003ctd bottomborder\u003d\"White\" h\u003d\"82\" leftborder\u003d\"White\" rightborder\u003d\"White\" topborder\u003d\"White\" w\u003d\"165\"\u003e \u003ctext xmlns\u003d\"http://ocr.crowdcomputingsystems.com/xml/schema-v1.xml\"\u003e \u003cpar align\u003d\"Center\" linespacing\u003d\"610\" rightindent\u003d\"300\"\u003e \u003cline b\u003d\"961\" baseline\u003d\"959\" l\u003d\"1148\" r\u003d\"1230\" t\u003d\"942\"\u003e \u003cformatting lang\u003d\"EnglishUnitedStates\"\u003e $150.00 \u003c/formatting\u003e  \u003c/line\u003e  \u003c/par\u003e  \u003c/text\u003e  \u003c/td\u003e   \u003c/tr\u003e \n \u003c/tbody\u003e\u003c/table\u003e\n \u003cblock b\u003d\"1385\" blockname\u003d\"\" blocktype\u003d\"Text\" l\u003d\"565\" r\u003d\"905\" style\u003d\"transform: translate(336px, 819px); position: absolute; width: 202.169px; height: 81.25px;\" t\u003d\"1260\"\u003e \u003cregion\u003e \u003crect b\u003d\"1385\" l\u003d\"565\" r\u003d\"905\" t\u003d\"1260\"\u003e\u003c/rect\u003e  \u003c/region\u003e  \u003ctext\u003e \u003cpar leftindent\u003d\"23400\" linespacing\u003d\"1728\"\u003e \u003cline b\u003d\"1282\" baseline\u003d\"1282\" l\u003d\"649\" r\u003d\"783\" style\u003d\"transform: translate(50px, 2px); position: absolute;\" t\u003d\"1263\"\u003e \u003cformatting lang\u003d\"EnglishUnitedStates\"\u003e TAXES N/A \u003c/formatting\u003e  \u003c/line\u003e  \u003c/par\u003e  \u003cpar leftindent\u003d\"20400\" linespacing\u003d\"1728\"\u003e \u003cline b\u003d\"1330\" baseline\u003d\"1329\" l\u003d\"568\" r\u003d\"782\" style\u003d\"transform: translate(2px, 33px); position: absolute;\" t\u003d\"1311\"\u003e \u003cformatting lang\u003d\"EnglishUnitedStates\"\u003e DEDUCTIONS N/A \u003c/formatting\u003e  \u003c/line\u003e  \u003c/par\u003e  \u003cpar leftindent\u003d\"21700\" linespacing\u003d\"1010\"\u003e \u003cline b\u003d\"1381\" baseline\u003d\"1376\" l\u003d\"603\" r\u003d\"901\" style\u003d\"transform: translate(23px, 57px); position: absolute;\" t\u003d\"1348\"\u003e \u003cformatting lang\u003d\"EnglishUnitedStates\"\u003e SUBTOTAL $2400.00 \u003c/formatting\u003e  \u003c/line\u003e  \u003c/par\u003e  \u003c/text\u003e  \u003c/block\u003e  \u003cblock b\u003d\"1528\" blockname\u003d\"\" blocktype\u003d\"Text\" l\u003d\"144\" r\u003d\"1293\" style\u003d\"transform: translate(86px, 961px); position: absolute; width: 683.213px; height: 31.85px;\" t\u003d\"1479\"\u003e \u003cregion\u003e \u003crect b\u003d\"1528\" l\u003d\"144\" r\u003d\"1293\" t\u003d\"1479\"\u003e\u003c/rect\u003e  \u003c/region\u003e  \u003ctext\u003e \u003cpar align\u003d\"Justified\" leftindent\u003d\"5100\" linespacing\u003d\"792\"\u003e \u003cline b\u003d\"1501\" baseline\u003d\"1497\" l\u003d\"148\" r\u003d\"1288\" style\u003d\"transform: translate(2px, 2px); position: absolute;\" t\u003d\"1482\"\u003e \u003cformatting lang\u003d\"EnglishUnitedStates\"\u003e IMPORTANT The above invoice may be paid by PayPal, BankTransfer, or Cheque made out to Graeme Duckett Payment is due within 30 days from \u003c/formatting\u003e  \u003c/line\u003e  \u003cline b\u003d\"1523\" baseline\u003d\"1519\" l\u003d\"147\" r\u003d\"715\" style\u003d\"transform: translate(2px, 17px); position: absolute;\" t\u003d\"1505\"\u003e \u003cformatting lang\u003d\"EnglishUnitedStates\"\u003e the date of this invoice, late payment is subject to a fee of 5% per month. \u003c/formatting\u003e  \u003c/line\u003e  \u003c/par\u003e  \u003c/text\u003e  \u003c/block\u003e  \u003cblock b\u003d\"1648\" blockname\u003d\"\" blocktype\u003d\"Text\" l\u003d\"308\" r\u003d\"1132\" style\u003d\"transform: translate(183px, 1056px); position: absolute; width: 489.963px; height: 14.95px;\" t\u003d\"1625\"\u003e \u003cregion\u003e \u003crect b\u003d\"1648\" l\u003d\"308\" r\u003d\"1132\" t\u003d\"1625\"\u003e\u003c/rect\u003e  \u003c/region\u003e  \u003ctext\u003e \u003cpar leftindent\u003d\"11200\" linespacing\u003d\"500\"\u003e \u003cline b\u003d\"1647\" baseline\u003d\"1643\" l\u003d\"311\" r\u003d\"1128\" style\u003d\"transform: translate(2px, 3px); position: absolute;\" t\u003d\"1629\"\u003e \u003cformatting lang\u003d\"EnglishUnitedStates\"\u003e 5259 53st, Lacombe AB Canada, T4L1H8 I hello@graemeduckett.com I www.graemeduckett.com \u003c/formatting\u003e  \u003c/line\u003e  \u003c/par\u003e  \u003c/text\u003e  \u003c/block\u003e  \u003c/page\u003e             \u003c/document\u003e\u003c/body\u003e\u003c/html\u003e","tags":[{"begin":13,"end":73,"text":"I\u0027m Graeme Duckett          Freelance Design And Development","tag":"supplier_name","fieldType":"COMPANY_NAME","score":0.639868571008001,"estimatedAccuracy":0.0},{"begin":124,"end":138,"text":"January 1,2009","tag":"invoice_date","fieldType":"DATE","score":0.6646730390103298,"estimatedAccuracy":0.0},{"begin":242,"end":245,"text":"101","tag":"invoice_number","fieldType":"TEXT","score":0.8950057021245434,"estimatedAccuracy":0.0},{"begin":494,"end":496,"text":"15","tag":"quantity","fieldType":"NUMBER","score":0.7014867700885408,"estimatedAccuracy":0.0},{"begin":509,"end":511,"text":"75","tag":"price","fieldType":"NUMBER","score":0.45540291754457163,"estimatedAccuracy":0.0},{"begin":677,"end":679,"text":"15","tag":"quantity","fieldType":"NUMBER","score":0.617936177284041,"estimatedAccuracy":0.0},{"begin":692,"end":694,"text":"75","tag":"price","fieldType":"NUMBER","score":0.4426973672877926,"estimatedAccuracy":0.0},{"begin":813,"end":814,"text":"2","tag":"quantity","fieldType":"NUMBER","score":0.6353481383312414,"estimatedAccuracy":0.0}],"group":"invoice_date|invoice_number|price|quantity|supplier_name","limeExplanation":{},"liblinearFeatureImportance":{}}